sample_id,num_sources,source_intensity_ratio,min_source_distance_mm,depth_mm,depth_tier,strength_ratio_group,source_distance_group,epoch29_wrel_l2,epoch29_mass_ratio,epoch29_mass_relative_error,epoch29_weighted_ccc,epoch29_com_error_mm,epoch29_shape_error,epoch29_shape_optimal_scale,epoch29_prediction_mass,epoch29_target_mass,epoch29_source_composition_error,epoch29_weak_source_mass_ratio,epoch29_weak_source_error,epoch29_weak_source_fraction_error,epoch29_source_prediction_masses,epoch29_source_target_masses,epoch29_source_prediction_fractions,epoch29_source_target_fractions,epoch30_wrel_l2,epoch30_mass_ratio,epoch30_mass_relative_error,epoch30_weighted_ccc,epoch30_com_error_mm,epoch30_shape_error,epoch30_shape_optimal_scale,epoch30_prediction_mass,epoch30_target_mass,epoch30_source_composition_error,epoch30_weak_source_mass_ratio,epoch30_weak_source_error,epoch30_weak_source_fraction_error,epoch30_source_prediction_masses,epoch30_source_target_masses,epoch30_source_prediction_fractions,epoch30_source_target_fractions,p1_oracle_wrel_l2,p1_oracle_mass_ratio,p1_oracle_mass_relative_error,p1_oracle_weighted_ccc,p1_oracle_com_error_mm,p1_oracle_shape_error,p1_oracle_shape_optimal_scale,p1_oracle_prediction_mass,p1_oracle_target_mass,p1_oracle_source_composition_error,p1_oracle_weak_source_mass_ratio,p1_oracle_weak_source_error,p1_oracle_weak_source_fraction_error,p1_oracle_source_prediction_masses,p1_oracle_source_target_masses,p1_oracle_source_prediction_fractions,p1_oracle_source_target_fractions
sample_0001,1,1.0,nan,7.13025573278984,deep,single,single,0.7900294749747089,2.4906039355276715,1.4906039355276715,0.7959236601800953,1.6132933671751903,0.528500690505404,0.5911137567744239,9.671544376083537,3.8832125164993267,nan,nan,nan,nan,[9.671544376083537],[3.8832125164993267],[1.0],[1.0],0.602533159388796,1.6429494626770533,0.6429494626770533,0.8563323432648567,0.23275797300831236,0.4824803200996889,0.7081921408655159,6.379921917443377,3.8832125164993267,nan,nan,nan,nan,[6.379921917443377],[3.8832125164993267],[1.0],[1.0],0.0,1.0,0.0,1.0,0.0,0.0,1.0,3.8832125164993267,3.8832125164993267,nan,nan,nan,nan,[3.8832125164993267],[3.8832125164993267],[1.0],[1.0]
sample_0002,1,1.0,nan,8.327676679770285,deep,single,single,0.9612339974283319,0.9870292937777543,0.01297070622224574,0.18559372546320838,1.0374937421766464,0.9576486588024202,0.7763591977234001,7.160950032256045,7.2550531958866555,nan,nan,nan,nan,[7.160950032256045],[7.2550531958866555],[1.0],[1.0],0.9444166068344473,0.2908544389104316,0.7091455610895684,0.12798739417212512,1.2794305058427133,0.9038448345248379,2.777910058190408,2.110164426554947,7.2550531958866555,nan,nan,nan,nan,[2.110164426554947],[7.2550531958866555],[1.0],[1.0],0.0,1.0,0.0,1.0,0.0,0.0,1.0,7.2550531958866555,7.2550531958866555,nan,nan,nan,nan,[7.2550531958866555],[7.2550531958866555],[1.0],[1.0]
sample_0006,3,1.5675626859527492,9.879271228182775,5.088164280254247,medium,"multi_[1.5,2)","multi_[5,10)mm",0.49303486908806177,1.0973770530280353,0.09737705302803532,0.8448660933044301,1.0602527984359766,0.47806236551191594,1.1591312609029916,13.840535361465639,12.612379057202727,0.03634728968972881,1.1310410571658556,0.13104105716585557,0.009317730763272414,"[4.60608474899821,4.901580749219488,4.332869863247939]","[3.8564513183452314,4.9250589690666144,3.830868769790882]","[0.3327967183857873,0.35414675958751624,0.31305652202669654]","[0.3057671594593308,0.39049404927724496,0.3037387912634241]",0.6073399866948137,0.5149639397107626,0.4850360602892374,0.706292635171886,1.5345567593857932,0.4853233311042288,1.7170740972799836,6.4949204084226295,12.612379057202727,0.0881873231320553,0.574497602819614,0.42550239718038596,0.03511446429107817,"[2.33063735821742,1.9634581252438237,2.2008249249613856]","[3.8564513183452314,4.9250589690666144,3.830868769790882]","[0.358840018300308,0.3023067261451897,0.3388532555545023]","[0.3057671594593308,0.39049404927724496,0.3037387912634241]",0.0,1.0,0.0,1.0,0.0,0.0,1.0,12.612379057202727,12.612379057202727,0.013666650243388229,0.9851115450033504,0.014888454996649592,0.004522201324462072,"[3.7411180623105063,5.097427942378438,3.7738330525137798]","[3.8564513183452314,4.9250589690666144,3.830868769790882]","[0.29662271054040473,0.40416069952063327,0.29921658993896205]","[0.3057671594593308,0.39049404927724496,0.3037387912634241]"
sample_0008,1,1.0,nan,5.530970229142755,medium,single,single,0.629781504347677,0.8394477330181335,0.16055226698186656,0.6843168756232579,0.7877489507406296,0.5341434505250429,1.6519534108841243,13.45554903389312,16.029049224441064,nan,nan,nan,nan,[13.45554903389312],[16.029049224441064],[1.0],[1.0],0.7569540014886224,0.36114837824521434,0.6388516217547856,0.47385202961335815,0.3649971653412138,0.5145141659070778,2.8367596003169933,5.788865132219601,16.029049224441064,nan,nan,nan,nan,[5.788865132219601],[16.029049224441064],[1.0],[1.0],0.0,1.0,0.0,1.0,0.0,0.0,1.0,16.029049224441064,16.029049224441064,nan,nan,nan,nan,[16.029049224441064],[16.029049224441064],[1.0],[1.0]
sample_0013,2,1.277233603622283,25.619523805098332,7.242684294776587,deep,"multi_[1.25,1.5)",multi_>=20mm,0.3870978492434456,1.0932206906047175,0.09322069060471752,0.926234118964445,1.4116341721445937,0.3757315537127851,0.9086961041213818,19.983970776342797,18.27990537325873,0.07286135861613607,1.2197635693592879,0.21976356935928787,0.07286135861613607,"[14.035148079870659,5.948822696472134]","[11.50644963699234,6.773455736266392]","[0.7023202864410508,0.2976797135589492]","[0.6294589278249147,0.37054107217508525]",0.3953428691698329,0.7155762609607529,0.2844237390392471,0.907801315497678,1.800269946759029,0.38603682370326525,1.1018542744590534,13.08066633771286,18.27990537325873,0.08181956227888715,0.808589694976668,0.191410305023332,0.0818195622788872,"[9.303996602240028,3.7766697354728285]","[11.50644963699234,6.773455736266392]","[0.711278490103802,0.28872150989619816]","[0.6294589278249147,0.37054107217508525]",0.0,1.0,0.0,1.0,0.0,0.0,1.0,18.27990537325873,18.27990537325873,0.0005632565486145547,1.0008948265307172,0.0008948265307171521,0.0005632565486145547,"[11.516745913401882,6.76315945985685]","[11.50644963699234,6.773455736266392]","[0.6300221843735293,0.3699778156264707]","[0.6294589278249147,0.37054107217508525]"
sample_0014,1,1.0,nan,1.6481534586676765,shallow,single,single,0.7483398040642582,2.8307737645607918,1.8307737645607915,0.7549116940097809,1.2767359947898693,0.6483918218786261,0.6707913474061253,7.474389184591644,2.6404049939156233,nan,nan,nan,nan,[7.474389184591644],[2.6404049939156233],[1.0],[1.0],0.48687281794877424,1.1792166835846725,0.17921668358467244,0.8402746026160817,0.48265382922734945,0.44425674110816576,1.2859216108359184,3.1136096202455885,2.6404049939156233,nan,nan,nan,nan,[3.1136096202455885],[2.6404049939156233],[1.0],[1.0],0.0,1.0,0.0,1.0,0.0,0.0,1.0,2.6404049939156233,2.6404049939156233,nan,nan,nan,nan,[2.6404049939156233],[2.6404049939156233],[1.0],[1.0]
sample_0022,1,1.0,nan,6.791610501227487,deep,single,single,0.41913926773004584,0.768258763506171,0.23174123649382902,0.8869450749105713,1.7291465615269732,0.3794280150141578,1.2383467368235652,11.29648462539283,14.704010109612101,nan,nan,nan,nan,[11.29648462539283],[14.704010109612101],[1.0],[1.0],0.49221046362492715,0.5203175795344254,0.4796824204655746,0.8283684908962998,0.3954123491353645,0.41378087907399785,1.4140404506519415,7.65075494968309,14.704010109612101,nan,nan,nan,nan,[7.65075494968309],[14.704010109612101],[1.0],[1.0],0.0,1.0,0.0,1.0,0.0,0.0,1.0,14.704010109612101,14.704010109612101,nan,nan,nan,nan,[14.704010109612101],[14.704010109612101],[1.0],[1.0]
sample_0026,2,1.2730899884105096,29.719353963368718,1.8860946057380614,shallow,"multi_[1.25,1.5)",multi_>=20mm,0.5592987601556996,0.7652955040616801,0.23470449593831982,0.8080800910042114,7.358111399066232,0.5583181731420392,1.041561542604734,10.6483471459991,13.914033323709269,0.26061598731378494,0.12837135860157176,0.8716286413984282,0.2606159873137849,"[0.5593242890142825,10.089022856984819]","[4.357080076952884,9.556953246756384]","[0.05252686462466029,0.9474731353753397]","[0.31314285193844515,0.6868571480615547]",0.6005503020199912,0.4468818785857978,0.5531181214142021,0.7426064844431156,9.086975111250167,0.5712524596235358,1.2915668643357425,6.2179293504045905,13.914033323709269,0.31048160906828726,0.0037978232804209817,0.996202176719579,0.3104816090682872,"[0.016547420150910104,6.20138193025368]","[4.357080076952884,9.556953246756384]","[0.002661242870157956,0.9973387571298421]","[0.31314285193844515,0.6868571480615547]",0.0,1.0,0.0,1.0,0.0,0.0,1.0,13.914033323709269,13.914033323709269,0.003215946854080165,0.9897300965544241,0.010269903445575879,0.0032159468540801095,"[4.312333285257935,9.601700038451334]","[4.357080076952884,9.556953246756384]","[0.30992690508436505,0.690073094915635]","[0.31314285193844515,0.6868571480615547]"
sample_0029,2,1.793789683256863,20.196039215648202,3.7048980063999046,medium,"multi_[1.5,2)",multi_>=20mm,1.0645427000215955,0.6393501678398885,0.3606498321601114,0.04425559606120343,14.131948419128282,0.9980708155922974,0.14359620654724572,3.057035515570754,4.781472922575853,0.6743064713828331,16.512365221712766,15.512365221712766,0.6743064713828332,"[2.1444092384969853,0.9126262770737689]","[0.12986687307989145,4.651606049495962]","[0.7014669039906853,0.2985330960093147]","[0.027160432607852173,0.9728395673921477]",1.0278216321785958,0.2073867878844758,0.7926132121155242,0.036785418108119305,19.27020754906286,0.9978624870097061,0.2096542724532494,0.9916143107696029,4.781472922575853,0.9663759732847383,7.586268114329755,6.586268114329755,0.9663759732847385,"[0.9852049183536897,0.00640939241591317]","[0.12986687307989145,4.651606049495962]","[0.9935364058925906,0.00646359410740933]","[0.027160432607852173,0.9728395673921477]",0.0,1.0,0.0,1.0,0.0,0.0,1.0,4.781472922575853,4.781472922575853,0.00034259767565860896,1.0126138519443018,0.012613851944301757,0.00034259767565863325,"[0.13150499458939063,4.649967927986463]","[0.12986687307989145,4.651606049495962]","[0.027503030283510806,0.9724969697164891]","[0.027160432607852173,0.9728395673921477]"
sample_0032,3,1.3029110719581398,7.823042886243179,3.3524976691197317,shallow,"multi_[1.25,1.5)","multi_[5,10)mm",0.39088890679630295,0.874129203270064,0.1258707967299359,0.908756660675206,0.37312338338512047,0.37730190680298903,1.123996028959153,10.699539607417513,12.240226693480995,0.10904924332987362,0.10296382631575424,0.8970361736842458,0.08362086364919352,"[10.2299846058434,0.35009654755618874,0.11945845401792315]","[10.36827035839965,0.7117580567890679,1.1601982782922775]","[0.9561144667151293,0.03272071139523447,0.011164821889636068]","[0.8470652233852558,0.05814909107591464,0.09478568553882959]",0.4627935774430736,0.5228118210673272,0.47718817893267285,0.8519083562950205,1.8187109236788244,0.3884743132198795,1.375450296072888,6.3993352078957075,12.240226693480995,0.1451925693478755,0.0022480805374578065,0.9977519194625422,0.09437810895715547,"[6.3497902283460075,0.04693676038067823,0.002608219169020925]","[10.36827035839965,0.7117580567890679,1.1601982782922775]","[0.9922577927331313,0.0073346306851946345,0.000407576581674112]","[0.8470652233852558,0.05814909107591464,0.09478568553882959]",0.0,1.0,0.0,1.0,0.0,0.0,1.0,12.240226693480995,12.240226693480995,0.0017937621437432195,1.010109900506544,0.010109900506543923,0.0009582738502421223,"[10.346314303126048,0.7219846229012703,1.1719277674536759]","[10.36827035839965,0.7117580567890679,1.1601982782922775]","[0.8452714612415125,0.05898457936941569,0.09574395938907171]","[0.8470652233852558,0.05814909107591464,0.09478568553882959]"
sample_0038,3,1.1730285479525513,9.297311439335568,2.192415795400427,shallow,"multi_[1,1.25)","multi_[5,10)mm",0.8091280838719936,0.4703802369985184,0.5296197630014816,0.43985954202303307,2.890168385620132,0.7833399896348844,1.4837141236226263,15.119692399528176,32.143553683306216,0.23712759117336504,0.5621051854737558,0.43789481452624424,0.09733412762382032,"[3.6476118875384236,2.4534994785228412,9.018581033466909]","[3.2611440671761995,12.838115298037522,16.044294318092497]","[0.241249080414642,0.1622717852778146,0.5964791343075434]","[0.10145561686509719,0.39939937645117957,0.4991450066837231]",0.8625566793656043,0.20973529734724417,0.7902647026527558,0.3158899661812228,4.0340533765007605,0.8175735366612743,1.9136061377725582,6.741637789565335,32.143553683306216,0.32969315677665356,0.291686101528263,0.708313898471737,0.19503314519800197,"[1.591806043423345,0.46993408472552756,4.679897661416462]","[3.2611440671761995,12.838115298037522,16.044294318092497]","[0.2361156284437489,0.06970621967452607,0.694178151881725]","[0.10145561686509719,0.39939937645117957,0.4991450066837231]",0.0,1.0,0.0,1.0,0.0,0.0,1.0,32.143553683306216,32.143553683306216,0.000698467881614595,0.9995756705096461,0.0004243294903538697,0.000211801946298662,"[3.2835953070249446,12.822472125419857,16.037486250861413]","[3.2611440671761995,12.838115298037522,16.044294318092497]","[0.10215408474671184,0.3989127105158637,0.4989332047374244]","[0.10145561686509719,0.39939937645117957,0.4991450066837231]"
sample_0039,3,1.6377018591589796,6.000000000000001,7.049495354657537,deep,"multi_[1.5,2)","multi_[5,10)mm",0.9279081312490827,1.2778911775734394,0.27789117757343934,0.30561691767407373,2.6792372175711874,0.921473635554808,0.7807429156249255,14.128071805159813,11.055770673671377,0.31065702329549405,2.24667164560594,1.24667164560594,0.201718040815916,"[3.9997734554952515,6.609093028628458,3.5192053210361025]","[1.9255753007977179,2.941726282767925,6.188469090105735]","[0.28310823378137606,0.4677986578617689,0.2490931083568551]","[0.1741692513017979,0.2660806170458529,0.5597501316523491]",0.9227977055791501,0.4549478105023436,0.5450521894976563,0.21312888890579879,3.5349153537853812,0.9163319809898768,1.374254260809107,5.029798661402814,11.055770673671377,0.3594578993660585,1.0695532113015256,0.06955321130152559,0.3594578993660585,"[0.7829842814908878,3.146332792504534,1.1004815874073917]","[1.9255753007977179,2.941726282767925,6.188469090105735]","[0.15566911007776066,0.6255385164119114,0.21879237351032788]","[0.1741692513017979,0.2660806170458529,0.5597501316523491]",0.0,1.0,0.0,1.0,0.0,0.0,1.0,11.055770673671377,11.055770673671377,0.019083427564233743,0.9282795275503096,0.07172047244969038,0.019083427564233646,"[1.986519412308367,2.730744283950138,6.338506977412871]","[1.9255753007977179,2.941726282767925,6.188469090105735]","[0.1796816767409203,0.24699718948161925,0.5733211337774605]","[0.1741692513017979,0.2660806170458529,0.5597501316523491]"
sample_0047,3,1.1470614068499085,6.770524351924302,5.183250856054157,medium,"multi_[1,1.25)","multi_[5,10)mm",0.8059610974463768,1.3362817015708033,0.33628170157080317,0.613248081748607,2.1969662753408326,0.7802319123304806,0.7558715365107237,13.059994522018467,9.773384239765017,0.32706570815382385,0.060282358577886254,0.9397176414221138,0.14987928218964044,"[0.4445229268238923,0.09247500946808133,12.522996585726496]","[2.0643676225225884,1.5340310440674183,6.17498557317501]","[0.034036991828323496,0.007080784705703612,0.958882223465973]","[0.2112234177925069,0.15696006689534406,0.6318165153121491]",0.7969480593848703,0.45431046816331894,0.545689531836681,0.4548245161004212,2.980315168435878,0.7591381277467546,1.593973058753559,4.440150769507648,9.773384239765017,0.36558477101172043,0.0,1.0,0.15696006689534406,"[0.011538680528800884,0.0,4.428612088978847]","[2.0643676225225884,1.5340310440674183,6.17498557317501]","[0.002598713676130499,0.0,0.9974012863238695]","[0.2112234177925069,0.15696006689534406,0.6318165153121491]",0.0,1.0,0.0,1.0,0.0,0.0,1.0,9.773384239765017,9.773384239765017,0.04521405701867323,0.8086744537845797,0.1913255462154203,0.030030470532760617,"[1.9159725976580608,1.240531716649808,6.616879925457148]","[2.0643676225225884,1.5340310440674183,6.17498557317501]","[0.19603983130659425,0.12692959636258344,0.6770305723308223]","[0.2112234177925069,0.15696006689534406,0.6318165153121491]"
sample_0060,2,1.0885149187779755,20.1037309970065,7.356712063188367,deep,"multi_[1,1.25)",multi_>=20mm,0.5119691230399372,1.390583656312274,0.390583656312274,0.8654913242320572,2.396695019612917,0.49982424719924456,0.8865361765133948,13.980777852262053,10.05389196744772,0.1298169821256626,1.092809083485364,0.0928090834853641,0.12981698212566256,"[7.320083121409649,6.660694730852402]","[3.958870584930444,6.0950213825172765]","[0.5235819636620062,0.4764180363379939]","[0.39376498153634354,0.6062350184636565]",0.49422794489023075,0.7216588973330413,0.27834110266695866,0.8366203172216148,2.7378489912706847,0.4592792180670655,1.2586608151066414,7.255480591133844,10.05389196744772,0.1539311334369418,0.5384201060424187,0.46157989395758126,0.15393113343694176,"[3.9737985320280815,3.2816820591057616]","[3.958870584930444,6.0950213825172765]","[0.5476961149732854,0.4523038850267147]","[0.39376498153634354,0.6062350184636565]",0.0,1.0,0.0,1.0,0.0,0.0,1.0,10.05389196744772,10.05389196744772,0.02011188186918511,0.966824942049449,0.03317505795055098,0.02011188186918511,"[4.161073272505302,5.892818694942418]","[3.958870584930444,6.0950213825172765]","[0.41387686340552865,0.5861231365944714]","[0.39376498153634354,0.6062350184636565]"
sample_0079,2,1.2401206311004396,15.621779668142809,1.4895056600937575,shallow,"multi_[1,1.25)","multi_[10,20)mm",0.5273987578647972,0.7561449647123935,0.24385503528760652,0.7904688917737624,0.5836552745916923,0.4059524814551563,1.5832786865390593,14.102261731568905,18.65020913937161,0.04971862070818653,0.05885886392778012,0.9411411360722198,0.049718620708186494,"[14.043077132550936,0.05918459901797699]","[17.64467496714232,1.0055341722292932]","[0.9958031839045018,0.004196816095498219]","[0.9460845631963153,0.05391543680368471]",0.7366873302399344,0.2764398801225459,0.7235601198774542,0.49792188834853546,0.7301663302414333,0.3475290810292107,3.2545927880662315,5.1556615787482984,18.65020913937161,0.05391543680368471,0.0,1.0,0.05391543680368471,"[5.1556615787483,0.0]","[17.64467496714232,1.0055341722292932]","[1.0,0.0]","[0.9460845631963153,0.05391543680368471]",0.0,1.0,0.0,1.0,0.0,0.0,1.0,18.65020913937161,18.65020913937161,0.00013107716290240712,0.9975688379678775,0.002431162032122458,0.000131077162902421,"[17.647119583643846,1.0030895557277677]","[17.64467496714232,1.0055341722292932]","[0.9462156403592177,0.05378435964078229]","[0.9460845631963153,0.05391543680368471]"
sample_0086,1,1.0,nan,5.968499700986219,medium,single,single,0.7992401644026698,0.543107597468569,0.4568924025314311,0.4784555095233826,0.985367263968443,0.7872673553092749,1.2878553893466063,10.921895512342903,20.110003180309004,nan,nan,nan,nan,[10.921895512342903],[20.110003180309004],[1.0],[1.0],0.8778104121874429,0.21247629576671945,0.7875237042332806,0.2854025300242784,1.5151768699947494,0.8371537520347486,1.933340422940032,4.2728989836090046,20.110003180309004,nan,nan,nan,nan,[4.2728989836090046],[20.110003180309004],[1.0],[1.0],0.0,1.0,0.0,1.0,0.0,0.0,1.0,20.110003180309004,20.110003180309004,nan,nan,nan,nan,[20.110003180309004],[20.110003180309004],[1.0],[1.0]
sample_0096,3,1.2558602851800134,5.892367945062494,4.388104992532373,medium,"multi_[1.25,1.5)","multi_[5,10)mm",0.9400336021674989,1.3361248737434535,0.3361248737434534,0.36593420654630165,6.725612048426659,0.9131997223808314,0.6463183330726235,8.49111212333524,6.355028852614266,0.3523955647055898,0.2924143026712413,0.7075856973287586,0.30272538619839107,"[1.0980276719214295,6.672919557969213,0.7201648934445942]","[1.1374556051442393,2.754749483838092,2.462823763631935]","[0.12931494202082608,0.785871092154198,0.08481396582497601]","[0.17898512052802476,0.4334755274486082,0.3875393520233671]",0.879228652897005,0.5833230422005589,0.4166769577994412,0.347017681941556,10.104806249908648,0.87791526947774,1.1115186533020265,3.7070347635792804,6.355028852614266,0.5263225132626486,0.0019231318993857107,0.9980768681006142,0.3862616906998373,"[0.14429372570496468,3.5580047029319095,0.004736334942405747]","[1.1374556051442393,2.754749483838092,2.462823763631935]","[0.0389242979652135,0.9597980407112566,0.0012776613235298176]","[0.17898512052802476,0.4334755274486082,0.3875393520233671]",0.0,1.0,0.0,1.0,0.0,0.0,1.0,6.355028852614266,6.355028852614266,0.05358547650198768,1.1382710587252998,0.13827105872529977,0.05358547650198764,"[0.8991677649499366,2.6525000747811793,2.80336101288315]","[1.1374556051442393,2.754749483838092,2.462823763631935]","[0.14148917114358123,0.417386000331064,0.44112482852535473]","[0.17898512052802476,0.4334755274486082,0.3875393520233671]"
sample_0100,3,2.702858193269829,9.509994742374992,4.116495807758412,medium,multi_>=2,"multi_[5,10)mm",0.8894981450477101,0.36312252246726273,0.6368774775327373,0.3723787655813271,2.43557587521312,0.8880019432641902,0.8991605054464314,2.151048161073701,5.923753080525674,0.47237993067849815,0.5377488075361684,0.4622511924638316,0.04726176659215563,"[0.5813047970402262,0.31306169055115174,1.2566816734823223]","[4.399112364059839,0.5821708689332529,0.9424698475325819]","[0.2702425764144986,0.14553913585778866,0.5842182877277127]","[0.7426225070929968,0.09827736926563303,0.15910012364137013]",0.888473040736666,0.14688241132637142,0.8531175886736285,0.3235094864870167,8.361724309302431,0.8868891998869032,1.1296653142732491,0.8700951365696318,5.923753080525674,0.8263992807034117,0.0018516492944113852,0.9981483507055886,0.0970384515503392,"[0.01153892147828085,0.0010779762786871207,0.8574782388126638]","[4.399112364059839,0.5821708689332529,0.9424698475325819]","[0.013261677939924233,0.0012389177152938293,0.985499404344782]","[0.7426225070929968,0.09827736926563303,0.15910012364137013]",0.0,1.0,0.0,1.0,0.0,0.0,1.0,5.923753080525674,5.923753080525674,0.033745136553041885,0.6566337010728033,0.3433662989271967,0.03374513655304184,"[4.5988521723808145,0.3822730123244117,0.9426278958204477]","[4.399112364059839,0.5821708689332529,0.9424698475325819]","[0.77634096321461,0.06453223271259119,0.1591268040727989]","[0.7426225070929968,0.09827736926563303,0.15910012364137013]"
sample_0101,2,1.4320452647619857,18.810635289643994,7.95668672513209,deep,"multi_[1.25,1.5)","multi_[10,20)mm",0.5529415831224681,1.0928545945589814,0.09285459455898135,0.8218194379773127,4.441476345587518,0.5527412630931662,0.9824546902339216,7.46230307842707,6.828267104864452,0.2076669904921204,0.7328721969004699,0.2671278030995301,0.2076669904921204,"[3.1549126087558985,4.307390469671171]","[4.3048605501736095,2.5234065546908417]","[0.4227800151774192,0.5772199848225807]","[0.6304470056695396,0.36955299433046035]",0.6262359037732748,0.5573939216851345,0.44260607831486554,0.7220501680071693,6.305524053162782,0.6075580202451512,1.2362826696511606,3.806034579893996,6.828267104864452,0.34424534452795774,0.2530380267681457,0.7469619732318543,0.34424534452795774,"[1.0892934191279642,2.7167411607660314]","[4.3048605501736095,2.5234065546908417]","[0.28620166114158185,0.7137983388584181]","[0.6304470056695396,0.36955299433046035]",0.0,1.0,0.0,1.0,0.0,0.0,1.0,6.828267104864452,6.828267104864452,0.002348002310555819,0.9962756547506127,0.003724345249387251,0.0023480023105557635,"[4.288827763234296,2.539439341630156]","[4.3048605501736095,2.5234065546908417]","[0.6280990033589838,0.3719009966410162]","[0.6304470056695396,0.36955299433046035]"
sample_0102,2,1.6488791654035042,25.635132143213152,1.541786655699944,shallow,"multi_[1.5,2)",multi_>=20mm,1.0284617535253966,1.0269594772220054,0.026959477222005503,0.18431922472403872,14.218761182526523,0.9752601736514188,0.4037197036169676,7.22836334225289,7.038606198762681,0.5255351795424958,7.495539522757162,6.495539522757162,0.525535179542496,"[2.826508573200348,4.4018547690525445]","[6.451342966317825,0.587263232444856]","[0.3910302290254545,0.6089697709745455]","[0.9165654085679503,0.08343459143204959]",0.9870414763803984,0.32429884139299264,0.6757011586070073,0.10872886087961037,18.528981373268,0.9807371433599842,0.6368579731772824,2.2826118352802736,7.038606198762681,0.7305938213339445,3.1640170652238986,2.1640170652238986,0.7305938213339445,"[0.4245009460461996,1.8581108892340734]","[6.451342966317825,0.587263232444856]","[0.1859715872340059,0.814028412765994]","[0.9165654085679503,0.08343459143204959]",0.0,1.0,0.0,1.0,0.0,0.0,1.0,7.038606198762681,7.038606198762681,0.0008908988755028172,0.9893221880731766,0.010677811926823377,0.0008908988755027686,"[6.457613652665409,0.5809925460972715]","[6.451342966317825,0.587263232444856]","[0.9174563074434532,0.08254369255654682]","[0.9165654085679503,0.08343459143204959]"
sample_0108,2,1.0661877634777852,13.734627770711516,3.3757884889604286,shallow,"multi_[1,1.25)","multi_[10,20)mm",0.8151827239706745,0.6766616294497133,0.32333837055028664,0.5207546675688036,4.728548770002059,0.8140799855624284,0.931978469318375,4.669918175501541,6.901408284816289,0.44774260986854364,0.1714427080555953,0.8285572919444046,0.4477426098685436,"[3.9603778085457533,0.7095403669557889]","[2.7627640986447792,4.1386441861715095]","[0.8480614990904878,0.15193850090951228]","[0.40031888922194414,0.5996811107780559]",0.8173835532117926,0.3344938284321076,0.6655061715678925,0.4509498114587601,7.674656025677062,0.8081724986942751,1.2622577509587003,2.3084784787612658,6.901408284816289,0.5942488108511144,0.0030300617563166904,0.9969699382436833,0.5942488108511145,"[2.295938131289745,0.012540347471520705]","[2.7627640986447792,4.1386441861715095]","[0.9945677000730585,0.0054322999269414375]","[0.40031888922194414,0.5996811107780559]",0.0,1.0,0.0,1.0,0.0,0.0,1.0,6.901408284816289,6.901408284816289,0.04169912401168463,0.9304645031130261,0.06953549688697391,0.04169912401168463,"[3.050546778568602,3.850861506247688]","[2.7627640986447792,4.1386441861715095]","[0.44201801323362877,0.5579819867663712]","[0.40031888922194414,0.5996811107780559]"
sample_0113,3,2.094493198494902,4.166533331199931,7.518870029895383,deep,multi_>=2,multi_<5mm,0.9779598731958764,1.5876202321102943,0.5876202321102945,0.6228989140676003,0.66584397436611,0.7696942025399912,0.5141369631947508,10.679995271142781,6.727046591581119,0.37865783552283494,2.2044218767300814,1.2044218767300814,0.054532888795763096,"[2.0815112096989914,0.35748696645227607,8.240997094991515]","[0.9442435822613914,2.772420488347324,3.0103825209724038]","[0.1948981396389949,0.033472577222782254,0.7716292831382229]","[0.14036525084323181,0.4121304127456172,0.447504336411151]",0.8652630280662775,0.9745395790966827,0.02546042090331736,0.6417491322559061,2.108004282568885,0.7658810140489988,0.6149370802427618,6.555773153923237,6.727046591581119,0.4369492610806147,0.7999737638043111,0.20002623619568893,0.02514312910192855,"[0.7553700924497109,0.0021259111461799417,5.798277150327346]","[0.9442435822613914,2.772420488347324,3.0103825209724038]","[0.11522212174130327,0.0003242807669310082,0.8844535974917657]","[0.14036525084323181,0.4121304127456172,0.447504336411151]",0.0,1.0,0.0,1.0,0.0,0.0,1.0,6.727046591581119,6.727046591581119,0.014225113513293988,0.8986564450400801,0.10134355495991987,0.014225113513294002,"[0.8485505808869325,2.8249591043490545,3.0535369063451316]","[0.9442435822613914,2.772420488347324,3.0103825209724038]","[0.1261401373299378,0.4199404695493686,0.45391939312069357]","[0.14036525084323181,0.4121304127456172,0.447504336411151]"
sample_0122,1,1.0,nan,2.135243637993077,shallow,single,single,0.4142443996897004,1.4755564200500284,0.4755564200500285,0.9047983562153283,2.550788449357554,0.4140203747017821,1.015191892416834,5.0927117868244265,3.451383978019464,nan,nan,nan,nan,[5.0927117868244265],[3.4513839780194644],[1.0],[1.0],0.41118775096167126,0.8123541411462851,0.18764585885371485,0.8861897408334017,0.24801024026835913,0.32874759350480864,1.3541297346210555,2.8037460672300507,3.451383978019464,nan,nan,nan,nan,[2.8037460672300507],[3.4513839780194644],[1.0],[1.0],0.0,1.0,0.0,1.0,0.0,0.0,1.0,3.451383978019464,3.451383978019464,nan,nan,nan,nan,[3.451383978019464],[3.4513839780194644],[1.0],[1.0]
sample_0128,2,1.1561916070671385,21.433618453261687,7.2854241060736324,deep,"multi_[1,1.25)",multi_>=20mm,0.793314996647407,0.32225649063757567,0.6777435093624243,0.49846766147704974,10.639856043762324,0.7854770569842756,1.2191285196192228,6.63771558207613,20.59761641710797,0.5054595512480753,0.709114940813739,0.29088505918626095,0.5054595512480753,"[0.48779375738583414,6.149921824690297]","[11.92494366587105,8.672672751236922]","[0.07348819806365717,0.9265118019363429]","[0.5789477493117324,0.42105225068826757]",0.8353018219581441,0.16422147598674633,0.8357785240132537,0.38714932105030003,12.322233896746647,0.8066384621023559,1.5798958773887803,3.3825709698263084,20.59761641710797,0.577886466842998,0.3896124301559588,0.6103875698440412,0.577886466842998,"[0.0035898632695265634,3.3789811065567825]","[11.92494366587105,8.672672751236922]","[0.0010612824687343955,0.9989387175312656]","[0.5789477493117324,0.42105225068826757]",0.0,1.0,0.0,1.0,0.0,0.0,1.0,20.59761641710797,20.59761641710797,0.0026394267816115535,1.0062686442770394,0.006268644277039437,0.0026394267816115535,"[11.870577765462375,8.7270386516456]","[11.92494366587105,8.672672751236922]","[0.5763083225301209,0.4236916774698791]","[0.5789477493117324,0.42105225068826757]"
sample_0130,2,1.2065850428047853,3.5608987629529736,1.8538867673923631,shallow,"multi_[1,1.25)",multi_<5mm,0.5788869947071748,0.8879526958777685,0.11204730412223148,0.7494670470778898,1.7413953061501437,0.5076462740389788,1.4769342061347719,7.20586572097669,8.115145946883432,0.06262664661613045,1.2290826779358812,0.22908267793588122,0.0626266466161304,"[5.579918181132755,1.6259475398439351]","[6.792250775523156,1.3228951713602766]","[0.7743577797861667,0.22564222021383332]","[0.8369844264022972,0.1630155735977029]",0.7765256450328404,0.28324169459179316,0.7167583054082068,0.44301607460271114,0.44352076601105445,0.5554552609286586,2.878286084441231,2.2985476898549853,8.115145946883432,0.12093143752221525,0.49336165146011324,0.5066383485398868,0.12093143752221525,"[1.6458819434040695,0.6526657464509156]","[6.792250775523156,1.3228951713602766]","[0.716052988880082,0.28394701111991816]","[0.8369844264022972,0.1630155735977029]",0.0,1.0,0.0,1.0,0.0,0.0,1.0,8.115145946883432,8.115145946883432,0.005218746505253294,0.9679862089855756,0.032013791014424364,0.005218746505253363,"[6.834601665073074,1.2805442818103576]","[6.792250775523156,1.3228951713602766]","[0.8422031729075504,0.15779682709244955]","[0.8369844264022972,0.1630155735977029]"
sample_0131,1,1.0,nan,2.4516958979926713,shallow,single,single,0.39334582291044295,0.7586086381340498,0.24139136186595028,0.8975444889663241,2.1019423232891974,0.317440797844572,1.3244074152283027,6.979649676760685,9.200593462695778,nan,nan,nan,nan,[6.979649676760685],[9.200593462695778],[1.0],[1.0],0.5238782403267552,0.4463803121880372,0.5536196878119628,0.7958311305067055,0.4057550376824546,0.4124488761165639,1.549359475795182,4.106963782193356,9.200593462695778,nan,nan,nan,nan,[4.106963782193356],[9.200593462695778],[1.0],[1.0],0.0,1.0,0.0,1.0,0.0,0.0,1.0,9.200593462695778,9.200593462695778,nan,nan,nan,nan,[9.200593462695778],[9.200593462695778],[1.0],[1.0]
sample_0147,3,1.5625496048749472,19.16037577919598,5.946992833201918,medium,"multi_[1.5,2)","multi_[10,20)mm",0.8883704495009649,1.2140322196811697,0.21403221968116973,0.5564660482387108,2.3085483075846116,0.8273255691458673,0.6344641907720953,10.651117427593695,8.773339994543885,0.1153745559112268,1.2702990057030643,0.2702990057030643,0.0033789165854585107,"[9.641936096797497,0.19667548803810117,0.8125058427580946]","[6.959500130218299,1.1742220742538692,0.6396177900717179]","[0.9052511309112297,0.01846524455064,0.0762836245381304]","[0.7932554915854614,0.1338398004618668,0.07290470795267188]",0.8436398873219644,0.7716615464970604,0.22833845350293955,0.534177724439101,3.8919323371382135,0.8270629055137854,0.7715685008910971,6.770049108134247,8.773339994543885,0.1750767495067517,0.33518811746345345,0.6648118825365466,0.04123694904488492,"[6.5556568251839735,0.0,0.21439228295027352]","[6.959500130218299,1.1742220742538692,0.6396177900717179]","[0.968332241092213,0.0,0.03166775890778697]","[0.7932554915854614,0.1338398004618668,0.07290470795267188]",0.0,1.0,0.0,1.0,0.0,0.0,1.0,8.773339994543885,8.773339994543885,0.01956095766677235,0.9752140353969847,0.024785964603015298,0.0018070135107080831,"[7.131115062447771,1.0184606859285716,0.6237642461675414]","[6.959500130218299,1.1742220742538692,0.6396177900717179]","[0.8128164492522337,0.11608585630580254,0.0710976944419638]","[0.7932554915854614,0.1338398004618668,0.07290470795267188]"
sample_0156,1,1.0,nan,5.763357981731354,medium,single,single,0.42347704422634114,0.904382132422359,0.09561786757764103,0.8691549015124448,3.6426439488197198,0.2092371249350192,1.6038718192856953,3.4691051797071992,3.8358842521748087,nan,nan,nan,nan,[3.4691051797071992],[3.835884252174809],[1.0],[1.0],0.5145181850804539,0.4816600155156429,0.5183399844843571,0.7906924921294821,0.2786339561182462,0.23823396896729918,1.8852303888648145,1.8475920684187286,3.8358842521748087,nan,nan,nan,nan,[1.8475920684187286],[3.835884252174809],[1.0],[1.0],0.0,1.0,0.0,1.0,0.0,0.0,1.0,3.8358842521748087,3.8358842521748087,nan,nan,nan,nan,[3.8358842521748087],[3.835884252174809],[1.0],[1.0]
sample_0158,3,2.268316415049216,8.219489035213806,6.487578399681669,deep,multi_>=2,"multi_[5,10)mm",0.5662019375832272,0.6029127045407294,0.39708729545927063,0.7883061759385128,3.3872219024406873,0.5550113222974846,1.1556115013313106,8.64339943976803,14.336071166972948,0.24314188311621301,0.22866341328182704,0.771336586718173,0.11847115614517176,"[0.6256520987339824,7.938179625001258,0.07956771603279313]","[2.7361268239395513,9.680683728727345,1.919260614306054]","[0.0723849572259006,0.9184094383603192,0.009205604413780108]","[0.19085611337107236,0.6752675552441062,0.13387633138482138]",0.6072827895388466,0.4307643083370707,0.5692356916629293,0.7397540894734048,4.8835940012127175,0.5849557480925883,1.251814963418807,6.175467780512124,14.336071166972948,0.3226440861558321,0.004405769919863596,0.9955942300801364,0.18890407577873225,"[0.012054745257844793,6.1625711892632875,0.0008418459909915026]","[2.7361268239395513,9.680683728727345,1.919260614306054]","[0.0019520375923401075,0.9979116413999384,0.00013632100772157044]","[0.19085611337107236,0.6752675552441062,0.13387633138482138]",0.0,1.0,0.0,1.0,0.0,0.0,1.0,14.336071166972948,14.336071166972948,0.004048394386594684,0.9787882383483119,0.021211761651688144,0.004048394386594684,"[2.678088753901355,9.722529107848597,1.9354533052229919]","[2.7361268239395513,9.680683728727345,1.919260614306054]","[0.18680771898447768,0.6781864427575596,0.1350058382579627]","[0.19085611337107236,0.6752675552441062,0.13387633138482138]"
sample_0162,3,1.9905480883792837,10.751744044572488,2.3374999650481203,shallow,"multi_[1.5,2)","multi_[10,20)mm",0.9348794871764746,1.1848387891858656,0.18483878918586555,0.414235271532772,3.5364359890430572,0.897184731492546,0.6269537386486435,9.037959543752736,7.628007815276676,0.4151747842522683,2.8134636515234988,1.8134636515234988,0.07546035399767678,"[1.1781741221325515,7.444365772336689,0.41541964928349484]","[0.4187628731206699,3.691675639917395,3.517569302238612]","[0.13035841955576521,0.823677704718475,0.045963875725759724]","[0.05489806555808843,0.4839632744638836,0.46113865997802805]",0.9074114240057447,0.39319093635989316,0.6068090636401068,0.2843606789020983,4.274678764821662,0.9068606878147256,1.081088299286802,2.999263535449219,7.628007815276676,0.457442135191927,1.4736630553841479,0.4736630553841479,0.1508575700473107,"[0.6171153750844507,2.3710613083659315,0.011086851998837122]","[0.4187628731206699,3.691675639917395,3.517569302238612]","[0.20575563560539914,0.7905478396084998,0.0036965247861010563]","[0.05489806555808843,0.4839632744638836,0.46113865997802805]",0.0,1.0,0.0,1.0,0.0,0.0,1.0,7.628007815276676,7.628007815276676,0.030130401094044412,0.500443555875867,0.499556444124133,0.0274246824194922,"[0.20956718129330254,3.6710363967219704,3.7474042372614034]","[0.4187628731206699,3.691675639917395,3.517569302238612]","[0.027473383138596232,0.4812575557893313,0.4912690610720724]","[0.05489806555808843,0.4839632744638836,0.46113865997802805]"
sample_0163,2,1.6844896708764538,11.589650555560336,2.455340131977712,shallow,"multi_[1.5,2)","multi_[10,20)mm",0.7187009237625311,1.5904257189640745,0.5904257189640745,0.6818798515381049,2.2291693709213076,0.7130753201802142,0.8865155598387005,5.3521930754027816,3.365258126540445,0.10771786799499136,1.8702824658140254,0.8702824658140254,0.10771786799499128,"[1.4992646465442463,3.8529284288585357]","[1.305179769776522,2.060078356763923]","[0.2801215549256728,0.7198784450743271]","[0.38783942292066426,0.6121605770793358]",0.7147709941398278,0.7629817547797104,0.23701824522028964,0.633686926655619,1.9298389404458296,0.7108889489733776,1.118290432038426,2.5676305506745094,3.365258126540445,0.2329077071858151,1.0532721422760647,0.05327214227606469,0.2329077071858151,"[0.3978074065892173,2.169823144085292]","[1.305179769776522,2.060078356763923]","[0.15493171573484918,0.8450682842651509]","[0.38783942292066426,0.6121605770793358]",0.0,1.0,0.0,1.0,0.0,0.0,1.0,3.365258126540445,3.365258126540445,0.051240005051753384,1.0837035362457077,0.0837035362457077,0.0512400050517533,"[1.1327439263721353,2.23251420016831]","[1.305179769776522,2.060078356763923]","[0.3365994178689108,0.6634005821310891]","[0.38783942292066426,0.6121605770793358]"
sample_0171,2,1.0512912746079204,18.29863382878624,4.0529704359903,medium,"multi_[1,1.25)","multi_[10,20)mm",0.48009312339246135,1.1476727894668926,0.1476727894668926,0.8656186587429637,3.0093812438986123,0.47909063358239884,1.0366211938685974,5.179463788114016,4.513014367553262,0.16682219652300878,0.2807682326489799,0.7192317673510201,0.16682219652300878,"[4.899620227006054,0.2798435611079618]","[3.5163077299550336,0.9967066375982283]","[0.9459705536024492,0.05402944639755085]","[0.7791483570794404,0.22085164292055964]",0.5003138386272804,0.6262627346088437,0.3737372653911562,0.8292739680078547,4.250965107629084,0.4556287682720047,1.302388061452851,2.8263327191529073,4.513014367553262,0.22058652623413522,0.0007517838619398532,0.9992482161380601,0.22058652623413524,"[2.8255834111876728,0.0007493079652346817]","[3.5163077299550336,0.9967066375982283]","[0.9997348833135756,0.0002651166864243995]","[0.7791483570794404,0.22085164292055964]",0.0,1.0,0.0,1.0,0.0,0.0,1.0,4.513014367553262,4.513014367553262,0.00016287613044899119,0.9992625088575519,0.0007374911424481434,0.00016287613044901894,"[3.5170427922718814,0.9959715752813804]","[3.5163077299550336,0.9967066375982283]","[0.7793112332098894,0.22068876679011062]","[0.7791483570794404,0.22085164292055964]"
sample_0177,1,1.0,nan,3.199329665665993,shallow,single,single,1.058498457056511,3.9340797704963664,2.9340797704963664,0.5277932237736959,0.25896883875237553,0.8444510312635229,0.4563042056370594,11.502032182495697,2.9236906350387692,nan,nan,nan,nan,[11.502032182495697],[2.9236906350387692],[1.0],[1.0],0.8117320482269523,1.6109708093905246,0.6109708093905245,0.5517911187056828,0.5999802506989587,0.8061052562746004,0.8611565450857196,4.709980268735903,2.9236906350387692,nan,nan,nan,nan,[4.709980268735903],[2.9236906350387692],[1.0],[1.0],0.0,1.0,0.0,1.0,0.0,0.0,1.0,2.9236906350387692,2.9236906350387692,nan,nan,nan,nan,[2.9236906350387692],[2.9236906350387692],[1.0],[1.0]
sample_0180,2,1.0773087060370097,21.745804192993187,4.240482487511171,medium,"multi_[1,1.25)",multi_>=20mm,0.6495777731738103,1.008741304624549,0.008741304624549008,0.7506255711017733,1.830451333339262,0.6457886851013541,0.915953638886793,6.0076623121583985,5.955602575820404,0.08860175107874291,0.328054296110988,0.671945703889012,0.08860175107874291,"[0.2565346811462158,5.751127631012182]","[0.7819884823560562,5.173614093464348]","[0.042701248475140986,0.957298751524859]","[0.1313029995538839,0.8686970004461161]",0.6868621667197551,0.5243485695660377,0.4756514304339623,0.6683700767702362,3.5120089286973797,0.6821910924154141,1.122800603075297,3.1228116915352384,5.955602575820404,0.1311017723543373,0.000803585558582243,0.9991964144414177,0.13110177235433731,"[0.0006283946513989719,3.12218329688384]","[0.7819884823560562,5.173614093464348]","[0.00020122719954658556,0.9997987728004534]","[0.1313029995538839,0.8686970004461161]",0.0,1.0,0.0,1.0,0.0,0.0,1.0,5.955602575820404,5.955602575820404,0.0018760939664319576,1.014288279573248,0.014288279573247964,0.0018760939664319576,"[0.7931617524150194,5.162440823405383]","[0.7819884823560562,5.173614093464348]","[0.13317909352031584,0.8668209064796841]","[0.1313029995538839,0.8686970004461161]"
sample_0181,3,1.1239710000139898,7.696752561957543,3.699021546390137,medium,"multi_[1,1.25)","multi_[5,10)mm",0.911606893263216,0.49569400702497196,0.5043059929750281,0.4095633008137795,4.54824135402011,0.8918681921028258,0.7056416324985922,8.13779094111599,16.416964550281573,0.6091978121453975,1.5590845775610824,0.5590845775610824,0.6091978121453975,"[0.18816739591989415,0.6811747674808781,7.268448777715218]","[0.387946202590491,11.367020607269938,4.661997740421143]","[0.023122662806337648,0.08370512002701609,0.8931722171666463]","[0.02363081198124639,0.6923947829975049,0.2839744050212488]",0.8960781582868353,0.2983093040370865,0.7016906959629134,0.37201181279593276,5.732485228560559,0.8925976674144733,0.8510603237310028,4.897333269396017,16.416964550281573,0.7134445710332494,1.0477682330488094,0.047768233048809394,0.7134445710332494,"[0.0006283848367314738,0.01201174960068226,4.884693134958603]","[0.387946202590491,11.367020607269938,4.661997740421143]","[0.00012831163454983164,0.002452712310951968,0.9974189760544983]","[0.02363081198124639,0.6923947829975049,0.2839744050212488]",0.0,1.0,0.0,1.0,0.0,0.0,1.0,16.416964550281573,16.416964550281573,0.007562335840960454,0.9733696568872305,0.02663034311276946,0.0075623358409605546,"[0.430241771677079,11.448875637601725,4.537847141002771]","[0.387946202590491,11.367020607269938,4.661997740421143]","[0.02620714507601831,0.6973807857436933,0.27641206918028827]","[0.02363081198124639,0.6923947829975049,0.2839744050212488]"
sample_0187,3,1.9429710506043119,2.81424945589406,2.9962670126484565,shallow,"multi_[1.5,2)",multi_<5mm,0.9132453167134638,1.6266322819843886,0.6266322819843886,0.3620355337631746,1.1210594826915223,0.9036361547435168,0.7642330865750262,11.723005909176395,7.206918268506923,0.15001075793442425,0.8865757761496281,0.11342422385037187,0.15001075793442417,"[1.1694713955916725,8.44678758559559,2.1067469279891275]","[0.3991757699290186,4.431468541332348,2.3762739572455565]","[0.09975866297877135,0.7205308647830433,0.17971047223818545]","[0.055387858590453656,0.6148909112369366,0.3297212301726096]",0.9462739172993855,0.42897764493843865,0.5710223550615614,0.13666378450005476,1.0169879594767195,0.9315710660424372,1.8417606080396158,3.09160682608791,7.206918268506923,0.16175946749826509,0.22595069325479714,0.7740493067452029,0.15605078040123038,"[0.15358846570344623,2.401097612381511,0.5369207480029536]","[0.3991757699290186,4.431468541332348,2.3762739572455565]","[0.049679171493419036,0.7766503787352018,0.17367044977137924]","[0.055387858590453656,0.6148909112369366,0.3297212301726096]",0.0,1.0,0.0,1.0,0.0,0.0,1.0,7.206918268506923,7.206918268506923,0.007206540935875635,0.9781435337600102,0.021856466239989825,0.007206540935875527,"[0.41588530665558066,4.466695956129291,2.324337005722052]","[0.3991757699290186,4.431468541332348,2.3762739572455565]","[0.05770639976214698,0.619778911001119,0.3225146892367341]","[0.055387858590453656,0.6148909112369366,0.3297212301726096]"
sample_0189,2,2.0916307870707564,23.36578695443404,8.175705877149051,deep,multi_>=2,multi_>=20mm,0.7077848626069844,0.5084675038597289,0.4915324961402711,0.6456078492504643,11.539460350446802,0.7049791816369152,1.0974182358331794,7.355698728851922,14.466408714451772,0.5030589871631905,0.05552541066881629,0.9444745893311837,0.5030589871631905,"[0.4536197364409549,6.902078992410967]","[8.16958813950228,6.296820574949491]","[0.061669156549558124,0.9383308434504418]","[0.5647281437127487,0.43527185628725135]",0.7385960988838155,0.27136358525073984,0.7286364147492602,0.5517960414883611,12.918355996260287,0.6946135253225906,1.5361163554219028,3.9256565344561793,14.466408714451772,0.5644548106817524,0.00013134219019258177,0.9998686578098074,0.5644548106817524,"[0.0010730115992135685,3.9245835228569654]","[8.16958813950228,6.296820574949491]","[0.00027333303099635864,0.9997266669690037]","[0.5647281437127487,0.43527185628725135]",0.0,1.0,0.0,1.0,0.0,0.0,1.0,14.466408714451772,14.466408714451772,0.005903398589628045,0.9895464770875121,0.010453522912487911,0.005903398589628073,"[8.084187162700402,6.382221551751369]","[8.16958813950228,6.296820574949491]","[0.5588247451231206,0.44117525487687936]","[0.5647281437127487,0.43527185628725135]"
sample_0192,3,1.3700450156951418,8.671793355471522,6.730530012631418,deep,"multi_[1.25,1.5)","multi_[5,10)mm",1.0282939003992375,0.607246003282524,0.392753996717476,0.3005733425121026,7.466592813016777,0.9479753605959625,0.4441461643138952,4.409654760388691,7.261727103269347,0.6612079600703231,0.12077476526701597,0.8792252347329841,0.212144764870335,"[0.23225011730693076,0.6093198187117828,3.568084824369977]","[1.9230020177928602,4.264389491479246,1.0743355939972419]","[0.05266854888350919,0.1381785767414758,0.809152874375015]","[0.2648133137538442,0.587241771941464,0.14794491430469184]",0.9892330316272724,0.35438943469427303,0.6456105653057269,0.2848365426993429,10.896496627966313,0.9468968595337641,0.528984952293946,2.573479363031705,7.261727103269347,0.847178109892117,0.0005104889963717824,0.9994895110036283,0.26443185688879767,"[0.0009816713700839896,0.011569125213433732,2.560928566448187]","[1.9230020177928602,4.264389491479246,1.0743355939972419]","[0.0003814568650465201,0.004495518938144755,0.9951230241968086]","[0.2648133137538442,0.587241771941464,0.14794491430469184]",0.0,1.0,0.0,1.0,0.0,0.0,1.0,7.261727103269347,7.261727103269347,0.03708507828863311,1.0903473017797545,0.09034730177975447,0.02392516837301545,"[2.0967400614174685,3.995087773343813,1.1698992685080658]","[1.9230020177928602,4.264389491479246,1.0743355939972419]","[0.28873848212685965,0.5501566936528309,0.16110482422030956]","[0.2648133137538442,0.587241771941464,0.14794491430469184]"
sample_0205,3,2.405274984130031,12.857682528356342,3.837376333543589,medium,multi_>=2,"multi_[10,20)mm",1.0297192549134053,1.5157621609550898,0.5157621609550896,0.5205134158482484,6.2747199620644745,0.8512091017572337,0.4752664545932903,14.797836924465203,9.762637771047807,0.4544290015516844,0.2088912659003244,0.7911087340996756,0.1771282338610268,"[13.942724468324856,0.43615142955688907,0.41896102658345896]","[4.762065181167529,2.9949309237353052,2.005641666144972]","[0.9422136856551924,0.029473998921815504,0.028312315422992153]","[0.4877846841035079,0.30677476661247305,0.20544054928401895]",0.8352267635901102,0.608091952476667,0.391908047523333,0.5042528906670128,7.296072564160733,0.8309613117244722,0.8684063630967555,5.936581463518917,9.762637771047807,0.5100796349785556,0.0005684835687437073,0.9994315164312563,0.2052484902111337,"[5.923902819769504,0.01153846941742202,0.0011401743319911688]","[4.762065181167529,2.9949309237353052,2.005641666144972]","[0.9978643190820635,0.001943621845051306,0.0001920590728852441]","[0.4877846841035079,0.30677476661247305,0.20544054928401895]",0.0,1.0,0.0,1.0,0.0,0.0,1.0,9.762637771047807,9.762637771047807,0.006490407786458832,0.997645703080891,0.0023542969191090446,0.0004836680522394554,"[4.703423556957386,3.058294423940892,2.00091979014953]","[4.762065181167529,2.9949309237353052,2.005641666144972]","[0.4817779443692886,0.313265174398932,0.2049568812317795]","[0.4877846841035079,0.30677476661247305,0.20544054928401895]"
sample_0207,3,1.4344496549363888,8.202438661763951,4.728335936240501,medium,"multi_[1.25,1.5)","multi_[5,10)mm",0.9247012649698005,0.4817045852226584,0.5182954147773415,0.3390007854514141,8.606674560728973,0.9141706698400649,0.7444264938504085,6.203881818705097,12.879017574303294,0.570612336445737,1.476138807129943,0.47613880712994305,0.570612336445737,"[0.3493318007630861,0.5997546406971079,5.254795377244902]","[4.264735949514886,5.054456930888652,3.5598246938997566]","[0.05630858404004871,0.09667409183856626,0.847017324121385]","[0.3311382972272706,0.3924567150970814,0.27640498767564803]",0.8944926158513014,0.2308106513257568,0.7691893486742433,0.31124967906762213,11.155383363792986,0.8933300712526372,1.112898572263564,2.9726144347608114,12.879017574303294,0.7186180241247566,0.8308891650944737,0.16911083490552625,0.7186180241247566,"[0.0016782818247310317,0.013116385139020501,2.9578197677970595]","[4.264735949514886,5.054456930888652,3.5598246938997566]","[0.0005645810654438517,0.004412407134151557,0.9950230118004046]","[0.3311382972272706,0.3924567150970814,0.27640498767564803]",0.0,1.0,0.0,1.0,0.0,0.0,1.0,12.879017574303294,12.879017574303294,0.017855414176261963,0.9354012591219417,0.06459874087805828,0.01785541417626202,"[4.4036435796327655,5.145509493743313,3.329864500927213]","[4.264735949514886,5.054456930888652,3.5598246938997566]","[0.3419238737913584,0.3995265527092555,0.258549573499386]","[0.3311382972272706,0.3924567150970814,0.27640498767564803]"
sample_0208,2,1.5280589613489792,15.824032355881988,4.329725893741566,medium,"multi_[1.5,2)","multi_[10,20)mm",0.4661715677313342,1.139007217624078,0.1390072176240779,0.869061452733057,1.1923282075996862,0.46035405646179156,1.0901577673492673,8.163580635914064,7.167277353117179,0.013141561188419443,1.0891339308168484,0.0891339308168484,0.013141561188419415,"[2.3428309145232675,5.820749721390797]","[2.15109533201867,5.016182021098508]","[0.2869857013742774,0.7130142986257226]","[0.30012726256269684,0.6998727374373032]",0.5658034541219172,0.516970254097224,0.48302974590277603,0.756662107702229,2.3309628727286364,0.4652181171327811,1.5718307614899854,3.705269194426267,7.167277353117179,0.14491413913422357,0.2673551451903817,0.7326448548096183,0.14491413913422357,"[0.5751064048102039,3.130162789616063]","[2.15109533201867,5.016182021098508]","[0.15521312342847327,0.8447868765715267]","[0.30012726256269684,0.6998727374373032]",0.0,1.0,0.0,1.0,0.0,0.0,1.0,7.167277353117179,7.167277353117179,0.015750483714665114,1.0524793501935696,0.05247935019356964,0.015750483714665087,"[2.263983417247431,4.903293935869749]","[2.15109533201867,5.016182021098508]","[0.3158777462773619,0.684122253722638]","[0.30012726256269684,0.6998727374373032]"
sample_0221,2,1.1067873175338754,13.414917070187204,1.7767776215416349,shallow,"multi_[1,1.25)","multi_[10,20)mm",0.8859495730539949,1.4270807498432314,0.4270807498432314,0.5776769476004273,5.567804440040947,0.8146490810449468,0.6248368817652787,6.645289644125115,4.656561757178154,0.4191142828833493,0.2952036792366099,0.70479632076339,0.4191142828833493,"[0.7263883665386607,5.9189012775864525]","[2.4606345300881234,2.195927227090031]","[0.10930875935269989,0.8906912406473001]","[0.5284230422360492,0.47157695776395075]",0.7241046235496528,0.6458025738463311,0.3541974261536689,0.6266745611152161,6.788727407945638,0.7220256913526591,1.0860716680766085,3.007219568060046,4.656561757178154,0.5251163014176129,0.0040412729213178435,0.9959587270786822,0.5251163014176128,"[0.009944095695704789,2.9972754723643416]","[2.4606345300881234,2.195927227090031]","[0.003306740818436385,0.9966932591815637]","[0.5284230422360492,0.47157695776395075]",0.0,1.0,0.0,1.0,0.0,0.0,1.0,4.656561757178154,4.656561757178154,0.028307082400117756,0.9464310218563995,0.05356897814360051,0.0283070824001177,"[2.328820852726444,2.32774090445171]","[2.4606345300881234,2.195927227090031]","[0.5001159598359315,0.49988404016406857]","[0.5284230422360492,0.47157695776395075]"
sample_0229,3,1.9516428073234058,6.308724118235001,3.3838352890350656,shallow,"multi_[1.5,2)","multi_[5,10)mm",0.9371503241253905,0.850853240060797,0.149146759939203,0.48137250021959155,9.806620855856336,0.871671665475331,0.5874689695447971,6.163166339912595,7.24351280541896,0.539042617421424,2.1057840821068763,1.1057840821068763,0.539042617421424,"[0.20066563359950332,5.574694046516428,0.3878066597966644]","[1.1457829257849144,2.6473246207364447,3.4504052588976015]","[0.03255885409095564,0.904517862906729,0.06292328300231535]","[0.158180561912963,0.36547524548530497,0.476344192601732]",0.8976659438840856,0.4986390782331474,0.5013609217668527,0.4584957249277005,12.08693454438102,0.8724968457163417,0.6983309723755071,3.6118985484641097,7.24351280541896,0.6313296775966487,1.3599987801193882,0.35999878011938824,0.6313296775966487,"[0.0006283875873389254,3.600358254781587,0.010911906095183697]","[1.1457829257849144,2.6473246207364447,3.4504052588976015]","[0.00017397708681660929,0.9968049230819537,0.0030210998312296933]","[0.158180561912963,0.36547524548530497,0.476344192601732]",0.0,1.0,0.0,1.0,0.0,0.0,1.0,7.24351280541896,7.24351280541896,0.02501042312067714,1.0517529944006205,0.05175299440062053,0.018914438333166528,"[1.1899392696548867,2.784331597010043,3.2692419387540297]","[1.1457829257849144,2.6473246207364447,3.4504052588976015]","[0.16427654670047367,0.3843896838184715,0.4513337694810549]","[0.158180561912963,0.36547524548530497,0.476344192601732]"
sample_0232,1,1.0,nan,5.136710125684817,medium,single,single,0.28147205014280846,0.9031936308729502,0.09680636912704978,0.9510611172077744,1.3477513028296209,0.20848144744732755,1.2397061102318383,9.324223634502044,10.323615353099912,nan,nan,nan,nan,[9.324223634502044],[10.323615353099912],[1.0],[1.0],0.49042413389054645,0.46115095836904113,0.5388490416309589,0.8177966923718162,0.12034266958794984,0.30286226625597745,1.679945025041826,4.760745113915371,10.323615353099912,nan,nan,nan,nan,[4.760745113915371],[10.323615353099912],[1.0],[1.0],0.0,1.0,0.0,1.0,0.0,0.0,1.0,10.323615353099912,10.323615353099912,nan,nan,nan,nan,[10.323615353099912],[10.323615353099912],[1.0],[1.0]
sample_0234,1,1.0,nan,5.958318133427276,medium,single,single,0.32013847410272744,1.3490326162277413,0.34903261622774123,0.9509085415718077,1.2857470265552529,0.30633964905251504,0.9110185013103622,10.359189123540766,7.678976029881213,nan,nan,nan,nan,[10.359189123540766],[7.678976029881213],[1.0],[1.0],0.3027444121833921,0.8265753541163556,0.17342464588364434,0.9460104955583326,0.21616487945877444,0.27600022962658055,1.1486839609574733,6.34725233115007,7.678976029881213,nan,nan,nan,nan,[6.34725233115007],[7.678976029881213],[1.0],[1.0],0.0,1.0,0.0,1.0,0.0,0.0,1.0,7.678976029881213,7.678976029881213,nan,nan,nan,nan,[7.678976029881213],[7.678976029881213],[1.0],[1.0]
sample_0237,1,1.0,nan,1.8449366841597,shallow,single,single,0.5845244344158053,1.4062670594235795,0.40626705942357955,0.8061199637365973,2.077844519222424,0.5813552975319908,0.9304863857555531,6.793367322143152,4.830780381734685,nan,nan,nan,nan,[6.793367322143152],[4.830780381734685],[1.0],[1.0],0.6119189139225563,0.6441127292205967,0.3558872707794033,0.7245390376879297,0.5110486477459516,0.5706890717740244,1.3678069865805114,3.1115671359444437,4.830780381734685,nan,nan,nan,nan,[3.1115671359444437],[4.830780381734685],[1.0],[1.0],0.0,1.0,0.0,1.0,0.0,0.0,1.0,4.830780381734685,4.830780381734685,nan,nan,nan,nan,[4.830780381734685],[4.830780381734685],[1.0],[1.0]
sample_0239,2,1.0489482357324242,22.269261325872485,6.318678261330092,deep,"multi_[1,1.25)",multi_>=20mm,1.0455091824944192,3.577613382906656,2.577613382906656,0.6511918432933161,1.4624440913615648,0.7146754575969401,0.47824081216890874,12.915030315115978,3.609956955332908,0.06255587500127513,3.2387403333810103,2.2387403333810103,0.06255587500127513,"[5.193513314886521,7.721517000229458]","[1.2258457869735868,2.384111168359321]","[0.40212939406018594,0.5978706059398141]","[0.3395735190589108,0.6604264809410892]",0.6949499305856616,2.048766958606784,1.048766958606784,0.7815546065877118,0.3611223719808225,0.618824410070438,0.712966664896513,7.395960532078807,3.609956955332908,0.021960930214217356,1.9806400292640292,0.9806400292640292,0.02196093021421741,"[2.6738945178109033,4.722066014267904]","[1.2258457869735868,2.384111168359321]","[0.3615344492731281,0.6384655507268718]","[0.3395735190589108,0.6604264809410892]",0.0,1.0,0.0,1.0,0.0,0.0,1.0,3.609956955332908,3.609956955332908,0.0005722527294427793,1.000866489678953,0.0008664896789529752,0.0005722527294427238,"[1.2237799792527262,2.386176976080181]","[1.2258457869735868,2.384111168359321]","[0.339001266329468,0.660998733670532]","[0.3395735190589108,0.6604264809410892]"
sample_0240,3,1.3395587606131885,7.334848328356899,2.1328714870372076,shallow,"multi_[1.25,1.5)","multi_[5,10)mm",0.9803207880729294,0.7887308570004604,0.21126914299953958,0.23666498473152828,5.999020732062037,0.9557997001275312,0.5743583030083483,6.899438786009038,8.747519796864003,0.5735227854054685,2.4327151293525193,1.4327151293525193,0.5735227854054685,"[0.6143376137677306,5.855419842001156,0.4296813302401534]","[4.111867228985281,2.4069484220947848,2.2287041457839374]","[0.08904167901503945,0.8486805990474199,0.06227772193754055]","[0.4700609229211908,0.2751578136419513,0.2547812634368579]",0.9516991770914179,0.295905690915885,0.704094309084115,0.1714457355430588,7.968898789735889,0.9516991760732529,0.9998566400031035,2.588440889291425,8.747519796864003,0.7189733203831679,1.0690921554474997,0.06909215544749969,0.7189733203831679,"[0.003646584348997419,2.5732496766282718,0.011544628314155442]","[4.111867228985281,2.4069484220947848,2.2287041457839374]","[0.0014087956824061982,0.9941311340251191,0.004460070292474687]","[0.4700609229211908,0.2751578136419513,0.2547812634368579]",0.0,1.0,0.0,1.0,0.0,0.0,1.0,8.747519796864003,8.747519796864003,0.0010623973052121816,0.9968872883547217,0.0031127116452782655,0.0008564869308125833,"[4.11006602390884,2.399456285711746,2.237997487243416]","[4.111867228985281,2.4069484220947848,2.2287041457839374]","[0.46985501254679124,0.2743013267111387,0.25584366074207016]","[0.4700609229211908,0.2751578136419513,0.2547812634368579]"
sample_0241,2,1.021666794921404,25.481758181098886,2.480372264750681,shallow,"multi_[1,1.25)",multi_>=20mm,0.6678872079906469,0.9979823408135753,0.0020176591864247435,0.6964051733227244,2.3224489743371644,0.6651903925339755,1.087312583749135,7.865650360222023,7.881552647324187,0.19189168641678073,0.3164486290717501,0.6835513709282499,0.1918916864167808,"[7.164830060827214,0.7008202993948085]","[5.666911043565152,2.2146416037590346]","[0.9109011629935929,0.089098837006407]","[0.7190094765768122,0.2809905234231878]",0.6874163205242191,0.5827541292039737,0.41724587079602626,0.6407918794248307,4.487753002929418,0.6614657588348088,1.3323867265517804,4.593007349766681,7.881552647324187,0.2501357183988615,0.06399064571522779,0.9360093542847722,0.25013571839886156,"[4.451291003514332,0.14171634625234827]","[5.666911043565152,2.2146416037590346]","[0.9691451949756738,0.030854805024326228]","[0.7190094765768122,0.2809905234231878]",0.0,1.0,0.0,1.0,0.0,0.0,1.0,7.881552647324187,7.881552647324187,0.05854884229830437,0.7916341035810435,0.20836589641895653,0.05854884229830437,"[6.1283668265791205,1.753185820745068]","[5.666911043565152,2.2146416037590346]","[0.7775583188751166,0.22244168112488344]","[0.7190094765768122,0.2809905234231878]"
sample_0248,2,1.5993626434014312,18.360827868045604,6.6714186211856745,deep,"multi_[1.5,2)","multi_[10,20)mm",0.5731950400355865,0.9749951460989223,0.025004853901077703,0.8384830498523052,1.1189670955975684,0.5441266965508564,0.8231802869847883,7.591455526245719,7.786146994290262,0.09003496594020557,1.0752706215940233,0.07527062159402331,0.09003496594020555,"[7.329246139099248,0.26220938714647046]","[6.816187471237786,0.9699595230524755]","[0.9654599323884673,0.03454006761153267]","[0.8754249664482617,0.12457503355173828]",0.5823049034596723,0.5990599038364925,0.4009400961635075,0.807258958727399,2.2586603446757043,0.5794141508355468,0.9336180623317669,4.66436846965632,7.786146994290262,0.12441441161589754,0.684197623589769,0.315802376410231,0.1244144116158975,"[4.66361926976325,0.0007491998930705033]","[6.816187471237786,0.9699595230524755]","[0.9998393780641592,0.00016062193584069607]","[0.8754249664482617,0.12457503355173828]",0.0,1.0,0.0,1.0,0.0,0.0,1.0,7.786146994290262,7.786146994290262,0.005796615281580299,0.9933785127181167,0.006621487281883276,0.005796615281580264,"[6.7710541725860525,1.0150928217042092]","[6.816187471237786,0.9699595230524755]","[0.8696283511666815,0.13037164883331862]","[0.8754249664482617,0.12457503355173828]"
sample_0249,1,1.0,nan,4.301756580522617,medium,single,single,0.9163411455970212,2.673974661368803,1.6739746613688031,0.5120491644608778,2.003394855625532,0.8543684364091744,0.6107045674023732,7.745221075718571,2.896519996099666,nan,nan,nan,nan,[7.745221075718571],[2.896519996099666],[1.0],[1.0],0.8080044397929642,1.1994375353151618,0.19943753531516184,0.5041309772170727,0.2734672153120291,0.8075939086608609,1.0456637922628655,3.4741948051128655,2.896519996099666,nan,nan,nan,nan,[3.4741948051128655],[2.896519996099666],[1.0],[1.0],0.0,1.0,0.0,1.0,0.0,0.0,1.0,2.896519996099666,2.896519996099666,nan,nan,nan,nan,[2.896519996099666],[2.896519996099666],[1.0],[1.0]
sample_0260,1,1.0,nan,7.65519676710427,deep,single,single,0.3623686441508758,0.8501456726997012,0.14985432730029882,0.9135779485621747,1.974713324134287,0.27136776172900784,1.3324621638152707,6.6446265065385735,7.815868174024888,nan,nan,nan,nan,[6.6446265065385735],[7.815868174024888],[1.0],[1.0],0.452532355724206,0.5208972087815189,0.4791027912184811,0.8479871409903664,0.12743957438307627,0.24846188947813644,1.6405998269229574,4.071263916053871,7.815868174024888,nan,nan,nan,nan,[4.071263916053871],[7.815868174024888],[1.0],[1.0],0.0,1.0,0.0,1.0,0.0,0.0,1.0,7.815868174024888,7.815868174024888,nan,nan,nan,nan,[7.815868174024888],[7.815868174024888],[1.0],[1.0]
sample_0262,1,1.0,nan,2.3921138195794693,shallow,single,single,0.3899764658212179,0.7215427334346902,0.2784572665653097,0.9014756671356899,1.2442880010537294,0.3332671940143207,1.2735613310329603,11.98485405360317,16.61004053987603,nan,nan,nan,nan,[11.98485405360317],[16.61004053987603],[1.0],[1.0],0.5104409074881248,0.4978887701519378,0.5021112298480622,0.8143416451246291,0.5196249430439827,0.43858100071133255,1.4096088727780742,8.269952656572706,16.61004053987603,nan,nan,nan,nan,[8.269952656572706],[16.61004053987603],[1.0],[1.0],0.0,1.0,0.0,1.0,0.0,0.0,1.0,16.61004053987603,16.61004053987603,nan,nan,nan,nan,[16.61004053987603],[16.61004053987603],[1.0],[1.0]
sample_0271,3,1.5616157177373808,5.582114294781146,5.223295062510008,medium,"multi_[1.5,2)","multi_[5,10)mm",0.8371550459584837,0.438336465159302,0.561663534840698,0.43541168072338093,1.6975364597679024,0.8355693732778025,1.1034406371476184,14.45208039483422,32.970290047810614,0.3339923682059561,1.2010003515401384,0.2010003515401384,0.3078245479374453,"[0.9098326986480951,7.00557152577601,6.536676170410113]","[13.087474374592095,5.83311363463983,14.049702038578689]","[0.06295513682399025,0.48474484879561675,0.452300014380393]","[0.39694750502994636,0.17692030085817145,0.42613219411188213]",0.8913373553388456,0.21505694084779473,0.7849430591522053,0.3066653531208378,3.4894349342558564,0.8883402348801813,1.1891316571183468,7.090489716546642,32.970290047810614,0.5071803804733711,0.8315642639393496,0.16843573606065043,0.5071803804733712,"[0.15459736050548264,4.850608846063854,2.085283509977305]","[13.087474374592095,5.83311363463983,14.049702038578689]","[0.021803481379390238,0.6841006813315427,0.2940958372890672]","[0.39694750502994636,0.17692030085817145,0.42613219411188213]",0.0,1.0,0.0,1.0,0.0,0.0,1.0,32.970290047810614,32.970290047810614,0.0012435486872658247,0.9982161920881937,0.0017838079118063233,0.00031559183242999,"[13.056879367936302,5.8227084803878935,14.090702199486417]","[13.087474374592095,5.83311363463983,14.049702038578689]","[0.39601954817511054,0.17660470902574146,0.427375742799148]","[0.39694750502994636,0.17692030085817145,0.42613219411188213]"
sample_0276,2,1.0434864786068199,14.270248771482578,7.256077264351947,deep,"multi_[1,1.25)","multi_[10,20)mm",0.8856374803299594,0.5185273467109157,0.48147265328908423,0.3089590760662922,2.4748308448742424,0.8802443557672084,1.2589038168580262,16.9685683106122,32.72453886616774,0.15172993042653304,0.37058985589724297,0.6294101441027571,0.15172993042653304,"[6.449584524941689,10.51898378567051]","[17.40356467482485,15.320974191342891]","[0.3800900822556784,0.6199099177443216]","[0.5318200126822115,0.46817998731778854]",0.9215643830990973,0.18050774614907372,0.8194922538509263,0.18483710757473917,4.005714731896495,0.8862211215643422,2.2008580185297504,5.907032754499704,32.72453886616774,0.25132985052746326,0.09520259821022588,0.9047974017897741,0.2513298505274633,"[1.6568645751630304,4.250168179336673]","[17.40356467482485,15.320974191342891]","[0.28049016215474815,0.7195098378452518]","[0.5318200126822115,0.46817998731778854]",0.0,1.0,0.0,1.0,0.0,0.0,1.0,32.72453886616774,32.72453886616774,0.0012985246925366345,1.0024416619562462,0.002441661956246177,0.0012985246925366623,"[17.44605829659444,15.278480569573295]","[17.40356467482485,15.320974191342891]","[0.5331185373747481,0.46688146262525193]","[0.5318200126822115,0.46817998731778854]"
sample_0278,1,1.0,nan,8.254347299586895,deep,single,single,0.4217681502183855,0.6523258945287501,0.3476741054712499,0.8774139066428329,0.7802505438525642,0.32353423993661096,1.4004832952921389,14.250649999107607,21.845905733057688,nan,nan,nan,nan,[14.250649999107607],[21.845905733057688],[1.0],[1.0],0.4746758928191752,0.4730728273137122,0.5269271726862879,0.8352766079995432,0.36862413256978227,0.34076565308408235,1.5419846953427832,10.334704390366435,21.845905733057688,nan,nan,nan,nan,[10.334704390366435],[21.845905733057688],[1.0],[1.0],0.0,1.0,0.0,1.0,0.0,0.0,1.0,21.845905733057688,21.845905733057688,nan,nan,nan,nan,[21.845905733057688],[21.845905733057688],[1.0],[1.0]
sample_0280,2,2.2840818219746284,21.001904675528838,7.279695002567097,deep,multi_>=2,multi_>=20mm,1.5272704534421715,4.566189629983413,3.566189629983412,0.5843585472842241,3.6511848659969623,0.6447415244498045,0.35571569161834427,8.466582255637363,1.8541898041295581,0.11109569691045976,5.585859816858821,4.585859816858821,0.11109569691045978,"[5.152709762079273,3.3138724935580868]","[0.9224559747324402,0.9317338293971177]","[0.6085938347375544,0.39140616526244576]","[0.49749813782709457,0.5025018621729055]",0.9510386431914967,2.0484883245081043,1.0484883245081043,0.7128726865184704,5.521149521275515,0.6426498180092324,0.5221872149891318,3.7982861651813686,1.8541898041295581,0.18070891920204155,2.792571735024339,1.7925717350243389,0.18070891920204152,"[2.5760244818421385,1.2222616833392292]","[0.9224559747324402,0.9317338293971177]","[0.6782070570291361,0.3217929429708639]","[0.49749813782709457,0.5025018621729055]",0.0,1.0,0.0,1.0,0.0,0.0,1.0,1.8541898041295581,1.8541898041295581,0.08693908819693541,0.8252474098161328,0.17475259018386724,0.08693908819693541,"[0.7612544038173623,1.0929354003121958]","[0.9224559747324402,0.9317338293971177]","[0.41055904963015916,0.5894409503698409]","[0.49749813782709457,0.5025018621729055]"
sample_0281,1,1.0,nan,7.957957570718637,deep,single,single,0.2725363827964166,0.8117512767120718,0.1882487232879282,0.9552235015012326,2.149580468040651,0.21883247329143668,1.1997315903315764,6.979341430919705,8.597881680197563,nan,nan,nan,nan,[6.979341430919705],[8.597881680197563],[1.0],[1.0],0.41744607974971104,0.5010884149090682,0.49891158509093175,0.879274879950801,0.2654974731037041,0.3047677308209261,1.4275865207465104,4.308298902705913,8.597881680197563,nan,nan,nan,nan,[4.308298902705913],[8.597881680197563],[1.0],[1.0],0.0,1.0,0.0,1.0,0.0,0.0,1.0,8.597881680197563,8.597881680197563,nan,nan,nan,nan,[8.597881680197563],[8.597881680197563],[1.0],[1.0]
sample_0283,2,1.574007238486512,12.097933707869291,5.655685434780272,medium,"multi_[1.5,2)","multi_[10,20)mm",0.9918471695664878,1.736349438765029,0.7363494387650289,0.44191200116975005,3.2915084387141222,0.8943123022581647,0.5105723871135924,12.136328342755506,6.9895656207240275,0.31384562420685586,3.049998212615296,2.049998212615296,0.31384562420685586,"[8.843490538243792,3.292837804511717]","[2.899506793697667,4.090058827026361]","[0.728679242064401,0.271320757935599]","[0.4148336178575452,0.5851663821424549]",0.8997594517921234,0.6800174685997977,0.3199825314002023,0.386521225533269,5.722986174098052,0.8922875903064318,0.7959829615100883,4.753026720016927,6.9895656207240275,0.4615546912291839,1.4366226212174262,0.43662262121742623,0.46155469122918386,"[4.1654970501996775,0.5875296698172503]","[2.899506793697667,4.090058827026361]","[0.876388309086729,0.1236116909132709]","[0.4148336178575452,0.5851663821424549]",0.0,1.0,0.0,1.0,0.0,0.0,1.0,6.9895656207240275,6.9895656207240275,0.004407644368714159,0.9893749103761696,0.010625089623830353,0.004407644368714214,"[2.868699274149724,4.120866346574303]","[2.899506793697667,4.090058827026361]","[0.410425973488831,0.589574026511169]","[0.4148336178575452,0.5851663821424549]"
sample_0284,3,2.562224044864969,16.567437943146192,3.1602914672025477,shallow,multi_>=2,"multi_[10,20)mm",0.6404076966990735,0.8775578553137616,0.12244214468623839,0.7195317913769512,1.4343687561131964,0.6337872933277469,1.134738426933959,5.381196319779405,6.132013162659702,0.22154419548021628,1.2576639149638176,0.2576639149638176,0.06970199800548621,"[0.5719194760156884,1.2410345460690086,3.5682422976947077]","[2.0102290404221663,0.9867775733270623,3.1350065489104737]","[0.10628110219906146,0.23062428358307568,0.6630946142178629]","[0.32782529767927776,0.16092228557758947,0.5112524167431328]",0.6982872113350012,0.4204329765877286,0.5795670234122714,0.6114735016257924,4.00531507443823,0.6507865296274901,1.5001693965161003,2.5781005464521503,6.132013162659702,0.32335044035524974,0.5572570120748562,0.44274298792514377,0.052369908495851436,"[0.011536632112371912,0.5498887220947161,2.0166751922450623]","[2.0102290404221663,0.9867775733270623,3.1350065489104737]","[0.004474857324027968,0.2132921940734409,0.7822329486025311]","[0.32782529767927776,0.16092228557758947,0.5112524167431328]",0.0,1.0,0.0,1.0,0.0,0.0,1.0,6.132013162659702,6.132013162659702,0.034948909702138875,1.016816504199609,0.016816504199608895,0.002706150291226228,"[1.7959218661080452,1.0033717225329968,3.33271957401866]","[2.0102290404221663,0.9867775733270623,3.1350065489104737]","[0.29287638797713883,0.1636284358688157,0.5434951761540454]","[0.32782529767927776,0.16092228557758947,0.5112524167431328]"
sample_0286,2,1.148363559155723,16.823792675850477,8.162060752380752,deep,"multi_[1,1.25)","multi_[10,20)mm",0.7798279121306727,1.379045105585941,0.37904510558594096,0.6511514902516654,3.6693366529864258,0.7520646529912262,0.7616728307568227,12.696386862759697,9.206650900200355,0.19465979734536226,0.8620459547715796,0.13795404522842036,0.1946597973453622,"[4.120946747306535,8.57544011545316]","[4.780425828224531,4.426225071975823]","[0.324576337492823,0.675423662507177]","[0.5192361348381852,0.4807638651618147]",0.7301720887279513,0.6855407660117285,0.3144592339882715,0.6309150910748298,5.677581826113837,0.7300253073286871,1.0218906144064135,6.311534510525921,9.206650900200355,0.322393456648804,0.25988884697287573,0.7401111530271243,0.3223934566488039,"[1.242379356536628,5.069155153989294]","[4.780425828224531,4.426225071975823]","[0.19684267818938125,0.8031573218106187]","[0.5192361348381852,0.4807638651618147]",0.0,1.0,0.0,1.0,0.0,0.0,1.0,9.206650900200355,9.206650900200355,0.0002790816545073238,0.9994625149603769,0.0005374850396231423,0.00027908165450729605,"[4.777856420858832,4.428794479341523]","[4.780425828224531,4.426225071975823]","[0.5189570531836779,0.48104294681632204]","[0.5192361348381852,0.4807638651618147]"
sample_0290,1,1.0,nan,7.659626192355441,deep,single,single,1.1182733134235032,2.5895896326856787,1.5895896326856787,0.223966675879577,1.2610344740266568,0.9720778961405555,0.297990578285997,22.157764147780078,8.556477006281543,nan,nan,nan,nan,[22.157764147780078],[8.556477006281543],[1.0],[1.0],1.0357964498095258,1.3052790120668045,0.3052790120668045,0.17169175146447113,1.8824180031377928,0.9783146563494975,0.3783912530405251,11.168589853531502,8.556477006281543,nan,nan,nan,nan,[11.168589853531502],[8.556477006281543],[1.0],[1.0],0.0,1.0,0.0,1.0,0.0,0.0,1.0,8.556477006281543,8.556477006281543,nan,nan,nan,nan,[8.556477006281543],[8.556477006281543],[1.0],[1.0]
sample_0292,1,1.0,nan,3.4057612598594877,shallow,single,single,0.6882374983360534,1.1700004905954642,0.17000049059546418,0.6957824435482864,1.1848825860213523,0.6878901289288251,0.9707577903555136,5.820729341222294,4.974980256854312,nan,nan,nan,nan,[5.820729341222294],[4.974980256854312],[1.0],[1.0],0.6798761782831628,0.5809299769844366,0.4190700230155634,0.6564356332207171,0.8591345204205482,0.6601520057323628,1.2762285275050358,2.8901151661124023,4.974980256854312,nan,nan,nan,nan,[2.8901151661124023],[4.974980256854312],[1.0],[1.0],0.0,1.0,0.0,1.0,0.0,0.0,1.0,4.974980256854312,4.974980256854312,nan,nan,nan,nan,[4.974980256854312],[4.974980256854312],[1.0],[1.0]
sample_0297,3,1.9710537492549338,5.10294032886923,6.804348647398077,deep,"multi_[1.5,2)","multi_[5,10)mm",1.1818445897837953,2.7577803092159363,1.7577803092159365,0.3359291609900981,2.403815417782095,0.9409666176969518,0.32128531880270084,16.222300568813907,5.882375950905989,0.3883929475920862,6.626816178400831,5.626816178400831,0.38839294759208626,"[0.39655266420067925,5.03414523106593,10.791602673547295]","[1.0863100897162992,3.167591133201762,1.6284747279879284]","[0.024444909186494827,0.3103225223642865,0.6652325684492187]","[0.18467199287882788,0.5384883862640396,0.2768396208571325]",0.9663899888235246,1.076297589998989,0.07629758999898896,0.33694893942543536,3.52745237087237,0.928180377840114,0.580378570384267,6.331187059428127,5.882375950905989,0.5049678073024821,3.0395123651962668,2.0395123651962668,0.5049678073024821,"[0.006977888625795652,1.3744400986733938,4.949769072128936]","[1.0863100897162992,3.167591133201762,1.6284747279879284]","[0.0011021453892133054,0.2170904264511721,0.7818074281596147]","[0.18467199287882788,0.5384883862640396,0.2768396208571325]",0.0,1.0,0.0,1.0,0.0,0.0,1.0,5.882375950905989,5.882375950905989,0.02976275527934323,0.8924909838151283,0.10750901618487174,0.029762755279343245,"[1.0968820693478898,3.3320948694580808,1.4533990121000195]","[1.0863100897162992,3.167591133201762,1.6284747279879284]","[0.18646922238605823,0.5664539120361525,0.24707686557778924]","[0.18467199287882788,0.5384883862640396,0.2768396208571325]"
sample_0298,3,1.4520423635396211,2.315167380558046,3.785480645832094,medium,"multi_[1.25,1.5)",multi_<5mm,0.40345014427643355,0.7904911924846005,0.2095088075153995,0.898760898468564,1.5449535743782534,0.37672694704607906,1.1846593033966148,8.761597034489538,11.083737703580072,0.050691419661981554,0.2236989773301551,0.7763010226698449,0.03670649638218834,"[6.416083550070219,2.218582885153371,0.12693059926594746]","[7.554727762513403,2.9615929560591248,0.5674169850075437]","[0.7322961241898783,0.2532167225244489,0.01448715328567295]","[0.6816047045278967,0.267201645804242,0.051193649667861295]",0.5495689644333682,0.41312591281730654,0.5868740871826935,0.7709447886278826,0.10523018656967983,0.4368638714429855,1.5889991930276817,4.578979256219114,11.083737703580072,0.04462405930751419,0.05301571644262009,0.94698428355738,0.04462405930751421,"[3.3022623634911636,1.2466348747460634,0.03008201798188635]","[7.554727762513403,2.9615929560591248,0.5674169850075437]","[0.7211787122656368,0.27225169737401606,0.006569590360347084]","[0.6816047045278967,0.267201645804242,0.051193649667861295]",0.0,1.0,0.0,1.0,0.0,0.0,1.0,11.083737703580072,11.083737703580072,0.0055131845292672385,1.0544076178531692,0.054407617853169166,0.0027853245276380084,"[7.493621071279571,2.9918278408092718,0.5982887914912315]","[7.554727762513403,2.9615929560591248,0.5674169850075437]","[0.6760915199986295,0.2699295058058713,0.0539789741954993]","[0.6816047045278967,0.267201645804242,0.051193649667861295]"
sample_0300,3,1.3104024866337654,5.895761189193468,3.7503425050052894,medium,"multi_[1.25,1.5)","multi_[5,10)mm",0.8952879905581539,1.2462924060312472,0.24629240603124714,0.5392341047496811,3.4084016004903335,0.8372803056193361,0.632990465521716,15.62342011685948,12.535918570354964,0.3708179181112839,2.042530437857653,1.042530437857653,0.37081791811128395,"[0.6605422729246727,14.86149302749604,0.10138481643876268]","[3.7752411733065845,7.276020348114764,1.484657048933618]","[0.04227898040147248,0.9512317351985415,0.006489284399985938]","[0.30115393236793214,0.5804138170872576,0.11843225054481016]",0.831086186239592,0.706788468910345,0.29321153108965503,0.5278215029688789,4.133740732491254,0.8230778522584548,0.8314906391670144,8.860242692725945,12.535918570354964,0.41528001034684914,1.2124882197451792,0.21248821974517917,0.41528001034684914,"[0.012693845074245457,8.82208895871537,0.025459888936326683]","[3.7752411733065845,7.276020348114764,1.484657048933618]","[0.0014326746472381412,0.9956938274341067,0.0028734979186550583]","[0.30115393236793214,0.5804138170872576,0.11843225054481016]",0.0,1.0,0.0,1.0,0.0,0.0,1.0,12.535918570354964,12.535918570354964,0.049507788489082404,1.0544535101422305,0.05445351014223054,0.03160556967545192,"[3.9996619305829326,7.672225195935907,0.8640314438361247]","[3.7752411733065845,7.276020348114764,1.484657048933618]","[0.3190561511815627,0.6120193867627095,0.06892446205572784]","[0.30115393236793214,0.5804138170872576,0.11843225054481016]"
sample_0308,3,1.325211700548404,14.733634989370413,5.8612608362395004,medium,"multi_[1.25,1.5)","multi_[10,20)mm",0.8809794190295341,0.7469856775321373,0.25301432246786276,0.4411066281680565,10.953168248291664,0.8707906041984786,0.7863292118675983,4.576885406281528,6.1271394404809305,0.4590106479309632,0.190926534189685,0.809073465810315,0.1335022053596741,"[0.43115439299052355,0.20979917770695383,3.935931835584049]","[2.571627932362653,1.0988476724692384,2.456663835649039]","[0.09420257548917164,0.04583885308096547,0.8599585714298629]","[0.4197110180604607,0.17934105844063958,0.4009479234988996]",0.8737219606694022,0.37909351085179926,0.6209064891482007,0.3628199408815473,14.34335190352979,0.8727175695630688,1.0938337688666584,2.322758801970445,6.1271394404809305,0.5972683252634425,0.002432494751970862,0.9975675052480292,0.1781902970295842,"[0.0014702826912985159,0.0026729411964968195,2.3186155780826496]","[2.571627932362653,1.0988476724692384,2.456663835649039]","[0.0006329898266024196,0.0011507614110553826,0.9982162487623422]","[0.4197110180604607,0.17934105844063958,0.4009479234988996]",0.0,1.0,0.0,1.0,0.0,0.0,1.0,6.1271394404809305,6.1271394404809305,0.003966796735175804,0.9778812684074306,0.022118731592569385,0.003966796735175748,"[2.577361081398897,1.0745425557407717,2.4752358033412607]","[2.571627932362653,1.0988476724692384,2.456663835649039]","[0.420646715557137,0.17537426170546383,0.40397902273739916]","[0.4197110180604607,0.17934105844063958,0.4009479234988996]"
sample_0317,3,1.8019684655990118,8.674099376880578,5.966613208421179,medium,"multi_[1.5,2)","multi_[5,10)mm",0.5780529186527517,1.0045076129798698,0.004507612979869854,0.7960779647564179,2.6540050802828374,0.5779129147880533,1.0158351877165033,15.153227433530347,15.085229059218703,0.20828199450340357,0.15417028181653278,0.8458297181834672,0.14832673359286375,"[8.272846185496253,0.4075059882810886,6.472875259753001]","[5.093741138803495,2.6432201036386043,7.348267816776603]","[0.5459461505336144,0.026892356104903346,0.4271614933614821]","[0.33766415603021094,0.1752190896977671,0.48711675427202206]",0.6567270107127147,0.41345650799787714,0.586543492002123,0.6511615625880045,1.3007162220824438,0.5637158362365353,1.6889278530646568,6.237086129172666,15.085229059218703,0.17499734416755228,0.0005232428312741601,0.9994767571687259,0.1749973441675523,"[2.816730299442484,0.0013830459707086422,3.4189727837594734]","[5.093741138803495,2.6432201036386043,7.348267816776603]","[0.4516099731680499,0.00022174553021477993,0.5481682813017353]","[0.33766415603021094,0.1752190896977671,0.48711675427202206]",0.0,1.0,0.0,1.0,0.0,0.0,1.0,15.085229059218703,15.085229059218703,0.002869954273153452,0.9836207671315732,0.016379232868426796,0.0028699542731535077,"[5.102413487799511,2.5999261860386005,7.382889385380592]","[5.093741138803495,2.6432201036386043,7.348267816776603]","[0.33823904614039557,0.17234913542461358,0.4894118184349908]","[0.33766415603021094,0.1752190896977671,0.48711675427202206]"
sample_0322,2,1.355166320309534,23.917357713593702,1.3974099912659157,shallow,"multi_[1.25,1.5)",multi_>=20mm,1.0718739719438921,2.6874805826003594,1.6874805826003592,0.4219178768807029,6.21208277560133,0.9063917541486484,0.4247322154842106,4.063178154838143,1.51189116719373,0.25772301582691126,1.0754639394293257,0.07546393942932572,0.2577230158269112,"[0.6986270568754431,3.3645510979627]","[0.6496052831359052,0.8622858840578249]","[0.1719410348875714,0.8280589651124286]","[0.4296640507144826,0.5703359492855173]",0.8740283529803207,0.8449500387864641,0.15504996121353581,0.3905507732451867,10.112191696921524,0.8738469244749295,0.9646678700927501,1.2774725003612548,1.51189116719373,0.4264210511415032,0.00637747703215311,0.9936225229678469,0.42642105114150314,"[0.004142842773164553,1.2733296575880906]","[0.6496052831359052,0.8622858840578249]","[0.0032429995729794598,0.9967570004270206]","[0.4296640507144826,0.5703359492855173]",0.0,1.0,0.0,1.0,0.0,0.0,1.0,1.51189116719373,1.51189116719373,0.0021563694559616486,0.9949812662884506,0.005018733711549372,0.0021563694559616486,"[0.6463450872022304,0.8655460799914997]","[0.6496052831359052,0.8622858840578249]","[0.42750768125852096,0.572492318741479]","[0.4296640507144826,0.5703359492855173]"
sample_0326,1,1.0,nan,6.599975459962212,deep,single,single,0.8270579101692194,2.701067366898924,1.701067366898924,0.5436012738124991,2.70128717663824,0.8167171673625572,0.8157008179925173,4.729547112338154,1.750991911678276,nan,nan,nan,nan,[4.729547112338154],[1.7509919116782757],[1.0],[1.0],0.8172520630781619,0.840834221709546,0.15916577829045395,0.41760343472453315,0.4439841164395498,0.7810132214497326,1.6269743495229372,1.4722939212757133,1.750991911678276,nan,nan,nan,nan,[1.4722939212757133],[1.7509919116782757],[1.0],[1.0],0.0,1.0,0.0,1.0,0.0,0.0,1.0,1.750991911678276,1.750991911678276,nan,nan,nan,nan,[1.750991911678276],[1.7509919116782757],[1.0],[1.0]
sample_0328,2,2.054712031063719,17.005881335585055,4.185556298963489,medium,multi_>=2,"multi_[10,20)mm",0.799002289870638,0.780668820004146,0.2193311799958541,0.4455309927537208,4.715966632564587,0.7526819918839016,1.6869099848866194,2.2855972485390152,2.9277424561760736,0.25716087386305997,0.4359179179408956,0.5640820820591044,0.25716087386306,"[0.7431969296890014,1.5424003188500146]","[1.7049010813769039,1.2228413747991698]","[0.32516530642660807,0.6748346935733919]","[0.5823261802896681,0.4176738197103319]",0.8386461660639312,0.1979378186789566,0.8020621813210433,0.33374300652176614,9.082674244782831,0.6662771318136066,3.15456634721424,0.5795109554292627,2.9277424561760736,0.574030669331279,0.0028197175389128785,0.9971802824610871,0.574030669331279,"[0.004807339481269989,0.5747036159479926]","[1.7049010813769039,1.2228413747991698]","[0.008295510958389107,0.9917044890416109]","[0.5823261802896681,0.4176738197103319]",0.0,1.0,0.0,1.0,0.0,0.0,1.0,2.9277424561760736,2.9277424561760736,0.03597620188879094,0.938219844639485,0.061780155360514954,0.035976201888790915,"[1.5995720276951289,1.3281704284809448]","[1.7049010813769039,1.2228413747991698]","[0.5463499784008772,0.4536500215991229]","[0.5823261802896681,0.4176738197103319]"
sample_0335,1,1.0,nan,3.6830737305911736,medium,single,single,0.8800258960288403,1.90146364155272,0.9014636415527201,0.3608531076334949,0.6721647288201877,0.8799382856844052,1.0268384648603597,7.011277934576658,3.6873058108286014,nan,nan,nan,nan,[7.011277934576658],[3.6873058108286014],[1.0],[1.0],0.9095140394630008,0.48059590573176253,0.5194040942682375,0.1995035055169399,0.3985832394190998,0.8279265064978143,3.0424863370737514,1.7721040758651627,3.6873058108286014,nan,nan,nan,nan,[1.7721040758651627],[3.6873058108286014],[1.0],[1.0],0.0,1.0,0.0,1.0,0.0,0.0,1.0,3.6873058108286014,3.6873058108286014,nan,nan,nan,nan,[3.6873058108286014],[3.6873058108286014],[1.0],[1.0]
sample_0347,1,1.0,nan,7.882792590947204,deep,single,single,0.7975706845768943,1.9650916690740898,0.9650916690740899,0.5361281069936757,0.9275693499744428,0.7975121505029007,0.9842362352408937,12.048665442909215,6.1313503245303025,nan,nan,nan,nan,[12.048665442909215],[6.1313503245303025],[1.0],[1.0],0.7803763992583962,0.983735246888318,0.01626475311168199,0.49409103959795114,0.2674116502889254,0.7532698898219574,1.449278727808802,6.031625425260586,6.1313503245303025,nan,nan,nan,nan,[6.031625425260586],[6.1313503245303025],[1.0],[1.0],0.0,1.0,0.0,1.0,0.0,0.0,1.0,6.1313503245303025,6.1313503245303025,nan,nan,nan,nan,[6.1313503245303025],[6.1313503245303025],[1.0],[1.0]
sample_0350,1,1.0,nan,1.6522952096417276,shallow,single,single,0.9616221037231402,3.2935159615609053,2.2935159615609053,0.5559101615667097,0.321157400943203,0.8303590449730469,0.5346532470376281,13.32133571664838,4.044715699612083,nan,nan,nan,nan,[13.32133571664838],[4.044715699612083],[1.0],[1.0],0.7571651217319485,1.4861053321349103,0.48610533213491025,0.6102110237483027,0.4060683056169459,0.7564294850882619,0.9514600521798207,6.0108735681633005,4.044715699612083,nan,nan,nan,nan,[6.0108735681633005],[4.044715699612083],[1.0],[1.0],0.0,1.0,0.0,1.0,0.0,0.0,1.0,4.044715699612083,4.044715699612083,nan,nan,nan,nan,[4.044715699612083],[4.044715699612083],[1.0],[1.0]
sample_0356,1,1.0,nan,7.501423496181996,deep,single,single,0.23420141236574046,1.2546855796479421,0.2546855796479422,0.9736125947410633,1.52391816481718,0.22476914699000516,0.9367471419784098,9.092268730073368,7.246651175049456,nan,nan,nan,nan,[9.092268730073368],[7.246651175049456],[1.0],[1.0],0.28067151661869116,0.7473326310334296,0.25266736896657044,0.9535295044229781,0.09433006367627622,0.24653988675863786,1.1606535352340959,5.415658888831204,7.246651175049456,nan,nan,nan,nan,[5.415658888831204],[7.246651175049456],[1.0],[1.0],0.0,1.0,0.0,1.0,0.0,0.0,1.0,7.246651175049456,7.246651175049456,nan,nan,nan,nan,[7.246651175049456],[7.246651175049456],[1.0],[1.0]
sample_0372,2,1.2170328784393492,10.470912090166738,4.953786257471588,medium,"multi_[1,1.25)","multi_[10,20)mm",0.8947156402421135,0.3773194099361104,0.6226805900638896,0.3401658569148482,6.3968537462767,0.8945649549195566,0.9645629127711443,3.393238088936981,8.993012285033364,0.4465080940400265,0.1739886317674232,0.8260113682325768,0.44650809404002645,"[2.0967712306016035,1.2964668583353782]","[1.5415664913310976,7.451445793702266]","[0.6179263510679472,0.38207364893205287]","[0.17141825702792068,0.8285817429720793]",0.898286680480532,0.12995284796108125,0.8700471520389188,0.2829373969050313,8.518943908839262,0.8932702850852211,1.267255297524049,1.1686675581890766,8.993012285033364,0.8040664124779592,0.0038449278462142065,0.9961550721537858,0.8040664124779592,"[1.1400172867623146,0.02865027142676156]","[1.5415664913310976,7.451445793702266]","[0.9754846695058799,0.02451533049412012]","[0.17141825702792068,0.8285817429720793]",0.0,1.0,0.0,1.0,0.0,0.0,1.0,8.993012285033364,8.993012285033364,0.0018090757517970069,1.0021833401075289,0.0021833401075288528,0.0018090757517970069,"[1.5252974508706312,7.4677148341627335]","[1.5415664913310976,7.451445793702266]","[0.16960918127612368,0.8303908187238763]","[0.17141825702792068,0.8285817429720793]"
sample_0378,2,1.3438352469828485,9.21520482680662,2.0226264457410976,shallow,"multi_[1.25,1.5)","multi_[5,10)mm",0.955614698303895,0.2128416261394255,0.7871583738605744,0.1202409930776617,5.167033704984436,0.9479796329229639,1.6095721536406002,2.5307803350139184,11.890438824950943,0.45115416781701023,0.09514713508712276,0.9048528649128772,0.4511541678170103,"[1.6077435566334484,0.9230367783804699]","[2.1892872607416907,9.701151564209251]","[0.6352758216072539,0.364724178392746]","[0.1841216537902438,0.8158783462097563]",0.9730493299405298,0.04387725841803627,0.9561227415819638,0.06113368737811793,7.944870375189394,0.943411435951635,3.5544902612268303,0.521719857026224,11.890438824950943,0.7916628223280269,0.001302290720206959,0.9986977092797931,0.791662822328027,"[0.5090861373688329,0.012633719657390931]","[2.1892872607416907,9.701151564209251]","[0.9757844761182707,0.024215523881729324]","[0.1841216537902438,0.8158783462097563]",0.0,1.0,0.0,1.0,0.0,0.0,1.0,11.890438824950943,11.890438824950943,0.04095240974037638,1.050194259880318,0.050194259880318004,0.04095240974037628,"[1.7023451379894197,10.188093686961524]","[2.1892872607416907,9.701151564209251]","[0.14316924404986733,0.8568307559501326]","[0.1841216537902438,0.8158783462097563]"
sample_0379,2,1.38560214257408,12.240914998479484,2.617986129529104,shallow,"multi_[1.25,1.5)","multi_[10,20)mm",0.3806144355196646,0.871878339918648,0.12812166008135192,0.910114132098372,0.8910609934677587,0.34875501590102365,1.1942436997929788,10.60276188986371,12.160827267314632,0.04741823403919529,0.09767077406168985,0.9023292259383101,0.04741823403919537,"[10.539335264858504,0.06342662500520604]","[11.511435208998957,0.6493920583156754]","[0.9940179147976677,0.0059820852023322515]","[0.9465996807584725,0.053400319241527626]",0.4363862992295699,0.5891476241054202,0.4108523758945798,0.8684292346176816,0.39346586248271315,0.34456574653503846,1.3990917391897486,7.164522491694825,12.160827267314632,0.05329574671464325,0.0011537132480791488,0.9988462867519209,0.053295746714643294,"[7.163773279473951,0.0007492122208761818]","[11.511435208998957,0.6493920583156754]","[0.9998954274731157,0.00010457252688433523]","[0.9465996807584725,0.053400319241527626]",0.0,1.0,0.0,1.0,0.0,0.0,1.0,12.160827267314632,12.160827267314632,0.0007305618237542534,0.9863191487592049,0.0136808512407951,0.0007305618237543124,"[11.520319445145729,0.6405078221689049]","[11.511435208998957,0.6493920583156754]","[0.9473302425822266,0.052669757417773314]","[0.9465996807584725,0.053400319241527626]"
sample_0382,3,1.4047846830843906,9.273618495495704,1.561983097439092,shallow,"multi_[1.25,1.5)","multi_[5,10)mm",0.9389051627336471,0.461055928492185,0.538944071507815,0.15645253725575406,10.383975650704398,0.9235416783245451,1.7891851645748658,1.9588603209756368,4.248639264615464,0.3841949778635067,0.21092441691204,0.78907558308796,0.3841949778635067,"[0.6346197772413134,0.3115039931308189,1.0127365506035046]","[3.008754446413681,0.48715357716670366,0.7527312410350794]","[0.323973981424685,0.1590230757115291,0.517002942863786]","[0.7081689592881917,0.11466108248443987,0.17716995822736853]",0.9547607931469365,0.08514964472259996,0.9148503552774,0.10018454756756869,18.53015986712535,0.8970370937187983,3.8427254911231405,0.3617701239364951,4.248639264615464,0.7645084929783372,0.0013779614453558436,0.9986220385546442,0.696708787893749,"[0.004145947625701017,0.016953046309779157,0.3406711300010149]","[3.008754446413681,0.48715357716670366,0.7527312410350794]","[0.011460171394442716,0.04686137739985153,0.9416784512057058]","[0.7081689592881917,0.11466108248443987,0.17716995822736853]",0.0,1.0,0.0,1.0,0.0,0.0,1.0,4.248639264615464,4.248639264615464,0.027904888580080944,0.9605957191231183,0.03940428087688175,0.027904888580081,"[2.890196641117629,0.5427428788753079,0.8156997446225264]","[3.008754446413681,0.48715357716670366,0.7527312410350794]","[0.6802640707081107,0.12774510733248393,0.19199082195940537]","[0.7081689592881917,0.11466108248443987,0.17716995822736853]"
sample_0383,1,1.0,nan,2.251826997677477,shallow,single,single,0.5519392658077616,1.8060980813084755,0.8060980813084755,0.8904294632554299,0.8897947255677098,0.3720720682472089,0.6948260968677964,9.697321588390274,5.369210946376064,nan,nan,nan,nan,[9.697321588390274],[5.369210946376064],[1.0],[1.0],0.4427097134719218,1.1597926643759582,0.15979266437595813,0.9154582719598023,0.3746790655020506,0.38131650449534615,0.8043083142754593,6.227171469094055,5.369210946376064,nan,nan,nan,nan,[6.227171469094055],[5.369210946376064],[1.0],[1.0],0.0,1.0,0.0,1.0,0.0,0.0,1.0,5.369210946376064,5.369210946376064,nan,nan,nan,nan,[5.369210946376064],[5.369210946376064],[1.0],[1.0]
sample_0386,2,1.0115919981901715,3.989987468652001,7.108425473799365,deep,"multi_[1,1.25)",multi_<5mm,0.6176664629638771,0.46479750364983596,0.535202496350164,0.6937623774459103,1.733763732186557,0.4943969799107855,1.7419970076779396,8.522197643637384,18.33529134024296,0.07943570223218772,0.5135642931503932,0.4864357068496068,0.07943570223218777,"[1.3930436381748212,7.129154005462559]","[4.453574677798042,13.881716662444918]","[0.16346061150258104,0.836539388497419]","[0.24289631373476872,0.7571036862652313]",0.7488418877716407,0.21619934216320724,0.7838006578367928,0.5001175294449647,0.5126815955812302,0.5985857265474446,2.281542804246581,3.9640779261312784,18.33529134024296,0.14072969835946003,0.2563862660417987,0.7436137339582013,0.14072969835946003,"[0.40499642479680553,3.5590815013344725]","[4.453574677798042,13.881716662444918]","[0.10216661537530868,0.8978333846246913]","[0.24289631373476872,0.7571036862652313]",0.0,1.0,0.0,1.0,0.0,0.0,1.0,18.33529134024296,18.33529134024296,0.0016971127131482494,1.002241585589842,0.00224158558984211,0.0016971127131482078,"[4.422457621765239,13.912833718477724]","[4.453574677798042,13.881716662444918]","[0.24119920102162043,0.7588007989783795]","[0.24289631373476872,0.7571036862652313]"
sample_0396,2,1.2626694927156483,7.626270385975045,8.176484882087784,deep,"multi_[1.25,1.5)","multi_[5,10)mm",0.9022170916337974,1.1900556388618515,0.1900556388618516,0.3661161751645718,2.7365662815859837,0.8969151289861057,0.8190908507117399,15.759822914694057,13.242929490058529,0.3332890930565531,0.18759427231971212,0.8124057276802878,0.33328909305655313,"[0.9829340153472793,14.77688889934678]","[5.239680312158412,8.003249177900118]","[0.062369610411727186,0.9376303895882728]","[0.3956587034682803,0.6043412965317198]",0.9217981130672874,0.37473785170784885,0.6252621482921512,0.19963635207270966,3.5740941532654276,0.9058610495473903,1.6748243081853995,4.962626947423051,13.242929490058529,0.39065866526912885,0.0047356561520891394,0.9952643438479108,0.3906586652691289,"[0.024813324305253327,4.937813623117797]","[5.239680312158412,8.003249177900118]","[0.005000038199151393,0.9949999618008485]","[0.3956587034682803,0.6043412965317198]",0.0,1.0,0.0,1.0,0.0,0.0,1.0,13.242929490058529,13.242929490058529,0.001485731778193583,0.9962449157185983,0.0037550842814016994,0.0014857317781936108,"[5.220004870978656,8.022924619079875]","[5.239680312158412,8.003249177900118]","[0.3941729716900867,0.6058270283099133]","[0.3956587034682803,0.6043412965317198]"
sample_0397,2,1.283977589651347,18.97366596101028,4.781771043138657,medium,"multi_[1.25,1.5)","multi_[10,20)mm",0.6527710528366103,1.257710199255376,0.25771019925537614,0.7182306326385578,0.7258513001582311,0.6516334656819047,1.0535005442839105,12.475702246334752,9.91937749548422,0.0662234533729935,1.3481635292165999,0.3481635292165999,0.06622345337299351,"[0.16182443056776913,12.313877815766983]","[0.7855613456567471,9.133816149827473]","[0.012971168065133301,0.9870288319348667]","[0.07919462143812679,0.9208053785618732]",0.6783073120960268,0.5805850428530618,0.41941495714693827,0.6150625068587052,0.6597836616888773,0.5591684431113557,1.8626827811712456,5.759042208291402,9.91937749548422,0.0791946214381268,0.6305187354138044,0.36948126458619557,0.07919462143812683,"[0.0,5.759042208291402]","[0.7855613456567471,9.133816149827473]","[0.0,1.0]","[0.07919462143812679,0.9208053785618732]",0.0,1.0,0.0,1.0,0.0,0.0,1.0,9.91937749548422,9.91937749548422,0.07448498269986356,1.080891124698028,0.08089112469802795,0.07448498269986359,"[0.04671668451218927,9.872660810972029]","[0.7855613456567471,9.133816149827473]","[0.00470963873826326,0.9952903612617368]","[0.07919462143812679,0.9208053785618732]"
sample_0401,3,2.2680148254895074,16.6697330512519,4.512909122200053,medium,multi_>=2,"multi_[10,20)mm",0.4089041073935987,1.405315475433153,0.40531547543315294,0.9139001874069772,0.953550578797796,0.4047721611706564,0.9403709621757356,7.9024461830659884,5.623254223846257,0.04492641593601031,1.5083531587315075,0.5083531587315075,0.03816207339613675,"[3.261922532058566,0.2258311273023392,4.4146925237050825]","[2.5737645243507274,0.12266019796304714,2.926829501532482]","[0.4127737736510604,0.028577369851156813,0.5586488564977828]","[0.45770018958707065,0.021813027311283224,0.5204867831016461]",0.5039250378192216,0.7729176762464007,0.22708232375359927,0.8303733492743663,1.9021812733586958,0.4726215772167449,1.2475008943355748,4.346312587638007,5.623254223846257,0.10495033106997925,0.9287678700371185,0.07123212996288153,0.1049503310699792,"[1.619412218552173,0.008555166985708866,2.7183452021001244]","[2.5737645243507274,0.12266019796304714,2.926829501532482]","[0.37259451222127554,0.0019683736070990124,0.6254371141716253]","[0.45770018958707065,0.021813027311283224,0.5204867831016461]",0.0,1.0,0.0,1.0,0.0,0.0,1.0,5.623254223846257,5.623254223846257,0.005191054553717985,0.9901637072230934,0.009836292776906563,0.005119660385098146,"[2.6029551437961387,0.12225873040279767,2.898040349647321]","[2.5737645243507274,0.12266019796304714,2.926829501532482]","[0.46289124414078864,0.021741633142663388,0.5153671227165479]","[0.45770018958707065,0.021813027311283224,0.5204867831016461]"
sample_0403,3,1.9924156038244538,12.349898785010344,5.9356343744682425,medium,"multi_[1.5,2)","multi_[10,20)mm",0.4197189896296374,0.6397387979864633,0.3602612020135368,0.8826699862923839,1.2612934011946064,0.3548076027199684,1.3154872580246175,8.933433604931011,13.964189186349834,0.16258317627578678,0.10003072041632163,0.8999692795836783,0.11211657720510616,"[0.07422874462919911,0.18563622289538176,8.673568637406433]","[0.820754905512091,1.8557921218879097,11.287642158949835]","[0.008309094566755031,0.02077994096166065,0.9709109644715842]","[0.05877569363743574,0.1328965181667668,0.8083277881957975]",0.5419927309485607,0.36551778910105176,0.6344822108989483,0.7752166656240148,2.39422715902359,0.4074600277429166,1.643000836779268,5.104159557983406,13.964189186349834,0.19152430758365696,0.00025308714620198643,0.999746912853798,0.13280449966171476,"[0.00028524960889072246,0.00046967713207274006,5.103404631242444]","[0.820754905512091,1.8557921218879097,11.287642158949835]","[5.588571549346728e-05,9.201850505204501e-05,0.9998520957794544]","[0.05877569363743574,0.1328965181667668,0.8083277881957975]",0.0,1.0,0.0,1.0,0.0,0.0,1.0,13.964189186349834,13.964189186349834,0.010137923435122462,0.9263120107441587,0.0736879892558413,0.009792877202811384,"[0.8159366146460612,1.7190425319491585,11.429210039754611]","[0.820754905512091,1.8557921218879097,11.287642158949835]","[0.05843064740512463,0.12310364096395543,0.81846571163092]","[0.05877569363743574,0.1328965181667668,0.8083277881957975]"
sample_0409,1,1.0,nan,3.7008538365884767,medium,single,single,0.9064888706096776,0.7991782907841007,0.20082170921589929,0.24242723260880109,1.9179214606040527,0.8933960810729848,1.5190391396540592,6.559025195143006,8.207211420505086,nan,nan,nan,nan,[6.559025195143006],[8.207211420505086],[1.0],[1.0],0.9057976532171483,0.30793424699878,0.6920657530012201,0.2050687096119642,1.0313684118650586,0.8119449935337953,3.203484725011593,2.527281468733021,8.207211420505086,nan,nan,nan,nan,[2.527281468733021],[8.207211420505086],[1.0],[1.0],0.0,1.0,0.0,1.0,0.0,0.0,1.0,8.207211420505086,8.207211420505086,nan,nan,nan,nan,[8.207211420505086],[8.207211420505086],[1.0],[1.0]
sample_0413,3,1.877068903825429,8.999999999999996,3.6752784711242135,medium,"multi_[1.5,2)","multi_[5,10)mm",0.7925679433517484,2.0486471997213616,1.0486471997213613,0.6256125435442977,0.7568212235610354,0.7697502303133269,0.7717374015327895,9.841035084564476,4.803674876720094,0.15164049472644525,2.229834358733998,1.229834358733998,0.05716073430134738,"[0.19620860868305895,2.721994881674117,6.922831594207301]","[0.8242063532248874,0.8748291286041069,3.104639394891099]","[0.01993780196869833,0.27659640050908135,0.7034657975222204]","[0.1715782966951436,0.18211664008398348,0.646305063220873]",0.7530178944007458,0.8846258345301273,0.11537416546987264,0.5482131432168359,1.0320972878025725,0.7330053678950592,1.339620953507527,4.24945489662992,4.803674876720094,0.17070023713003038,0.9964589831623304,0.0035410168376696083,0.08170497330695325,"[0.0037312745185029994,1.1520778075925187,3.093645814518897]","[0.8242063532248874,0.8748291286041069,3.104639394891099]","[0.000878059565113194,0.2711119039070606,0.7280100365278263]","[0.1715782966951436,0.18211664008398348,0.646305063220873]",0.0,1.0,0.0,1.0,0.0,0.0,1.0,4.803674876720094,4.803674876720094,0.07262428419183545,1.0808564702189543,0.08085647021895426,0.052257946096677665,"[0.4753429038127875,0.972662395242604,3.3556695776647034]","[0.8242063532248874,0.8748291286041069,3.104639394891099]","[0.09895401250330815,0.20248297817914127,0.6985630093175507]","[0.1715782966951436,0.18211664008398348,0.646305063220873]"
sample_0418,2,1.0814914319973015,29.73684583139241,4.950314211788846,medium,"multi_[1,1.25)",multi_>=20mm,0.9878454980156567,0.8248872848065185,0.17511271519348146,0.06469315385458202,0.9298125148820491,0.9864760929169513,0.759165533590145,8.251653656653842,10.003371137657078,0.0554327769805456,1.5022636952802364,0.5022636952802364,0.05543277698054559,"[1.0144338454065327,7.237219811247309]","[0.6752701596887738,9.328100977968305]","[0.1229370363343509,0.8770629636656491]","[0.0675042593538053,0.9324957406461947]",0.9948288502106355,0.12103221459017581,0.8789677854098242,0.013546942889629553,1.0262107429310594,0.9933890185396395,1.8729336668114396,1.2107301621580826,10.003371137657078,0.0851688681496216,0.2737363080053762,0.7262636919946238,0.08516886814962166,"[0.18484596041940574,1.025884201738677]","[0.6752701596887738,9.328100977968305]","[0.15267312750342696,0.8473268724965731]","[0.0675042593538053,0.9324957406461947]",0.0,1.0,0.0,1.0,0.0,0.0,1.0,10.003371137657078,10.003371137657078,0.0008149236296885673,0.9879278191111271,0.012072180888872852,0.0008149236296885326,"[0.6671181761721529,9.336252961484925]","[0.6752701596887738,9.328100977968305]","[0.06668933572411677,0.9333106642758833]","[0.0675042593538053,0.9324957406461947]"
sample_0419,3,1.9377914287648497,2.6981475126464085,5.169558834503264,medium,"multi_[1.5,2)",multi_<5mm,0.9186506230021668,1.268625740026859,0.2686257400268591,0.5672601876559571,5.707068345176949,0.8224042661727821,0.5815481829178082,13.220478563662867,10.421102257773018,0.1877624524498781,1.2128156447136909,0.21281564471369085,0.022261128093337357,"[4.955215262149193,6.3955275081917184,1.8697357933219534]","[1.9492792132866994,5.2732890906115495,3.198533953874771]","[0.3748136074112208,0.48375915269588954,0.14142723989288966]","[0.1870511549613427,0.5060202807892269,0.30692856424943044]",0.8533866079665238,0.4909829392400059,0.5090170607599941,0.4352975550895968,7.583895414551532,0.8531748532000956,0.9648380020784073,5.116583416642058,10.421102257773018,0.34972015268735074,0.3548033456334851,0.6451966543665149,0.14035036798060613,"[2.746435171244577,1.870980611841536,0.49916763355594485]","[1.9492792132866994,5.2732890906115495,3.198533953874771]","[0.5367713076486935,0.36566991280862077,0.09755877954268585]","[0.1870511549613427,0.5060202807892269,0.30692856424943044]",0.0,1.0,0.0,1.0,0.0,0.0,1.0,10.421102257773018,10.421102257773018,0.011318492539118444,1.0008924379842872,0.0008924379842871755,0.00045159171939590514,"[1.831328045132705,5.277995174098138,3.3117790385421766]","[1.9492792132866994,5.2732890906115495,3.198533953874771]","[0.17573266242222424,0.5064718725086228,0.31779546506915296]","[0.1870511549613427,0.5060202807892269,0.30692856424943044]"
sample_0421,3,1.4452293086489798,5.628498911788116,2.4664059164268677,shallow,"multi_[1.25,1.5)","multi_[5,10)mm",0.9093091369958469,0.34282857932844646,0.6571714206715537,0.34005387872455667,12.901279810610792,0.9056579361795052,0.8389336896970653,5.70194455775684,16.632057248337222,0.6493542726315549,0.02760187618376674,0.9723981238162333,0.031757783034636805,"[0.015855822340804522,0.7408314306254014,4.9452573047906325]","[0.5744472671075046,12.43283853907861,3.6247714421511077]","[0.0027807745551005937,0.1299261020729473,0.8672931233719522]","[0.0345385575897374,0.7475225916698653,0.21793885074039723]",0.9083615295568837,0.17475390474977595,0.8252460952502241,0.2790229439377706,15.495273385532093,0.9075598683227056,1.0999410754903696,2.906516948168744,16.632057248337222,0.7777539279702446,0.0,1.0,0.0345385575897374,"[0.0,0.012519011677032659,2.893997936491711]","[0.5744472671075046,12.43283853907861,3.6247714421511077]","[0.0,0.004307221289358139,0.9956927787106418]","[0.0345385575897374,0.7475225916698653,0.21793885074039723]",0.0,1.0,0.0,1.0,0.0,0.0,1.0,16.632057248337222,16.632057248337222,0.0008921318577136926,1.0138894278877333,0.013889427887733286,0.00047972080498897424,"[0.5824260109992997,12.439697783317376,3.609933454020549]","[0.5744472671075046,12.43283853907861,3.6247714421511077]","[0.035018278394726376,0.7479350027225901,0.21704671888268354]","[0.0345385575897374,0.7475225916698653,0.21793885074039723]"
sample_0424,2,2.4210710411343763,8.704022058795578,5.7562124859593595,medium,multi_>=2,"multi_[5,10)mm",0.9763933752186114,2.2859443306281606,1.2859443306281604,0.48752045479617667,2.5973009040028194,0.871902832272591,0.5270216160542844,5.804837925626469,2.5393610193610194,0.2583691973725926,0.4489769805085432,0.5510230194914568,0.25836919737259256,"[5.438270835426422,0.3665670902000485]","[1.7229113880573195,0.8164496313036999]","[0.9368514513416862,0.0631485486583138]","[0.6784822539690936,0.3215177460309064]",0.8643657259683146,0.948845199595789,0.05115480040421101,0.4794096068695938,2.7591446630528704,0.8531288378355506,0.7897105132559403,2.4094605132613727,2.5393610193610194,0.32059844499710066,0.002712989823044484,0.9972870101769555,0.3205984449971006,"[2.407245493720618,0.002215019540755359]","[1.7229113880573195,0.8164496313036999]","[0.9990806989661942,0.0009193010338057689]","[0.6784822539690936,0.3215177460309064]",0.0,1.0,0.0,1.0,0.0,0.0,1.0,2.5393610193610194,2.5393610193610194,0.009001116801722941,0.9720042924135898,0.027995707586410234,0.009001116801722886,"[1.7457684731943302,0.7935925461666891]","[1.7229113880573195,0.8164496313036999]","[0.6874833707708166,0.3125166292291835]","[0.6784822539690936,0.3215177460309064]"
sample_0435,2,1.5198825420449196,12.812493902437573,5.135585958486268,medium,"multi_[1.5,2)","multi_[10,20)mm",0.6996321194609487,0.5037117576602106,0.4962882423397894,0.6047970058606987,5.571698202561093,0.6424685634504342,1.5660445839645072,3.0252137361041824,6.005843004651291,0.34727583840196674,0.22808048643961903,0.7719195135603809,0.34727583840196663,"[2.155872511471422,0.8693412246327601]","[2.194288416166557,3.811554588484734]","[0.7126347754349805,0.28736522456501956]","[0.3653589370330137,0.6346410629669862]",0.72852886145228,0.2242276662435925,0.7757723337564075,0.5395682102658025,8.241732651002451,0.6062949529943326,2.0322592967812345,1.3466761607583646,6.005843004651291,0.6252777678972927,0.003308184617005654,0.9966918153829943,0.6252777678972927,"[1.334066834501862,0.012609326256502513]","[2.194288416166557,3.811554588484734]","[0.9906367049303065,0.00936329506969346]","[0.3653589370330137,0.6346410629669862]",0.0,1.0,0.0,1.0,0.0,0.0,1.0,6.005843004651291,6.005843004651291,0.020243601439259684,1.03189771765574,0.03189771765574001,0.02024360143925974,"[2.0727085240736303,3.9331344805776602]","[2.194288416166557,3.811554588484734]","[0.34511533559375407,0.6548846644062459]","[0.3653589370330137,0.6346410629669862]"
sample_0436,2,1.2243736685307418,27.37224872019104,5.2235932071232565,medium,"multi_[1,1.25)",multi_>=20mm,0.45791771968886674,0.8454398160870104,0.15456018391298967,0.8711327560144351,1.0663915914326105,0.4470342222565585,1.1247900424424273,13.605306289106313,16.092578123510204,0.06139382836809924,0.6359015748932827,0.3640984251067173,0.06139382836809923,"[2.534893077304986,11.070413211801327]","[3.986297844490152,12.106280279020051]","[0.18631650206468778,0.8136834979353122]","[0.247710330432787,0.752289669567213]",0.5039111594905249,0.5811259949966205,0.4188740050033794,0.8295129197771139,2.6539505713640845,0.4706026045661085,1.2565804908794904,9.351815474085717,16.092578123510204,0.1109108258246284,0.32093029019648267,0.6790697098035173,0.11091082582462838,"[1.2793237240418378,8.072491750043877]","[3.986297844490152,12.106280279020051]","[0.13679950460815862,0.8632004953918414]","[0.247710330432787,0.752289669567213]",0.0,1.0,0.0,1.0,0.0,0.0,1.0,16.092578123510204,16.092578123510204,0.0007087182129371233,1.0028610765312005,0.0028610765312004904,0.0007087182129370817,"[3.9977029476993975,12.09487517581081]","[3.986297844490152,12.106280279020051]","[0.2484190486457241,0.7515809513542758]","[0.247710330432787,0.752289669567213]"
sample_0438,3,1.7634983821086607,9.641576634555161,2.0472931080871817,shallow,"multi_[1.5,2)","multi_[5,10)mm",0.4782308120038185,0.7777532374246685,0.22224676257533155,0.8551902889717939,2.287852325692634,0.46191538598416243,1.1623044387067125,7.281293283388325,9.36195818033297,0.1614108286506918,0.21923232390672598,0.780767676093274,0.1614108286506918,"[0.4613243083292394,4.370019445517311,2.449949529541774]","[2.1042713962449864,4.447658313184039,2.8100284709039434]","[0.06335746829230365,0.6001707767337368,0.3364717549739596]","[0.22476829694299547,0.47507778047197524,0.30015392258502926]",0.5300949591851646,0.48447015015254125,0.5155298498474588,0.8074046214076078,2.7400955618094183,0.4948223505730127,1.2800811250708781,4.535589285347726,9.36195818033297,0.222038380003569,0.00588411839007418,0.9941158816099258,0.22203838000356893,"[0.012381782020352197,2.9208363930473933,1.602371110279981]","[2.1042713962449864,4.447658313184039,2.8100284709039434]","[0.0027299169394265233,0.6439816767543722,0.3532884063062014]","[0.22476829694299547,0.47507778047197524,0.30015392258502926]",0.0,1.0,0.0,1.0,0.0,0.0,1.0,9.36195818033297,9.36195818033297,0.016147228787649848,0.9281605590856746,0.07183944091432537,0.016147228787649848,"[1.9531017156067398,4.536813337611839,2.87204312711439]","[2.1042713962449864,4.447658313184039,2.8100284709039434]","[0.20862106815534562,0.4846008976137599,0.30677803423089445]","[0.22476829694299547,0.47507778047197524,0.30015392258502926]"
sample_0442,3,1.9745469294728502,6.232174580353153,4.030600476774696,medium,"multi_[1.5,2)","multi_[5,10)mm",0.734880831828571,0.6885832537716844,0.3114167462283156,0.6038960269538224,8.87573253997749,0.7307077533517843,1.1293744366533789,4.320559824997088,6.274564188616862,0.35856218321771477,0.35244396477522855,0.6475560352247715,0.3581863858094965,"[1.6226314860227562,0.023956158705008532,2.673972180269324]","[4.6039417558407925,0.03714846933784933,1.6334739634382216]","[0.37556047173212087,0.005544688576329266,0.6188948396915499]","[0.7337468575416174,0.005920485984547425,0.260332656473835]",0.761985616572047,0.26649238139953413,0.7335076186004658,0.5243559494282707,14.365600861511943,0.7324040817753918,1.4467602279822434,1.6721235528687433,6.274564188616862,0.6801585694594006,0.02161322362367919,0.9783867763763208,0.6742380834748531,"[0.09950602271938126,0.0,1.5726175301493626]","[4.6039417558407925,0.03714846933784933,1.6334739634382216]","[0.05950877406676428,0.0,0.9404912259332356]","[0.7337468575416174,0.005920485984547425,0.260332656473835]",0.0,1.0,0.0,1.0,0.0,0.0,1.0,6.274564188616862,6.274564188616862,0.0010399993134838203,0.9985826183747233,0.0014173816252767146,0.0010399993134837526,"[4.597416213392219,0.043030759715230106,1.6341172155094121]","[4.6039417558407925,0.03714846933784933,1.6334739634382216]","[0.7327068582281336,0.006857967887761082,0.26043517388410525]","[0.7337468575416174,0.005920485984547425,0.260332656473835]"
sample_0444,1,1.0,nan,2.274418026422293,shallow,single,single,0.9482243360047008,3.0491186653776863,2.0491186653776863,0.39066359260059674,0.7263705937069286,0.9078871303828432,0.605067836818536,10.910453565166028,3.57823186386699,nan,nan,nan,nan,[10.910453565166028],[3.5782318638669905],[1.0],[1.0],0.8825136667278084,1.0884348382757216,0.0884348382757216,0.30345973066895954,0.3365245908955114,0.8702538865851802,1.4236528658919811,3.8946722200611013,3.57823186386699,nan,nan,nan,nan,[3.8946722200611013],[3.5782318638669905],[1.0],[1.0],0.0,1.0,0.0,1.0,0.0,0.0,1.0,3.57823186386699,3.57823186386699,nan,nan,nan,nan,[3.57823186386699],[3.5782318638669905],[1.0],[1.0]
sample_0447,2,1.473616719296272,12.472369462135092,7.234658743018751,deep,"multi_[1.25,1.5)","multi_[10,20)mm",0.8017318435775954,0.5680336723507332,0.4319663276492668,0.4299838640996702,0.796613535061132,0.7408276109701002,1.839327698662961,13.831961187495894,24.350600784376265,0.015691440181464657,0.3171179861035059,0.6828820138964942,0.015691440181464695,"[13.557652457500247,0.27430872999564787]","[23.485595511839897,0.8650052725363699]","[0.980168486140373,0.01983151385962702]","[0.9644770459589084,0.035522954041091716]",0.891832363879697,0.186906476925504,0.813093523074496,0.22620121776314767,0.9708537669031354,0.7337405010296524,3.9389939018836393,4.551285003627182,24.350600784376265,0.03248928292439503,0.01596187017319941,0.9840381298268006,0.03248928292439504,"[4.537477901767823,0.01380710185935851]","[23.485595511839897,0.8650052725363699]","[0.9969663288833034,0.003033671116696677]","[0.9644770459589084,0.035522954041091716]",0.0,1.0,0.0,1.0,0.0,0.0,1.0,24.350600784376265,24.350600784376265,0.01720412720729976,0.5156898497968749,0.48431015020312507,0.01720412720729983,"[23.904526345308465,0.44607443906778543]","[23.485595511839897,0.8650052725363699]","[0.9816811731662081,0.018318826833791886]","[0.9644770459589084,0.035522954041091716]"
sample_0449,1,1.0,nan,5.078615637672636,medium,single,single,0.6055207216335241,0.6981387832900032,0.3018612167099967,0.7279325792127883,0.9170040250223296,0.557652315490515,1.3971729646216486,12.9300917020541,18.520804188990322,nan,nan,nan,nan,[12.9300917020541],[18.520804188990322],[1.0],[1.0],0.6939138805971208,0.3634170652898954,0.6365829347101046,0.5870860782482098,0.4416128603230814,0.5483010689841592,2.0348544990657103,6.7307763051716645,18.520804188990322,nan,nan,nan,nan,[6.7307763051716645],[18.520804188990322],[1.0],[1.0],0.0,1.0,0.0,1.0,0.0,0.0,1.0,18.520804188990322,18.520804188990322,nan,nan,nan,nan,[18.520804188990322],[18.520804188990322],[1.0],[1.0]
sample_0456,3,1.2590655970720115,7.789736837660177,3.386211611394428,shallow,"multi_[1.25,1.5)","multi_[5,10)mm",0.9230435377682005,0.21525231821245838,0.7847476817875416,0.2705328471649599,6.440135643643035,0.9225831557461044,0.9297514032596884,9.620656033811677,44.694784770289424,0.6577380598320184,0.7420941680344438,0.25790583196555616,0.6577380598320185,"[0.5268128836279957,0.1805864731721234,8.913256677011557]","[24.926334846585217,7.7574989407315815,12.010950982972627]","[0.054758519770015515,0.018770702594236244,0.9264707776357483]","[0.5577011943271475,0.17356608786912267,0.26873271780372976]",0.932362665796912,0.12492748982647611,0.8750725101735238,0.21275998940469706,7.695392107533247,0.9316367214938833,1.1126291480310373,5.583607269686872,44.694784770289424,0.7289873532012803,0.4638164829307564,0.5361835170692436,0.7289873532012804,"[0.011980910935683058,0.0007493171751128541,5.570877041576075]","[24.926334846585217,7.7574989407315815,12.010950982972627]","[0.002145729518035202,0.00013419947695477442,0.9977200710050101]","[0.5577011943271475,0.17356608786912267,0.26873271780372976]",0.0,1.0,0.0,1.0,0.0,0.0,1.0,44.694784770289424,44.694784770289424,0.002323510841202525,1.0057835503829191,0.0057835503829191115,0.001554229212956726,"[24.960717723387397,7.6536501237726,12.080416923129421]","[24.926334846585217,7.7574989407315815,12.010950982972627]","[0.5584704759553933,0.1712425770279202,0.2702869470166865]","[0.5577011943271475,0.17356608786912267,0.26873271780372976]"
sample_0458,2,1.1679329515220056,14.081193131265547,6.96424065663981,deep,"multi_[1,1.25)","multi_[10,20)mm",0.7331647906468822,1.2604084146097472,0.2604084146097471,0.6894098502043995,4.193785856871016,0.715699858629244,0.8144877060524095,8.298104854317671,6.583663484099291,0.29739297848664625,1.8418796079849886,0.8418796079849886,0.29739297848664625,"[0.4810589151075758,7.817045939210098]","[2.3396043689859396,4.244059115113352]","[0.05797214226056338,0.9420278577394365]","[0.3553651207472096,0.6446348792527903]",0.6928675910892368,0.5219083774982647,0.4780916225017353,0.6385548212071543,5.195464861238743,0.6728806820448289,1.287569864269536,3.436069126980833,6.583663484099291,0.3550223571963935,0.8093410752678168,0.19065892473218315,0.3550223571963935,"[0.0011777592548136997,3.4348913677260193]","[2.3396043689859396,4.244059115113352]","[0.0003427635508161502,0.9996572364491838]","[0.3553651207472096,0.6446348792527903]",0.0,1.0,0.0,1.0,0.0,0.0,1.0,6.583663484099291,6.583663484099291,0.011380583742465145,0.9823456903919677,0.01765430960803227,0.011380583742465089,"[2.4145303025989415,4.169133181500349]","[2.3396043689859396,4.244059115113352]","[0.3667457044896748,0.6332542955103252]","[0.3553651207472096,0.6446348792527903]"
sample_0469,1,1.0,nan,2.466535005915509,shallow,single,single,0.6932381177387811,0.45739293385526614,0.5426070661447339,0.5917167731169913,0.8991562916817507,0.5671821024306449,1.9379081939789509,8.82203405239094,19.287648320300715,nan,nan,nan,nan,[8.82203405239094],[19.287648320300715],[1.0],[1.0],0.8086922620089211,0.20341578209083952,0.7965842179091605,0.39016843450275807,0.27705885312973544,0.6355156235080207,2.838715902960426,3.923412067767037,19.287648320300715,nan,nan,nan,nan,[3.923412067767037],[19.287648320300715],[1.0],[1.0],0.0,1.0,0.0,1.0,0.0,0.0,1.0,19.287648320300715,19.287648320300715,nan,nan,nan,nan,[19.287648320300715],[19.287648320300715],[1.0],[1.0]
sample_0472,3,1.7274910722301304,4.331281565541545,2.7782630180228614,shallow,"multi_[1.5,2)",multi_<5mm,0.7204003865543495,0.4079739012929759,0.592026098707024,0.6042313534025964,3.5213663193946796,0.7047399900353339,1.2667385587129345,5.36453454373341,13.149210100773109,0.4881626433398808,0.10468444400852589,0.895315555991474,0.035718495081696805,"[4.791884871166283,0.06613784433127974,0.5065118282358482]","[5.326614033696998,0.6317829258938723,7.19081314118224]","[0.8932526824277662,0.012328720002099485,0.09441859757013416]","[0.4050900390878855,0.04804721508379629,0.5468627458283182]",0.7523267694868307,0.20805900466677896,0.7919409953332212,0.5284986007923106,5.480007751041358,0.7064232279451248,1.5762990885859451,2.7358115657212094,13.149210100773109,0.5934131518375181,0.0005518734681288359,0.9994481265318712,0.04791977054821998,"[2.7317165781432524,0.0003486642344176346,0.003746323343539748]","[5.326614033696998,0.6317829258938723,7.19081314118224]","[0.9985031909254037,0.0001274445355763091,0.0013693645390201242]","[0.4050900390878855,0.04804721508379629,0.5468627458283182]",0.0,1.0,0.0,1.0,0.0,0.0,1.0,13.149210100773109,13.149210100773109,0.002469914691135021,1.0105313760979242,0.010531376097924205,0.0005060032925053165,"[5.352437917296884,0.6384364694987077,7.158335713977519]","[5.326614033696998,0.6317829258938723,7.19081314118224]","[0.4070539504865152,0.0485532183763016,0.5443928311371832]","[0.4050900390878855,0.04804721508379629,0.5468627458283182]"
sample_0473,2,1.4044854989696591,10.526157893552615,5.4977906810667,medium,"multi_[1.25,1.5)","multi_[10,20)mm",1.0035071784250253,0.21668688018852714,0.7833131198114728,0.10967742655046568,4.945095134048134,0.98506628687351,0.4734357230742865,2.2363673975774314,10.320732827163754,0.4215328910071485,0.11542140888643355,0.8845785911135664,0.4215328910071486,"[1.161884264897011,1.0744831326804198]","[1.0115141731302122,9.30921865403354]","[0.5195408706796721,0.4804591293203278]","[0.09800797967252362,0.9019920203274764]",0.9865542171884175,0.05355022899336377,0.9464497710066362,0.08115406954448794,10.370220799796606,0.9842577584068135,0.7242993964209115,0.5526776062739457,10.320732827163754,0.8791498872458956,0.0013561111735461342,0.9986438888264538,0.8791498872458956,"[0.5400532708402267,0.012624335433718986]","[1.0115141731302122,9.30921865403354]","[0.9771578669184192,0.022842133081580805]","[0.09800797967252362,0.9019920203274764]",0.0,1.0,0.0,1.0,0.0,0.0,1.0,10.320732827163754,10.320732827163754,0.06259932437520833,1.0694011953148785,0.06940119531487854,0.06259932437520832,"[0.3654432710927276,9.955289556071031]","[1.0115141731302122,9.30921865403354]","[0.03540865529731527,0.9645913447026847]","[0.09800797967252362,0.9019920203274764]"
sample_0491,3,1.5726149079781562,7.022819946431774,4.455628419530349,medium,"multi_[1.5,2)","multi_[5,10)mm",1.0494134547992007,0.7625399656210209,0.23746003437897914,0.10443757897934645,12.083222418452442,0.9906174681843244,0.2829506791205739,7.4814667204715315,9.811245387484108,0.7166058478896444,6.213199146971139,5.213199146971139,0.7166058478896444,"[1.2435570205719106,0.12661336600211145,6.111296333897509]","[6.586801357476008,2.2408450515532268,0.9835989784548744]","[0.1662183455510357,0.01692360211342776,0.8168580523355367]","[0.6713522185347213,0.22839557701938643,0.10025220444589227]",1.006588611209541,0.2697539844061323,0.7302460155938677,0.056039826171926266,14.383391879499053,0.9936621006001312,0.411439893311795,2.646622535260126,9.811245387484108,0.8808831074844378,2.6399934155822393,1.6399934155822393,0.8808831074844378,"[0.04952573635469669,0.0004019722111445485,2.5966948266942853]","[6.586801357476008,2.2408450515532268,0.9835989784548744]","[0.018712806867953683,0.0001518812017162244,0.98113531193033]","[0.6713522185347213,0.22839557701938643,0.10025220444589227]",0.0,1.0,0.0,1.0,0.0,0.0,1.0,9.811245387484108,9.811245387484108,0.004149091441853214,0.9952336108751102,0.004766389124889803,0.00047784101701711656,"[6.550781818679035,2.281552805824359,0.9789107629807144]","[6.586801357476008,2.2408450515532268,0.9835989784548744]","[0.6676809681098852,0.23254466846123967,0.09977436342887515]","[0.6713522185347213,0.22839557701938643,0.10025220444589227]"
sample_0495,1,1.0,nan,2.3888523729671975,shallow,single,single,0.8510692125525221,2.1462938594425496,1.1462938594425498,0.7685424598181438,1.6083069004163597,0.5652541908664661,0.5645626126680796,9.960492167482352,4.640786779341278,nan,nan,nan,nan,[9.960492167482352],[4.640786779341278],[1.0],[1.0],0.7007119159487771,1.35975241130068,0.35975241130068,0.8016502475872738,0.2907535517088922,0.5761618465251909,0.6720807078087503,6.3103210135416195,4.640786779341278,nan,nan,nan,nan,[6.3103210135416195],[4.640786779341278],[1.0],[1.0],0.0,1.0,0.0,1.0,0.0,0.0,1.0,4.640786779341278,4.640786779341278,nan,nan,nan,nan,[4.640786779341278],[4.640786779341278],[1.0],[1.0]
sample_0497,2,1.562510354542558,11.496086290559932,1.7220172048860254,shallow,"multi_[1.5,2)","multi_[10,20)mm",1.188292656839568,4.488190656969245,3.4881906569692442,0.2642684244106148,0.9232182024300938,0.9639091999371703,0.27699103882033416,10.842814762178449,2.415854314330825,0.05994110982294154,4.7806874953061955,3.7806874953061955,0.05994110982294154,"[10.622726443404426,0.22008831877401824]","[2.2220081220188725,0.19384619231195246]","[0.9797019202484467,0.020298079751553372]","[0.9197608104255052,0.08023918957449491]",0.9942578154092355,2.0821017236501738,1.0821017236501735,0.28418744549592145,1.4611591871279093,0.9478411400269621,0.5149439991676463,5.030054431955919,2.415854314330825,0.07815673071411727,2.2590284440433193,1.2590284440433193,0.07815673071411722,"[5.019579550535911,0.010474881420008207]","[2.2220081220188725,0.19384619231195246]","[0.9979175411396224,0.0020824588603775974]","[0.9197608104255052,0.08023918957449491]",0.0,1.0,0.0,1.0,0.0,0.0,1.0,2.415854314330825,2.415854314330825,0.006592688739357297,0.9928321704244962,0.00716782957550377,0.006592688739357366,"[2.206081146484856,0.2097731678459689]","[2.2220081220188725,0.19384619231195246]","[0.9131681216861478,0.08683187831385214]","[0.9197608104255052,0.08023918957449491]"
sample_0510,1,1.0,nan,7.286517543748858,deep,single,single,0.4732171099965111,0.936296758401676,0.06370324159832398,0.8350223865822555,4.684267985656468,0.31988732371933,1.5824307670059945,3.81390333580846,4.073391584009176,nan,nan,nan,nan,[3.81390333580846],[4.073391584009176],[1.0],[1.0],0.5532680690930013,0.4497818219299727,0.5502181780700273,0.7510306275575421,0.27102032002439325,0.2687996701880169,2.008276314547095,1.8321374880898647,4.073391584009176,nan,nan,nan,nan,[1.8321374880898647],[4.073391584009176],[1.0],[1.0],0.0,1.0,0.0,1.0,0.0,0.0,1.0,4.073391584009176,4.073391584009176,nan,nan,nan,nan,[4.073391584009176],[4.073391584009176],[1.0],[1.0]
sample_0511,2,2.362265429985933,23.860427489883747,5.870632123569407,medium,multi_>=2,multi_>=20mm,0.8160529547442588,2.188652751572079,1.1886527515720788,0.700477191571764,0.9194384517261914,0.7095485066642503,0.6361158616480704,10.2731952193326,4.693844289348096,0.04058283597948649,1.214777623204129,0.21477762320412896,0.04058283597948645,"[0.5200456195785346,9.753149599754066]","[0.4280994394734147,4.2657448498746815]","[0.050621603938751925,0.9493783960612482]","[0.09120443991823837,0.9087955600817617]",0.6283766077198432,1.18565209201783,0.18565209201783,0.7594957972335092,0.5442038747731966,0.6279140596280985,0.9699573133248554,5.565266301271515,4.693844289348096,0.09082844055032055,0.004887968585398257,0.9951120314146017,0.09082844055032051,"[0.002092536611572654,5.5631737646599415]","[0.4280994394734147,4.2657448498746815]","[0.00037599936791785966,0.9996240006320822]","[0.09120443991823837,0.9087955600817617]",0.0,1.0,0.0,1.0,0.0,0.0,1.0,4.693844289348096,4.693844289348096,0.05746115703775169,0.3699741252809221,0.6300258747190779,0.05746115703775171,"[0.15838571565242968,4.535458573695665]","[0.4280994394734147,4.2657448498746815]","[0.03374328288048666,0.9662567171195133]","[0.09120443991823837,0.9087955600817617]"
sample_0515,3,1.894441152753339,11.754148203932091,2.7022776582701513,shallow,"multi_[1.5,2)","multi_[10,20)mm",0.8703299504830802,1.126248019981495,0.12624801998149496,0.5813536103889284,5.273694150442863,0.8109933561256271,0.6494050676845422,5.944156756147308,5.277839916863938,0.500385747795497,0.37621025521521684,0.6237897447847831,0.09956824868793096,"[0.2968647425985483,5.287722699917136,0.3595693136316235]","[0.7890926376494501,2.0540336901251286,2.4347135890893594]","[0.049942280255569925,0.8895664964502655,0.06049122329416452]","[0.1495105289435009,0.38918074865476854,0.46130872240173065]",0.8300461750523446,0.6327357855247644,0.36726421447523555,0.5570462154698413,6.732955857973432,0.8135545493390206,0.7793431506732849,3.339478185670861,5.277839916863938,0.6072686691016113,0.010735514112906382,0.9892644858870936,0.1469738107267971,"[0.008471315147876194,3.327621093721861,0.0033857768011235287]","[0.7890926376494501,2.0540336901251286,2.4347135890893594]","[0.0025367182167037898,0.9964494177563797,0.001013864026916339]","[0.1495105289435009,0.38918074865476854,0.46130872240173065]",0.0,1.0,0.0,1.0,0.0,0.0,1.0,5.277839916863938,5.277839916863938,0.054959692957811696,0.6324025247841866,0.36759747521581343,0.05495969295781172,"[0.49902417633812557,2.3220586371613394,2.456757103364473]","[0.7890926376494501,2.0540336901251286,2.4347135890893594]","[0.09455083598568917,0.4399638249242492,0.4654853390900617]","[0.1495105289435009,0.38918074865476854,0.46130872240173065]"
sample_0521,3,2.5579325442757783,12.975361266646877,6.819471973225831,deep,multi_>=2,"multi_[10,20)mm",0.967615508979325,0.3862854181915072,0.6137145818084928,0.2824883444629739,8.84610208004213,0.9422906442686166,0.6035366717526824,5.6453928145617684,14.614563606858631,0.6843108695653936,0.12690916132062272,0.8730908386793773,0.14295762068850082,"[4.659335333322111,0.39487917719053445,0.5911783040491235]","[2.060993322187551,3.1115104148621193,9.442059869808963]","[0.8253341240141493,0.06994715694043116,0.10471871904541942]","[0.1410232544487558,0.21290477762893198,0.6460719679223123]",0.9286015025537517,0.19255340563193393,0.8074465943680661,0.2634178680563729,11.244439224504692,0.9276761929219965,0.900093248641374,2.8140839943251494,14.614563606858631,0.8543269617301454,0.0004971667294242159,0.9995028332705758,0.21235506430848883,"[2.800999112097123,0.001546939456526385,0.011537942771499722]","[2.060993322187551,3.1115104148621193,9.442059869808963]","[0.9953502161789013,0.0005497133204431446,0.004100070500655635]","[0.1410232544487558,0.21290477762893198,0.6460719679223123]",0.0,1.0,0.0,1.0,0.0,0.0,1.0,14.614563606858631,14.614563606858631,0.00795692764245691,0.9626268243903622,0.03737317560963782,0.007956927642456896,"[2.0978532391224425,2.9952233897162603,9.521486978019926]","[2.060993322187551,3.1115104148621193,9.442059869808963]","[0.14354539044449593,0.20494784998647508,0.651506759569029]","[0.1410232544487558,0.21290477762893198,0.6460719679223123]"
sample_0522,3,1.0673961018956393,7.720103626247513,5.783788594505273,medium,"multi_[1,1.25)","multi_[5,10)mm",0.5770841593768898,0.7852301450286362,0.21476985497136375,0.77833622129183,1.217728508319339,0.5658188461350966,1.1595767348505146,8.287883310704684,10.554718719315643,0.2875286272982883,1.138185964758871,0.13818596475887102,0.28752862729828843,"[0.469966680210629,7.684535080086815,0.13338155040724028]","[2.5139974187989456,6.751563732131253,1.289157568385444]","[0.05670527233456786,0.9272011672945998,0.016093560370832417]","[0.23818705980275998,0.6396725399963114,0.12214040020092846]",0.6105452931635423,0.49554632847536634,0.5044536715246336,0.7285812872465869,2.171907556813521,0.5749273985534271,1.3353653370822385,5.230352109447088,10.554718719315643,0.3594681603954683,0.7740218232789975,0.2259781767210025,0.35946816039546836,"[0.0018861391912689007,5.225857669928586,0.002608300327232859]","[2.5139974187989456,6.751563732131253,1.289157568385444]","[0.0003606141903643823,0.9991407003917797,0.0004986854178558521]","[0.23818705980275998,0.6396725399963114,0.12214040020092846]",0.0,1.0,0.0,1.0,0.0,0.0,1.0,10.554718719315643,10.554718719315643,0.06932753910730752,1.0829077226980106,0.08290772269801061,0.05303379356354654,"[2.6859733198974456,7.311320505812737,0.557424893605459]","[2.5139974187989456,6.751563732131253,1.289157568385444]","[0.25448080534652107,0.6927063335598579,0.052812861093621065]","[0.23818705980275998,0.6396725399963114,0.12214040020092846]"
sample_0525,2,1.2034145110122372,22.374092160353683,5.981926737833165,medium,"multi_[1,1.25)",multi_>=20mm,2.22826316706661,4.086460712386856,3.0864607123868555,0.5283466838569477,7.171390242151522,0.4331870638176293,0.2919624501744398,2.5221601135479386,0.6171991586515886,0.006586785965722292,4.049903628812859,3.049903628812859,0.006586785965722264,"[0.6817299092349486,1.8404302043129896]","[0.16276113419606064,0.45443802445552794]","[0.2702960472544921,0.7297039527455079]","[0.26370926128876976,0.7362907387112302]",1.8830675851012058,2.0741908946443397,1.0741908946443397,0.5763283492399219,0.40742266154686063,0.4586801249502577,0.327299147624779,1.2801888750572723,0.6171991586515886,0.26047328671398673,2.8079653280236077,1.8079653280236077,0.26047328671398673,"[0.004142658650605505,1.2760462164066668]","[0.16276113419606064,0.45443802445552794]","[0.0032359745747830944,0.9967640254252169]","[0.26370926128876976,0.7362907387112302]",0.0,1.0,0.0,1.0,0.0,0.0,1.0,0.6171991586515886,0.6171991586515886,0.2637092612887698,1.3581591447834243,0.35815914478342425,0.2637092612887698,"[0.0,0.6171991586515887]","[0.16276113419606064,0.45443802445552794]","[0.0,1.0]","[0.26370926128876976,0.7362907387112302]"
sample_0535,3,2.080076566512775,6.511528238439884,5.907836708728913,medium,multi_>=2,"multi_[5,10)mm",0.8023278339885176,0.36349702268928596,0.636502977310714,0.47199276665782697,4.122277652956338,0.7894886289978501,1.3036509429766279,5.831306468840806,16.042239976819165,0.486974717555009,0.9427143815664428,0.05728561843355717,0.022063152684015267,"[0.2093977451037805,4.587662548701312,1.034246175035714]","[0.22212214982425416,5.16268529284297,10.657432534151939]","[0.03590923341496169,0.7867297960097241,0.17736097057531428]","[0.013846080730946422,0.3218182311387304,0.6643356881303233]",0.8285746779874532,0.17219170918246557,0.8278082908175345,0.38779287083518077,4.371044319275987,0.7824563039959109,1.7785047655913302,2.7623407207237687,16.042239976819165,0.6699617037995789,0.0028290155898988987,0.9971709844101011,0.013618597198592734,"[0.0006283870247146739,2.7396341002768616,0.022078233422192242]","[0.22212214982425416,5.16268529284297,10.657432534151939]","[0.0002274835323536875,0.9917799349383093,0.007992581529336996]","[0.013846080730946422,0.3218182311387304,0.6643356881303233]",0.0,1.0,0.0,1.0,0.0,0.0,1.0,16.042239976819165,16.042239976819165,0.013846080730946326,0.0,1.0,0.013846080730946422,"[0.0,5.1985472776882835,10.84369269913088]","[0.22212214982425416,5.16268529284297,10.657432534151939]","[0.0,0.3240537035476417,0.6759462964523583]","[0.013846080730946422,0.3218182311387304,0.6643356881303233]"
sample_0536,3,1.1463910863336495,7.113367697511496,2.9893143578256143,shallow,"multi_[1,1.25)","multi_[5,10)mm",0.9074647095099408,0.2996451860814106,0.7003548139185894,0.23778824935329465,5.39952646334141,0.8928252506262746,1.5635734606248373,6.073433191583967,20.268749419968575,0.5363214926423472,0.0639688095092412,0.9360311904907588,0.4667698355980155,"[0.02746849222074463,5.2764990140496915,0.769465685313532]","[1.5013951684884532,6.738590683473253,12.02876356800687]","[0.004522728966346096,0.8687835771967332,0.1266936938369208]","[0.07407438601067774,0.33246208455438586,0.5934635294349363]",0.9359385791993621,0.12072327957229484,0.8792767204277052,0.15266263924972237,7.018257323736029,0.9049449346845622,2.279633915641082,2.446909902807655,20.268749419968575,0.6605188473807209,0.001395055656703494,0.9986049443432965,0.5866055758014812,"[0.00039423249777129543,2.4297348756511874,0.016780794658696887]","[1.5013951684884532,6.738590683473253,12.02876356800687]","[0.000161114431438175,0.9929809319351068,0.006857953633455043]","[0.07407438601067774,0.33246208455438586,0.5934635294349363]",0.0,1.0,0.0,1.0,0.0,0.0,1.0,20.268749419968575,20.268749419968575,0.0012143211050998984,0.9979538403880417,0.002046159611958309,0.0012143211050997804,"[1.5230863547673124,6.741512267389042,12.004150797812219]","[1.5013951684884532,6.738590683473253,12.02876356800687]","[0.07514456482780249,0.33260622684236113,0.5922492083298365]","[0.07407438601067774,0.33246208455438586,0.5934635294349363]"
sample_0541,2,1.3857983152391709,5.466260147486578,4.129220395560737,medium,"multi_[1.25,1.5)","multi_[5,10)mm",0.5802213892222827,1.748672755376748,0.748672755376748,0.8467020618857439,1.6519524274977206,0.525881374299097,0.7762530833337403,9.444286757882516,5.400831418482164,0.05134287026561407,1.6189624416305546,0.6189624416305546,0.051342870265614016,"[3.392110427273012,6.052176330609501]","[1.6625258377090917,3.738305580773072]","[0.35917063026933665,0.6408293697306634]","[0.30782776000372253,0.6921722399962774]",0.5128879526055804,0.7944637820056564,0.20553621799434357,0.8301899028621097,0.20924719400255695,0.4973904663369778,1.1685440218913108,4.290764954702314,5.400831418482164,0.020814780099748076,0.818354640326919,0.18164535967308104,0.02081478009974802,"[1.2315052357166532,3.059259718985661]","[1.6625258377090917,3.738305580773072]","[0.2870129799039744,0.7129870200960254]","[0.30782776000372253,0.6921722399962774]",0.0,1.0,0.0,1.0,0.0,0.0,1.0,5.400831418482164,5.400831418482164,0.0006671947309881687,1.0009639143155926,0.0009639143155926178,0.0006671947309881965,"[1.6589224314437252,3.7419089870384385]","[1.6625258377090917,3.738305580773072]","[0.3071605652727344,0.6928394347272656]","[0.30782776000372253,0.6921722399962774]"
sample_0542,3,1.875412297245163,8.114185110040317,4.76714939870843,medium,"multi_[1.5,2)","multi_[5,10)mm",0.45249878122107356,0.9938709444272337,0.006129055572766341,0.8893189726339376,1.6280071478266769,0.45123076107108573,0.9634531621525312,18.507750840476795,18.62188541103069,0.1371384695708523,0.13938143610464437,0.8606185638953556,0.04007407146066352,"[15.639212475166554,2.747557882678044,0.1209804826321991]","[13.181880326781307,4.572023766124851,0.8679813181245295]","[0.845008807929449,0.14845444518677461,0.006536746883776527]","[0.7078703383585967,0.24551884329696338,0.046610818344440044]",0.5094558755641942,0.6573042058005302,0.34269579419946977,0.8384140659611904,2.916622334710462,0.5027423472834681,1.105414500048131,12.240243600606007,18.62188541103069,0.1780785010979217,0.0015643819434884429,0.9984356180565116,0.04649988474330713,"[10.844229612621968,1.3946561336826808,0.0013578543013593118]","[13.181880326781307,4.572023766124851,0.8679813181245295]","[0.8859488394565184,0.11394022694234877,0.00011093360113291252]","[0.7078703383585967,0.24551884329696338,0.046610818344440044]",0.0,1.0,0.0,1.0,0.0,0.0,1.0,18.62188541103069,18.62188541103069,0.018528324461662245,1.022766258449678,0.022766258449677945,0.0010611539369804954,"[13.507151974746867,4.226991431141379,0.8877420051424447]","[13.181880326781307,4.572023766124851,0.8679813181245295]","[0.7253375088832783,0.226990518835301,0.04767197228142054]","[0.7078703383585967,0.24551884329696338,0.046610818344440044]"
sample_0546,3,1.5680104087022817,4.9112116631234715,3.2662529666999096,shallow,"multi_[1.5,2)",multi_<5mm,0.5907987485076438,1.1594255957883683,0.15942559578836832,0.8196545850735266,1.473083842780524,0.5717231381804165,0.8463778765953858,10.099488610731935,8.710769063076135,0.19666469008478718,0.06686779208909603,0.933132207910904,0.08000032185028731,"[0.049449701922111886,2.276560963164096,7.7734779456457295]","[0.739514501334575,2.979761214498214,4.991493347243346]","[0.0048962580015750054,0.22541348883199616,0.7696902531664288]","[0.08489657985186232,0.34207785706649607,0.5730255630816417]",0.619555557040802,0.755389154177921,0.24461084582207898,0.7775747041977574,3.157807824444263,0.6160492257597473,0.922883374182035,6.580020474796283,8.710769063076135,0.29562499303845724,0.0006745406762045407,0.9993254593237955,0.08482076966043449,"[0.0004988326117932878,0.8637831974710612,5.715738444713429]","[0.739514501334575,2.979761214498214,4.991493347243346]","[7.5810191427821e-05,0.13127363368847328,0.8686505561200989]","[0.08489657985186232,0.34207785706649607,0.5730255630816417]",0.0,1.0,0.0,1.0,0.0,0.0,1.0,8.710769063076135,8.710769063076135,0.045939561919744576,1.0638149910968218,0.06381499109682176,0.005417674487397217,"[0.7867066126532115,2.579592299756433,5.344470150666492]","[0.739514501334575,2.979761214498214,4.991493347243346]","[0.09031425433925953,0.29613829514675155,0.6135474505139891]","[0.08489657985186232,0.34207785706649607,0.5730255630816417]"
sample_0550,3,1.6584708362197456,2.0591260281974004,7.662445722973879,deep,"multi_[1.5,2)",multi_<5mm,0.9179664248883728,1.3080794444798223,0.30807944447982233,0.5307400070036382,3.602068913268097,0.8447392332344001,0.5983304893826483,9.18461888742441,7.021453418738503,0.29489178327380855,3.7739109460179354,2.7739109460179354,0.1662370444286354,"[6.479752145629524,2.3367766280437743,0.3680901137511117]","[4.050294822408408,0.6191923077860219,2.351966288544072]","[0.7055003833094923,0.2544228189199327,0.04007679777057501]","[0.5768456444643192,0.08818577449129728,0.3349685810443836]",0.8385477390337599,0.6939556017210425,0.3060443982789575,0.5172898880558942,4.6262810642972205,0.8299646080156327,0.8233609098288602,4.8725769321569485,7.021453418738503,0.3346861894437869,2.4726330756713777,1.4726330756713777,0.22602894222847852,"[3.340165576925036,1.5310353804330095,0.0013759747989022506]","[4.050294822408408,0.6191923077860219,2.351966288544072]","[0.6855028916796275,0.3142147167197758,0.00028239160059667786]","[0.5768456444643192,0.08818577449129728,0.3349685810443836]",0.0,1.0,0.0,1.0,0.0,0.0,1.0,7.021453418738503,7.021453418738503,0.03345564557582691,1.0887057071938149,0.08870570719381488,0.007822581490684807,"[3.8153875654039155,0.6741181993371512,2.5319476539974364]","[4.050294822408408,0.6191923077860219,2.351966288544072]","[0.5433899988884923,0.09600835598198208,0.3606016451295257]","[0.5768456444643192,0.08818577449129728,0.3349685810443836]"
sample_0566,1,1.0,nan,3.2980357021186864,shallow,single,single,0.6534496669272863,1.7033333517610343,0.7033333517610343,0.7314004129972724,2.4653528521523027,0.6533284379100166,0.9836467268282166,6.8078625171469325,3.996788127296663,nan,nan,nan,nan,[6.8078625171469325],[3.996788127296663],[1.0],[1.0],0.8351406145807274,0.4044139102247181,0.5955860897752818,0.34596661146445157,0.7749692509699248,0.7004255023582102,2.7567345582605745,1.616356714899772,3.996788127296663,nan,nan,nan,nan,[1.616356714899772],[3.996788127296663],[1.0],[1.0],0.0,1.0,0.0,1.0,0.0,0.0,1.0,3.996788127296663,3.996788127296663,nan,nan,nan,nan,[3.996788127296663],[3.996788127296663],[1.0],[1.0]
sample_0571,2,1.059764803528835,13.395521639712282,1.635970382233663,shallow,"multi_[1,1.25)","multi_[10,20)mm",1.0773449534753086,1.5231939412506266,0.5231939412506266,0.18577522904709287,6.169130783126855,0.9783662523617145,0.3144275825787669,19.847189808448487,13.029982112555441,0.38841977773144576,0.8498152299564595,0.15018477004354047,0.3884197777314458,"[9.7289391335978,10.118250674850676]","[11.448299336899698,1.5816827756557446]","[0.49019227545536054,0.5098077245446394]","[0.8786120531868064,0.12138794681319363]",1.0119527822192222,0.6291049032382583,0.37089509676174176,0.12307963940156526,8.302748982213329,0.984107539782811,0.4296175374819634,8.197225636115427,13.029982112555441,0.5768164282024796,0.21609208155618959,0.7839079184438105,0.5768164282024796,"[2.4738868339890008,5.723338802126426]","[11.448299336899698,1.5816827756557446]","[0.30179562498432677,0.6982043750156732]","[0.8786120531868064,0.12138794681319363]",0.0,1.0,0.0,1.0,0.0,0.0,1.0,13.029982112555441,13.029982112555441,0.035366749653223395,1.0402529757302383,0.04025297573023834,0.035366749653223395,"[11.909127452260426,1.1208546602950173]","[11.448299336899698,1.5816827756557446]","[0.9139788028400297,0.08602119715997024]","[0.8786120531868064,0.12138794681319363]"
sample_0574,1,1.0,nan,5.580717568145015,medium,single,single,0.45163240465497956,1.1483356167020995,0.14833561670209958,0.8749458635393798,3.444331860756132,0.4398947076604618,1.1285524194881473,5.0744187363770585,4.418933509134082,nan,nan,nan,nan,[5.0744187363770585],[4.418933509134082],[1.0],[1.0],0.539773504186679,0.5728726924722586,0.4271273075277415,0.7811157829046211,0.22059867631738636,0.4297469434891825,1.5666928179377446,2.531486337233527,4.418933509134082,nan,nan,nan,nan,[2.531486337233527],[4.418933509134082],[1.0],[1.0],0.0,1.0,0.0,1.0,0.0,0.0,1.0,4.418933509134082,4.418933509134082,nan,nan,nan,nan,[4.418933509134082],[4.418933509134082],[1.0],[1.0]
sample_0585,3,1.245313436271696,6.43117407632541,5.778289771197514,medium,"multi_[1,1.25)","multi_[5,10)mm",0.9033007540546557,0.29692798926951885,0.7030720107304812,0.3121806894228834,10.164608554047513,0.9032931010488334,0.991407551388722,2.737651262964751,9.21991648446388,0.6217243849113231,0.06970045955614058,0.9302995404438594,0.21445156004131766,"[2.0320082002856314,0.18008686127183693,0.5255562014072817]","[1.1111908093570753,2.583725594044112,5.525000081062694]","[0.7422450871573248,0.0657815199868851,0.19197339285579001]","[0.12052070224600184,0.28023308002820274,0.5992462177257956]",0.9018733992355726,0.1294400950466719,0.870559904953328,0.284799124131458,13.476651012172635,0.899460320766864,1.1776740763598164,1.1934268660713816,9.21991648446388,0.869449099354562,0.0,1.0,0.28023308002820274,"[1.1814565578294682,0.0,0.011970308241913408]","[1.1111908093570753,2.583725594044112,5.525000081062694]","[0.9899698016005638,0.0,0.010030198399436264]","[0.12052070224600184,0.28023308002820274,0.5992462177257956]",0.0,1.0,0.0,1.0,0.0,0.0,1.0,9.21991648446388,9.21991648446388,0.0318314593787689,1.0864002003050315,0.08640020030503148,0.024212194246532648,"[1.1814397975492805,2.80696000290276,5.231516684011839]","[1.1111908093570753,2.583725594044112,5.525000081062694]","[0.12813996737823802,0.3044452742747354,0.5674147583470266]","[0.12052070224600184,0.28023308002820274,0.5992462177257956]"
sample_0603,3,2.4635868583513627,4.294182110716777,3.807982185405643,medium,multi_>=2,multi_<5mm,0.7753170307457666,0.5206660301491637,0.4793339698508363,0.562246571750753,8.758000076126564,0.7751392393880415,1.0269884277124812,11.810969769381648,22.684348671638837,0.39824761559727684,0.16449932706502807,0.8355006729349719,0.0740506875593741,"[10.867806506386858,0.4039480004432742,0.5392152625515159]","[11.83890555731697,2.4556209903739603,8.389822123947908]","[0.9201451462995178,0.03420108664493031,0.04565376705555195]","[0.521897530702241,0.10825177420430442,0.36985069509345464]",0.7803852283336978,0.34341390788251086,0.6565860921174891,0.5275626743579268,10.977625188311217,0.7750589242740282,1.1682862727469017,7.790120825096937,22.684348671638837,0.46891989434387804,0.01964345791564829,0.9803565420843517,0.10205971522804416,"[7.718587456720694,0.04823688758119346,0.02329648079504805]","[11.83890555731697,2.4556209903739603,8.389822123947908]","[0.990817425046119,0.0061920589762602595,0.002990515977620689]","[0.521897530702241,0.10825177420430442,0.36985069509345464]",0.0,1.0,0.0,1.0,0.0,0.0,1.0,22.684348671638837,22.684348671638837,0.0031204642146051217,0.971174013197087,0.02882598680291304,0.003120464214605198,"[11.900957894992361,2.3848352921124842,8.39855548453399]","[11.83890555731697,2.4556209903739603,8.389822123947908]","[0.5246329999270185,0.10513130998969922,0.37023569008328217]","[0.521897530702241,0.10825177420430442,0.36985069509345464]"
sample_0604,2,1.354000188042857,20.186133854703332,6.150968926512145,deep,"multi_[1.25,1.5)",multi_>=20mm,0.5639169220240632,1.6718458521247106,0.6718458521247106,0.8492248023844462,1.4784372566534063,0.5252217514821348,0.8056428120679088,14.254509502444327,8.526210406496865,0.0466284722200813,2.8128068147765113,1.8128068147765113,0.04662847222008133,"[1.6385986168861943,12.615910885558135]","[0.5825492914330797,7.943661115063786]","[0.11495299902148239,0.8850470009785176]","[0.06832452680140105,0.9316754731985989]",0.4639299412175607,0.9309357968075115,0.06906420319248849,0.8671737276466956,1.2772716804822355,0.45263985938906887,1.1287721811258522,7.937354478520656,8.526210406496865,0.048012080478450195,1.5851103149349595,0.5851103149349595,0.04801208047845021,"[0.9234048908086263,7.01394958771203]","[0.5825492914330797,7.943661115063786]","[0.11633660727985126,0.8836633927201487]","[0.06832452680140105,0.9316754731985989]",0.0,1.0,0.0,1.0,0.0,0.0,1.0,8.526210406496865,8.526210406496865,0.0027942589936664763,0.9591031343431249,0.040896865656875114,0.0027942589936664763,"[0.5587248513228332,7.967485555174034]","[0.5825492914330797,7.943661115063786]","[0.06553026780773458,0.9344697321922654]","[0.06832452680140105,0.9316754731985989]"
sample_0606,3,1.567899578049858,6.817624219623727,4.1084408357960305,medium,"multi_[1.5,2)","multi_[5,10)mm",0.9810723995233891,1.1368012435688652,0.13680124356886533,0.22053987070835604,1.8788854599331768,0.9581774330581545,0.5759369310905599,23.515479629141474,20.68565614453161,0.179610311877687,1.2511038708717641,0.2511038708717641,0.03289596953044305,"[8.467080458905981,10.149613987959933,4.898785182275557]","[6.767687844340338,5.893339664335601,8.02462863585567]","[0.3600641191435952,0.43161416003533526,0.2083217208210695]","[0.32716814961315216,0.2848998176880913,0.38793203269875653]",0.9631065396638998,0.3289911700243003,0.6710088299756997,0.11456694920132537,2.49245852353644,0.9619487239857134,1.2088795399126577,6.8053982177098105,20.68565614453161,0.20228999239532025,0.2922823786097203,0.7077176213902797,0.03650537903724349,"[1.9780759008318842,3.3155206652280294,1.5118016516498956]","[6.767687844340338,5.893339664335601,8.02462863585567]","[0.29066277057590867,0.4871898100834115,0.22214741934067975]","[0.32716814961315216,0.2848998176880913,0.38793203269875653]",0.0,1.0,0.0,1.0,0.0,0.0,1.0,20.68565614453161,20.68565614453161,0.0024099762246966028,0.9948499801207272,0.005150019879272771,0.0016849224743726299,"[6.732834117405273,5.943191603836171,8.009630423290165]","[6.767687844340338,5.893339664335601,8.02462863585567]","[0.32548322713877953,0.2873097939127879,0.38720697894843253]","[0.32716814961315216,0.2848998176880913,0.38793203269875653]"
sample_0610,3,2.6924681902523164,4.724404724407088,8.10852218080035,deep,multi_>=2,multi_<5mm,0.609056483831542,1.1180805932581388,0.11808059325813883,0.822370349613291,0.8869493113376177,0.5664912553836057,0.7865055875143226,11.484651508468417,10.27175641695167,0.08064527824350409,1.2464647819741417,0.24646478197414168,0.08064527824350409,"[8.992185085579296,0.32690412903092986,2.1655622938581915]","[7.214150945634854,0.49340433920680393,2.5642011321100107]","[0.7829741354318627,0.02846443610325321,0.18856142846488416]","[0.7023288571883586,0.04803505059685116,0.2496360922147903]",0.6662668274561051,0.5057824595225,0.49421754047749994,0.6936041160443809,1.8847964297610742,0.6618602645560402,1.1136510870071286,5.195274224181838,10.27175641695167,0.13427870834824213,0.6024833350094713,0.39751666499052873,0.13427870834824207,"[4.346405720987818,0.10845604387388198,0.7404124593201364]","[7.214150945634854,0.49340433920680393,2.5642011321100107]","[0.8366075655366007,0.020875903598902307,0.142516530864497]","[0.7023288571883586,0.04803505059685116,0.2496360922147903]",0.0,1.0,0.0,1.0,0.0,0.0,1.0,10.27175641695167,10.27175641695167,0.018221390100327393,1.0214607217229543,0.021460721722954323,0.015072484162119593,"[7.368971831546511,0.5257491339839665,2.377035451421193]","[7.214150945634854,0.49340433920680393,2.5642011321100107]","[0.7174013413504782,0.05118395653505888,0.23141470211446283]","[0.7023288571883586,0.04803505059685116,0.2496360922147903]"
sample_0626,3,2.340157654760322,3.649657518178935,5.12376670739814,medium,multi_>=2,multi_<5mm,0.8100349231131635,1.1814897036061334,0.18148970360613328,0.4862404563688983,1.0961413355628888,0.8082609951886334,1.1001023454659509,21.26102481927378,17.995099537796268,0.17149065494558488,2.7192407329234967,1.7192407329234967,0.17149065494558485,"[9.300362793958069,6.447424781780308,5.5132372435353965]","[9.869802221917901,2.371038615197774,5.754258700680594]","[0.43743718249776015,0.3032508939049598,0.2593119235972801]","[0.548471665921476,0.13176023895937494,0.31976809511914916]",0.8698727265756996,0.3618266785304739,0.6381733214695261,0.2813726242550861,0.9164668227917934,0.7740487413297248,2.680134822005843,6.511107095586089,17.995099537796268,0.1162322285786945,0.6810119011513188,0.3189880988486812,0.11623222857869436,"[2.958859270743439,1.6147055150390264,1.9375423098036246]","[9.869802221917901,2.371038615197774,5.754258700680594]","[0.45443259146347986,0.2479924675380693,0.29757494099845067]","[0.548471665921476,0.13176023895937494,0.31976809511914916]",0.0,1.0,0.0,1.0,0.0,0.0,1.0,17.995099537796268,17.995099537796268,0.00390284882088672,0.9703791610298297,0.029620838970170316,0.003902848820886734,"[9.919084620764629,2.300806462184945,5.7752084548466875]","[9.869802221917901,2.371038615197774,5.754258700680594]","[0.5512103225620364,0.1278573901384882,0.3209322872994755]","[0.548471665921476,0.13176023895937494,0.31976809511914916]"
sample_0633,3,1.316717577220871,2.3065125189341593,1.7471319655404502,shallow,"multi_[1.25,1.5)",multi_<5mm,0.5751478473311741,1.1206778881017676,0.1206778881017676,0.8300332693760674,2.3936404425176834,0.5563860843227236,0.8508093466141292,17.735764803090923,15.825925532565122,0.14215486251082288,1.8098089874100256,0.8098089874100256,0.14215486251082282,"[6.621288813824262,5.17791742769238,5.936558561574281]","[3.658556709512107,6.078684085792343,6.08868473726067]","[0.3733297598009604,0.2919477950446203,0.33472244515441923]","[0.23117489729013757,0.3840965934841657,0.3847285092256968]",0.6119442027998991,0.7045666129154692,0.29543338708453076,0.7682191654116457,3.825579529732099,0.6119355682983925,1.0041271567829644,11.150418748731852,15.825925532565122,0.22480964488394228,1.3897334364041634,0.38973343640416336,0.22480964488394223,"[5.084418588189769,2.624664762007731,3.4413353985343513]","[3.658556709512107,6.078684085792343,6.08868473726067]","[0.4559845421740798,0.2353871025970425,0.30862835522887766]","[0.23117489729013757,0.3840965934841657,0.3847285092256968]",0.0,1.0,0.0,1.0,0.0,0.0,1.0,15.825925532565122,15.825925532565122,0.02312054361960271,1.0240078441312148,0.024007844131214817,0.005550010901191144,"[3.7463907687392837,6.356754028161424,5.722780735664414]","[3.658556709512107,6.078684085792343,6.08868473726067]","[0.23672490819132871,0.4016671262025772,0.36160796560609404]","[0.23117489729013757,0.3840965934841657,0.3847285092256968]"
sample_0634,3,1.1034045775895973,4.77912125813941,6.4098329132474055,deep,"multi_[1,1.25)",multi_<5mm,0.5191577641812857,0.7403357041619337,0.25966429583806633,0.8055808680991176,0.6943962055177226,0.44230369542267656,1.43490626318642,11.475440425643532,15.500320140082705,0.048677672241120296,0.7674986163638154,0.23250138363618456,0.014795555902420543,"[4.797355709050474,0.048814931160127716,6.629269785432932]","[6.250637599555483,0.8204557143569101,8.42922682617031]","[0.41805416882563284,0.004253861233163974,0.5776919699412032]","[0.4032586129232123,0.05293153347428426,0.5438098536025034]",0.5774000013528361,0.47612970519825115,0.5238702948017488,0.7424762874918464,0.8882826479607662,0.4677686349319987,1.6207056773081592,7.380162858776093,15.500320140082705,0.05290268718929364,0.48313848664075004,0.51686151335925,0.005936095672936792,"[3.0199235903890065,0.0002128902811015017,4.360026378105986]","[6.250637599555483,0.8204557143569101,8.42922682617031]","[0.4091947085961491,2.8846284990627812e-05,0.5907764451188603]","[0.4032586129232123,0.05293153347428426,0.5438098536025034]",0.0,1.0,0.0,1.0,0.0,0.0,1.0,15.500320140082705,15.500320140082705,0.0010240282092139029,0.9989771305092343,0.0010228694907656877,0.00041248093204770964,"[6.244244013057065,0.810976535780038,8.445099591245603]","[6.250637599555483,0.8204557143569101,8.42922682617031]","[0.4028461319911646,0.05231998619711804,0.5448338818117173]","[0.4032586129232123,0.05293153347428426,0.5438098536025034]"
sample_0636,2,1.1265572364894427,23.100649341522846,6.418713826831773,deep,"multi_[1,1.25)",multi_>=20mm,0.6202876488208671,0.6467609145702183,0.35323908542978166,0.7215499245474994,3.268096023583708,0.5921980443228206,1.2970633873901956,10.251378948844083,15.850337764545138,0.18552894098777378,0.08565142718503117,0.9143485728149688,0.18552894098777373,"[9.961056281467194,0.2903226673768902]","[12.46075422906345,3.389583535481687]","[0.9716796473112892,0.02832035268871084]","[0.7861507063235154,0.21384929367648456]",0.6724791423767716,0.3543911114092322,0.6456088885907678,0.6324696598689077,4.55027610720727,0.5878902712317394,1.676825556951637,5.617218816588876,15.850337764545138,0.21376218888844045,0.00014435007997132176,0.9998556499200287,0.21376218888844048,"[5.616729529934459,0.0004892866544162571]","[12.46075422906345,3.389583535481687]","[0.9999128952119558,8.71047880440916e-05]","[0.7861507063235154,0.21384929367648456]",0.0,1.0,0.0,1.0,0.0,0.0,1.0,15.850337764545138,15.850337764545138,0.00040110847704874497,1.0018756595832186,0.0018756595832185585,0.00040110847704882824,"[12.454396524222005,3.395941240323133]","[12.46075422906345,3.389583535481687]","[0.7857495978464667,0.2142504021535334]","[0.7861507063235154,0.21384929367648456]"
sample_0644,1,1.0,nan,1.6325542543559033,shallow,single,single,0.14287695809341516,1.0910812237305823,0.09108122373058218,0.9889389369576858,2.4601473797107296,0.12376192200986888,1.0775224346221195,6.669869772358239,6.113082717666868,nan,nan,nan,nan,[6.669869772358239],[6.113082717666868],[1.0],[1.0],0.28165032297444725,0.6830638944432309,0.3169361055567691,0.9497884560561152,0.1379132152282801,0.17276390698914446,1.2917156259829514,4.17562608818314,6.113082717666868,nan,nan,nan,nan,[4.17562608818314],[6.113082717666868],[1.0],[1.0],0.0,1.0,0.0,1.0,0.0,0.0,1.0,6.113082717666868,6.113082717666868,nan,nan,nan,nan,[6.113082717666868],[6.113082717666868],[1.0],[1.0]
sample_0646,1,1.0,nan,3.8727222043088725,medium,single,single,0.4789940047192104,0.6231002206897645,0.37689977931023555,0.8262786598225353,1.1161312453428998,0.27728276247679146,1.6849655389553144,11.023594244025011,17.69152678492398,nan,nan,nan,nan,[11.023594244025011],[17.69152678492398],[1.0],[1.0],0.6284162599099253,0.3318443193131519,0.668155680686848,0.6633330566023544,0.37313702649964375,0.36278112575584454,2.2253728073360732,5.870832663553492,17.69152678492398,nan,nan,nan,nan,[5.870832663553492],[17.69152678492398],[1.0],[1.0],0.0,1.0,0.0,1.0,0.0,0.0,1.0,17.69152678492398,17.69152678492398,nan,nan,nan,nan,[17.69152678492398],[17.69152678492398],[1.0],[1.0]
sample_0647,2,1.8892224541116953,24.862019226120793,5.315516652882685,medium,"multi_[1.5,2)",multi_>=20mm,0.9168558970653262,1.5639893784007686,0.5639893784007687,0.5668902478422146,7.324230930578275,0.823161924943852,0.5844185491289605,6.675788352971406,4.268435863546351,0.31746866110458294,2.3875815572588692,1.3875815572588692,0.31746866110458294,"[6.143974742902756,0.5318136100686519]","[2.573304658106222,1.6951312054401289]","[0.9203369576820181,0.07966304231798188]","[0.6028682965774351,0.3971317034225648]",0.8427692126506416,0.6797935019995742,0.3202064980004257,0.5292538696285023,10.013793679658853,0.8285272601037709,0.7839900317946349,2.901654963740751,4.268435863546351,0.3900305578133675,1.1195914483968776,0.11959144839687763,0.3900305578133675,"[2.8810498893355776,0.020605074405173476]","[2.573304658106222,1.6951312054401289]","[0.9928988543908026,0.0071011456091974005]","[0.6028682965774351,0.3971317034225648]",0.0,1.0,0.0,1.0,0.0,0.0,1.0,4.268435863546351,4.268435863546351,0.002875553551768828,1.0047697873119117,0.0047697873119116885,0.002875553551768828,"[2.5855787740141407,1.682857089532211]","[2.573304658106222,1.6951312054401289]","[0.605743850129204,0.394256149870796]","[0.6028682965774351,0.3971317034225648]"
sample_0651,2,1.1347062419500167,21.720036832381297,2.203094471276666,shallow,"multi_[1,1.25)",multi_>=20mm,0.888612454725755,1.21743116527305,0.21743116527305006,0.45765504739661866,9.707588279059557,0.8696795542108857,0.7301255564183302,2.826366435352803,2.3215821279874125,0.4405829846159829,2.960192187668144,1.9601921876681438,0.44058298461598294,"[2.1151358074087234,0.7112306279440785]","[0.7145265149405372,1.6070556130468752]","[0.7483586632476765,0.2516413367523235]","[0.3077756786316936,0.6922243213683064]",0.8416795627522704,0.4586012546601406,0.5413987453398594,0.436325576590032,14.651474556429532,0.8409976611645729,1.0667900618225838,1.0646804766915865,2.3215821279874125,0.681462345207754,1.47401445399192,0.47401445399192,0.681462345207754,"[1.0532224107828254,0.01145806590876049]","[0.7145265149405372,1.6070556130468752]","[0.9892380238394476,0.010761976160552474]","[0.3077756786316936,0.6922243213683064]",0.0,1.0,0.0,1.0,0.0,0.0,1.0,2.3215821279874125,2.3215821279874125,0.005028673594312999,0.9836612378968037,0.01633876210319629,0.005028673594312971,"[0.7028520361964978,1.6187300917909142]","[0.7145265149405372,1.6070556130468752]","[0.3027470050373806,0.6972529949626194]","[0.3077756786316936,0.6922243213683064]"
sample_0652,3,1.3950133766372204,6.099180272790761,4.758690362486313,medium,"multi_[1.25,1.5)","multi_[5,10)mm",0.4847239608380956,1.5247382436417434,0.5247382436417435,0.8805047675756492,1.4499277567124431,0.47348149164139486,0.8945849550203322,7.351395197190788,4.821414579090266,0.19480350014081527,1.4573683679416145,0.4573683679416145,0.007104252770936598,"[6.131667920202011,1.1297745009677769,0.08995277602100184]","[3.0822276705319487,0.775215467701875,0.9639714408564432]","[0.8340822055852913,0.15368164418633093,0.01223615022837784]","[0.6392787054444761,0.16078589695726753,0.19993539759825654]",0.5057634438218146,0.7036442110732691,0.2963557889267309,0.8342609746578845,0.707501766519387,0.4873999064758425,1.1829596045525295,3.392560457761128,4.821414579090266,0.250508088576622,0.4788248261020289,0.5211751738979711,0.05137225020418461,"[3.0186554932340224,0.3711924115139533,0.002712553013151937]","[3.0822276705319487,0.775215467701875,0.9639714408564432]","[0.889786794021098,0.10941364675308292,0.0007995592258190876]","[0.6392787054444761,0.16078589695726753,0.19993539759825654]",0.0,1.0,0.0,1.0,0.0,0.0,1.0,4.821414579090266,4.821414579090266,0.13571492174953595,1.1590685439689918,0.15906854396899184,0.025575978519740916,"[3.613253177145678,0.8985278634114533,0.30963353853313563]","[3.0822276705319487,0.775215467701875,0.9639714408564432]","[0.7494176486742711,0.18636187547700844,0.06422047584872055]","[0.6392787054444761,0.16078589695726753,0.19993539759825654]"
sample_0653,2,1.6461869210413913,17.497428382479526,2.012629027844778,shallow,"multi_[1.5,2)","multi_[10,20)mm",0.7524503072493154,1.582857772827623,0.5828577728276229,0.7715260822329641,3.283927139421509,0.6170645195086044,0.6463302517502687,5.9619393567869094,3.7665666866180145,0.1992999949988596,2.0665486817328818,1.0665486817328818,0.19929999499885953,"[0.8853438899311188,5.076595466855789]","[1.310009281641295,2.4565574049767194]","[0.14849931154084411,0.8515006884591558]","[0.34779930653970376,0.6522006934602963]",0.620051192411521,0.6810672840488318,0.3189327159511682,0.7835915100120528,6.0728426540503415,0.6131445532746068,0.8953948680893432,2.5652853434437386,3.7665666866180145,0.33332442818050145,1.0291447474498179,0.029144747449817876,0.33332442818050145,"[0.03713219330299249,2.5281531501407457]","[1.310009281641295,2.4565574049767194]","[0.014474878359202257,0.9855251216407978]","[0.34779930653970376,0.6522006934602963]",0.0,1.0,0.0,1.0,0.0,0.0,1.0,3.7665666866180145,3.7665666866180145,0.007852075921000873,0.9879606446301964,0.012039355369803606,0.0078520759210009,"[1.3395846492261323,2.4269820373918822]","[1.310009281641295,2.4565574049767194]","[0.3556513824607046,0.6443486175392954]","[0.34779930653970376,0.6522006934602963]"
sample_0655,3,1.2846362344266329,12.265398485169571,5.539487531516988,medium,"multi_[1.25,1.5)","multi_[10,20)mm",0.7901410207446992,0.39182283597619744,0.6081771640238025,0.5080284251794761,8.804877758167224,0.7842064228153572,1.1845215539274347,12.06208510977498,30.784538322589576,0.36643313565811225,0.11479014854581182,0.8852098514541882,0.23053939839159698,"[0.36131868751004204,10.548531200019337,1.1522352222456025]","[5.10557407232302,15.641210690031768,10.037753560234785]","[0.029954911130351196,0.8745197123066991,0.09552537656294961]","[0.16584864839686647,0.5080865766485868,0.3260647749545466]",0.8119659949530391,0.24922764546423518,0.7507723545357649,0.4520427687490988,11.947196818565839,0.7984519218592885,1.3245603196455287,7.672358002842516,30.784538322589576,0.48414420568629957,0.005575373013996858,0.9944246269860031,0.31877050892835884,"[0.0036439990078756803,7.612749783513756,0.05596422032088391]","[5.10557407232302,15.641210690031768,10.037753560234785]","[0.0004749516389258195,0.9922307823348865,0.007294266026187757]","[0.16584864839686647,0.5080865766485868,0.3260647749545466]",0.0,1.0,0.0,1.0,0.0,0.0,1.0,30.784538322589576,30.784538322589576,0.0018166751704201262,0.9974993446681751,0.0025006553318248637,0.0008153756180103722,"[5.074749527879471,15.697136196435263,10.01265259827484]","[5.10557407232302,15.641210690031768,10.037753560234785]","[0.16484734884445676,0.509903251819007,0.32524939933653624]","[0.16584864839686647,0.5080865766485868,0.3260647749545466]"
sample_0661,2,1.0790510878228254,10.607544484940894,8.036503092866287,deep,"multi_[1,1.25)","multi_[10,20)mm",0.30933602157897666,0.8171742464664917,0.1828257535335083,0.9435000009813822,0.8007362398089266,0.284365180950996,1.1454779935960755,17.102228032231928,20.92849610249337,0.0028564135256918533,0.8205871150529097,0.1794128849470903,0.002856413525691881,"[11.745699914670396,5.356528117561524]","[14.31377570913121,6.6147203933621626]","[0.6867935506726797,0.31320644932732034]","[0.6839371371469878,0.31606286285301216]",0.45657907009553145,0.5019839995180232,0.4980160004819768,0.8549770035987827,0.4199602716422398,0.37308187794290554,1.3960291032394279,10.505770177426982,20.92849610249337,0.013687136198713729,0.5120298399875713,0.48797016001242866,0.013687136198713756,"[7.32908028596444,3.1766898914625417]","[14.31377570913121,6.6147203933621626]","[0.6976242733457015,0.30237572665429846]","[0.6839371371469878,0.31606286285301216]",0.0,1.0,0.0,1.0,0.0,0.0,1.0,20.92849610249337,20.92849610249337,0.0004060771744897884,1.000593734646701,0.000593734646701094,0.00040607717448981617,"[14.32227429369483,6.6062218087985425]","[14.31377570913121,6.6147203933621626]","[0.6843432143214776,0.3156567856785224]","[0.6839371371469878,0.31606286285301216]"
sample_0665,2,2.0604189306995133,17.75725203965974,3.7743240266894595,medium,multi_>=2,"multi_[10,20)mm",1.506516406190932,6.856744390338687,5.856744390338687,0.2616531180312303,3.272466857237202,0.9589348096232698,0.19620845463818004,23.36552741423825,3.40767076677976,0.095555072274393,5.779976727819107,4.779976727819107,0.09555507227439297,"[11.984872530007946,11.380654884230298]","[2.073515706789024,1.3341550599907364]","[0.512929681300698,0.48707031869930195]","[0.608484753575091,0.3915152464249089]",1.0280866669106734,2.4800781554697298,1.4800781554697298,0.33899078040431063,3.19185745605787,0.9359312310181616,0.4528996277104539,8.451289829723267,3.40767076677976,0.09788054037734634,2.0811340757550476,1.0811340757550476,0.09788054037734628,"[4.3152641940119505,4.1360256357113165]","[2.073515706789024,1.3341550599907364]","[0.5106042131977447,0.4893957868022553]","[0.608484753575091,0.3915152464249089]",0.0,1.0,0.0,1.0,0.0,0.0,1.0,3.40767076677976,3.40767076677976,0.07491766908479361,1.1231216865248017,0.12312168652480171,0.07491766908479369,"[2.328810457644555,1.0788603091352054]","[2.073515706789024,1.3341550599907364]","[0.6834024226598847,0.3165975773401154]","[0.608484753575091,0.3915152464249089]"
sample_0666,3,2.0440189466032725,18.121810064118872,3.701849556609635,medium,multi_>=2,"multi_[10,20)mm",0.40919791092897634,1.0931157169720882,0.09311571697208819,0.9156042192931144,0.6267664597453865,0.4016549148171471,0.9213212200046108,8.402417792484195,7.686668174307061,0.11375075988266631,0.24386703526678585,0.7561329647332141,0.059690514798646635,"[8.14210959036442,0.11628654165652355,0.1440216604632489]","[6.5741696602110125,0.5219239811105143,0.5905745329855344]","[0.9690198454125177,0.013839652410588262,0.017140502176894088]","[0.8552690855298514,0.0678998974946079,0.07683101697554072]",0.4550782840312731,0.61342124548548,0.38657875451452,0.8720993000850301,1.2880855323830371,0.4418936087444746,1.1379501826650766,4.715165565117038,7.686668174307061,0.144597643600839,0.0010640387939276814,0.9989359612060723,0.07669774610623102,"[4.7145371709032355,0.0,0.0006283942138023317]","[6.5741696602110125,0.5219239811105143,0.5905745329855344]","[0.9998667291306904,0.0,0.00013327086930970452]","[0.8552690855298514,0.0678998974946079,0.07683101697554072]",0.0,1.0,0.0,1.0,0.0,0.0,1.0,7.686668174307061,7.686668174307061,0.06885229523895553,0.10384766531367433,0.8961523346863257,0.06885229523895553,"[7.091979175732215,0.5333592121305852,0.0613297864442613]","[6.5741696602110125,0.5219239811105143,0.5905745329855344]","[0.9226337100692581,0.0693875681941567,0.007978721736585183]","[0.8552690855298514,0.0678998974946079,0.07683101697554072]"
sample_0669,1,1.0,nan,2.2949040064655115,shallow,single,single,0.22414116244454693,1.1172087096981071,0.11720870969810711,0.97298120742354,2.0461237317859635,0.219117718606358,1.0508209298469746,7.4347712353990865,6.654773786545323,nan,nan,nan,nan,[7.4347712353990865],[6.654773786545324],[1.0],[1.0],0.30573749489654367,0.6758291113686234,0.3241708886313766,0.9409674779786501,0.15141209685843662,0.2221054880347151,1.2746784419720656,4.4974898545201345,6.654773786545323,nan,nan,nan,nan,[4.4974898545201345],[6.654773786545324],[1.0],[1.0],0.0,1.0,0.0,1.0,0.0,0.0,1.0,6.654773786545323,6.654773786545323,nan,nan,nan,nan,[6.654773786545323],[6.654773786545324],[1.0],[1.0]
sample_0674,2,1.0519100621436281,25.232518701073026,5.6436519988970755,medium,"multi_[1,1.25)",multi_>=20mm,0.2887608054710093,0.895282698102814,0.104717301897186,0.9503508424699737,0.8093245757482455,0.2525200237240851,1.1692484882585092,13.357139781458466,14.919466007511893,0.0296901063472248,0.20782481976108727,0.7921751802389128,0.0296901063472248,"[13.237251552903908,0.11988822855455847]","[14.34259444475832,0.576871562753575]","[0.9910244086296844,0.00897559137031565]","[0.9613343022824596,0.03866569771754045]",0.46659558751873187,0.4977637577383145,0.5022362422616855,0.8409735045053947,0.28599381573334615,0.3234072731348594,1.5514290044039685,7.426369463348168,14.919466007511893,0.038652942918860594,0.00016419919708803764,0.999835800802912,0.038652942918860615,"[7.426274741500742,9.472184742705853e-05]","[14.34259444475832,0.576871562753575]","[0.9999872452013202,1.2754798679832084e-05]","[0.9613343022824596,0.03866569771754045]",0.0,1.0,0.0,1.0,0.0,0.0,1.0,14.919466007511893,14.919466007511893,0.03854132316340746,0.0032166639030164405,0.9967833360969836,0.03854132316340749,"[14.917610405579307,0.001855601932586108]","[14.34259444475832,0.576871562753575]","[0.9998756254458671,0.00012437455413295755]","[0.9613343022824596,0.03866569771754045]"
sample_0676,2,1.363186871639431,27.88763166710289,4.663722522275595,medium,"multi_[1.25,1.5)",multi_>=20mm,0.5327831300462011,1.1545155818602382,0.15451558186023825,0.8272165574531336,1.724613769948695,0.5309661047190161,1.0547208387270457,7.406279316783245,6.415053580177512,0.10724171044547309,1.3221225712046525,0.3221225712046525,0.10724171044547315,"[6.265322249912794,1.1409570668704527]","[4.738836161161777,1.6762174190157342]","[0.8459473349479342,0.15405266505206588]","[0.738705624502461,0.2612943754975389]",0.620611747257469,0.6661186954347422,0.3338813045652578,0.7280292526445543,3.622048093080104,0.6015803403780486,1.2359777722982,4.273187121971817,6.415053580177512,0.15270473678918617,0.8038183103865431,0.19618168961345694,0.15270473678918617,"[3.8091632762637118,0.4640238457081055]","[4.738836161161777,1.6762174190157342]","[0.8914103612916472,0.10858963870835278]","[0.738705624502461,0.2612943754975389]",0.0,1.0,0.0,1.0,0.0,0.0,1.0,6.415053580177512,6.415053580177512,0.0074165249433519875,1.0100398923432419,0.010039892343241874,0.0074165249433519875,"[4.786413566052103,1.628640014125408]","[4.738836161161777,1.6762174190157342]","[0.746122149445813,0.25387785055418693]","[0.738705624502461,0.2612943754975389]"
sample_0681,3,1.8879775001787027,7.249827584156743,1.8232916609719474,shallow,"multi_[1.5,2)","multi_[5,10)mm",0.6830779410689165,1.0631611202877966,0.06316112028779661,0.7430855802761508,3.205857832798479,0.6645392036205395,0.8254080751184184,5.79814647770547,5.453685586372758,0.2541494658331877,1.4327066717281933,0.4327066717281933,0.2407582858717625,"[0.22760713298388435,0.1585151441886103,5.412024200532976]","[0.14105398250232498,1.535149229195123,3.77748237467531]","[0.03925515401500454,0.027338934053859964,0.9334059119311354]","[0.025863974053579403,0.2814883998870477,0.6926476260593729]",0.6872226624925255,0.4998687537741644,0.5001312462258356,0.6699301625071286,4.981913683898963,0.6833941697532298,1.1101547143268928,2.7261270175362733,5.453685586372758,0.30660394509004685,0.721138164320396,0.278861835679604,0.30660394509004685,"[0.000723066231164238,0.0013172458791062948,2.724086705426003]","[0.14105398250232498,1.535149229195123,3.77748237467531]","[0.0002652357085759365,0.00048319314200434815,0.9992515711494198]","[0.025863974053579403,0.2814883998870477,0.6926476260593729]",0.0,1.0,0.0,1.0,0.0,0.0,1.0,5.453685586372758,5.453685586372758,0.0070180519444823265,0.989867788929835,0.010132211070165043,0.007018051944482351,"[0.14555108618522972,1.5689263742462567,3.7392081259412713]","[0.14105398250232498,1.535149229195123,3.77748237467531]","[0.026688573053958477,0.28768185283115094,0.6856295741148906]","[0.025863974053579403,0.2814883998870477,0.6926476260593729]"
sample_0695,3,2.0211846578974364,11.806777714516352,5.4148375154099,medium,multi_>=2,"multi_[10,20)mm",0.5943132186214919,1.473264467545748,0.473264467545748,0.8490865996091023,1.4247835377970266,0.5122064191214343,0.7402197129032612,10.25262023567118,6.959117294636589,0.16437387645775456,1.8415168554231,0.8415168554231001,0.16437387645775448,"[1.719521254484153,0.10561772855632286,8.427481252630704]","[1.6615520651367746,0.7211850417146534,4.57638018778516]","[0.16771529764669818,0.010301535229877621,0.8219831671234241]","[0.23875902571973281,0.10363168361459761,0.6576092906656696]",0.4895516145002077,0.7752967217132132,0.2247032782867868,0.8605494826911081,1.0989509283763912,0.48902171534389255,1.0268058699765144,5.3953808245494725,6.959117294636589,0.14020381748027977,0.9405917709271726,0.05940822907282739,0.14020381748027966,"[1.0908752792846026,0.0,4.30450554526487]","[1.6615520651367746,0.7211850417146534,4.57638018778516]","[0.20218689185405056,0.0,0.7978131081459493]","[0.23875902571973281,0.10363168361459761,0.6576092906656696]",0.0,1.0,0.0,1.0,0.0,0.0,1.0,6.959117294636589,6.959117294636589,0.0133553024963,1.0132840927240219,0.013284092724021868,0.008735742793380963,"[1.6937001229589648,0.6282439251375488,4.637173246540075]","[1.6615520651367746,0.7211850417146534,4.57638018778516]","[0.24337858542265184,0.0902763811182976,0.6663450334590506]","[0.23875902571973281,0.10363168361459761,0.6576092906656696]"
sample_0700,3,2.0818005882409514,6.086049621881176,6.820340119034849,deep,multi_>=2,"multi_[5,10)mm",0.5306362121964588,0.9224011027616421,0.07759889723835789,0.822575982648613,1.0162240171269203,0.524248736045972,1.1066768332828303,10.992116824725171,11.916851347873601,0.1315062175504524,0.7964744898697658,0.20352551013023423,0.04633726548639022,"[6.742077250742274,1.0284806083047848,3.221558965678113]","[5.742128373862816,2.129949404169419,4.044773569841365]","[0.6133556764586916,0.09356529089932586,0.29307903264198243]","[0.4818494589082393,0.1787342429633881,0.33941629812837265]",0.5995103589293251,0.5630362484359908,0.43696375156400924,0.7556991459263841,2.746424441370864,0.5872273534999064,1.175310194872188,6.709619276076133,11.916851347873601,0.3211089095798143,0.2408348887459773,0.7591651112540228,0.1942333074676725,"[5.387544947094086,0.3479517362866312,0.9741225926954147]","[5.742128373862816,2.129949404169419,4.044773569841365]","[0.8029583684880536,0.05185864085124628,0.14518299066070015]","[0.4818494589082393,0.1787342429633881,0.33941629812837265]",0.0,1.0,0.0,1.0,0.0,0.0,1.0,11.916851347873601,11.916851347873601,0.025806059335188772,1.0223980427113488,0.02239804271134882,0.007602260742407219,"[5.959060335659624,1.8224224311975676,4.135368581016407]","[5.742128373862816,2.129949404169419,4.044773569841365]","[0.5000532575010208,0.15292818362819927,0.34701855887077987]","[0.4818494589082393,0.1787342429633881,0.33941629812837265]"
sample_0712,3,1.7185609474414516,10.979981785048647,4.951969059706865,medium,"multi_[1.5,2)","multi_[10,20)mm",0.9729640010971976,0.9275973833304438,0.0724026166695562,0.2878298344966267,5.394826783784718,0.9420844365739635,0.5796788613641979,12.720655366215562,13.713552447230226,0.44835645010755343,0.23327781343059795,0.766722186569402,0.06996259024249382,"[5.6634222498250955,6.758220580396289,0.29901253599417704]","[11.294598628819498,1.1371665296974118,1.2817872887133166]","[0.4452146596838417,0.5312792765650473,0.023506063751111146]","[0.8236085195489012,0.08292282645749383,0.09346865399360496]",0.9414663064398594,0.33492236024271355,0.6650776397572865,0.21061498364799172,6.482487262203623,0.9413333532964085,0.9552175388462777,4.592975352938588,13.713552447230226,0.5401696252609455,0.0008467827546961981,0.9991532172453038,0.09323233760001125,"[1.7300416842224475,2.8618482733448687,0.0010853953712712332]","[11.294598628819498,1.1371665296974118,1.2817872887133166]","[0.3766712318879669,0.6230924517184393,0.00023631639359370757]","[0.8236085195489012,0.08292282645749383,0.09346865399360496]",0.0,1.0,0.0,1.0,0.0,0.0,1.0,13.713552447230226,13.713552447230226,0.0031296286132341464,1.006723556239832,0.006723556239832007,0.0006284417517874036,"[11.32889878602427,1.0942482035694727,1.2904054576364823]","[11.294598628819498,1.1371665296974118,1.2817872887133166]","[0.826109706410348,0.07979319784425967,0.09409709574539236]","[0.8236085195489012,0.08292282645749383,0.09346865399360496]"
sample_0720,1,1.0,nan,3.850422727672687,medium,single,single,0.6130645857737034,1.4276338266084496,0.4276338266084497,0.7967357433122765,2.0247132003093795,0.6004843848165659,0.8661621252070976,6.347170047720331,4.445936996883122,nan,nan,nan,nan,[6.347170047720331],[4.445936996883122],[1.0],[1.0],0.6328031659491813,0.6191659804996658,0.3808340195003343,0.7049464595582149,0.4257426175991901,0.5999593055350536,1.3360283510818889,2.7527729399148777,4.445936996883122,nan,nan,nan,nan,[2.7527729399148777],[4.445936996883122],[1.0],[1.0],0.0,1.0,0.0,1.0,0.0,0.0,1.0,4.445936996883122,4.445936996883122,nan,nan,nan,nan,[4.445936996883122],[4.445936996883122],[1.0],[1.0]
sample_0725,1,1.0,nan,1.7633975785054945,shallow,single,single,0.39634881605187344,0.6367364226913522,0.3632635773086477,0.895461826703702,1.1673235434378395,0.3183299791563894,1.331717241516122,9.968269324910455,15.655252267141648,nan,nan,nan,nan,[9.968269324910455],[15.655252267141647],[1.0],[1.0],0.5461884266986334,0.3602577318738189,0.6397422681261811,0.7689503721528548,0.39326176300029503,0.39536535822595886,1.6956809540702913,5.639925673672911,15.655252267141648,nan,nan,nan,nan,[5.639925673672911],[15.655252267141647],[1.0],[1.0],0.0,1.0,0.0,1.0,0.0,0.0,1.0,15.655252267141648,15.655252267141648,nan,nan,nan,nan,[15.655252267141648],[15.655252267141647],[1.0],[1.0]
sample_0731,3,1.9752999219517315,8.930845424706444,2.330371397677463,shallow,"multi_[1.5,2)","multi_[5,10)mm",0.8841268728668944,0.2608067915329263,0.7391932084670737,0.3121380475530605,6.37507140552318,0.8779367462890744,1.2789950266953565,8.311128200772924,31.866993002456617,0.3422738859339717,1.2460841779359668,0.24608417793596682,0.3422738859339716,"[0.047373021108822654,4.666074504127045,3.5976806755370534]","[2.4093249278000446,26.57047895915371,2.887189115502861]","[0.005699950712397511,0.5614249222738626,0.4328751270137399]","[0.0756056565366651,0.8337931023835667,0.09060124107976829]",0.9247759100806738,0.1180825570228638,0.8819174429771363,0.21275893099478108,9.842806994020435,0.9198161027185331,1.322377400803267,3.762936018359785,31.866993002456617,0.5350250022796367,0.8153922140144256,0.18460778598557437,0.5350250022796366,"[0.0,1.4087444931915563,2.354191525168229]","[2.4093249278000446,26.57047895915371,2.887189115502861]","[0.0,0.3743737566405951,0.6256262433594049]","[0.0756056565366651,0.8337931023835667,0.09060124107976829]",0.0,1.0,0.0,1.0,0.0,0.0,1.0,31.866993002456617,31.866993002456617,0.0017307807029359051,0.9893517438589257,0.010648256141074341,0.0009647452217166064,"[2.3849136804803948,26.62563373570296,2.8564455862732645]","[2.4093249278000446,26.57047895915371,2.887189115502861]","[0.07483962105544575,0.8355238830865026,0.08963649585805168]","[0.0756056565366651,0.8337931023835667,0.09060124107976829]"
sample_0734,2,1.4419022643377462,32.676597130056244,6.22712669779775,deep,"multi_[1.25,1.5)",multi_>=20mm,1.030312410841394,0.9065520866991399,0.09344791330086015,0.2580555247165098,15.058430607632609,0.959421162909922,0.428830084246608,4.548598864330742,5.01747106544392,0.4396344049164017,3.2694741233608324,2.2694741233608324,0.4396344049164017,"[2.7669277728315977,1.7816710914991454]","[0.8462913815593543,4.171179683884566]","[0.6083033161111051,0.3916966838888949]","[0.16866891119470337,0.8313310888052966]",0.9976834833939436,0.432287982154021,0.567712017845979,0.24549468591625218,19.051206730923223,0.9579497015406607,0.5072305664438258,2.168992442396938,5.01747106544392,0.556153752174593,1.857675634164263,0.8576756341642631,0.5561537521745931,"[1.5721348789260239,0.5968575634709143]","[0.8462913815593543,4.171179683884566]","[0.7248226633692965,0.27517733663070365]","[0.16866891119470337,0.8313310888052966]",0.0,1.0,0.0,1.0,0.0,0.0,1.0,5.01747106544392,5.01747106544392,0.027547553112896486,0.8366767597076802,0.16332324029231982,0.0275475531128965,"[0.7080723308916166,4.309398734552304]","[0.8462913815593543,4.171179683884566]","[0.14112135808180687,0.8588786419181931]","[0.16866891119470337,0.8313310888052966]"
sample_0751,1,1.0,nan,2.9097772208567414,shallow,single,single,0.6927190637047295,2.653222286779172,1.6532222867791715,0.8431823097005653,1.90714872502421,0.4374222945061338,0.6260494183509366,7.969606359981288,3.0037461993641847,nan,nan,nan,nan,[7.969606359981288],[3.0037461993641847],[1.0],[1.0],0.5047404213477897,1.753521816815753,0.7535218168157529,0.8980637917975038,0.4204244524005198,0.39944540169733306,0.7481824256294407,5.267134492762498,3.0037461993641847,nan,nan,nan,nan,[5.267134492762498],[3.0037461993641847],[1.0],[1.0],0.0,1.0,0.0,1.0,0.0,0.0,1.0,3.0037461993641847,3.0037461993641847,nan,nan,nan,nan,[3.0037461993641847],[3.0037461993641847],[1.0],[1.0]
sample_0761,1,1.0,nan,7.64807965659575,deep,single,single,0.8370039426648109,1.041187639791531,0.04118763979153103,0.39919753396352087,1.7250809883434812,0.8221603412283357,1.380607040914087,9.735413875001202,9.350297201905363,nan,nan,nan,nan,[9.735413875001202],[9.350297201905363],[1.0],[1.0],0.9172247050362913,0.36736797403702864,0.6326320259629713,0.19125390315534763,1.366463677654944,0.8712345440396733,2.405365352249284,3.434999739708071,9.350297201905363,nan,nan,nan,nan,[3.434999739708071],[9.350297201905363],[1.0],[1.0],0.0,1.0,0.0,1.0,0.0,0.0,1.0,9.350297201905363,9.350297201905363,nan,nan,nan,nan,[9.350297201905363],[9.350297201905363],[1.0],[1.0]
sample_0777,2,1.3164666469038189,11.90126043744947,8.224899183830281,deep,"multi_[1.25,1.5)","multi_[10,20)mm",0.6018474672921907,0.8050290793283268,0.19497092067167315,0.7614724508982734,1.9867804300692578,0.5963716559054903,1.112235798457329,5.82680160812386,7.238001406092599,0.2341024851260171,0.22826384240038486,0.7717361575996151,0.23410248512601717,"[5.286950120509555,0.5398514876143047]","[4.872968547899572,2.365032858193026]","[0.907350288559399,0.09264971144060086]","[0.673247803433382,0.326752196566618]",0.6306855405856225,0.4360568919962666,0.5639431080037335,0.6964629619357732,3.889126855636319,0.5744940490010687,1.4661351280682104,3.1561803974053464,7.238001406092599,0.3229935770272363,0.005015947778655742,0.9949840522213442,0.32299357702723636,"[3.1443175160938455,0.01186288131150115]","[4.872968547899572,2.365032858193026]","[0.9962413804606183,0.003758619539381673]","[0.673247803433382,0.326752196566618]",0.0,1.0,0.0,1.0,0.0,0.0,1.0,7.238001406092599,7.238001406092599,0.014153111062628176,1.043314509317285,0.04331450931728509,0.014153111062628176,"[4.770528310127684,2.4674730959649134]","[4.872968547899572,2.365032858193026]","[0.6590946923707538,0.3409053076292462]","[0.673247803433382,0.326752196566618]"
sample_0778,1,1.0,nan,3.267719672161774,shallow,single,single,1.3637323990643904,7.824813632955528,6.824813632955528,0.2991508263216915,1.167008255384423,0.9507236522851373,0.2407632756277138,16.531030454883297,2.112642067954189,nan,nan,nan,nan,[16.531030454883297],[2.112642067954189],[1.0],[1.0],1.0313789823146273,3.4420236132868944,2.4420236132868944,0.31164521985455373,0.5803870055531636,0.9450748093305563,0.4417766228108339,7.271763884321575,2.112642067954189,nan,nan,nan,nan,[7.271763884321575],[2.112642067954189],[1.0],[1.0],0.0,1.0,0.0,1.0,0.0,0.0,1.0,2.112642067954189,2.112642067954189,nan,nan,nan,nan,[2.112642067954189],[2.112642067954189],[1.0],[1.0]
sample_0779,3,1.11388359266475,6.356099432828282,4.623529985880231,medium,"multi_[1,1.25)","multi_[5,10)mm",0.8466836516143875,0.5712815945036591,0.42871840549634094,0.3751351435689504,3.503889815122551,0.829657562886174,1.4339308542909868,10.088521374620678,17.659454587165175,0.40908397044451805,0.054244389226758095,0.9457556107732419,0.19947519707029565,"[0.572584693191644,0.21112975774885795,9.304806923680173]","[4.70385762387501,3.8921953174967303,9.063401645793435]","[0.05675605690166592,0.02092772071435457,0.9223162223839795]","[0.2663648302758883,0.2204029177846502,0.5132322519394614]",0.8962562100056473,0.19843474494647279,0.8015652550535272,0.2275174871681013,4.574375520440304,0.8108080998255847,2.8777995274372508,3.50424936689794,17.659454587165175,0.4819365132032576,0.0013845068653281546,0.9986154931346718,0.21886513591639162,"[0.0115410805516899,0.0053887711382723195,3.4873195152079774]","[4.70385762387501,3.8921953174967303,9.063401645793435]","[0.003293452989022408,0.001537781868258597,0.995168765142719]","[0.2663648302758883,0.2204029177846502,0.5132322519394614]",0.0,1.0,0.0,1.0,0.0,0.0,1.0,17.659454587165175,17.659454587165175,0.024942617236321837,0.886831728513265,0.11316827148673503,0.024942617236321823,"[4.861820659154026,3.4517223011268614,9.345911626884288]","[4.70385762387501,3.8921953174967303,9.063401645793435]","[0.2753097857669726,0.1954603005483284,0.529229913684699]","[0.2663648302758883,0.2204029177846502,0.5132322519394614]"
sample_0784,2,1.2189833150133642,8.546344247688596,4.9495844213143325,medium,"multi_[1,1.25)","multi_[5,10)mm",0.7089407993553204,0.5374828414311202,0.46251715856887976,0.6417645845774682,2.7583182558108916,0.7055615311286748,1.1081097797623127,14.01756459395219,26.08002249267817,0.3333294507196877,0.06566392347274841,0.9343360765272516,0.33332945071968767,"[0.6502760080916858,13.367288585860507]","[9.903094023334761,16.176928469343412]","[0.046390084649386536,0.9536099153506135]","[0.3797195353690742,0.6202804646309257]",0.7449166924760272,0.3320259111673425,0.6679740888326575,0.5640053921729747,3.625365197470883,0.7274411806939999,1.3050921804438147,8.659243231396257,26.08002249267817,0.3782137913017772,0.001316619239626986,0.998683380760373,0.3782137913017771,"[0.013038604122957563,8.646204627273299]","[9.903094023334761,16.176928469343412]","[0.0015057440672971093,0.9984942559327029]","[0.3797195353690742,0.6202804646309257]",0.0,1.0,0.0,1.0,0.0,0.0,1.0,26.08002249267817,26.08002249267817,0.0016941290621310667,0.9955384727296571,0.00446152727034288,0.0016941290621309557,"[9.858911099288884,16.221111393389286]","[9.903094023334761,16.176928469343412]","[0.37802540630694326,0.6219745936930569]","[0.3797195353690742,0.6202804646309257]"
sample_0785,3,1.649831912578731,6.81469001496033,4.989654309059297,medium,"multi_[1.5,2)","multi_[5,10)mm",0.7240445159844443,0.6916994234286707,0.30830057657132925,0.6796365303319082,2.7552045796968616,0.7164897892331434,0.8699108786578772,12.18599086127534,17.617465691775266,0.33820006801425895,1.1600761734514695,0.16007617345146952,0.29100012159256017,"[3.070893732834131,0.33205033053571725,8.783046797905493]","[3.6080926664875066,6.43827812746386,7.571094897823898]","[0.25200197241184724,0.027248529423315692,0.7207494981648371]","[0.20480202599014846,0.3654485974375746,0.42974937657227696]",0.7565933273915428,0.36954883095219226,0.6304511690478077,0.5789512251589665,3.469306828153126,0.7547006715918303,1.0887545399267327,6.510513850735904,17.617465691775266,0.37482057759856946,0.6918634492378127,0.30813655076218727,0.37482057759856946,"[1.2677490934304623,0.004600926790194505,5.238163830515248]","[3.6080926664875066,6.43827812746386,7.571094897823898]","[0.19472335402330254,0.0007066918058510001,0.8045699541708464]","[0.20480202599014846,0.3654485974375746,0.42974937657227696]",0.0,1.0,0.0,1.0,0.0,0.0,1.0,17.617465691775266,17.617465691775266,0.0018277702639767357,0.9957468925759587,0.00425310742404128,0.0018277702639767357,"[3.6265075310867916,6.452063942782635,7.538894217905843]","[3.6080926664875066,6.43827812746386,7.571094897823898]","[0.2058472878298171,0.3662311058618827,0.42792160630830023]","[0.20480202599014846,0.3654485974375746,0.42974937657227696]"
sample_0787,3,1.2577913193913945,9.282241108697834,3.7672234873765897,medium,"multi_[1.25,1.5)","multi_[5,10)mm",0.9145970891738044,0.4161618503142771,0.5838381496857229,0.306916587745577,5.924032245291348,0.9131943249154683,0.8894805948498375,6.866969806757217,16.500719135046662,0.5061584003438357,0.2083817204908731,0.7916182795091269,0.15341413409639929,"[1.0565404216523826,1.0445666082880602,4.765862776816776]","[5.070216423799312,8.330534938504906,3.099967772742441]","[0.15385831762544352,0.1521146353752988,0.6940270469992577]","[0.3072724517218428,0.5048589016227353,0.187868646655422]",0.9121566601039589,0.20868583189924547,0.7913141681007545,0.26472477061672106,9.416374360187868,0.9109035065496974,1.131015104066836,3.4434662996330108,16.500719135046662,0.7513114204648098,0.02929569253593154,0.9707043074640684,0.2641369921246093,"[0.14853550144225502,0.06089588777516838,3.2340349104155868]","[5.070216423799312,8.330534938504906,3.099967772742441]","[0.04313545959723355,0.017684473282534637,0.9391800671202317]","[0.3072724517218428,0.5048589016227353,0.187868646655422]",0.0,1.0,0.0,1.0,0.0,0.0,1.0,16.500719135046662,16.500719135046662,0.0005455594592519569,0.9982245090433757,0.001775490956624326,0.0005455594592519986,"[5.061214300390729,8.334275435044178,3.1052293996117575]","[5.070216423799312,8.330534938504906,3.099967772742441]","[0.3067268922625908,0.5050855885027831,0.18818751923462612]","[0.3072724517218428,0.5048589016227353,0.187868646655422]"
sample_0791,3,2.2833365884708146,5.3404119691274765,1.3593075433452715,shallow,multi_>=2,"multi_[5,10)mm",0.9611555568237515,2.4943597522736085,1.4943597522736083,0.4618894957036364,2.6817119655605515,0.8825829861652776,0.5526242117727732,11.541322066697163,4.626967724353815,0.2680478071561523,0.5440632647705175,0.4559367352294825,0.11301334051389894,"[0.10306651489443319,11.07439578458871,0.36385976721401847]","[0.7586593008993203,3.199526333622548,0.6687820898319468]","[0.008930217378807476,0.95954308532332,0.03152669729787257]","[0.16396468402106087,0.6914952781671677,0.14454003781177152]",0.8237448091985483,0.8604903506535224,0.13950964934647758,0.44281334665304123,2.973730675324901,0.8166587497333793,1.2297319719020066,3.9814610795917447,4.626967724353815,0.30487333209464496,0.01902954847318523,0.9809704515268147,0.14134356773657988,"[0.0017316157109666765,3.9670028426843222,0.012726621196455151]","[0.7586593008993203,3.199526333622548,0.6687820898319468]","[0.000434919662995735,0.9963686102618127,0.0031964700751916254]","[0.16396468402106087,0.6914952781671677,0.14454003781177152]",0.0,1.0,0.0,1.0,0.0,0.0,1.0,4.626967724353815,4.626967724353815,0.00563652015944778,0.9610037450883465,0.03899625491165348,0.00563652015944785,"[0.7796171843372844,3.2046484470400176,0.6427020929765118]","[0.7586593008993203,3.199526333622548,0.6687820898319468]","[0.16849419118136663,0.6926022911663097,0.13890351765232367]","[0.16396468402106087,0.6914952781671677,0.14454003781177152]"
sample_0796,3,1.6870233642482413,8.513518661517105,4.252448230764556,medium,"multi_[1.5,2)","multi_[5,10)mm",0.864291230610444,0.6487931374292265,0.3512068625707735,0.49501510991377884,8.397977478327588,0.8481461917363814,0.7611119445220179,12.634824324341475,19.474349519795503,0.3246554823274886,0.11363778219844581,0.8863622178015542,0.05394731787893761,"[0.7766205885746873,0.1447377906124137,11.713465945154374]","[6.468888845182795,1.2736766576424197,11.731784016970288]","[0.06146667089612777,0.011455465220325287,0.927077863883547]","[0.33217483534467873,0.0654027830992629,0.6024223815560583]",0.8590283050573831,0.42420851504936713,0.5757914849506329,0.46280376130039425,10.348536450029501,0.8539087562203574,0.8474999582935807,8.261184891344806,19.474349519795503,0.3955197216284564,0.002420419452456251,0.9975795805475437,0.06502961244652432,"[0.013917834321735899,0.003082831758297173,8.244184225264773]","[6.468888845182795,1.2736766576424197,11.731784016970288]","[0.0016847261627466455,0.0003731706527385724,0.9979421031845147]","[0.33217483534467873,0.0654027830992629,0.6024223815560583]",0.0,1.0,0.0,1.0,0.0,0.0,1.0,19.474349519795503,19.474349519795503,0.003107155341363174,0.987340532389677,0.012659467610322994,0.0008279644142701048,"[6.424503084446238,1.257552589248971,11.792293846100295]","[6.468888845182795,1.2736766576424197,11.731784016970288]","[0.3298956444175857,0.06457481868499279,0.6055295368974215]","[0.33217483534467873,0.0654027830992629,0.6024223815560583]"
sample_0807,2,2.1999796996391363,6.3655321851358195,7.147547815925552,deep,multi_>=2,"multi_[5,10)mm",1.473708228514911,8.656627700661831,7.656627700661831,0.29462686135080446,1.4088285547635586,0.9485461694459573,0.21920272449213354,11.426080189147093,1.3199227902885933,0.23644466734863798,14.64976651584623,13.64976651584623,0.23644466734863795,"[6.603940583959051,4.822139605188043]","[0.45078811166142196,0.8691346786271713]","[0.5779707891628236,0.42202921083717637]","[0.3415261218141857,0.6584738781858144]",1.1503578234442535,3.650337001347429,2.650337001347429,0.3379379503030494,2.34544931622171,0.9407857735078735,0.33866211869709983,4.818163000312195,1.3199227902885933,0.40726723868183956,8.003335427645734,7.003335427645734,0.4072672386818395,"[3.607808464421379,1.210354535890815]","[0.45078811166142196,0.8691346786271713]","[0.7487933604960252,0.2512066395039748]","[0.3415261218141857,0.6584738781858144]",0.0,1.0,0.0,1.0,0.0,0.0,1.0,1.3199227902885933,1.3199227902885933,0.015229852041939967,0.9554064797121841,0.044593520287815935,0.015229852041939995,"[0.4306858828585421,0.8892369074300511]","[0.45078811166142196,0.8691346786271713]","[0.3262962697722457,0.6737037302277543]","[0.3415261218141857,0.6584738781858144]"
sample_0814,3,1.9071436286059582,12.167168939404105,6.354186135441093,deep,"multi_[1.5,2)","multi_[10,20)mm",1.180309408018228,1.202128801764072,0.20212880176407216,0.3321477828489258,8.421716184216848,0.9424390661418814,0.31998854373212493,10.95196754066882,9.110477616539326,0.6336643432158993,3.8781102494455353,2.8781102494455353,0.6336643432158993,"[0.626849191265302,0.26765471723377554,10.057463632169743]","[4.5414474575250905,1.9756372471939256,2.593392911820309]","[0.05723621704845021,0.02443896187966882,0.918324821071881]","[0.4984862099085195,0.21685331223549884,0.28466047785598164]",1.0906776603373218,0.8521917942445842,0.14780820575541576,0.34660693018031824,9.513239268135967,0.9368476468753759,0.3850835295312254,7.763874266463771,9.110477616539326,0.7137190384517795,2.9888618109107585,1.9888618109107585,0.7137190384517795,"[0.01154977206081183,0.0010314595765851726,7.751293034826374]","[4.5414474575250905,1.9756372471939256,2.593392911820309]","[0.0014876299724096934,0.00013285371982910455,0.9983795163077612]","[0.4984862099085195,0.21685331223549884,0.28466047785598164]",0.0,1.0,0.0,1.0,0.0,0.0,1.0,9.110477616539326,9.110477616539326,0.0006558483409460497,1.0022332831320104,0.002233283132010433,0.000635727443545897,"[4.541630768510479,1.969662155563892,2.599184692464953]","[4.5414474575250905,1.9756372471939256,2.593392911820309]","[0.49850633080591966,0.2161974638945528,0.28529620529952754]","[0.4984862099085195,0.21685331223549884,0.28466047785598164]"
sample_0815,2,1.172184886313242,22.909386722476878,4.384378497179173,medium,"multi_[1,1.25)",multi_>=20mm,0.7716745600479841,0.5765106751815762,0.4234893248184239,0.5437228552936623,9.490342459889558,0.7666104918589002,1.1593583437037451,4.310881155969438,7.477539170652297,0.4397792363641998,1.116508005578728,0.11650800557872798,0.43977923636419985,"[0.39101715368557755,3.9198640022838607]","[3.9667143644727405,3.5108248061795564]","[0.09070469343468712,0.9092953065653129]","[0.5304839297988869,0.469516070201113]",0.7872406837100522,0.3130967542593805,0.6869032457406196,0.4957756671990292,12.005856255503035,0.771502202152313,1.3265806583240145,2.341193244178614,7.477539170652297,0.5295883614737114,0.6662527112001903,0.33374728879980975,0.5295883614737114,"[0.0020966985126013964,2.339096545666012]","[3.9667143644727405,3.5108248061795564]","[0.0008955683251755685,0.9991044316748244]","[0.5304839297988869,0.469516070201113]",0.0,1.0,0.0,1.0,0.0,0.0,1.0,7.477539170652297,7.477539170652297,0.00014235587902119984,0.9996968029678723,0.0003031970321276667,0.00014235587902117208,"[3.9677788361342943,3.5097603345180026]","[3.9667143644727405,3.5108248061795564]","[0.5306262856779081,0.46937371432209185]","[0.5304839297988869,0.469516070201113]"
sample_0817,3,1.2062928293305493,8.268010643437753,2.914063968844003,shallow,"multi_[1,1.25)","multi_[5,10)mm",0.8572953911078285,0.37338106092875434,0.6266189390712457,0.353799303214226,3.199312143881779,0.8415813834117227,1.4336924364701815,10.562303876853257,28.288268961956465,0.17424864030394993,0.3677679519554878,0.6322320480445123,0.011146344253655793,"[2.6176944606793637,0.23093120579810228,7.71367821037579]","[2.0815929167035323,5.2323682803680684,20.974307764884863]","[0.24783366310979804,0.02186371538733856,0.7303026215028634]","[0.07358502280584814,0.1849660114376327,0.7414489657565192]",0.9000109445288137,0.14766511232999108,0.852334887670009,0.23264560848861135,3.7222959994554503,0.8564443497536842,2.1544817108807046,4.177190413888302,28.288268961956465,0.21302115165835414,0.14189258872892402,0.858107411271076,0.028984718098148732,"[1.1972085645330637,0.0038830237985519158,2.9760988255566856]","[2.0815929167035323,5.2323682803680684,20.974307764884863]","[0.2866061744642023,0.0009295778774272914,0.7124642476583705]","[0.07358502280584814,0.1849660114376327,0.7414489657565192]",0.0,1.0,0.0,1.0,0.0,0.0,1.0,28.288268961956465,28.288268961956465,0.016277073225823648,1.0177467517278769,0.017746751727876875,0.01315831071417184,"[1.6211426913779712,5.320592673126142,21.346533597452353]","[2.0815929167035323,5.2323682803680684,20.974307764884863]","[0.05730794958002443,0.18808477394928444,0.754607276470691]","[0.07358502280584814,0.1849660114376327,0.7414489657565192]"
sample_0823,3,1.3409047569371944,2.236067977499789,3.699106814514138,medium,"multi_[1.25,1.5)",multi_<5mm,0.5773250771408869,1.5359333758224827,0.5359333758224826,0.8471731636777223,1.9097157250307508,0.5255195418528043,0.7806713223734065,16.18074067559798,10.534793325220436,0.14798309891290248,2.4709108478176653,1.4709108478176653,0.14798309891290243,"[9.289039666183129,0.5637013881893224,6.327999621225528]","[7.1786509717223135,0.7951435919222103,2.560998761575912]","[0.5740800036547054,0.03483779880604817,0.39108219753924633]","[0.6814230474305107,0.07547785394314532,0.2430990986263439]",0.4770673613377987,0.9255659069485973,0.0744340930514027,0.866945335582772,1.8957373574988436,0.4758402705416058,1.0404514474779236,9.750645538573682,10.534793325220436,0.15922325695879688,1.531786246995585,0.531786246995585,0.15922325695879688,"[5.567797211714353,0.2599456453046208,3.9229026815547074]","[7.1786509717223135,0.7951435919222103,2.560998761575912]","[0.5710183176783603,0.02665932673649887,0.4023223555851408]","[0.6814230474305107,0.07547785394314532,0.2430990986263439]",0.0,1.0,0.0,1.0,0.0,0.0,1.0,10.534793325220436,10.534793325220436,0.003006260301258487,0.9984599538178086,0.0015400461821913902,0.00037438383873372727,"[7.210321302677888,0.767417317332,2.5570547052105503]","[7.1786509717223135,0.7951435919222103,2.560998761575912]","[0.6844293077317692,0.07284597748062058,0.24272471478761018]","[0.6814230474305107,0.07547785394314532,0.2430990986263439]"
sample_0833,3,1.3635411789557732,6.086049621881175,6.101589131728105,deep,"multi_[1.25,1.5)","multi_[5,10)mm",0.5958746311409855,1.421547990192846,0.4215479901928461,0.822852258153189,0.3148657194918503,0.5669153217278116,0.8178225414365256,21.52811381508227,15.144134396870966,0.07293531447589122,1.5339336595935804,0.5339336595935804,0.0729353144758913,"[21.43085418372668,0.07483946923281837,0.022420162122775852]","[13.971174078939528,0.4683823247918301,0.7045779931396069]","[0.995482203773586,0.003476359790535247,0.0010414364358789588]","[0.9225468892976947,0.03092829953282809,0.04652481116947725]",0.5657663511003636,0.7708044170285339,0.22919558297146608,0.7906967585403323,0.9059814795818423,0.5570109167249341,1.1355677412758727,11.673165685181893,15.144134396870966,0.07745311070230533,0.8355178755361936,0.1644821244638064,0.07745311070230532,"[11.67316568518189,0.0,0.0]","[13.971174078939528,0.4683823247918301,0.7045779931396069]","[1.0,0.0,0.0]","[0.9225468892976947,0.03092829953282809,0.04652481116947725]",0.0,1.0,0.0,1.0,0.0,0.0,1.0,15.144134396870966,15.144134396870966,0.05334547901106293,1.0578241384041445,0.057824138404144465,0.0533454790110629,"[14.779045182548524,0.08137766487284182,0.2837115494495985]","[13.971174078939528,0.4683823247918301,0.7045779931396069]","[0.9758923683087576,0.005373543494810494,0.018734088196431888]","[0.9225468892976947,0.03092829953282809,0.04652481116947725]"
sample_0836,2,1.093206524686703,24.904618045655706,1.307879702338943,shallow,"multi_[1,1.25)",multi_>=20mm,0.7933903077278732,2.00222128337691,1.00222128337691,0.5715083135614029,1.383270847418309,0.78995794404883,0.8926743815501768,8.546432476357527,4.26847549135192,0.0918500217707296,2.6313147934158465,1.6313147934158465,0.09185002177072954,"[5.263048066179295,3.283384410178231]","[3.0206641620522054,1.2478113292997144]","[0.6158181300488548,0.38418186995114517]","[0.7076681518195844,0.29233184818041563]",0.7638487220794485,0.8349402315459763,0.16505976845402368,0.5090497502835473,0.3387825084445826,0.7180221304870903,1.5984791899168158,3.563921915097697,4.26847549135192,0.04520191559044928,0.9640431606463296,0.035956839353670444,0.04520191559044928,"[2.3609779373093027,1.2029439777883946]","[3.0206641620522054,1.2478113292997144]","[0.6624662362291351,0.3375337637708649]","[0.7076681518195844,0.29233184818041563]",0.0,1.0,0.0,1.0,0.0,0.0,1.0,4.26847549135192,4.26847549135192,0.058624502412991664,1.2005409358504482,0.2005409358504482,0.058624502412991664,"[2.7704269103096495,1.498048581042271]","[3.0206641620522054,1.2478113292997144]","[0.6490436494065928,0.3509563505934073]","[0.7076681518195844,0.29233184818041563]"
sample_0858,1,1.0,nan,7.127517044081934,deep,single,single,0.9611386239227154,0.5051190425527906,0.4948809574472094,0.09313388393617547,1.0140343652668142,0.9406910613524001,2.3881004531287457,3.8853251188821822,7.6918999118433,nan,nan,nan,nan,[3.8853251188821822],[7.6918999118433],[1.0],[1.0],0.9879382003184042,0.07170281316892209,0.9282971868310779,0.025409601346327557,0.7104697585027266,0.9498879846032185,7.615030675995757,0.5515308622929485,7.6918999118433,nan,nan,nan,nan,[0.5515308622929485],[7.6918999118433],[1.0],[1.0],0.0,1.0,0.0,1.0,0.0,0.0,1.0,7.6918999118433,7.6918999118433,nan,nan,nan,nan,[7.6918999118433],[7.6918999118433],[1.0],[1.0]
sample_0860,2,1.9227186558774578,7.2746133917892815,4.093656924442103,medium,"multi_[1.5,2)","multi_[5,10)mm",0.904022638623049,2.5737568959960533,1.5737568959960535,0.5183194493853576,1.1746144107804084,0.8492676720035394,0.6301747383299833,10.15639163269253,3.946134791709599,0.04275244371929458,2.1070009422781597,1.1070009422781597,0.042752443719294625,"[1.96008654050108,8.196305092191448]","[0.9302732149620062,3.015861576747593]","[0.19299044497178844,0.8070095550282115]","[0.23574288869108306,0.7642571113089169]",0.8681030807821293,0.8415326486186252,0.15846735138137485,0.37677967045048627,1.413037282437394,0.8672434117640035,1.0841007511842409,3.3208012630734856,3.946134791709599,0.1900601543339765,0.16307390077862857,0.8369260992213714,0.1900601543339765,"[0.15170328195373,3.169097981119756]","[0.9302732149620062,3.015861576747593]","[0.04568273435710656,0.9543172656428934]","[0.23574288869108306,0.7642571113089169]",0.0,1.0,0.0,1.0,0.0,0.0,1.0,3.946134791709599,3.946134791709599,0.018671767605524442,1.079203948459255,0.07920394845925505,0.018671767605524414,"[1.0039545267328824,2.9421802649767166]","[0.9302732149620062,3.015861576747593]","[0.2544146562966075,0.7455853437033925]","[0.23574288869108306,0.7642571113089169]"
sample_0862,3,1.1534755190043757,3.841874542459708,5.57985598469932,medium,"multi_[1,1.25)",multi_<5mm,0.8782223522791659,0.3512941120728893,0.6487058879271107,0.3548498614943402,7.933521408960269,0.8775099076570779,1.0796223452989393,5.170311040093001,14.71789837177864,0.5818114306140383,1.5882471840438968,0.5882471840438968,0.49883424285384426,"[0.9784541054545491,0.8802575032233977,3.3115994314150545]","[11.348326178559583,1.2845066790569193,2.0850655141621375]","[0.18924472780595986,0.17025233035255924,0.640502941841481]","[0.7710561584199981,0.08727514259236513,0.14166869898763676]",0.8817040313314399,0.1546344013075413,0.8453655986924586,0.32361442571357496,10.449497418653014,0.8767331738080427,1.2412821729615977,2.275893403225227,14.71789837177864,0.7780581519743646,1.0039014403413897,0.003901440341389728,0.7780581519743646,"[0.013231359262809331,0.16946177108888738,2.0932002728735304]","[11.348326178559583,1.2845066790569193,2.0850655141621375]","[0.005813699026526828,0.07445945001147188,0.9197268509620014]","[0.7710561584199981,0.08727514259236513,0.14166869898763676]",0.0,1.0,0.0,1.0,0.0,0.0,1.0,14.71789837177864,14.71789837177864,0.02169988514940497,0.9926059569462263,0.007394043053773669,0.0010475044596866823,"[11.667702882867795,0.9805470389303628,2.069648449980484]","[11.348326178559583,1.2845066790569193,2.0850655141621375]","[0.7927560435694031,0.06662276190264689,0.14062119452795008]","[0.7710561584199981,0.08727514259236513,0.14166869898763676]"
sample_0864,1,1.0,nan,7.435378736753319,deep,single,single,1.0110946183393748,4.120009263252446,3.120009263252446,0.46140768309482216,1.6925797881055769,0.8861633654060684,0.4876445038663372,7.665364376823303,1.8605211510549027,nan,nan,nan,nan,[7.665364376823303],[1.8605211510549027],[1.0],[1.0],0.8493635728511482,1.4453898252001613,0.44538982520016135,0.41907925898819,0.5247961677069622,0.8486213152393894,1.0719378589695925,2.6891783413044488,1.8605211510549027,nan,nan,nan,nan,[2.6891783413044488],[1.8605211510549027],[1.0],[1.0],0.0,1.0,0.0,1.0,0.0,0.0,1.0,1.8605211510549027,1.8605211510549027,nan,nan,nan,nan,[1.8605211510549027],[1.8605211510549027],[1.0],[1.0]
sample_0867,2,1.0405024850892302,8.128960573160631,1.891643063193572,shallow,"multi_[1,1.25)","multi_[5,10)mm",0.8692270569224375,1.2726145108239857,0.2726145108239857,0.4296469006201926,2.2318591677651525,0.8660920426985473,0.8714215970115327,10.578890837886856,8.312722154203076,0.23667945440230342,1.8255472909132098,0.8255472909132098,0.23667945440230342,"[2.312395110440981,8.266495727445873]","[3.784493404067191,4.528228750135884]","[0.21858578048271876,0.7814142195172812]","[0.4552652348850222,0.5447347651149778]",0.8702498255959163,0.43388074502103047,0.5661192549789695,0.30471920561763044,2.760512778689926,0.8329062076774718,1.8372437486061983,3.6067300814184557,8.312722154203076,0.38437395013554965,0.7400342467463846,0.2599657532536154,0.38437395013554965,"[0.25568572921632426,3.351044352202132]","[3.784493404067191,4.528228750135884]","[0.0708912847494726,0.9291087152505274]","[0.4552652348850222,0.5447347651149778]",0.0,1.0,0.0,1.0,0.0,0.0,1.0,8.312722154203076,8.312722154203076,0.0029398025487661628,1.005396759555351,0.005396759555351016,0.002939802548766135,"[3.76005564229108,4.552666511911996]","[3.784493404067191,4.528228750135884]","[0.452325432336256,0.5476745676637439]","[0.4552652348850222,0.5447347651149778]"
sample_0870,2,1.5744694389126552,27.160265094435296,4.537193071399517,medium,"multi_[1.5,2)",multi_>=20mm,0.47159009384017775,0.9994388494091266,0.0005611505908734058,0.8739591469506022,0.5017132530735784,0.47157221943677186,1.0046779140867028,12.826306869793038,12.833508400615022,0.012170860684425312,0.5104305278776248,0.4895694721223752,0.012170860684425324,"[12.663361018087661,0.16294585170537587]","[12.514276217573569,0.31923218304145395]","[0.9872959649757698,0.012704035024230256]","[0.9751251042913445,0.02487489570865558]",0.5407809656659562,0.5328623802332998,0.4671376197667002,0.7888534752980279,0.8060329376145048,0.47618503298141895,1.4113763070166334,6.838493833095769,12.833508400615022,0.023648182010759945,0.026278284282333156,0.9737217157176669,0.023648182010759983,"[6.830104959037737,0.00838887405803314]","[12.514276217573569,0.31923218304145395]","[0.9987732863021044,0.0012267136978955958]","[0.9751251042913445,0.02487489570865558]",0.0,1.0,0.0,1.0,0.0,0.0,1.0,12.833508400615022,12.833508400615022,6.134557111382895e-05,1.0024661639522976,0.0024661639522975953,6.134557111384456e-05,"[12.51348893867134,0.320019461943684]","[12.514276217573569,0.31923218304145395]","[0.9750637587202307,0.024936241279769424]","[0.9751251042913445,0.02487489570865558]"
sample_0873,3,2.2764124118910165,2.9732137494637008,1.695333634374568,shallow,multi_>=2,multi_<5mm,0.6700973460991305,1.6654486887287139,0.6654486887287139,0.7910473007535447,2.138606738101844,0.6084489737552363,0.7386778201474276,10.49277762648129,6.300270730340385,0.20546023655883805,1.1414578160878732,0.14145781608787322,0.11917785402535958,"[6.334859480427801,2.7240945300264223,1.4338236160270683]","[2.5092402638484366,2.3865047762892644,1.4045256902026835]","[0.6037352268326084,0.2596161499841044,0.13664862318328716]","[0.39827499027377034,0.378794004009464,0.22293100571676563]",0.6041421282371036,0.7464129865620801,0.2535870134379199,0.760703955066457,2.5164165533495635,0.599601535701909,1.1017809302859598,4.702603891983024,6.300270730340385,0.20184636096479902,0.47645496261644354,0.5235450373835564,0.13699986823091723,"[2.822133001996607,1.1370620439708654,0.7434088460155504]","[2.5092402638484366,2.3865047762892644,1.4045256902026835]","[0.6001213512385694,0.24179413577854678,0.15808451298288387]","[0.39827499027377034,0.378794004009464,0.22293100571676563]",0.0,1.0,0.0,1.0,0.0,0.0,1.0,6.300270730340385,6.300270730340385,0.018997345216798037,0.9498478196177482,0.050152180382251776,0.01899734521679808,"[2.5913388517147915,2.2668163582656997,1.442115520359893]","[2.5092402638484366,2.3865047762892644,1.4045256902026835]","[0.411305952176882,0.3597966587926659,0.22889738903045198]","[0.39827499027377034,0.378794004009464,0.22293100571676563]"
sample_0875,2,1.0763312608900961,4.009987531152683,3.647896273729184,medium,"multi_[1,1.25)",multi_<5mm,0.7403829977225888,0.6835556774533817,0.31644432254661825,0.5531550702565775,1.1848450891630162,0.7037263661475,1.4789389241001496,9.66669162835789,14.141776518295622,0.04957367370475335,0.041555296323714644,0.9584447036762853,0.04957367370475329,"[9.635673180216779,0.031018448141108525]","[13.395338617829802,0.746437900465819]","[0.9967912033057812,0.003208796694218923]","[0.9472175296010278,0.052782470398972214]",0.819518858892628,0.25388936355890623,0.7461106364410938,0.375610449452117,0.9756782992112696,0.6833453469867891,2.6289619641432105,3.59044663982236,14.141776518295622,0.052782470398972214,0.0,1.0,0.052782470398972214,"[3.59044663982236,0.0]","[13.395338617829802,0.746437900465819]","[1.0,0.0]","[0.9472175296010278,0.052782470398972214]",0.0,1.0,0.0,1.0,0.0,0.0,1.0,14.141776518295622,14.141776518295622,0.037840867279263946,0.2830788897671454,0.7169211102328545,0.037840867279263946,"[13.930475706151638,0.21130081214398302]","[13.395338617829802,0.746437900465819]","[0.9850583968802917,0.01494160311970827]","[0.9472175296010278,0.052782470398972214]"
sample_0877,2,2.835552562258467,27.897670153616772,3.561369440175601,medium,multi_>=2,multi_>=20mm,0.6010602182426334,2.0016340063716953,1.001634006371695,0.8017598919702177,3.7644457118598464,0.592287715552876,0.8873220583324599,6.733380195029162,3.363941746390774,0.16879096450934028,2.6211024208065163,1.6211024208065163,0.16879096450934028,"[1.924464580698192,4.80891561433097]","[1.5292497571890469,1.8346919892017273]","[0.28580958225393316,0.7141904177460668]","[0.45460054676327344,0.5453994532367266]",0.5607113142893965,1.0780671353313753,0.07806713533137541,0.7883248729341754,4.191397410199317,0.5422267342339869,1.2047239039777802,3.626555041953126,3.363941746390774,0.17214301709497948,1.4183346735651075,0.41833467356510745,0.17214301709497948,"[1.024347778356176,2.6022072635969495]","[1.5292497571890469,1.8346919892017273]","[0.28245752966829396,0.717542470331706]","[0.45460054676327344,0.5453994532367266]",0.0,1.0,0.0,1.0,0.0,0.0,1.0,3.363941746390774,3.363941746390774,0.026161207478216125,1.0479670584980603,0.04796705849806027,0.026161207478216153,"[1.4412449792170852,1.922696767173689]","[1.5292497571890469,1.8346919892017273]","[0.42843933928505734,0.5715606607149427]","[0.45460054676327344,0.5453994532367266]"
sample_0881,1,1.0,nan,1.7188877823849,shallow,single,single,0.5240622117821135,1.4721011669510933,0.47210116695109333,0.8304939965732957,3.010991351314084,0.5199012531332043,1.083606069375311,4.536127832545817,3.0813968050447973,nan,nan,nan,nan,[4.536127832545817],[3.0813968050447973],[1.0],[1.0],0.5492977759962552,0.8376498025564707,0.16235019744352935,0.7898586314656293,0.3780613985066491,0.5123358860038513,1.299822254803311,2.581131425343914,3.0813968050447973,nan,nan,nan,nan,[2.581131425343914],[3.0813968050447973],[1.0],[1.0],0.0,1.0,0.0,1.0,0.0,0.0,1.0,3.0813968050447973,3.0813968050447973,nan,nan,nan,nan,[3.0813968050447973],[3.0813968050447973],[1.0],[1.0]
sample_0891,3,1.756563126593278,7.675936424958196,1.6330750366750844,shallow,"multi_[1.5,2)","multi_[5,10)mm",1.4421759353943346,2.0922061500589275,1.0922061500589275,0.1250207719753178,6.555768886687627,0.9914674806011857,0.11068857550812679,17.97671568877366,8.592229636772332,0.6855802277862298,0.5927976422597543,0.4072023577402457,0.49021561378271133,"[14.195097923768188,3.484046851856809,0.2975709131486613]","[0.8940883224904806,5.877295393037606,1.8208459212442445]","[0.7896380056025992,0.19380886432067085,0.01655313007672989]","[0.10405777781636953,0.6840244781033822,0.2119177440802484]",1.1427130604092988,0.8901603410582607,0.10983965894173929,0.13165923010037212,7.587427646990922,0.9898904318622576,0.19900419619580123,7.648462063920155,8.592229636772332,0.8197070443049034,0.09736158951756814,0.9026384104824319,0.6092090685807606,"[7.065380197978505,0.5722228215304217,0.01085904441122906]","[0.8940883224904806,5.877295393037606,1.8208459212442445]","[0.9237648221212728,0.07481540952262156,0.0014197683561057433]","[0.10405777781636953,0.6840244781033822,0.2119177440802484]",0.0,1.0,0.0,1.0,0.0,0.0,1.0,8.592229636772332,8.592229636772332,0.0028471430195602734,0.9958376591617678,0.0041623408382321925,0.0028471430195603498,"[0.9109279658313171,5.852832086404812,1.8284695845362033]","[0.8940883224904806,5.877295393037606,1.8208459212442445]","[0.10601764668076386,0.6811773350838218,0.21280501823541428]","[0.10405777781636953,0.6840244781033822,0.2119177440802484]"
sample_0895,3,1.0210766096572361,1.8439088914585742,1.7754859856508,shallow,"multi_[1,1.25)",multi_<5mm,0.6594752115847022,0.8187370791808413,0.18126292081915876,0.6722427569943153,2.5627167145284946,0.6277439901634208,1.35067695895964,13.121027861026487,16.025935791443906,0.1869743313436398,0.7402168408654588,0.2597831591345412,0.044052211936424945,"[1.3743564287529138,6.297720084827244,5.4489513474463305]","[3.9690904712697863,4.695554619093289,7.36129070108083]","[0.10474457057096705,0.4799715503640855,0.4152838790649475]","[0.24766668997818184,0.2929972190204456,0.45933609100137246]",0.7386467136935785,0.3845313565547298,0.6154686434452702,0.5244318920463691,1.0967285832230937,0.6249578033526321,2.017600604049757,6.162474829942923,16.025935791443906,0.16232341191967384,0.42968679750366784,0.5703132024963322,0.05393974608147839,"[0.5259258029403762,2.473499600161594,3.163049426840952]","[3.9690904712697863,4.695554619093289,7.36129070108083]","[0.0853432780585081,0.40138088485864115,0.5132758370828508]","[0.24766668997818184,0.2929972190204456,0.45933609100137246]",0.0,1.0,0.0,1.0,0.0,0.0,1.0,16.025935791443906,16.025935791443906,0.026612346146444935,0.9420634549128747,0.05793654508712531,0.02661234614644492,"[4.109695240979537,4.981437599986145,6.9348029504782245]","[3.9690904712697863,4.695554619093289,7.36129070108083]","[0.25644026623229477,0.31083598891277764,0.43272374485492754]","[0.24766668997818184,0.2929972190204456,0.45933609100137246]"
sample_0896,1,1.0,nan,4.8869181927760845,medium,single,single,0.47858143621172194,0.9506636172924073,0.049336382707592684,0.8530155422223534,1.08355882402111,0.4583336288620328,1.1833884876312408,13.66937149582432,14.378767891376938,nan,nan,nan,nan,[13.66937149582432],[14.378767891376938],[1.0],[1.0],0.6390430807206665,0.37833414768719764,0.6216658523128024,0.6573852180030043,0.40022355934059717,0.45293948358490543,2.022828645309231,5.439978894976138,14.378767891376938,nan,nan,nan,nan,[5.439978894976138],[14.378767891376938],[1.0],[1.0],0.0,1.0,0.0,1.0,0.0,0.0,1.0,14.378767891376938,14.378767891376938,nan,nan,nan,nan,[14.378767891376938],[14.378767891376938],[1.0],[1.0]
sample_0898,3,1.8106687297380453,4.6173585522460785,4.116082770089854,medium,"multi_[1.5,2)",multi_<5mm,0.492182066280042,1.6419695400028123,0.6419695400028123,0.880963083197149,1.921758596555503,0.4722684013020744,0.8641378331775934,11.963885807928314,7.2863019175787045,0.044715421845292355,2.90972071291231,1.9097207129123102,0.033960365370686425,"[1.554000750421577,0.9325280365510511,9.477357020955685]","[0.8680602460500766,0.32048712868311446,6.097754542845513]","[0.1298909714928707,0.07794524718157012,0.7921637813255591]","[0.11913591501826484,0.04398488181088369,0.8368792031708515]",0.5063296611392032,0.7027356349570518,0.2972643650429482,0.82527539481259,0.6940667078683088,0.46518592693748156,1.2917470168863452,5.120344004538455,7.2863019175787045,0.0872515310151435,0.8701682323576873,0.12983176764231275,0.01047976314507846,"[0.16325901446878394,0.27887771825957636,4.678207271810094]","[0.8680602460500766,0.32048712868311446,6.097754542845513]","[0.0318843840031213,0.05446464495596215,0.9136509710409165]","[0.11913591501826484,0.04398488181088369,0.8368792031708515]",0.0,1.0,0.0,1.0,0.0,0.0,1.0,7.2863019175787045,7.2863019175787045,0.008929207149216946,1.0653015632975495,0.06530156329754955,0.002872281543708652,"[0.9121928347041233,0.34141543920286477,6.032693643671717]","[0.8680602460500766,0.32048712868311446,6.097754542845513]","[0.12519284062377312,0.04685716335459234,0.8279499960216345]","[0.11913591501826484,0.04398488181088369,0.8368792031708515]"
sample_0899,1,1.0,nan,5.129063492354709,medium,single,single,0.3122665126150456,1.2783893416356775,0.2783893416356775,0.9452636462045394,2.78838907966264,0.3049581286457555,1.0758734296222099,5.647714404776126,4.41783596032643,nan,nan,nan,nan,[5.647714404776126],[4.41783596032643],[1.0],[1.0],0.40701503371097464,0.6894833431507916,0.31051665684920843,0.8859832961731148,0.27034384320210914,0.2933691864622344,1.4186658473176577,3.046024307417655,4.41783596032643,nan,nan,nan,nan,[3.046024307417655],[4.41783596032643],[1.0],[1.0],0.0,1.0,0.0,1.0,0.0,0.0,1.0,4.41783596032643,4.41783596032643,nan,nan,nan,nan,[4.41783596032643],[4.41783596032643],[1.0],[1.0]
sample_0902,3,1.5625582835670477,8.879189152169246,4.265058173245092,medium,"multi_[1.5,2)","multi_[5,10)mm",0.713106456253218,1.5008528914663875,0.5008528914663876,0.7468016729373388,2.7506990633256736,0.6636588854063282,0.7413980651848258,16.177406430066906,10.778808850653574,0.21770893493472437,1.0830301115709706,0.08303011157097062,0.21770893493472432,"[9.129217771374348,3.672917103823606,3.375271554868949]","[8.429329594661148,1.5006514813767051,0.8488277746157205]","[0.5643189970431245,0.22703992260447997,0.20864108035239556]","[0.7820279319778488,0.13922238553156205,0.07874968249058908]",0.6979465560325823,0.7628580256009381,0.2371419743990619,0.686958345688144,2.7662864655099964,0.6972068235568434,0.957108704885479,8.222700838139502,10.778808850653574,0.2931392509133625,0.4769045180167103,0.5230954819832897,0.29313925091336246,"[4.019985367545867,2.566517436386656,1.6361980342069782]","[8.429329594661148,1.5006514813767051,0.8488277746157205]","[0.48888868106448635,0.3121258436744205,0.19898547526109323]","[0.7820279319778488,0.13922238553156205,0.07874968249058908]",0.0,1.0,0.0,1.0,0.0,0.0,1.0,10.778808850653574,10.778808850653574,0.02156021478921092,1.0210571466088683,0.02105714660886826,0.016467276815887666,"[8.6068272237504,1.2682580473847667,0.9037235795184071]","[8.429329594661148,1.5006514813767051,0.8488277746157205]","[0.7984952087937365,0.11766217074235116,0.08384262046391237]","[0.7820279319778488,0.13922238553156205,0.07874968249058908]"
sample_0911,1,1.0,nan,4.670511815472699,medium,single,single,1.1407221602875304,2.1568895307115072,1.156889530711507,0.30796044664990063,1.8555882964919392,0.9501059869588361,0.33070046562924077,24.00780910824556,11.130755083375062,nan,nan,nan,nan,[24.00780910824556],[11.130755083375062],[1.0],[1.0],0.9570952918544188,0.9408296798232962,0.05917032017670371,0.29103530142928435,1.8616966987531713,0.9370292607314097,0.641762070148952,10.472144741283287,11.130755083375062,nan,nan,nan,nan,[10.472144741283287],[11.130755083375062],[1.0],[1.0],0.0,1.0,0.0,1.0,0.0,0.0,1.0,11.130755083375062,11.130755083375062,nan,nan,nan,nan,[11.130755083375062],[11.130755083375062],[1.0],[1.0]
sample_0913,2,2.606378054563223,11.121151019566277,4.298644602538804,medium,multi_>=2,"multi_[10,20)mm",1.1258842996429665,1.2386629662040016,0.2386629662040016,0.28055667466646395,7.111917088744731,0.9588379251511328,0.32486144182853427,4.760036697584354,3.8428828724668596,0.6897107639611251,5.569858540365238,4.569858540365238,0.689710763961125,"[4.2219557338856575,0.5380809636986981]","[0.7580005314836608,3.084882340983199]","[0.886958652236491,0.11304134776350899]","[0.19724788827536602,0.802752111724634]",1.0130343316738435,0.5328386235927827,0.4671613764072174,0.26106844222801545,8.559994436001515,0.956687690433962,0.4663353722989112,2.0476364203935202,3.8428828724668596,0.7970418318660327,2.6859398626006046,1.6859398626006046,0.7970418318660327,"[2.035943843384409,0.01169257700911162]","[0.7580005314836608,3.084882340983199]","[0.9942897201413987,0.005710279858601317]","[0.19724788827536602,0.802752111724634]",0.0,1.0,0.0,1.0,0.0,0.0,1.0,3.8428828724668596,3.8428828724668596,0.024392223017829395,1.1236627840789701,0.12366278407897013,0.024392223017829395,"[0.8517369875402693,2.9911458849265906]","[0.7580005314836608,3.084882340983199]","[0.2216401112931954,0.7783598887068046]","[0.19724788827536602,0.802752111724634]"
sample_0914,2,1.4225481597832883,14.532721699667961,8.08687748932859,deep,"multi_[1.25,1.5)","multi_[10,20)mm",1.0539105856471274,2.3931020347932677,1.3931020347932677,0.3462785240030594,5.712450720526912,0.9356993541385786,0.4211177299632746,8.99910384978245,3.7604346655281056,0.39424403232283434,0.3883614743774982,0.6116385256225019,0.3942440323228344,"[0.6872936884131648,8.311810161369282]","[1.7697267462351227,1.9907079192929829]","[0.07637357006717732,0.9236264299328226]","[0.4706176023900117,0.5293823976099883]",0.9753629421078885,1.3042189551781946,0.3042189551781946,0.34936712576703705,6.932625232457187,0.926536968082121,0.5524798285574902,4.904430170490929,3.7604346655281056,0.46823442423926487,0.006604483346959103,0.9933955166530409,0.4682344242392648,"[0.011688130824177988,4.89274203966675]","[1.7697267462351227,1.9907079192929829]","[0.0023831781507469233,0.9976168218492532]","[0.4706176023900117,0.5293823976099883]",0.0,1.0,0.0,1.0,0.0,0.0,1.0,3.7604346655281056,3.7604346655281056,0.015117278303108161,1.0321222118049467,0.032122211804946676,0.015117278303108161,"[1.8265742836145664,1.933860381913539]","[1.7697267462351227,1.9907079192929829]","[0.4857348806931199,0.5142651193068801]","[0.4706176023900117,0.5293823976099883]"
sample_0920,3,2.324356292199915,6.468384651518493,2.813343254242887,shallow,multi_>=2,"multi_[5,10)mm",0.9004604408778761,0.467519455523555,0.5324805444764451,0.4338335649766846,12.094200805663519,0.8808884486612693,0.7171091901338305,7.092347759752653,15.170166024021903,0.5741410096268985,0.18760925724597197,0.812390742754028,0.07805183151847592,"[6.4051038898953045,0.31621418040519406,0.3710296894521522]","[4.990372398241935,8.202121015703481,1.9776726100764856]","[0.903100652543113,0.04458526162516066,0.05231408583172634]","[0.32895964291621455,0.5406744397335832,0.13036591735020225]",0.8852921888424554,0.2825972937916909,0.7174027062083091,0.39039324445136964,14.059749511615893,0.8827788035461804,0.8757348640515844,4.287047864759245,15.170166024021903,0.66821548734396,0.005834269590978294,0.9941657304090217,0.12767449063096084,"[4.274937512972903,0.0005720766164617085,0.011538275169879913]","[4.990372398241935,8.202121015703481,1.9776726100764856]","[0.9971751302601747,0.00013344302058401107,0.0026914267192414214]","[0.32895964291621455,0.5406744397335832,0.13036591735020225]",0.0,1.0,0.0,1.0,0.0,0.0,1.0,15.170166024021903,15.170166024021903,0.005596517843878504,0.989889151193609,0.010110848806391015,0.0013181100798343726,"[5.075272503089974,8.137216859604468,1.9576766613274617]","[4.990372398241935,8.202121015703481,1.9776726100764856]","[0.3345561607600931,0.5363960319695391,0.12904780727036788]","[0.32895964291621455,0.5406744397335832,0.13036591735020225]"
sample_0932,1,1.0,nan,2.7156670762757606,shallow,single,single,0.7878073375524761,0.9859256667111228,0.014074333288877156,0.4619986586799087,2.0536702249046184,0.7356318973172401,1.7129441050059244,6.481081825235855,6.573600874856642,nan,nan,nan,nan,[6.481081825235855],[6.573600874856642],[1.0],[1.0],0.860137176454733,0.3424576436820936,0.6575423563179064,0.2923661955547636,0.8107705794384228,0.7029747412427083,3.2992089084984197,2.2511798661099545,6.573600874856642,nan,nan,nan,nan,[2.2511798661099545],[6.573600874856642],[1.0],[1.0],0.0,1.0,0.0,1.0,0.0,0.0,1.0,6.573600874856642,6.573600874856642,nan,nan,nan,nan,[6.573600874856642],[6.573600874856642],[1.0],[1.0]
sample_0933,1,1.0,nan,4.728598760826062,medium,single,single,0.776722470477221,1.3485800605844773,0.3485800605844772,0.6219592102855152,2.8312108307204906,0.7657037323370698,0.8314713264186834,5.812047361974589,4.309753296705007,nan,nan,nan,nan,[5.812047361974589],[4.309753296705007],[1.0],[1.0],0.7756525824210634,0.5846075568331074,0.41539244316689256,0.5280951711093554,0.8263065285019082,0.7668626824331527,1.2216365761404604,2.5195143453401445,4.309753296705007,nan,nan,nan,nan,[2.5195143453401445],[4.309753296705007],[1.0],[1.0],0.0,1.0,0.0,1.0,0.0,0.0,1.0,4.309753296705007,4.309753296705007,nan,nan,nan,nan,[4.309753296705007],[4.309753296705007],[1.0],[1.0]
sample_0937,1,1.0,nan,2.139053162348918,shallow,single,single,0.8606508219747144,1.1622900850017286,0.16229008500172853,0.374291309199791,0.8486661831037331,0.8568073365929669,1.1870362957572502,11.888760490911853,10.228737768931559,nan,nan,nan,nan,[11.888760490911853],[10.228737768931559],[1.0],[1.0],0.8407944268106196,0.4185553245976702,0.5814446754023298,0.3330979901706263,0.7572912489171377,0.7003668680897764,2.871536812742425,4.2812926570995975,10.228737768931559,nan,nan,nan,nan,[4.2812926570995975],[10.228737768931559],[1.0],[1.0],0.0,1.0,0.0,1.0,0.0,0.0,1.0,10.228737768931559,10.228737768931559,nan,nan,nan,nan,[10.228737768931559],[10.228737768931559],[1.0],[1.0]
sample_0938,2,1.038594854321465,16.638509548634456,5.818657410254771,medium,"multi_[1,1.25)","multi_[10,20)mm",0.4286393698501404,0.866793273348387,0.13320672665161298,0.8851796620757801,0.7698028979323631,0.4074769599281764,1.1704952579270549,21.060431646490684,24.296948642823562,0.05833594503910697,0.1481390443368108,0.8518609556631892,0.05833594503910694,"[20.80717954435603,0.25325210213465504]","[22.58739189991075,1.709556742912813]","[0.9879749804569246,0.012025019543075445]","[0.9296390354178176,0.07036096458218238]",0.49651247415134464,0.5463559258016506,0.4536440741983494,0.8256458176354063,1.110742135335615,0.4242031554073706,1.3984659006314795,13.274781869905025,24.296948642823562,0.07029727185261977,0.000494576793164783,0.9995054232068352,0.07029727185261973,"[13.27393636281338,0.0008455070916430505]","[22.58739189991075,1.709556742912813]","[0.9999363072704374,6.369272956265154e-05]","[0.9296390354178176,0.07036096458218238]",0.0,1.0,0.0,1.0,0.0,0.0,1.0,24.296948642823562,24.296948642823562,0.0006831264055162378,0.9902911165363816,0.009708883463618423,0.0006831264055162101,"[22.603989787102137,1.6929588557214292]","[22.58739189991075,1.709556742912813]","[0.9303221618233338,0.06967783817666617]","[0.9296390354178176,0.07036096458218238]"
sample_0942,2,1.0773604259188023,17.786511743453243,4.679989245945555,medium,"multi_[1,1.25)","multi_[10,20)mm",0.595789935573319,0.9790388833085311,0.020961116691468926,0.806819425830422,2.152397021210534,0.5859920934219145,0.8827728870324869,11.555543900309214,11.80294684646109,0.15842425687499476,0.10306684533804816,0.8969331546619519,0.15842425687499478,"[11.340146324785895,0.21539757552331593]","[9.71306454903717,2.08988229742392]","[0.9813598063940935,0.01864019360590653]","[0.8229355495190988,0.1770644504809013]",0.6114685127487678,0.6239762897154203,0.37602371028457976,0.7703032630660178,3.2174320496529694,0.6114606855265466,0.9961052250759647,7.364758980963111,11.80294684646109,0.17701099708027757,0.0001883701358644447,0.9998116298641355,0.1770109970802776,"[7.364365309550806,0.00039367141230644165]","[9.71306454903717,2.08988229742392]","[0.9999465465993763,5.3453400623703785e-05]","[0.8229355495190988,0.1770644504809013]",0.0,1.0,0.0,1.0,0.0,0.0,1.0,11.80294684646109,11.80294684646109,0.029603265461544723,0.8328107907536311,0.16718920924636893,0.029603265461544764,"[10.062470317761463,1.74047652869963]","[9.71306454903717,2.08988229742392]","[0.8525388149806434,0.14746118501935654]","[0.8229355495190988,0.1770644504809013]"
sample_0952,3,1.427116127341031,9.883319280484672,6.298150594544278,deep,"multi_[1.25,1.5)","multi_[5,10)mm",0.6648266716365939,0.9022756298490802,0.09772437015091989,0.7637085953587526,2.7707096059605023,0.6427075531700964,0.8183424422210229,11.756324564337927,13.029637702067115,0.3058241406970278,1.3147430416511638,0.31474304165116385,0.3058241406970278,"[0.07077173901889455,11.460262648051046,0.22529017726798603]","[0.8301810996770694,8.716731927828492,3.4827246745615525]","[0.006019886456144311,0.974816796298312,0.019163317245543703]","[0.06371482604964247,0.6689926556012842,0.26729251834907336]",0.6399585154487027,0.5523119989286851,0.44768800107131485,0.7341593939292953,3.1251067937453527,0.6391891351725085,1.0425269071559917,7.196425244545248,13.029637702067115,0.3307760365223519,0.8253965722789958,0.17460342772100423,0.3307760365223519,"[0.0003938820939668938,7.19476065470452,0.001270707746760819]","[0.8301810996770694,8.716731927828492,3.4827246745615525]","[5.4733020990588193e-05,0.9997686921236361,0.00017657485537336625]","[0.06371482604964247,0.6689926556012842,0.26729251834907336]",0.0,1.0,0.0,1.0,0.0,0.0,1.0,13.029637702067115,13.029637702067115,0.023375887592253435,1.0216381026804162,0.021638102680416216,0.014475731774344691,"[0.5256017533857616,8.905345468320508,3.5986904803608493]","[0.8301810996770694,8.716731927828492,3.4827246745615525]","[0.040338938457389055,0.6834683873756289,0.2761926741669821]","[0.06371482604964247,0.6689926556012842,0.26729251834907336]"
sample_0953,2,1.1557830786336363,7.743384273042375,7.422354606579554,deep,"multi_[1,1.25)","multi_[5,10)mm",0.95721330608744,2.7543272277691258,1.7543272277691255,0.29195199823078066,1.6506565354866698,0.9369602708596426,0.6408139942477427,8.043907049080055,2.920461653205686,0.1345442834430988,0.9057449988878303,0.09425500111216967,0.13454428344309882,"[0.5302729389077536,7.5136341101723]","[0.5854550006446394,2.335006652561047]","[0.06592231059760922,0.9340776894023907]","[0.20046659404070805,0.7995334059592919]",0.9037600226982935,0.9157659202637116,0.0842340797362884,0.2484098492053967,2.1333392235774236,0.8893175644879233,1.5429891246277154,2.6744592534427856,2.920461653205686,0.1996595086486632,0.003686905044275337,0.9963130949557246,0.19965950864866316,"[0.0021585169950729417,2.672300736447713]","[0.5854550006446394,2.335006652561047]","[0.0008070853920448851,0.9991929146079551]","[0.20046659404070805,0.7995334059592919]",0.0,1.0,0.0,1.0,0.0,0.0,1.0,2.920461653205686,2.920461653205686,0.004055307701173322,1.0202293440489634,0.02022934404896337,0.004055307701173405,"[0.5972983712778659,2.32316328192782]","[0.5854550006446394,2.335006652561047]","[0.20452190174188145,0.7954780982581187]","[0.20046659404070805,0.7995334059592919]"
sample_0960,2,1.9749770915457734,23.851205420271743,2.2175016404611956,shallow,"multi_[1.5,2)",multi_>=20mm,0.9342810105457039,1.4512563309500321,0.4512563309500322,0.4182908828952159,6.187315952608219,0.8954866966035278,0.6255478139922381,11.479308659880598,7.909911168047017,0.26427428567288425,4.470060805419441,3.4700608054194406,0.26427428567288425,"[4.492096599447364,6.987212060433233]","[1.0049296407783106,6.904981527268706]","[0.3913211790486073,0.6086788209513926]","[0.12704689337572309,0.8729531066242768]",0.9482462633555072,0.558776367142891,0.441223632857109,0.2648043523754245,10.885436701674859,0.9391444605816468,0.723830203748124,4.419871426904294,7.909911168047017,0.4611225434730125,2.586880894559662,1.5868808945596622,0.4611225434730126,"[2.599633288106116,1.8202381387981779]","[1.0049296407783106,6.904981527268706]","[0.5881694368487357,0.4118305631512644]","[0.12704689337572309,0.8729531066242768]",0.0,1.0,0.0,1.0,0.0,0.0,1.0,7.909911168047017,7.909911168047017,0.0023060122297430263,1.0181508745981165,0.018150874598116484,0.0023060122297430263,"[1.023169992668008,6.886741175379009]","[1.0049296407783106,6.904981527268706]","[0.1293529056054661,0.8706470943945338]","[0.12704689337572309,0.8729531066242768]"
sample_0962,3,1.1516578858366326,3.411744421846395,6.04794449539221,deep,"multi_[1,1.25)",multi_<5mm,0.6653266811153424,0.6286381016609148,0.3713618983390851,0.6845030588734741,5.32750086191935,0.6547068743895244,1.1857300201375496,7.130716567454587,11.343118637916843,0.3641463909452238,1.0354468693622636,0.0354468693622636,0.36414639094522383,"[0.21732796445074273,0.30422200438231684,6.6091665986215276]","[1.8644164753853592,3.0957898237340884,6.3829123387973965]","[0.03047771740678246,0.04266359509657433,0.9268586874966432]","[0.16436542144178418,0.2729222820067963,0.5627122965514194]",0.7704953921493641,0.20571291236482842,0.7942870876351716,0.48318864735145667,6.5316475687631534,0.6955723282084625,1.8563248079655978,2.3334259703056395,11.343118637916843,0.43015785811959717,0.36296738558800773,0.6370326144119922,0.43015785811959717,"[0.007894791533107251,0.008742174721804722,2.316789004050727]","[1.8644164753853592,3.0957898237340884,6.3829123387973965]","[0.0033833477614347318,0.003746497567548563,0.9928701546710166]","[0.16436542144178418,0.2729222820067963,0.5627122965514194]",0.0,1.0,0.0,1.0,0.0,0.0,1.0,11.343118637916843,11.343118637916843,0.0016577339759925036,1.0028457457632676,0.002845745763267571,0.0016013361338498289,"[1.8456126022255708,3.0964295511484354,6.401076484542838]","[1.8644164753853592,3.0957898237340884,6.3829123387973965]","[0.16270768746579173,0.27297867984893903,0.5643136326852692]","[0.16436542144178418,0.2729222820067963,0.5627122965514194]"
sample_0963,3,1.8980885981477864,8.072174428244226,5.861878025232826,medium,"multi_[1.5,2)","multi_[5,10)mm",0.5651654331099956,1.1534143452545138,0.15341434525451375,0.7945147729175563,1.6610156491640122,0.5591842785720463,1.1097742843101495,8.732533825138562,7.571029319226675,0.17585817423006025,1.8267129017535662,0.8267129017535662,0.17585817423006034,"[4.251275604259913,0.3148151773985161,4.1664430434801325]","[3.894805868113236,1.3953817055493025,2.2808417455641363]","[0.48683185079932484,0.03605083973362346,0.47711730946705183]","[0.5144354491168529,0.18430541564615557,0.3012591352369915]",0.668496412853235,0.4712267436278736,0.5287732563721265,0.6320356443830571,2.156715819732862,0.561529132760429,1.780519824767957,3.5676714920103425,7.571029319226675,0.18381579581536384,0.6607469119461193,0.33925308805388066,0.12116180329232601,"[2.0588655492788046,0.0017468027122386784,1.5070591400192994]","[3.894805868113236,1.3953817055493025,2.2808417455641363]","[0.5770894416398907,0.0004896198307917568,0.4224209385293175]","[0.5144354491168529,0.18430541564615557,0.3012591352369915]",0.0,1.0,0.0,1.0,0.0,0.0,1.0,7.571029319226675,7.571029319226675,0.041912421371367095,1.1391241508357777,0.13912415083577767,0.04191242137136714,"[3.785066465821698,1.1878009367984372,2.5981619166065397]","[3.894805868113236,1.3953817055493025,2.2808417455641363]","[0.4999408014719345,0.15688764191970694,0.34317155660835863]","[0.5144354491168529,0.18430541564615557,0.3012591352369915]"
sample_0968,2,1.1695735648960603,4.93963561409139,5.625476325000614,medium,"multi_[1,1.25)",multi_<5mm,0.7713986188197173,0.5556587379300629,0.44434126206993707,0.5406927071821365,3.041586503493668,0.7649879015695669,1.1821653658359046,3.3848800648535278,6.091652724589315,0.4342535832643616,0.18672909181675143,0.8132709081832485,0.4342535832643616,"[2.6409105749774904,0.743969489876038]","[2.107434290077031,3.984218434512284]","[0.7802080204846988,0.21979197951530116]","[0.3459544372203373,0.6540455627796627]",0.7811589880489025,0.2515301228548246,0.7484698771451753,0.47107446422179067,3.341195072462816,0.7213089324533499,1.7635321505468051,1.5322341582048773,6.091652724589315,0.6462276269655605,0.0030065892465273637,0.9969934107534726,0.6462276269655605,"[1.5202552499038566,0.01197890830102072]","[2.107434290077031,3.984218434512284]","[0.9921820641858978,0.007817935814102249]","[0.3459544372203373,0.6540455627796627]",0.0,1.0,0.0,1.0,0.0,0.0,1.0,6.091652724589315,6.091652724589315,0.00579395360502985,1.0088586391143846,0.008858639114384559,0.005793953605029878,"[2.072139536812806,4.019513187776507]","[2.107434290077031,3.984218434512284]","[0.3401604836153075,0.6598395163846926]","[0.3459544372203373,0.6540455627796627]"
sample_0969,1,1.0,nan,5.338859774482228,medium,single,single,0.9794526021834606,0.7448954209039511,0.2551045790960489,0.09556478896351897,0.8523691014081735,0.9784259601560922,0.8216869443436771,6.312330357344017,8.474116205042353,nan,nan,nan,nan,[6.312330357344017],[8.474116205042353],[1.0],[1.0],0.9895887971533742,0.20854864170294318,0.7914513582970568,0.031651956840670806,1.7452341818259345,0.988789802905916,1.3629028311991895,1.7672654241944823,8.474116205042353,nan,nan,nan,nan,[1.7672654241944823],[8.474116205042353],[1.0],[1.0],0.0,1.0,0.0,1.0,0.0,0.0,1.0,8.474116205042353,8.474116205042353,nan,nan,nan,nan,[8.474116205042353],[8.474116205042353],[1.0],[1.0]
sample_0974,2,1.03854534833125,23.36321895629967,7.99760658800988,deep,"multi_[1,1.25)",multi_>=20mm,0.5198334576694611,1.1412256532314595,0.1412256532314594,0.8471599794127512,6.537750304483761,0.519348266119947,0.9743967976703087,3.101468343445994,2.717664411647225,0.30395474979005316,0.3242299211027681,0.6757700788972318,0.3039547497900531,"[2.7273494942173513,0.3741188492286427]","[1.5637954289321416,1.1538689827150832]","[0.8793736360330008,0.12062636396699924]","[0.5754188862429476,0.4245811137570524]",0.5030084217093919,0.6065823379082069,0.3934176620917931,0.8514443668881063,9.919206206264684,0.5023489313494188,1.0306934782578723,1.6484872324669053,2.717664411647225,0.42368907265139644,0.0012744240425368023,0.9987255759574633,0.4236890726513964,"[1.6470167140933958,0.001470518373509584]","[1.5637954289321416,1.1538689827150832]","[0.999107958894344,0.0008920411056560038]","[0.5754188862429476,0.4245811137570524]",0.0,1.0,0.0,1.0,0.0,0.0,1.0,2.717664411647225,2.717664411647225,0.00796335030365794,1.018755780805207,0.018755780805207012,0.007963350303657968,"[1.5421537152144102,1.1755106964328146]","[1.5637954289321416,1.1538689827150832]","[0.5674555359392897,0.43254446406071034]","[0.5754188862429476,0.4245811137570524]"
sample_0977,2,1.8875533433977914,18.367362358270174,5.5017021492487945,medium,"multi_[1.5,2)","multi_[10,20)mm",0.49103393954391883,1.2361466825443241,0.23614668254432405,0.8749838767626459,1.1868942585007471,0.482827163201878,0.9073691404726105,5.191580239969714,4.199809224326064,0.10795153169225641,0.5542733696149094,0.44572663038509064,0.10795153169225646,"[4.736016972404207,0.4555632675655072]","[3.377898426262615,0.8219107980634489]","[0.9122495952083821,0.08775040479161789]","[0.8042980635161258,0.19570193648387435]",0.4979011246349706,0.6205784295328235,0.37942157046717656,0.8299119769734439,3.6949691381989855,0.4484177746605216,1.3194366984231476,2.606311012769734,4.199809224326064,0.1912750518840109,0.014037822732186523,0.9859621772678134,0.19127505188401098,"[2.5947731746848484,0.01153783808488465]","[3.377898426262615,0.8219107980634489]","[0.9955731154001366,0.004426884599863376]","[0.8042980635161258,0.19570193648387435]",0.0,1.0,0.0,1.0,0.0,0.0,1.0,4.199809224326064,4.199809224326064,0.0014026143014958803,0.9928329053524131,0.0071670946475869135,0.0014026143014959636,"[3.3837891387442087,0.8160200855818545]","[3.377898426262615,0.8219107980634489]","[0.8057006778176216,0.1942993221823784]","[0.8042980635161258,0.19570193648387435]"
sample_0979,1,1.0,nan,1.8088146797809044,shallow,single,single,0.4138281808765363,1.563051741252885,0.5630517412528852,0.9117746296033418,2.3868020093840525,0.40955721831522385,0.9389643857827247,6.894499533027448,4.410922141004154,nan,nan,nan,nan,[6.894499533027448],[4.410922141004154],[1.0],[1.0],0.35788306924975666,1.0049551385679218,0.004955138567921829,0.9265565684754403,0.14355842292780435,0.3503527837072278,1.0845644077293095,4.432778871425144,4.410922141004154,nan,nan,nan,nan,[4.432778871425144],[4.410922141004154],[1.0],[1.0],0.0,1.0,0.0,1.0,0.0,0.0,1.0,4.410922141004154,4.410922141004154,nan,nan,nan,nan,[4.410922141004154],[4.410922141004154],[1.0],[1.0]
sample_0980,3,1.5112000729222166,11.854113210189954,4.6098353009693955,medium,"multi_[1.5,2)","multi_[10,20)mm",1.250987840195578,3.9282555025005874,2.9282555025005874,0.20348063001092798,4.541650111366102,0.9787083572595799,0.20850381281625727,14.598300512066393,3.7162298895205863,0.42626512434960406,50.78460785427229,49.78460785427229,0.05616709818255511,"[8.786653983294707,4.922961399429594,0.8886851293420904]","[0.8614133617916342,2.837317423829357,0.01749910389959483]","[0.6018956779271668,0.3372283914391586,0.06087593063367463]","[0.2317976517601179,0.7634935157887627,0.004708832451119516]",1.0564476360290171,1.955961941807304,0.9559619418073041,0.22189846888276757,4.837076002341283,0.9701514251289174,0.36703716003278974,7.268804230909029,3.7162298895205863,0.44736297280147064,22.424642534016062,21.424642534016062,0.04927682146777079,"[4.578502052909412,2.2978910283855973,0.39241114961402057]","[0.8614133617916342,2.837317423829357,0.01749910389959483]","[0.6298838030938176,0.316130542987292,0.053985653918890306]","[0.2317976517601179,0.7634935157887627,0.004708832451119516]",0.0,1.0,0.0,1.0,0.0,0.0,1.0,3.7162298895205863,3.7162298895205863,0.009506689748994292,1.006090267306877,0.006090267306877006,2.867804833061368e-05,"[0.8260843171960227,2.87253989420459,0.017605678119974176]","[0.8614133617916342,2.837317423829357,0.01749910389959483]","[0.22229096201112358,0.7729715274894263,0.00473751049945013]","[0.2317976517601179,0.7634935157887627,0.004708832451119516]"
sample_0986,3,2.202688842046938,3.498571136907184,6.968956355230353,deep,multi_>=2,multi_<5mm,1.1906974557701493,2.818848688623712,1.8188486886237119,0.11653652617324285,7.1458906426141855,0.9924638690559916,0.15702006377927888,9.825188169760319,3.485532305942046,0.6269827694253076,26.502777314928082,25.502777314928082,0.21679733930106793,"[4.726974575430887,2.3835950146736806,2.7146185796557543]","[0.24720217966235705,0.08993755583989628,3.1483925704397926]","[0.48110779088989175,0.2426004442347313,0.276291764875377]","[0.0709223607656521,0.025803104933663373,0.9032745343006845]",1.057490890043228,0.9906464639542751,0.009353536045724815,0.05488693400544057,9.255163493478209,0.9970089311625993,0.1798228563547974,3.4529302538798787,3.485532305942046,0.8044059296875965,12.53852216818003,11.53852216818003,0.3007844467214414,"[1.9838598202019904,1.1276840376504689,0.34138639602741894]","[0.24720217966235705,0.08993755583989628,3.1483925704397926]","[0.5745438437318072,0.3265875516551048,0.09886860461308791]","[0.0709223607656521,0.025803104933663373,0.9032745343006845]",0.0,1.0,0.0,1.0,0.0,0.0,1.0,3.485532305942046,3.485532305942046,0.0013976301639787875,1.0265183823260975,0.02651838232609749,0.0006842566018313047,"[0.24233069457405,0.0923225543311334,3.150879057036862]","[0.24720217966235705,0.08993755583989628,3.1483925704397926]","[0.06952473060167334,0.026487361535494677,0.903987907862832]","[0.0709223607656521,0.025803104933663373,0.9032745343006845]"
sample_0995,2,1.1946009910718272,13.964240043768942,3.5035344249501112,medium,"multi_[1,1.25)","multi_[10,20)mm",0.8707900275206062,0.3398172297506169,0.6601827702493831,0.4032950219009705,7.988428247232426,0.8702566123328472,0.9417393415424539,7.007158923068484,20.62037563019055,0.6105349220419123,1.0526113777360695,0.0526113777360695,0.6105349220419123,"[6.317662365432388,0.689496557636096]","[6.001894430421472,14.61848119976908]","[0.901601124620396,0.09839887537960401]","[0.2910662025784837,0.7089337974215163]",0.8763124898969168,0.21589018136663532,0.7841098186333646,0.35585940394019144,9.899808551203462,0.8752438980339161,1.0982318315158404,4.451736634649985,20.62037563019055,0.7061814994511751,0.7396804759583533,0.2603195240416467,0.7061814994511751,"[4.439484128945944,0.012252505704040436]","[6.001894430421472,14.61848119976908]","[0.9972477020296588,0.0027522979703411368]","[0.2910662025784837,0.7089337974215163]",0.0,1.0,0.0,1.0,0.0,0.0,1.0,20.62037563019055,20.62037563019055,0.0033215827637116946,0.988588222424017,0.011411777575982995,0.003321582763711639,"[5.933402146146971,14.686973484043582]","[6.001894430421472,14.61848119976908]","[0.28774461981477206,0.712255380185228]","[0.2910662025784837,0.7089337974215163]"
sample_0999,1,1.0,nan,3.4533808890009547,shallow,single,single,0.9758632703250749,1.0131588246249883,0.01315882462498836,0.1721453039271415,1.317008833054942,0.9659810282833392,0.6511881754085143,18.097872291286496,17.86281859409877,nan,nan,nan,nan,[18.097872291286496],[17.86281859409877],[1.0],[1.0],0.9622983638925816,0.3268301735081352,0.6731698264918647,0.10149989750923798,1.665879444713354,0.9556694339507422,1.62061637568789,5.838108100453645,17.86281859409877,nan,nan,nan,nan,[5.838108100453645],[17.86281859409877],[1.0],[1.0],0.0,1.0,0.0,1.0,0.0,0.0,1.0,17.86281859409877,17.86281859409877,nan,nan,nan,nan,[17.86281859409877],[17.86281859409877],[1.0],[1.0]
sample_1000,3,1.735350025008325,3.929376540877701,2.215211565483181,shallow,"multi_[1.5,2)",multi_<5mm,0.9546210013889884,1.1202512804301243,0.12025128043012441,0.19881426823892917,2.910813055477173,0.9518047563448843,0.8071645152916418,16.05857135437303,14.334794018898407,0.2085409147582603,3.62715589098851,2.62715589098851,0.14732585124082667,"[9.996627905755368,3.4230581532085864,2.638885295409075]","[8.046053236232302,0.9437306407791861,5.3450101418869185]","[0.622510414230162,0.21316081472443238,0.16432877104540564]","[0.5612953507127283,0.06583496348360571,0.3728696858036659]",0.9568536955331729,0.41842827175188385,0.5815717282481162,0.12277648275332685,4.059513259508551,0.9527440942048271,1.4116754217140401,5.9980830872469015,14.334794018898407,0.3201827481216452,1.455814818057373,0.4558148180573729,0.16322105843484572,"[4.308165406316422,1.3738970511011188,0.3160206298293602]","[8.046053236232302,0.9437306407791861,5.3450101418869185]","[0.7182570403995279,0.22905602191845142,0.05268693768202077]","[0.5612953507127283,0.06583496348360571,0.3728696858036659]",0.0,1.0,0.0,1.0,0.0,0.0,1.0,14.334794018898407,14.334794018898407,0.002489346202701609,0.9621880825783174,0.03781191742168255,0.002489346202701581,"[8.065894208933097,0.908046375721732,5.360853434243578]","[8.046053236232302,0.9437306407791861,5.3450101418869185]","[0.5626794635695045,0.06334561728090413,0.37397491914959136]","[0.5612953507127283,0.06583496348360571,0.3728696858036659]"
sample_1002,1,1.0,nan,4.5782661675611305,medium,single,single,0.6136436290400386,1.0972963543255638,0.09729635432556376,0.725797507666812,0.884679435850022,0.5803790765735731,1.3240305301992272,12.660369716675136,11.537785272654657,nan,nan,nan,nan,[12.660369716675136],[11.537785272654657],[1.0],[1.0],0.7007647110864205,0.4860853268935429,0.5139146731064571,0.5706147793201852,0.4318435653091404,0.5149601478727872,2.244379281969687,5.608348125885844,11.537785272654657,nan,nan,nan,nan,[5.608348125885844],[11.537785272654657],[1.0],[1.0],0.0,1.0,0.0,1.0,0.0,0.0,1.0,11.537785272654657,11.537785272654657,nan,nan,nan,nan,[11.537785272654657],[11.537785272654657],[1.0],[1.0]
sample_1003,3,1.179540960763528,3.6715119501371607,1.4405589826221077,shallow,"multi_[1,1.25)",multi_<5mm,0.7985706809472882,0.6830872481890932,0.3169127518109068,0.5007450402234255,9.050812450516613,0.7947974410727658,1.1464816683608292,7.596011946709188,11.12011967262848,0.3899751422303822,1.1790528661627486,0.17905286616274863,0.3899751422303822,"[7.042133791260928,0.046309380297473626,0.5075687751507861]","[5.972704018081644,1.065401137547219,4.082014516999617]","[0.9270830326052586,0.0060965386340046755,0.0668204287607367]","[0.5371078903748764,0.09580842373213314,0.3670836858929905]",0.8173984469385903,0.33423762475824154,0.6657623752417584,0.411533907261478,10.91050048250435,0.77369264574218,1.71298982513733,3.716762386406738,11.12011967262848,0.46249352532951116,0.6220433713174846,0.37795662868251545,0.46249352532951105,"[3.715280943288992,0.0002474827338148738,0.001233960383930086]","[5.972704018081644,1.065401137547219,4.082014516999617]","[0.9996014157043874,6.658556778339905e-05,0.00033199872782909985]","[0.5371078903748764,0.09580842373213314,0.3670836858929905]",0.0,1.0,0.0,1.0,0.0,0.0,1.0,11.12011967262848,11.12011967262848,0.03677188931062758,1.055966415066418,0.055966415066418085,0.03006000312816859,"[6.306974850226464,1.1400381151252243,3.6731067072767902]","[5.972704018081644,1.065401137547219,4.082014516999617]","[0.567167893503045,0.10252030991459213,0.3303117965823629]","[0.5371078903748764,0.09580842373213314,0.3670836858929905]"
sample_1008,2,1.1380392192821513,1.496662954709576,4.168721445539686,medium,"multi_[1,1.25)",multi_<5mm,0.8959379691943554,1.6987704050985466,0.6987704050985467,0.3559815532230027,0.150628852824893,0.8943197691058206,0.892621416598994,8.960412459018169,5.274645962824135,0.02575487796873896,1.7819609352200463,0.7819609352200463,0.025754877968738987,"[4.017171451921821,4.9432410070963515]","[2.5006002980767583,2.7740456647473772]","[0.44832439023258963,0.5516756097674104]","[0.47407926820132856,0.5259207317986714]",0.8834205112497157,0.5766709155105803,0.42332908448941975,0.27702241329765964,0.7355767886511129,0.8493252641785417,1.8534145489520681,3.04173491637598,5.274645962824135,0.14635706974603774,0.7371511177517854,0.26284888224821457,0.1463570697460378,"[0.9968440539129566,2.0448908624630238]","[2.5006002980767583,2.7740456647473772]","[0.3277221984552909,0.6722778015447092]","[0.47407926820132856,0.5259207317986714]",0.0,1.0,0.0,1.0,0.0,0.0,1.0,5.274645962824135,5.274645962824135,0.08238243355219649,1.1566442023885328,0.15664420238853283,0.08238243355219654,"[2.0660621275330375,3.2085838352910976]","[2.5006002980767583,2.7740456647473772]","[0.39169683464913213,0.6083031653508679]","[0.47407926820132856,0.5259207317986714]"
sample_1010,3,1.3665225275027353,10.919706955774961,6.8538280952439,deep,"multi_[1.25,1.5)","multi_[10,20)mm",0.6258849437848479,0.8699241328978297,0.1300758671021703,0.7620101101552871,3.4762411912537936,0.6253415136591152,0.9676648644482652,9.12095715872127,10.484773112729018,0.26060269617522314,1.2419468474838402,0.2419468474838402,0.26060269617522314,"[7.935108555082893,0.1430067699218926,1.0428418337164824]","[6.389249726072631,1.2111001855729309,2.884423201083456]","[0.8699863859677829,0.015678921349296385,0.11433469268292078]","[0.6093836897925597,0.11551038563749148,0.27510592456994876]",0.6492478478281325,0.5414277283582676,0.4585722716417324,0.7209110529805601,6.1682243446037335,0.6476390687123212,1.0637708857415449,5.676746888776714,10.484773112729018,0.3728469666246269,0.8726963355531221,0.1273036644468779,0.3728469666246269,"[5.575874822877374,0.0002470421488903029,0.1006250237504496]","[6.389249726072631,1.2111001855729309,2.884423201083456]","[0.9822306564171867,4.35182603224253e-05,0.017725825322490882]","[0.6093836897925597,0.11551038563749148,0.27510592456994876]",0.0,1.0,0.0,1.0,0.0,0.0,1.0,10.484773112729018,10.484773112729018,0.07241758637850232,1.0822359459602222,0.08223594596022221,0.050113244182821814,"[6.914675721272305,0.4518182230228786,3.1182791684338342]","[6.389249726072631,1.2111001855729309,2.884423201083456]","[0.6594969339753816,0.04309279925898917,0.29741026676562926]","[0.6093836897925597,0.11551038563749148,0.27510592456994876]"
sample_1012,2,1.3364259391762205,9.783659846908009,4.67042510892814,medium,"multi_[1.25,1.5)","multi_[5,10)mm",1.0820388032764237,1.6988286041009952,0.6988286041009953,0.13026353363685161,3.419840411727201,0.9880660715823709,0.2588358489694004,19.555073023447406,11.510915801771405,0.2353802800270791,0.15864056903643176,0.8413594309635682,0.23538028002707906,"[19.080972940855148,0.4741000825922562]","[8.522398517246415,2.98851728452499]","[0.9757556475486546,0.024244352451345444]","[0.7403753675215755,0.2596246324784245]",1.0024560612300855,0.669225555797748,0.33077444420225205,0.09722229523058178,3.9370851420447597,0.9865785804599001,0.4788519419134934,7.7033990251815485,11.510915801771405,0.25937900423122595,0.0006331475510696391,0.9993668524489303,0.25937900423122595,"[7.701506852781523,0.0018921724000262852]","[8.522398517246415,2.98851728452499]","[0.9997543717528015,0.0002456282471985399]","[0.7403753675215755,0.2596246324784245]",0.0,1.0,0.0,1.0,0.0,0.0,1.0,11.510915801771405,11.510915801771405,0.002214755882052666,0.9914693923264899,0.008530607673510104,0.002214755882052666,"[8.547892385726202,2.963023416045204]","[8.522398517246415,2.98851728452499]","[0.7425901234036282,0.2574098765963718]","[0.7403753675215755,0.2596246324784245]"
sample_1015,1,1.0,nan,4.38730395471697,medium,single,single,0.8983442160244155,1.7248869249076761,0.724886924907676,0.33829353358267383,1.1053019865851683,0.8977474090341067,0.930818520401739,11.207645708963483,6.497611841752101,nan,nan,nan,nan,[11.207645708963483],[6.497611841752101],[1.0],[1.0],0.9237600154400173,0.6149066008869528,0.38509339911304713,0.18162373379703334,0.6946736475314953,0.8911317187215235,2.156585084682206,3.995424411494598,6.497611841752101,nan,nan,nan,nan,[3.995424411494598],[6.497611841752101],[1.0],[1.0],0.0,1.0,0.0,1.0,0.0,0.0,1.0,6.497611841752101,6.497611841752101,nan,nan,nan,nan,[6.497611841752101],[6.497611841752101],[1.0],[1.0]
sample_1016,3,1.6211096402515022,12.638037822383668,3.1080809024612517,shallow,"multi_[1.5,2)","multi_[10,20)mm",1.0998982911365764,1.8931256741002198,0.8931256741002198,0.17383784162518504,12.140408912020003,0.9820340943870124,0.2758552449792539,8.37441249790954,4.423590368288571,0.6047180447199574,0.2521540628923366,0.7478459371076633,0.5605552401948534,"[0.08312531185537385,0.7213361014227232,7.569951084631445]","[0.23926718664804414,2.8606959298955075,1.3236272517450198]","[0.009926106682244749,0.08613572613037467,0.9039381671873805]","[0.05408891120734886,0.646690966325228,0.2992201224674232]",0.964381158556124,0.5452599334688513,0.4547400665311488,0.1419462025267707,14.238287902401721,0.9640396772903608,0.911942770956409,2.4120065899064773,4.423590368288571,0.6938979727538865,0.005541624657387519,0.9944583753426125,0.64011847055812,"[0.0007462965749129052,0.01585290310239706,2.3954073902291677]","[0.23926718664804414,2.8606959298955075,1.3236272517450198]","[0.0003094090115822784,0.006572495767108056,0.9931180952213097]","[0.05408891120734886,0.646690966325228,0.2992201224674232]",0.0,1.0,0.0,1.0,0.0,0.0,1.0,4.423590368288571,4.423590368288571,0.0008462790650044932,0.9990614730553845,0.000938526944615492,0.0006069368967355215,"[0.24301077856888242,2.8580110896849487,1.3225685000347398]","[0.23926718664804414,2.8606959298955075,1.3236272517450198]","[0.05493519027235339,0.6460840294284925,0.29898078029915426]","[0.05408891120734886,0.646690966325228,0.2992201224674232]"
sample_1018,2,1.8812076551154877,9.945853407325085,4.227670784808986,medium,"multi_[1.5,2)","multi_[5,10)mm",0.8454749630318349,0.48466941763102533,0.5153305823689747,0.3252738331390462,1.7701883749374459,0.7225483788535584,2.7402320487436755,9.100073051745051,18.775835075843094,0.13700046664404303,0.8456873572213084,0.1543126427786916,0.1370004666440431,"[6.179635124572263,2.920437927172787]","[15.322504595926109,3.4533304799169846]","[0.679075331531239,0.3209246684687611]","[0.816075798175282,0.183924201824718]",0.8959349869417588,0.18299336409714093,0.8170066359028592,0.2128207812364559,1.2225667797324664,0.6627850274666078,5.129881177636073,3.435853224261625,18.775835075843094,0.09750294463457339,0.28000284773791745,0.7199971522620825,0.09750294463457335,"[2.46891085570472,0.9669423685569047]","[15.322504595926109,3.4533304799169846]","[0.7185728535407085,0.28142714645929134]","[0.816075798175282,0.183924201824718]",0.0,1.0,0.0,1.0,0.0,0.0,1.0,18.775835075843094,18.775835075843094,0.003928929633681175,0.978638321685226,0.02136167831477398,0.003928929633681161,"[15.396273530752698,3.379561545090394]","[15.322504595926109,3.4533304799169846]","[0.8200047278089632,0.17999527219103684]","[0.816075798175282,0.183924201824718]"
sample_1020,1,1.0,nan,4.538123940189068,medium,single,single,0.5584035330629651,1.803462653330765,0.8034626533307648,0.8761902521924141,1.1823177543960983,0.44404731148316756,0.7257535648687425,12.106332663934538,6.712826928561947,nan,nan,nan,nan,[12.106332663934538],[6.712826928561947],[1.0],[1.0],0.5035704251968244,1.2819271994981039,0.2819271994981039,0.8753582839636651,0.7763510983518908,0.4827421095531835,0.8593560326617653,8.605355425246875,6.712826928561947,nan,nan,nan,nan,[8.605355425246875],[6.712826928561947],[1.0],[1.0],0.0,1.0,0.0,1.0,0.0,0.0,1.0,6.712826928561947,6.712826928561947,nan,nan,nan,nan,[6.712826928561947],[6.712826928561947],[1.0],[1.0]
sample_1022,1,1.0,nan,5.719784918265432,medium,single,single,0.41728351928412116,1.4651680176610495,0.46516801766104954,0.8730476239200802,5.3711232068556996,0.1890849161228759,1.609834273701741,2.1582042791964815,1.4730080463002286,nan,nan,nan,nan,[2.1582042791964815],[1.4730080463002286],[1.0],[1.0],0.5870782041874587,0.4550159045331528,0.5449840954668471,0.706163292793899,0.26849627250323466,0.09411387676335486,2.392739511281679,0.6702420885719108,1.4730080463002286,nan,nan,nan,nan,[0.6702420885719108],[1.4730080463002286],[1.0],[1.0],0.0,1.0,0.0,1.0,0.0,0.0,1.0,1.4730080463002286,1.4730080463002286,nan,nan,nan,nan,[1.4730080463002286],[1.4730080463002286],[1.0],[1.0]
sample_1023,3,1.7127636625887726,8.6,3.4417071639024535,shallow,"multi_[1.5,2)","multi_[5,10)mm",1.007374631652635,0.5502967701525294,0.4497032298474705,0.18488605678778489,9.761758997904952,0.9723471935726974,0.47001894473063505,4.518350793838227,8.210752886275973,0.7061183874028367,3.8488238040999043,2.8488238040999043,0.7061183874028367,"[0.7103332058544671,0.08525407860258692,3.7227635093811715]","[6.934945889994285,0.30855993617580557,0.9672470601058825]","[0.1572107253874941,0.018868406304098785,0.8239208683084072]","[0.8446175382510707,0.037579980843358986,0.11780248090557041]",0.9773685723594215,0.25380644195069507,0.7461935580493049,0.15722332819568555,12.882131981807955,0.9696983467405499,0.6665686809788655,2.0839419758021047,8.210752886275973,0.8795656967429697,2.1488381784313915,1.1488381784313915,0.8795656967429696,"[0.0054845650710615675,0.0,2.078457410731043]","[6.934945889994285,0.30855993617580557,0.9672470601058825]","[0.0026318223514599395,0.0,0.99736817764854]","[0.8446175382510707,0.037579980843358986,0.11780248090557041]",0.0,1.0,0.0,1.0,0.0,0.0,1.0,8.210752886275973,8.210752886275973,0.0035537584240126797,1.0002521485592015,0.000252148559201526,2.9703725830707017e-05,"[6.905766857757195,0.3374950784602972,0.9674909500584801]","[6.934945889994285,0.30855993617580557,0.9672470601058825]","[0.8410637798270579,0.041104035541540906,0.11783218463140112]","[0.8446175382510707,0.037579980843358986,0.11780248090557041]"
sample_1028,3,1.3184692176193304,10.533755265810955,5.318517901212796,medium,"multi_[1.25,1.5)","multi_[10,20)mm",0.5510896763361824,1.5996640324846318,0.5996640324846318,0.8798758208393795,2.2186782905369973,0.4359381072699571,0.7274840828499916,4.507842674215869,2.817993392783979,0.14896913462244776,1.9112665207259276,0.9112665207259276,0.14896913462244776,"[4.118939195775179,0.17300349044823826,0.21589998799245202]","[2.1550836322977838,0.33305365177532903,0.32985610871086657]","[0.9137273621670173,0.038378333706673096,0.0478943041263097]","[0.7647582275445696,0.11818823018825302,0.11705354226717755]",0.4153805858599935,0.896743632558169,0.10325636744183099,0.915730980688768,5.232746859299569,0.4010833828549109,0.8944985296909764,2.5270176315700246,2.817993392783979,0.23112328930021275,1.1677552157631192,0.16775521576311925,0.23112328930021264,"[2.516610152021465,0.001935883114794541,0.008471596433764793]","[2.1550836322977838,0.33305365177532903,0.32985610871086657]","[0.9958815168447822,0.0007660742412753906,0.003352408913942333]","[0.7647582275445696,0.11818823018825302,0.11705354226717755]",0.0,1.0,0.0,1.0,0.0,0.0,1.0,2.817993392783979,2.817993392783979,0.005931015840412543,0.9922445870775981,0.007755412922401894,0.005931015840412668,"[2.1383700688470046,0.3447217096607078,0.3349016142762673]","[2.1550836322977838,0.33305365177532903,0.32985610871086657]","[0.7588272117041569,0.12232878563286727,0.11884400266297572]","[0.7647582275445696,0.11818823018825302,0.11705354226717755]"
sample_1029,2,1.716384358954604,4.841487374764081,4.303502198844768,medium,"multi_[1.5,2)",multi_<5mm,0.7678106645676737,0.8125309626234373,0.18746903737656276,0.5230658936825302,0.7368790906680609,0.7483943995399572,1.3489658375290086,14.001455463509943,17.23190389976417,0.07697451799735172,0.1025078802407876,0.8974921197592124,0.07697451799735176,"[13.845857128071556,0.15559833543839616]","[15.713988056875788,1.5179158428883794]","[0.988886988510308,0.011113011489691946]","[0.9119124705129563,0.08808752948704371]",0.8711000573165562,0.2973150104244686,0.7026849895755314,0.28595873801941435,1.0270103062167006,0.7991899490493876,2.3617220185532015,5.123303687591825,17.23190389976417,0.08429429639560677,0.01280300563190241,0.9871969943680976,0.08429429639560684,"[5.103869802506572,0.019433885085253816]","[15.713988056875788,1.5179158428883794]","[0.996206766908563,0.0037932330914368616]","[0.9119124705129563,0.08808752948704371]",0.0,1.0,0.0,1.0,0.0,0.0,1.0,17.23190389976417,17.23190389976417,0.0007494062859162154,0.9914924815092424,0.008507518490757593,0.0007494062859161876,"[15.726901753976575,1.5050021457875926]","[15.713988056875788,1.5179158428883794]","[0.9126618767988726,0.08733812320112752]","[0.9119124705129563,0.08808752948704371]"
sample_1043,3,1.7910383021490386,9.314504817756012,7.361827259473497,deep,"multi_[1.5,2)","multi_[5,10)mm",0.9405946209792071,0.5372047274690832,0.46279527253091685,0.37449336718806653,9.308890818835067,0.9108180442404061,0.6374398615072759,9.078178669293903,16.898918056927123,0.684656748833913,0.0605920362992778,0.9394079637007222,0.23215024186044572,"[0.2386400860819689,0.26792782085667316,8.571610762355261]","[8.091095969842042,4.421832260815876,4.385989826269204]","[0.02628722068327944,0.029513389261979845,0.9441993900547407]","[0.4787937276567466,0.2616636311224256,0.25954264122082776]",0.9025564937683197,0.25925714441849496,0.7407428555815051,0.3241668705384225,10.129467315442767,0.9022232924471865,0.9461979273423912,4.381165239201067,16.898918056927123,0.7402115374838842,0.0002435605085056292,0.9997564394914944,0.26141780982713764,"[0.0,0.0010769837139709107,4.380088255487097]","[8.091095969842042,4.421832260815876,4.385989826269204]","[0.0,0.0002458212952879415,0.9997541787047121]","[0.4787937276567466,0.2616636311224256,0.25954264122082776]",0.0,1.0,0.0,1.0,0.0,0.0,1.0,16.898918056927123,16.898918056927123,0.0038603582170927964,0.9904815821702021,0.009518417829797898,0.0024906237718853586,"[8.156331847023079,4.37974341378415,4.362842796119893]","[8.091095969842042,4.421832260815876,4.385989826269204]","[0.4826540858738394,0.2591730073505402,0.2581729067756203]","[0.4787937276567466,0.2616636311224256,0.25954264122082776]"
sample_1061,2,1.0581144396837208,21.587959607151387,1.34237270790001,shallow,"multi_[1,1.25)",multi_>=20mm,0.7690198585865691,0.5467471643602557,0.45325283563974433,0.5538016281864279,9.20613712174597,0.7657319678570328,1.1241616991213401,5.12262829030318,9.369281862297585,0.4356403340204349,1.098056827865331,0.0980568278653311,0.43564033402043484,"[0.6778496422803258,4.444778648022855]","[5.321423376991599,4.047858485305986]","[0.1323245810287374,0.8676754189712625]","[0.5679649150491723,0.4320350849508277]",0.7893323738226949,0.2959652792489029,0.7040347207510971,0.48162646759006533,12.193078797655183,0.7653487712568896,1.4286136451263916,2.772982122736586,9.369281862297585,0.563765156046273,0.6821721352477096,0.3178278647522904,0.5637651560462729,"[0.011645856634841637,2.761336266101744]","[5.321423376991599,4.047858485305986]","[0.004199759002899245,0.9958002409971006]","[0.5679649150491723,0.4320350849508277]",0.0,1.0,0.0,1.0,0.0,0.0,1.0,9.369281862297585,9.369281862297585,0.009153872796321239,0.9788122004087628,0.021187799591237177,0.009153872796321183,"[5.40718859135195,3.9620932709456342]","[5.321423376991599,4.047858485305986]","[0.5771187878454936,0.4228812121545065]","[0.5679649150491723,0.4320350849508277]"
sample_1068,2,1.2807163013574443,25.232518701073026,3.767821809092777,medium,"multi_[1.25,1.5)",multi_>=20mm,0.35016748474210296,0.9669864738046938,0.03301352619530618,0.9331789844395835,0.7295542729624556,0.34974084785900267,1.0187917298050033,25.196344881208226,26.056563937312358,0.027183904335155717,1.0156943645450083,0.015694364545008277,0.027183904335155717,"[14.28279152114695,10.913553360061275]","[14.062095862415351,11.994468074897009]","[0.5668596611328037,0.4331403388671962]","[0.539675756797648,0.46032424320235193]",0.43047982063330137,0.6631486758583153,0.3368513241416847,0.8837649055832539,1.6996826545787125,0.4079645336009036,1.177148461976829,17.27937587244622,26.056563937312358,0.067937504187076,0.7466296649064683,0.2533703350935317,0.06793750418707611,"[10.499177921637807,6.780197950808411]","[14.062095862415351,11.994468074897009]","[0.6076132609847241,0.39238673901527604]","[0.539675756797648,0.46032424320235193]",0.0,1.0,0.0,1.0,0.0,0.0,1.0,26.056563937312358,26.056563937312358,0.00076797092312475,0.9985769771692511,0.0014230228307489101,0.00076797092312475,"[14.042085178954954,12.014478758357406]","[14.062095862415351,11.994468074897009]","[0.5389077858745233,0.4610922141254767]","[0.539675756797648,0.46032424320235193]"
sample_1069,1,1.0,nan,4.475923254029625,medium,single,single,0.4078442123613236,1.300467451973142,0.30046745197314195,0.909576811854766,1.3858867519102867,0.4078082126703157,0.9941003095651889,11.72288396044654,9.014361676380231,nan,nan,nan,nan,[11.72288396044654],[9.014361676380231],[1.0],[1.0],0.3565094571367321,0.8324361862477231,0.1675638137522769,0.9207599045602688,0.193748547458128,0.3128384011836315,1.2195215670694155,7.503880855343591,9.014361676380231,nan,nan,nan,nan,[7.503880855343591],[9.014361676380231],[1.0],[1.0],0.0,1.0,0.0,1.0,0.0,0.0,1.0,9.014361676380231,9.014361676380231,nan,nan,nan,nan,[9.014361676380231],[9.014361676380231],[1.0],[1.0]
sample_1072,2,1.375431533618459,11.504781614615723,5.461925656820898,medium,"multi_[1.25,1.5)","multi_[10,20)mm",0.48960701948276025,0.6146807719245774,0.3853192280754226,0.826084748639153,1.3541248821317786,0.38137845922165786,1.4972964067853345,6.856307149411768,11.15425675012501,0.07849401798785285,0.22560035482069213,0.7743996451793078,0.07849401798785287,"[0.31205218725729456,6.544254962154473]","[1.3832078744083298,9.771048875716678]","[0.045513157514255595,0.9544868424857444]","[0.12400717550210846,0.8759928244978916]",0.593816756799319,0.35584702574788685,0.6441529742521132,0.7150254234588773,1.2070909127237173,0.4221085398385472,1.854323738497325,3.969209088960275,11.15425675012501,0.12244734660587156,0.004476035125822759,0.9955239648741773,0.12244734660587157,"[0.00619128703216632,3.963017801928108]","[1.3832078744083298,9.771048875716678]","[0.0015598288962368858,0.9984401711037632]","[0.12400717550210846,0.8759928244978916]",0.0,1.0,0.0,1.0,0.0,0.0,1.0,11.15425675012501,11.15425675012501,0.004559259278428297,0.9632339075543996,0.03676609244560036,0.004559259278428332,"[1.3323527258263508,9.821904024298659]","[1.3832078744083298,9.771048875716678]","[0.11944791622368013,0.8805520837763199]","[0.12400717550210846,0.8759928244978916]"
sample_1076,3,1.095500545401591,8.910667763978187,7.14708855268684,deep,"multi_[1,1.25)","multi_[5,10)mm",0.6501596835585309,0.5944361388353587,0.4055638611646413,0.7004930380268448,3.294544562547069,0.638024374545161,1.1938491979041577,11.078218779175904,18.63651628058947,0.35495229608797235,0.03268565632930944,0.9673143436706906,0.32130088156229575,"[0.2522231177668175,0.20710739715471616,10.618888264254371]","[1.0514516350495877,6.336338945380198,11.248725700159683]","[0.02276747939307081,0.01869500876296312,0.958537511843966]","[0.056418893918747486,0.33999589032525884,0.6035852157559937]",0.716166950922585,0.3041443508463721,0.695855649153628,0.5815592555933226,2.8446162715384467,0.66286046874535,1.5676749643691916,5.668191146197729,18.63651628058947,0.3961545928596292,9.958115842404373e-05,0.999900418841576,0.33988457086618035,"[0.0008438345288950817,0.0006309799723483437,5.666716331696486]","[1.0514516350495877,6.336338945380198,11.248725700159683]","[0.00014887192529862601,0.00011131945907851226,0.9997398086156228]","[0.056418893918747486,0.33999589032525884,0.6035852157559937]",0.0,1.0,0.0,1.0,0.0,0.0,1.0,18.63651628058947,18.63651628058947,0.051717949022085,1.0546551678322522,0.054655167832252216,0.01858253244800301,"[0.0876092361008031,6.682652613881988,11.866254430606675]","[1.0514516350495877,6.336338945380198,11.248725700159683]","[0.0047009448966624165,0.35857842277326185,0.6367206323300756]","[0.056418893918747486,0.33999589032525884,0.6035852157559937]"
sample_1078,2,2.500472805382025,10.528057750601484,8.153800565790187,deep,multi_>=2,"multi_[10,20)mm",0.6969138938797733,2.073420822816355,1.073420822816355,0.8288051993117571,1.4150928300677887,0.4950551842390762,0.6391596896512438,19.375183088967486,9.344549295424706,0.08590529747253406,2.3684998461688846,1.3684998461688846,0.08590529747253406,"[6.015357618196481,13.359825470771005]","[3.703921751208944,5.640627544215762]","[0.31046713677878557,0.6895328632212144]","[0.3963724342513196,0.6036275657486804]",0.5013704571905436,1.0965803410381036,0.09658034103810369,0.8703544011670579,0.7583679003195714,0.49112319873805055,0.8962402173892737,10.247049053224195,9.344549295424706,0.012527050285910807,1.1193376136581632,0.1193376136581632,0.012527050285910835,"[3.9332824783472202,6.313766574876976]","[3.703921751208944,5.640627544215762]","[0.38384538396540885,0.6161546160345912]","[0.3963724342513196,0.6036275657486804]",0.0,1.0,0.0,1.0,0.0,0.0,1.0,9.344549295424706,9.344549295424706,0.0061633952778179235,0.9897894071981728,0.010210592801827234,0.006163395277817951,"[3.761515902209702,5.583033393215004]","[3.703921751208944,5.640627544215762]","[0.4025358295291375,0.5974641704708624]","[0.3963724342513196,0.6036275657486804]"
sample_1081,2,1.4807117352640804,16.590358645912392,3.0369538656267396,shallow,"multi_[1.25,1.5)","multi_[10,20)mm",0.519170661438121,0.7341469375898659,0.2658530624101341,0.7990684514375934,1.2550169490607634,0.4050879632499737,1.5507810679505276,15.48792667092378,21.096494281879266,0.010655390631200565,0.7794861450879809,0.22051385491201914,0.01065539063120055,"[2.837246932427159,12.650679738496626]","[3.6398939869635756,17.45660029491569]","[0.18319088104630923,0.8168091189536908]","[0.17253549041510868,0.8274645095848914]",0.6919473542567284,0.326705096053926,0.6732949039460739,0.5749551356578319,0.519544725726458,0.425867475107806,2.5173775034254597,6.892332190762467,21.096494281879266,0.007792816225457536,0.3119489854859302,0.6880510145140698,0.007792816225457605,"[1.135461236509625,5.756870954252841]","[3.6398939869635756,17.45660029491569]","[0.16474267418965108,0.8352573258103488]","[0.17253549041510868,0.8274645095848914]",0.0,1.0,0.0,1.0,0.0,0.0,1.0,21.096494281879266,21.096494281879266,0.00801378159550055,0.9535528512063227,0.046447148793677284,0.008013781595500619,"[3.470831289357867,17.6256629925214]","[3.6398939869635756,17.45660029491569]","[0.16452170881960806,0.8354782911803919]","[0.17253549041510868,0.8274645095848914]"
sample_1083,2,1.0217816776784,10.011992808627062,6.987656064719643,deep,"multi_[1,1.25)","multi_[10,20)mm",0.4370270819864259,0.7802716832462674,0.21972831675373258,0.87168568451713,0.9668972917559829,0.3755421403210001,1.317820887260558,15.3914372306826,19.72574112474205,0.04664681825503619,0.8988566951549531,0.10114330484504686,0.04664681825503614,"[9.949395624155004,5.442041606527593]","[13.67133708474161,6.054404040000441]","[0.646424078208956,0.353575921791044]","[0.6930708964639922,0.3069291035360079]",0.5186106907521406,0.49465029559412055,0.5053497044058795,0.7979576736023888,0.262920802083205,0.38984825844111265,1.5908426649353151,9.757343678166755,19.72574112474205,0.04081069862092357,0.5604212632334734,0.4395787367665266,0.04081069862092346,"[6.364326917943862,3.393016760222892]","[13.67133708474161,6.054404040000441]","[0.6522601978430685,0.34773980215693134]","[0.6930708964639922,0.3069291035360079]",0.0,1.0,0.0,1.0,0.0,0.0,1.0,19.72574112474205,19.72574112474205,0.0005713190943218704,0.9981385958915597,0.0018614041084402677,0.0005713190943218982,"[13.682606777295828,6.043134347446227]","[13.67133708474161,6.054404040000441]","[0.6936422155583141,0.306357784441686]","[0.6930708964639922,0.3069291035360079]"
sample_1084,2,2.230747023159158,29.379584748597114,4.370424186618535,medium,multi_>=2,multi_>=20mm,0.7193456861051034,1.0056183136630148,0.005618313663014849,0.7250707337911414,2.3548724670262766,0.6862764755602979,0.7713546473181115,16.326455277619846,16.235240603514786,0.07724425864667411,0.42595708386865583,0.5740429161313442,0.07724425864667417,"[15.39973278562771,0.9267224919921353]","[14.059616515812348,2.175624087702438]","[0.9432379854515953,0.056762014548404634]","[0.8659937268049213,0.1340062731950788]",0.6866127189684865,0.5739351743068762,0.4260648256931237,0.6928318477575254,3.7133526972082582,0.6865775061967212,0.9905264381141845,9.317975645692334,16.235240603514786,0.11644156797132124,0.07522783757720673,0.9247721624227933,0.11644156797132127,"[9.154308150193598,0.1636674954987376]","[14.059616515812348,2.175624087702438]","[0.9824352947762425,0.01756470522375753]","[0.8659937268049213,0.1340062731950788]",0.0,1.0,0.0,1.0,0.0,0.0,1.0,16.235240603514786,16.235240603514786,0.0030044988049387628,0.9775794167444309,0.02242058325556906,0.003004498804938832,"[14.108395276803504,2.126845326711284]","[14.059616515812348,2.175624087702438]","[0.86899822560986,0.13100177439013996]","[0.8659937268049213,0.1340062731950788]"
sample_1085,2,1.1197540652177569,21.099763031844695,6.524822622799549,deep,"multi_[1,1.25)",multi_>=20mm,0.6755939222321052,0.5986958593735432,0.40130414062645675,0.6795964831155801,9.743921570600726,0.6695945596924301,1.13759501451135,4.3472602671691725,7.261216524393555,0.4467559972545414,0.15359247040085044,0.8464075295991496,0.4467559972545414,"[0.6701855470271089,3.6770747201420635]","[4.363401052656016,2.89781547173754]","[0.15416273833163363,0.8458372616683664]","[0.600918735586175,0.399081264413825]",0.6779153417332837,0.3540843772998449,0.6459156227001551,0.660823531519987,12.683832260017445,0.66005728557206,1.2590767980800466,2.571083331479236,7.261216524393555,0.5993085531135942,0.0009487812983343917,0.9990512187016656,0.5993085531135942,"[0.0041399133158926266,2.566943418163343]","[4.363401052656016,2.89781547173754]","[0.001610182472580843,0.9983898175274192]","[0.600918735586175,0.399081264413825]",0.0,1.0,0.0,1.0,0.0,0.0,1.0,7.261216524393555,7.261216524393555,0.0020782883347912895,1.0034585181185336,0.0034585181185335934,0.0020782883347912895,"[4.378491954255056,2.8827245701384983]","[4.363401052656016,2.89781547173754]","[0.6029970239209663,0.39700297607903373]","[0.600918735586175,0.399081264413825]"
sample_1086,2,1.3802445176831657,7.230490993010087,7.123517287959797,deep,"multi_[1.25,1.5)","multi_[5,10)mm",1.1777606309582422,1.414543069461107,0.4145430694611069,0.3549009984371588,1.2503403834723887,0.9343254163563058,0.33202773297267785,3.205766283197511,2.266291039422928,0.481681122206559,0.5281278769954074,0.4718721230045926,0.48168112220655906,"[2.2857545118104348,0.920011771387076]","[0.5242664058793428,1.7420246335435847]","[0.7130134607101072,0.28698653928989276]","[0.23133233850354823,0.7686676614964518]",1.0340256295389505,0.5745883478133501,0.42541165218664995,0.3445730006520203,5.040105210174888,0.9352373439429558,0.4452603765889475,1.30218442400622,2.266291039422928,0.7513884102614836,0.012916448701931068,0.9870835512980689,0.7513884102614835,"[1.2796836521895538,0.022500771816665977]","[0.5242664058793428,1.7420246335435847]","[0.9827207487650318,0.017279251234968315]","[0.23133233850354823,0.7686676614964518]",0.0,1.0,0.0,1.0,0.0,0.0,1.0,2.266291039422928,2.266291039422928,0.006064054618262454,0.9921109538985198,0.007889046101480224,0.006064054618262427,"[0.5380093185232823,1.7282817208996453]","[0.5242664058793428,1.7420246335435847]","[0.2373963931218107,0.7626036068781894]","[0.23133233850354823,0.7686676614964518]"
sample_1087,3,1.240271241563854,21.873271360269822,1.6814287219938702,shallow,"multi_[1,1.25)",multi_>=20mm,0.7856178406255937,0.5227544283091997,0.4772455716908003,0.5265809396581302,6.433616877338812,0.7826294328857393,1.123564686653891,7.527993466439723,14.40063069535023,0.3315194332104385,0.9676231939980818,0.03237680600191817,0.23351915439943483,"[0.8381501710344359,3.823632090131383,2.8662112052739053]","[6.377423351578993,3.9515713491040634,4.071635994667174]","[0.11133779203860403,0.5079218130538209,0.380740394907575]","[0.44285722524904253,0.27440265865438607,0.2827401160965714]",0.8328932704165175,0.24041747099508917,0.7595825290049109,0.4052554372376136,8.154140333418393,0.8155938132123156,1.4121331790298854,3.462163212510355,14.40063069535023,0.4272745929760162,0.47410363822330975,0.5258963617766903,0.2667198241158064,"[0.05394961620974813,1.873454353309229,1.534759242991378]","[6.377423351578993,3.9515713491040634,4.071635994667174]","[0.015582632273026259,0.5411224827701925,0.4432948849567812]","[0.44285722524904253,0.27440265865438607,0.2827401160965714]",0.0,1.0,0.0,1.0,0.0,0.0,1.0,14.40063069535023,14.40063069535023,0.0071537722459537045,1.0260703459690745,0.026070345969074538,0.0071537722459537045,"[6.306590448080961,4.054590181296689,4.039450065972581]","[6.377423351578993,3.9515713491040634,4.071635994667174]","[0.4379384890494604,0.28155643090033977,0.2805050800501998]","[0.44285722524904253,0.27440265865438607,0.2827401160965714]"
sample_1092,3,1.5440230470372123,8.37376856618333,6.5000306127256735,deep,"multi_[1.5,2)","multi_[5,10)mm",0.8723562078226819,0.5791038383989969,0.42089616160100307,0.5276135245295368,6.0473802676521435,0.838623872165778,0.6939424752470479,10.743959963639318,18.552734848628017,0.558588500491376,1.4457197810592821,0.4457197810592821,0.558588500491376,"[0.11058009032575279,0.6215417035272239,10.011838169786342]","[1.4862916531563521,10.141285014091144,6.92515818138052]","[0.010292302903211472,0.057850336899123,0.9318573601976655]","[0.08011172828604642,0.5466194120076641,0.37326885970628954]",0.8631630839449266,0.42564865134020746,0.5743513486597925,0.5080849924740013,6.978125845628992,0.8435525990221551,0.7459049073585982,7.896946566990984,18.552734848628017,0.6251527315347691,1.1385273449145956,0.13852734491459562,0.6251527315347691,"[0.0,0.012464609630229922,7.884481957360753]","[1.4862916531563521,10.141285014091144,6.92515818138052]","[0.0,0.0015784087589412903,0.9984215912410587]","[0.08011172828604642,0.5466194120076641,0.37326885970628954]",0.0,1.0,0.0,1.0,0.0,0.0,1.0,18.552734848628017,18.552734848628017,0.001836325070980284,1.0049195774660258,0.004919577466025782,0.0018363250709802492,"[1.4732222627369636,10.120285552372746,6.959227033518303]","[1.4862916531563521,10.141285014091144,6.92515818138052]","[0.07940728279453146,0.5454875324281987,0.3751051847772698]","[0.08011172828604642,0.5466194120076641,0.37326885970628954]"
sample_1093,2,2.0611904973864776,31.581006950380797,3.1916795520245875,shallow,multi_>=2,multi_>=20mm,0.9699906673386794,2.5388949538393506,1.5388949538393504,0.45008818096129666,5.464582445192672,0.8887209166103968,0.5411918924556701,8.23989875986241,3.2454665945914485,0.161866460542456,3.4023298117631704,2.4023298117631704,0.16186646054245596,"[2.984259128088594,5.255639631773816]","[1.7007487328477,1.5447178617437487]","[0.3621718197103705,0.6378281802896295]","[0.5240382802528265,0.47596171974717355]",0.9220576941016371,0.5000437961655795,0.4999562038344205,0.2242914282622124,6.368401791166477,0.9182122433490232,1.2696543418614077,1.6228754362880837,3.2454665945914485,0.2105533046427169,0.7212503961515591,0.27874960384844094,0.21055330464271688,"[0.5087470665630158,1.114128369725068]","[1.7007487328477,1.5447178617437487]","[0.3134849756101096,0.6865150243898904]","[0.5240382802528265,0.47596171974717355]",0.0,1.0,0.0,1.0,0.0,0.0,1.0,3.2454665945914485,3.2454665945914485,0.011802124555203575,0.9752036265406538,0.024796373459346155,0.011802124555203575,"[1.7390521338368206,1.5064144607546281]","[1.7007487328477,1.5447178617437487]","[0.5358404048080301,0.46415959519197]","[0.5240382802528265,0.47596171974717355]"
sample_1096,3,1.2141776356982488,2.569046515733026,5.82763114367264,medium,"multi_[1,1.25)",multi_<5mm,0.8753571792272109,0.48663578389857587,0.5133642161014241,0.2819803832585022,3.676002045503346,0.8223208281026955,2.115648109989934,11.977970923441056,24.613830958919973,0.2882185328681791,0.6401485082446083,0.35985149175539166,0.07094151633858542,"[5.19767534580805,3.2368963981015293,3.5433991795314776]","[17.77499484892536,1.3035593204757965,5.53527678951882]","[0.43393621332275295,0.27023745664358545,0.2958263300336617]","[0.722154746190932,0.05296044011399171,0.2248848136950763]",0.9100053979085655,0.1870384282627207,0.8129615717372793,0.18843070063056502,2.509235848320316,0.7604085277330743,4.3424768017277495,4.603732256080687,24.613830958919973,0.20998037275385506,0.22887872563604764,0.7711212743639524,0.0503064935219123,"[2.3579136837301866,0.9789114747226402,1.2669070976278605]","[17.77499484892536,1.3035593204757965,5.53527678951882]","[0.512174373437077,0.21263431934593446,0.2751913072169886]","[0.722154746190932,0.05296044011399171,0.2248848136950763]",0.0,1.0,0.0,1.0,0.0,0.0,1.0,24.613830958919973,24.613830958919973,0.007241179443417518,0.9678004960653507,0.03219950393464932,0.007241179443417456,"[17.886029259898585,1.3707580762660547,5.357043622755335]","[17.77499484892536,1.3035593204757965,5.53527678951882]","[0.7266658038624721,0.05569056188586915,0.21764363425165884]","[0.722154746190932,0.05296044011399171,0.2248848136950763]"
sample_1105,1,1.0,nan,4.086623114983751,medium,single,single,0.37558293085973843,0.7489106675620522,0.25108933243794784,0.905673559154872,1.877410822754465,0.2749304567031687,1.3626544445954745,6.263801926373972,8.363883968651008,nan,nan,nan,nan,[6.263801926373972],[8.363883968651008],[1.0],[1.0],0.4937089685383268,0.4320290822317226,0.5679709177682775,0.8160032740458393,0.2402701752653179,0.31923693976029477,1.6594919221175528,3.6134411148689125,8.363883968651008,nan,nan,nan,nan,[3.6134411148689125],[8.363883968651008],[1.0],[1.0],0.0,1.0,0.0,1.0,0.0,0.0,1.0,8.363883968651008,8.363883968651008,nan,nan,nan,nan,[8.363883968651008],[8.363883968651008],[1.0],[1.0]
sample_1112,3,1.4264037201682234,9.062008607367355,2.5994114412874976,shallow,"multi_[1.25,1.5)","multi_[5,10)mm",0.5125633084759673,1.3109588866087871,0.3109588866087872,0.8308706914790427,3.7494034070537356,0.4981548514372645,1.161676006939214,9.417903428312826,7.183980767448195,0.12181492966448518,1.0927894855180675,0.09278948551806754,0.11558640159416311,"[2.4019549832059335,5.452600069107213,1.5633483759996814]","[0.9570961777030317,4.989616153309028,1.2372684364361346]","[0.25504136897231194,0.5789611361606434,0.1659974948670447]","[0.13322643930782677,0.6945475377548065,0.17222602293736677]",0.5859376195278558,0.6317755175918274,0.36822448240817257,0.73018939477843,3.3529639911247573,0.4582863276010728,1.697142175390668,4.538663167724317,7.183980767448195,0.11780122698253835,0.5356893326244554,0.4643106673755446,0.10563312651893186,"[1.1393300230718713,2.6728841472183156,0.7264489974341299]","[0.9570961777030317,4.989616153309028,1.2372684364361346]","[0.2510276662903651,0.5889144112358746,0.16005792247376027]","[0.13322643930782677,0.6945475377548065,0.17222602293736677]",0.0,1.0,0.0,1.0,0.0,0.0,1.0,7.183980767448195,7.183980767448195,0.013261137624359945,1.015432789832005,0.015432789832005023,0.010718806178506513,"[0.9753602379145214,5.0666198507454245,1.142000678788249]","[0.9570961777030317,4.989616153309028,1.2372684364361346]","[0.13576877075368018,0.705266343933313,0.15896488531300682]","[0.13322643930782677,0.6945475377548065,0.17222602293736677]"
sample_1115,2,2.3202867167713777,9.802040603874278,1.56367290216847,shallow,multi_>=2,"multi_[5,10)mm",1.0782478165731322,1.1929943813544583,0.19299438135445846,0.4595189882063443,4.684826737763225,0.887087548794308,0.42958027267807425,6.891589566202058,5.776715862129826,0.5186834727192023,2.633784107309325,1.6337841073093249,0.5186834727192022,"[0.35725473866870383,6.534334827533353]","[3.295747581776417,2.4809682803534088]","[0.051839236106102915,0.948160763893897]","[0.5705227088253053,0.42947729117469474]",1.0052640870183644,0.6960887883567854,0.3039112116432146,0.45305988088667504,5.622014258427476,0.8904005367788899,0.4937886697313619,4.021107145151373,5.776715862129826,0.5701590483925356,1.6201919465952073,0.6201919465952073,0.5701590483925356,"[0.0014623175646195537,4.019644827586753]","[3.295747581776417,2.4809682803534088]","[0.00036366043276981757,0.9996363395672303]","[0.5705227088253053,0.42947729117469474]",0.0,1.0,0.0,1.0,0.0,0.0,1.0,5.776715862129826,5.776715862129826,0.004586756849000395,0.9893201411500598,0.01067985884994016,0.004586756849000451,"[3.32224397282177,2.4544718893080555]","[3.295747581776417,2.4809682803534088]","[0.5751094656743057,0.4248905343256943]","[0.5705227088253053,0.42947729117469474]"
sample_1124,1,1.0,nan,4.015679287157035,medium,single,single,0.36904736679299843,1.442344728119318,0.4423447281193181,0.9246940827252609,1.7773785412242595,0.3678703907637677,1.0327073257707247,6.822830755015984,4.730374522817658,nan,nan,nan,nan,[6.822830755015984],[4.730374522817658],[1.0],[1.0],0.4310230470911875,0.7441012400168561,0.255898759983144,0.8695154198603038,0.13267821478558126,0.3108192510435898,1.4581060466912397,3.519877548172763,4.730374522817658,nan,nan,nan,nan,[3.519877548172763],[4.730374522817658],[1.0],[1.0],0.0,1.0,0.0,1.0,0.0,0.0,1.0,4.730374522817658,4.730374522817658,nan,nan,nan,nan,[4.730374522817658],[4.730374522817658],[1.0],[1.0]
sample_1126,2,1.5154266340081608,8.78635305459552,6.411806220922531,deep,"multi_[1.5,2)","multi_[5,10)mm",0.5938617336769989,0.7639417065441775,0.23605829345582255,0.7791621185715496,1.4336743514585906,0.5930782715448227,1.039365680567386,7.403115208013675,9.690680773933588,0.14151864903716238,0.16414606520566444,0.8358539347943356,0.14151864903716238,"[0.2867182605081178,7.11639694750556]","[1.7467263692789607,7.943954404654627]","[0.038729406804010394,0.9612705931959896]","[0.1802480558411728,0.8197519441588272]",0.6156388510321784,0.4404844728903925,0.5595155271096075,0.7264787448955472,1.9643843426041334,0.5863670246154783,1.3013425166929173,4.268594412655197,9.690680773933588,0.18001532033349096,0.0005687516403197979,0.9994312483596802,0.18001532033349094,"[0.000993453487717254,4.267600959167481]","[1.7467263692789607,7.943954404654627]","[0.00023273550768185893,0.9997672644923182]","[0.1802480558411728,0.8197519441588272]",0.0,1.0,0.0,1.0,0.0,0.0,1.0,9.690680773933588,9.690680773933588,0.0016182255829759323,0.9910222300294773,0.008977769970522687,0.0016182255829760017,"[1.731044661734128,7.959636112199459]","[1.7467263692789607,7.943954404654627]","[0.1786298302581968,0.8213701697418031]","[0.1802480558411728,0.8197519441588272]"
sample_1133,3,2.5048274751627946,4.0447496832313385,4.951629470571966,medium,multi_>=2,multi_<5mm,0.4899627092155727,0.5426972085168209,0.4573027914831791,0.8199932708381109,0.8580000900088772,0.33066744643365853,1.6210251285140214,12.94920276653555,23.8608243479369,0.025496021200814865,0.2118117862924613,0.7881882137075387,0.01326995261345525,"[11.954113886837836,0.8850908534957524,0.10999802620196475]","[21.41886959458777,1.9226350869256432,0.5193196664234909]","[0.923154429068845,0.06835099190685937,0.0084945790242957]","[0.8976584078680301,0.0805770604942189,0.02176453163775095]",0.5872521161653214,0.3432955388366581,0.6567044611633419,0.723898131268706,0.6293566753136091,0.4292153401206974,1.797760976086839,8.19131455161185,23.8608243479369,0.06992441896141771,0.0,1.0,0.02176453163775095,"[7.925775289297785,0.2655392623140653,0.0]","[21.41886959458777,1.9226350869256432,0.5193196664234909]","[0.9675828268294479,0.032417173170552184,0.0]","[0.8976584078680301,0.0805770604942189,0.02176453163775095]",0.0,1.0,0.0,1.0,0.0,0.0,1.0,23.8608243479369,23.8608243479369,0.007411226092698573,0.9528046349699731,0.04719536503002686,0.0010271850153512237,"[21.595707558588497,1.7703066041490454,0.4948101851993625]","[21.41886959458777,1.9226350869256432,0.5193196664234909]","[0.9050696339607287,0.07419301941687159,0.020737346622399726]","[0.8976584078680301,0.0805770604942189,0.02176453163775095]"
sample_1135,2,1.537476771614772,20.5757138393787,2.9938807072106686,shallow,"multi_[1.5,2)",multi_>=20mm,0.948145693399857,0.42860396765276465,0.5713960323472353,0.2554660820867895,10.407576423422856,0.9407641811311793,0.7416984198966297,3.699491381420352,8.631491214793211,0.49725471628303014,1.637759400166761,0.637759400166761,0.49725471628303014,"[2.4916606881808874,1.2078306932394642]","[1.521383841806788,7.110107372986423]","[0.6735143919227784,0.32648560807722166]","[0.17625967563974826,0.8237403243602518]",0.9408319535523385,0.17002081966225846,0.8299791803377415,0.19905706989744598,16.395639913562164,0.9407285710454532,1.042885878846014,1.4675332112467248,8.631491214793211,0.7753462159014475,0.9179230194769659,0.08207698052303414,0.7753462159014475,"[1.3965132498547534,0.07101996139197134]","[1.521383841806788,7.110107372986423]","[0.9516058915411957,0.048394108458804284]","[0.17625967563974826,0.8237403243602518]",0.0,1.0,0.0,1.0,0.0,0.0,1.0,8.631491214793211,8.631491214793211,0.01564160003870617,0.9112582047939568,0.0887417952060432,0.015641600038706155,"[1.3863735084873867,7.245117706305825]","[1.521383841806788,7.110107372986423]","[0.1606180756010421,0.839381924398958]","[0.17625967563974826,0.8237403243602518]"
sample_1138,2,1.1116285564750643,11.560276813294738,3.6697888769444815,medium,"multi_[1,1.25)","multi_[10,20)mm",0.7240470196536668,0.6535153119613211,0.34648468803867893,0.6367043591669577,4.241355462254044,0.7237204658844066,1.032532908027761,8.84253507604356,13.530723632940546,0.3519207763574326,0.17003679762579818,0.8299632023742018,0.3519207763574325,"[7.748106468932606,1.094428607110955]","[7.094301503187927,6.43642212975262]","[0.8762313524685912,0.12376864753140886]","[0.5243105761111586,0.4756894238888414]",0.7520010649765828,0.33584764639799164,0.6641523536020084,0.5510720020678174,5.364202467909415,0.7327504942228831,1.3305664741195693,4.544261686184766,13.530723632940546,0.4675271546041048,0.005762749371501663,0.9942372506284983,0.46752715460410477,"[4.5071701986018144,0.037091487582951305]","[7.094301503187927,6.43642212975262]","[0.9918377307152635,0.008162269284736609]","[0.5243105761111586,0.4756894238888414]",0.0,1.0,0.0,1.0,0.0,0.0,1.0,13.530723632940546,13.530723632940546,0.00028253963080807076,0.9994060418066516,0.0005939581933483984,0.0002825396308080985,"[7.098124468847745,6.432599164092804]","[7.094301503187927,6.43642212975262]","[0.5245931157419667,0.4754068842580333]","[0.5243105761111586,0.4756894238888414]"
sample_1139,3,1.579765823118739,4.093897898091745,5.4115501939774795,medium,"multi_[1.5,2)",multi_<5mm,0.8663263452066184,1.5385680012069323,0.5385680012069322,0.44626652355129626,5.098827211176367,0.8613675898000708,0.845873683064188,12.434924334058566,8.08214152660394,0.24521846406324643,2.249134081645286,1.2491340816452858,0.04746757677447144,"[1.8683192255892274,3.3599650338620557,7.206640074607283]","[0.8306837910803944,0.5855754914481811,6.665882244075363]","[0.1502477357640211,0.2702038986002752,0.5795483656357037]","[0.10278015898954965,0.07245301131150025,0.8247668296989501]",0.8185491312214039,0.7115787886666461,0.2884212113333539,0.415690570655398,2.8499652237214295,0.7843419646576001,1.6063623086273306,5.751080477333229,8.08214152660394,0.12163388807305553,0.7714874660832683,0.22851253391673165,0.008653185687662032,"[0.6408621330970565,1.0664442106816046,4.043774133554566]","[0.8306837910803944,0.5855754914481811,6.665882244075363]","[0.11143334467721168,0.18543371369689374,0.7031329416258946]","[0.10278015898954965,0.07245301131150025,0.8247668296989501]",0.0,1.0,0.0,1.0,0.0,0.0,1.0,8.08214152660394,8.08214152660394,0.043711349192487856,0.5747102395810432,0.42528976041895683,0.043711349192487876,"[0.47740248058790263,0.5955376800544693,7.009201365961569]","[0.8306837910803944,0.5855754914481811,6.665882244075363]","[0.05906880979706177,0.073685628752496,0.8672455614504422]","[0.10278015898954965,0.07245301131150025,0.8247668296989501]"
sample_1140,3,1.5762626109305808,9.017760254076396,2.8356592147885262,shallow,"multi_[1.5,2)","multi_[5,10)mm",0.9867408668606907,3.30548906937127,2.3054890693712706,0.48870675243073247,0.5453050600608614,0.8713552588992755,0.5144816434143512,12.657780546146423,3.8293215559033844,0.0474341126828699,3.556124542794918,2.556124542794918,0.04542185218183059,"[2.1266977773598654,8.157495173221328,2.373587595565227]","[0.8250241670348439,2.2939284254679073,0.7103689634006333]","[0.16801506153520138,0.6444648920465622,0.18752004641823647]","[0.21544917421807125,0.5990430398647316,0.18550778591719713]",0.852398495681186,1.0087750807978206,0.008775080797820549,0.4298772777843361,1.0403642940949185,0.8523948883331484,0.9952798302702255,3.8629241619572725,3.8293215559033844,0.07572093069996041,0.9261077448626037,0.07389225513739628,0.049090518945993145,"[1.1247680335274985,2.124424880986307,0.6137312474434667]","[0.8250241670348439,2.2939284254679073,0.7103689634006333]","[0.2911701049180317,0.5499525209187385,0.1588773741632299]","[0.21544917421807125,0.5990430398647316,0.18550778591719713]",0.0,1.0,0.0,1.0,0.0,0.0,1.0,3.8293215559033844,3.8293215559033844,0.15390895655761233,1.256924705430792,0.25692470543079193,0.15390895655761228,"[0.44235282240830137,2.8832953104605696,0.5036734230345132]","[0.8250241670348439,2.2939284254679073,0.7103689634006333]","[0.11551728314023628,0.7529519964223439,0.13153072043741973]","[0.21544917421807125,0.5990430398647316,0.18550778591719713]"
sample_1141,1,1.0,nan,5.631076830962117,medium,single,single,0.6632459614830335,2.380779192836794,1.380779192836794,0.8067085266211428,2.2111565529181,0.5823238054694048,0.719152201740903,6.377494252476249,2.678742435108906,nan,nan,nan,nan,[6.377494252476249],[2.678742435108906],[1.0],[1.0],0.4688763979277803,1.2362547975424347,0.2362547975424348,0.875402161023615,0.10862378067867222,0.4688017607790994,1.009561528122762,3.3116081867838894,2.678742435108906,nan,nan,nan,nan,[3.3116081867838894],[2.678742435108906],[1.0],[1.0],0.0,1.0,0.0,1.0,0.0,0.0,1.0,2.678742435108906,2.678742435108906,nan,nan,nan,nan,[2.678742435108906],[2.678742435108906],[1.0],[1.0]
sample_1143,3,1.2859842498466512,8.321057625085883,3.6177987346516853,medium,"multi_[1.25,1.5)","multi_[5,10)mm",0.5547484965145789,1.1321331987260266,0.13213319872602652,0.8003885083635667,3.446887192957966,0.5457749625604574,1.1345544558618654,9.46544852832404,8.36071986845309,0.09873901154540377,1.0760692291686993,0.07606922916869929,0.016974500927837033,"[1.7497155303630634,4.631873516435186,3.0838594815257916]","[2.2291134116525133,3.265750433849173,2.865856022951404]","[0.1848528915589454,0.48934538100069397,0.3258017274403606]","[0.26661740217651214,0.3906063694552902,0.34277622836819766]",0.6960466010684472,0.5126746303478853,0.4873253696521147,0.6074897017612926,2.915468272851369,0.6338155673569993,1.5921665361736053,4.286328968001408,8.36071986845309,0.13305294245252042,0.5533811489734393,0.44661885102656074,0.027216534812731008,"[0.5725012128104028,2.1279170564177052,1.585910698773299]","[2.2291134116525133,3.265750433849173,2.865856022951404]","[0.1335644597239917,0.4964427770950796,0.36999276318092866]","[0.26661740217651214,0.3906063694552902,0.34277622836819766]",0.0,1.0,0.0,1.0,0.0,0.0,1.0,8.36071986845309,8.36071986845309,0.021000800668568825,1.0168670871933485,0.016867087193348507,0.005781636531693557,"[2.356356579632935,3.0901686224460465,2.914194666374108]","[2.2291134116525133,3.265750433849173,2.865856022951404]","[0.28183656631338744,0.3696055687867214,0.3485578648998912]","[0.26661740217651214,0.3906063694552902,0.34277622836819766]"
sample_1154,1,1.0,nan,6.79369578819467,deep,single,single,0.9798440945253055,1.546295152946774,0.5462951529467742,0.2435904491112316,1.6622728451012976,0.9539719390944531,0.5727858301088009,12.212981139311475,7.898221187615573,nan,nan,nan,nan,[12.212981139311475],[7.898221187615574],[1.0],[1.0],0.9686335591452628,0.733835981256894,0.2661640187431061,0.1531085968177325,1.9685443881475233,0.9658825429329134,0.7802221522143887,5.795998895397864,7.898221187615573,nan,nan,nan,nan,[5.795998895397864],[7.898221187615574],[1.0],[1.0],0.0,1.0,0.0,1.0,0.0,0.0,1.0,7.898221187615573,7.898221187615573,nan,nan,nan,nan,[7.898221187615573],[7.898221187615574],[1.0],[1.0]
sample_1162,1,1.0,nan,2.2369167992925987,shallow,single,single,0.8298032580180933,1.4573749287907425,0.45737492879074243,0.4521107648539903,0.868986681842083,0.8283491540468535,1.096071918487323,11.7604199572008,8.069591238926426,nan,nan,nan,nan,[11.7604199572008],[8.069591238926426],[1.0],[1.0],0.8363189284690231,0.674902492845014,0.325097507154986,0.35756265305383583,0.26754793160610424,0.7604044295164278,2.1555554187132,5.44618724339173,8.069591238926426,nan,nan,nan,nan,[5.44618724339173],[8.069591238926426],[1.0],[1.0],0.0,1.0,0.0,1.0,0.0,0.0,1.0,8.069591238926426,8.069591238926426,nan,nan,nan,nan,[8.069591238926426],[8.069591238926426],[1.0],[1.0]
sample_1167,3,1.6076102648679311,6.907966415668215,4.887414595389227,medium,"multi_[1.5,2)","multi_[5,10)mm",0.541498446755401,1.0652287580854842,0.06522875808548413,0.8203596832263877,1.3027530914298844,0.5396674614946679,1.0557982028175676,9.356030534433991,8.783118615056367,0.2135180940242587,1.393214177931949,0.3932141779319489,0.023354547778361795,"[8.316698753372084,0.92816767655831,0.11116410450359672]","[6.1372008205157655,0.666206022921801,1.979711771618801]","[0.8889131691867888,0.09920528509844811,0.01188154571476308]","[0.6987496229408918,0.07585073732008632,0.22539963973902175]",0.5611086725424649,0.6038734892326973,0.39612651076730265,0.7720721098571963,2.3245557717346723,0.50540838644541,1.3936569982148186,5.3038924844187445,8.783118615056367,0.25104998769460973,0.39905561243347326,0.6009443875665268,0.025726559036886677,"[5.0376350165534864,0.2658532524839278,0.00040421538132980067]","[6.1372008205157655,0.666206022921801,1.979711771618801]","[0.9497996106355016,0.05012417828319964,7.621108129873767e-05]","[0.6987496229408918,0.07585073732008632,0.22539963973902175]",0.0,1.0,0.0,1.0,0.0,0.0,1.0,8.783118615056367,8.783118615056367,0.06564532058552988,1.07281528864387,0.07281528864386999,0.005523093331812473,"[6.66526147388654,0.7147160067771366,1.4031411343926912]","[6.1372008205157655,0.666206022921801,1.979711771618801]","[0.7588718501946093,0.08137383065189879,0.15975431915349197]","[0.6987496229408918,0.07585073732008632,0.22539963973902175]"
sample_1168,2,1.0681039636390848,26.053790511171307,3.188548228478215,shallow,"multi_[1,1.25)",multi_>=20mm,0.44942590518556763,1.021872330434291,0.02187233043429082,0.873779599875274,1.6842586000533406,0.4315945171355143,1.161367508092063,8.045985917829187,7.873768256754424,0.09163933271522545,1.2415774161983788,0.2415774161983788,0.0916393327152254,"[4.166725403989713,3.8792605138394745]","[3.3559932305694864,4.517775026184938]","[0.5178638698281364,0.4821361301718635]","[0.426224537112911,0.573775462887089]",0.5316499023518778,0.5509283005438758,0.44907169945612424,0.7925986918839638,0.8365224815202081,0.4441191065232392,1.4840828797142538,4.33788176457003,7.873768256754424,0.059821450307462776,0.6282521687969831,0.3717478312030169,0.059821450307462776,"[2.1084100255732734,2.2294717389967564]","[3.3559932305694864,4.517775026184938]","[0.48604598742037375,0.5139540125796263]","[0.426224537112911,0.573775462887089]",0.0,1.0,0.0,1.0,0.0,0.0,1.0,7.873768256754424,7.873768256754424,0.013405163425777245,1.0314509425397675,0.031450942539767546,0.013405163425777245,"[3.4615423808279764,4.412225875926447]","[3.3559932305694864,4.517775026184938]","[0.4396297005386882,0.5603702994613118]","[0.426224537112911,0.573775462887089]"
sample_1170,2,1.4758037290858605,8.781799360040061,5.704492264801853,medium,"multi_[1.25,1.5)","multi_[5,10)mm",0.5804619846900747,0.6987915093194755,0.3012084906805244,0.7911143547635987,2.148606151382358,0.5797617466748034,1.036250575976022,12.198076015551539,17.45595911351405,0.2752952680492454,0.11792512682357395,0.8820748731764261,0.2752952680492454,"[11.516333794062813,0.681742221488729]","[11.674814417280878,5.7811446962331745]","[0.9441106760919047,0.055889323908095326]","[0.6688154080426593,0.33118459195734073]",0.5829586359177227,0.4754801152686833,0.5245198847313167,0.767813658397725,3.0077981364545856,0.5656143115405543,1.206491458198908,8.299961451419083,17.45595911351405,0.32975516117337034,0.0020522268560682097,0.9979477731439318,0.32975516117337034,"[8.288097231014657,0.011864220404426012]","[11.674814417280878,5.7811446962331745]","[0.9985705692160296,0.0014294307839703918]","[0.6688154080426593,0.33118459195734073]",0.0,1.0,0.0,1.0,0.0,0.0,1.0,17.45595911351405,17.45595911351405,0.004991990599303164,0.9849268633851596,0.015073136614840443,0.004991990599303109,"[11.761954401077357,5.6940047124366915]","[11.674814417280878,5.7811446962331745]","[0.6738073986419625,0.3261926013580376]","[0.6688154080426593,0.33118459195734073]"
sample_1175,2,1.528031646294334,13.423859355639868,5.7550488387311205,medium,"multi_[1.5,2)","multi_[10,20)mm",0.996178995779635,0.3387811294552209,0.6612188705447791,0.15416804970730957,9.975933054197723,0.9758080284450522,0.5217170621586307,5.830863968554727,17.211300930282288,0.7390669236456127,2.386441427557632,1.386441427557632,0.7390669236456127,"[0.8084842387815822,5.022379729773144]","[15.106753267064244,2.1045476632180424]","[0.1386559938872966,0.8613440061127035]","[0.8777229175329093,0.12227708246709074]",0.9728907416758326,0.18215701223667558,0.8178429877633244,0.14599187775650072,11.714947825141957,0.9691930398171593,0.744015644388031,3.1351591541665362,17.211300930282288,0.8736965518797144,1.4837087853150654,0.48370878531506545,0.8736965518797144,"[0.012623297135635581,3.122535857030901]","[15.106753267064244,2.1045476632180424]","[0.004026365653194856,0.9959736343468051]","[0.8777229175329093,0.12227708246709074]",0.0,1.0,0.0,1.0,0.0,0.0,1.0,17.211300930282288,17.211300930282288,0.0009134656418835763,0.9925295433661543,0.007470456633845712,0.000913465641883604,"[15.122475199116177,2.0888257311661107]","[15.106753267064244,2.1045476632180424]","[0.8786363831747929,0.12136361682520713]","[0.8777229175329093,0.12227708246709074]"
sample_1185,3,2.002351208281049,6.893475175845634,1.521936559714726,shallow,multi_>=2,"multi_[5,10)mm",0.9273585095190977,2.8649744934920287,1.864974493492029,0.47079884566910196,5.41302091889245,0.8744539760680214,0.611079911901222,12.469809099327843,4.352502658454309,0.16547004176427657,0.08950239570085082,0.9104976042991492,0.07764937094143974,"[8.374411546110496,4.06417304973418,0.031224503483171247]","[3.305271501633537,0.6983633612867316,0.3488677955340409]","[0.6715749599215514,0.32592103193891303,0.0025040081395355383]","[0.7593956307443882,0.1604509901746365,0.08015337908097528]",0.8328497281819529,1.1079591521324663,0.10795915213246635,0.4274871590096161,1.7290803309751483,0.8267736691818015,1.2173026412766865,4.822395155115342,4.352502658454309,0.08015337908097528,0.0,1.0,0.08015337908097528,"[3.8076262433318195,1.0147689117835224,0.0]","[3.305271501633537,0.6983633612867316,0.3488677955340409]","[0.789571596863623,0.21042840313637698,0.0]","[0.7593956307443882,0.1604509901746365,0.08015337908097528]",0.0,1.0,0.0,1.0,0.0,0.0,1.0,4.352502658454309,4.352502658454309,0.07919453829825668,0.011962574675110063,0.9880374253248899,0.0791945382982567,"[3.6122088004772417,0.7361205009212513,0.004173357055816993]","[3.305271501633537,0.6983633612867316,0.3488677955340409]","[0.8299153576531147,0.1691258015641666,0.0009588407827185714]","[0.7593956307443882,0.1604509901746365,0.08015337908097528]"
sample_1200,3,1.9585491540961288,3.8418745424597094,3.005923041577784,shallow,"multi_[1.5,2)",multi_<5mm,0.5390070767236628,0.9871647606085341,0.01283523939146595,0.8283610469612815,1.2401042318336173,0.538958179619318,1.0086940037195284,9.821820061199954,9.949524591158754,0.2037891686631706,0.5668349992382529,0.43316500076174713,0.10235824304570768,"[1.3557553062079404,8.223828426850378,0.24223632814163565]","[2.3917988621554533,6.303150325163052,1.2545754038402481]","[0.13803503808461184,0.837301882503196,0.02466307941219207]","[0.24039328113031952,0.6335127138400255,0.12609400502965504]",0.5715315885108238,0.4911625739578071,0.5088374260421928,0.7635273725414449,1.9801930228924978,0.5215023170324499,1.3775327247344291,4.886834107850032,9.949524591158754,0.3093737822068838,0.11637806583143558,0.8836219341685644,0.18343351550448334,"[0.27835292543548007,4.607729888713241,0.0007512937013112453]","[2.3917988621554533,6.303150325163052,1.2545754038402481]","[0.05695976562583618,0.9428864960469092,0.00015373832725452957]","[0.24039328113031952,0.6335127138400255,0.12609400502965504]",0.0,1.0,0.0,1.0,0.0,0.0,1.0,9.949524591158754,9.949524591158754,0.004905090766674905,0.9795955579806086,0.0204044420193914,0.004905090766674863,"[2.342995540950556,6.304741529479191,1.3017875207290066]","[2.3917988621554533,6.303150325163052,1.2545754038402481]","[0.23548819036364466,0.6336726415131079,0.1308391681232476]","[0.24039328113031952,0.6335127138400255,0.12609400502965504]"
sample_1202,1,1.0,nan,4.623521627182014,medium,single,single,0.38062669370914454,0.858965796044418,0.14103420395558194,0.9055350850997057,1.5293686428177347,0.31279205231104235,1.2959070851858707,9.722269087539129,11.318575352255795,nan,nan,nan,nan,[9.722269087539129],[11.318575352255795],[1.0],[1.0],0.4481544553295072,0.5452164425419646,0.4547835574580354,0.8551153241057614,0.17587999214645983,0.30380986624196127,1.528589775733833,6.171073388200068,11.318575352255795,nan,nan,nan,nan,[6.171073388200068],[11.318575352255795],[1.0],[1.0],0.0,1.0,0.0,1.0,0.0,0.0,1.0,11.318575352255795,11.318575352255795,nan,nan,nan,nan,[11.318575352255795],[11.318575352255795],[1.0],[1.0]
sample_1211,3,1.247220392714453,2.5768197453450234,6.1173521652796135,deep,"multi_[1,1.25)",multi_<5mm,0.6087045763057116,0.8062132651659979,0.19378673483400208,0.7419415567896308,1.2500148861948057,0.5916596736513284,1.215696267443717,10.541184798547087,13.074933462396796,0.2845727813155056,0.15084521298749753,0.8491547870125025,0.05574336751156899,"[0.3407266506416152,10.065210757444818,0.13524739046064635]","[3.4145553141268445,8.763780982327033,0.8965971659429194]","[0.0323233732406037,0.9548462482919504,0.012830378467445886]","[0.26115278704454026,0.6702734669764447,0.06857374597901487]",0.6609121691457371,0.39771995592640585,0.6022800440735941,0.6470334596286065,2.028019178066359,0.5721975584940664,1.6758710591191726,5.200161960405143,13.074933462396796,0.3256707056933815,0.011654163357807631,0.9883458366421923,0.06656436821009014,"[0.010641869162294742,5.179071001404803,0.01044908983804614]","[3.4145553141268445,8.763780982327033,0.8965971659429194]","[0.00204644956124898,0.9959441726698264,0.0020093777689247304]","[0.26115278704454026,0.6702734669764447,0.06857374597901487]",0.0,1.0,0.0,1.0,0.0,0.0,1.0,13.074933462396796,13.074933462396796,0.02878551166772711,1.0616857878335166,0.061685787833516637,0.0042300255454109925,"[3.038186664390266,9.084842329513123,0.9519044684934067]","[3.4145553141268445,8.763780982327033,0.8965971659429194]","[0.2323672753768132,0.6948289530987609,0.07280377152442587]","[0.26115278704454026,0.6702734669764447,0.06857374597901487]"
sample_1222,1,1.0,nan,6.233917816489647,deep,single,single,1.002338616743289,3.6914389227133326,2.6914389227133326,0.5077186505611517,1.1315131252210788,0.8603857992566926,0.49776650333818545,18.23611486149769,4.940110142224303,nan,nan,nan,nan,[18.23611486149769],[4.940110142224303],[1.0],[1.0],0.8236065977326988,1.8753557167145496,0.8753557167145495,0.5248726321472907,0.4831225265750644,0.8193567441497048,0.8727849837622276,9.264463796419873,4.940110142224303,nan,nan,nan,nan,[9.264463796419873],[4.940110142224303],[1.0],[1.0],0.0,1.0,0.0,1.0,0.0,0.0,1.0,4.940110142224303,4.940110142224303,nan,nan,nan,nan,[4.940110142224303],[4.940110142224303],[1.0],[1.0]
sample_1226,3,1.639217860810608,6.109009739720503,1.589163163486292,shallow,"multi_[1.5,2)","multi_[5,10)mm",0.7343793077910284,1.1985584097964377,0.19855840979643768,0.7470708369473349,3.301119100834622,0.6622988674888433,0.7025021971172155,11.062631276851443,9.229947565701293,0.3350529531418544,0.29926405761720126,0.7007359423827988,0.20661433475119875,"[10.121106047913026,0.1808985034166593,0.7606267255217554]","[5.351878320368175,1.3364117820947552,2.541657463238364]","[0.9148913847550396,0.01635221303951344,0.06875640220544701]","[0.5798384316131852,0.14479083143016902,0.27537073695664577]",0.6786806224367484,0.807331477012826,0.192668522987174,0.7527617332320347,4.490832571416075,0.6555398609226085,0.8112390459975084,7.451627200968563,9.229947565701293,0.40791116735068345,0.035915705756550585,0.9640842942434494,0.2631203359205144,"[7.360341779384952,0.0,0.09128542158360986]","[5.351878320368175,1.3364117820947552,2.541657463238364]","[0.9877495989638686,0.0,0.012250401036131354]","[0.5798384316131852,0.14479083143016902,0.27537073695664577]",0.0,1.0,0.0,1.0,0.0,0.0,1.0,9.229947565701293,9.229947565701293,0.0031350921871075438,0.9969597899030335,0.0030402100969665335,0.0008371848949046412,"[5.380815056868816,1.3152022182768799,2.5339302905555963]","[5.351878320368175,1.3364117820947552,2.541657463238364]","[0.5829735238002928,0.1424929241379662,0.2745335520617411]","[0.5798384316131852,0.14479083143016902,0.27537073695664577]"
sample_1228,3,2.0631726315811973,12.626955294131678,3.3545171838327636,shallow,multi_>=2,"multi_[10,20)mm",0.9254473717978948,0.9414363414728003,0.05856365852719967,0.4280123916317168,6.17171902149269,0.8904385082442497,0.6434936330247432,5.009009163709419,5.320603149728885,0.40662700023307097,2.2271813937291642,1.2271813937291642,0.3176456481858785,"[2.756103128049047,0.3915366271745526,1.8613694084858188]","[1.2374848029033967,2.579393731237043,1.5037246155884447]","[0.5502292046133963,0.07816648250741079,0.3716043128791928]","[0.2325835564275178,0.48479348274048184,0.2826229608320005]",0.9021344245263689,0.39381403564878537,0.6061859643512146,0.33791521164671307,9.592763586704855,0.9009556119615515,0.9039545580284968,2.0953281984803707,5.320603149728885,0.47960736052531966,1.1640062974962582,0.16400629749625817,0.45486965719321404,"[1.4404401036354697,0.010866628118194662,0.6440214667267067]","[1.2374848029033967,2.579393731237043,1.5037246155884447]","[0.6874532136207319,0.005186122215162113,0.30736066416410607]","[0.2325835564275178,0.48479348274048184,0.2826229608320005]",0.0,1.0,0.0,1.0,0.0,0.0,1.0,5.320603149728885,5.320603149728885,0.0071899960441145355,0.9764444836153939,0.023555516384606068,0.005478625774218399,"[1.2083352093529047,2.570288209188681,1.5419797311872987]","[1.2374848029033967,2.579393731237043,1.5037246155884447]","[0.2271049306532994,0.48308211247058563,0.28981295687611497]","[0.2325835564275178,0.48479348274048184,0.2826229608320005]"
sample_1230,2,1.3709956859251484,5.976621118993575,3.439398889493172,shallow,"multi_[1.25,1.5)","multi_[5,10)mm",0.9982346246749719,3.398169546189512,2.398169546189512,0.5166055543370615,2.130084997561195,0.8554714723468908,0.5016552223885197,10.215655672535934,3.006223066177234,0.2869200889370179,4.867243113438719,3.867243113438719,0.2869200889370179,"[0.5045943248635633,9.711061347672372]","[1.0110358274589522,1.995187238718282]","[0.049394218152842534,0.9506057818471575]","[0.33631430708986043,0.6636856929101396]",0.8675340874101307,1.309498115397113,0.30949811539711297,0.4190148494453384,1.6086441931115663,0.8663376181627667,0.9164285111552216,3.936643439622418,3.006223066177234,0.33528976180615055,1.9710481772522928,0.9710481772522928,0.33528976180615055,"[0.004033269469712716,3.932610170152705]","[1.0110358274589522,1.995187238718282]","[0.0010245452837099125,0.9989754547162901]","[0.33631430708986043,0.6636856929101396]",0.0,1.0,0.0,1.0,0.0,0.0,1.0,3.006223066177234,3.006223066177234,0.08987156781559376,1.1354128449289353,0.13541284492893535,0.0898715678155938,"[0.7408618472982027,2.2653612188790313]","[1.0110358274589522,1.995187238718282]","[0.24644273927426671,0.7535572607257334]","[0.33631430708986043,0.6636856929101396]"
sample_1232,2,1.2800752936203967,12.191800523302534,3.5246938850822476,medium,"multi_[1.25,1.5)","multi_[10,20)mm",0.8899592304608834,1.063876436528711,0.06387643652871101,0.5450526825320463,5.260641226623256,0.8335593547302077,0.6392318004343004,13.31725834537853,12.51767394043522,0.40435015703035526,1.862775557417538,0.862775557417538,0.40435015703035526,"[12.555702833738213,0.7615555116403191]","[6.740319725444987,5.777354214990233]","[0.9428143922803299,0.05718560771967006]","[0.5384642352499747,0.4615357647500254]",0.845556319728911,0.6119155944472219,0.3880844055527781,0.5125731142254274,6.121156793869238,0.8347042034570672,0.8030797882436509,7.659759890357916,12.51767394043522,0.45988758825730575,1.134535981327191,0.1345359813271909,0.4598875882573057,"[7.64713525416675,0.01262463619116442]","[6.740319725444987,5.777354214990233]","[0.9983518235072804,0.0016481764927196057]","[0.5384642352499747,0.4615357647500254]",0.0,1.0,0.0,1.0,0.0,0.0,1.0,12.51767394043522,12.51767394043522,0.0017041177911310823,0.9968352256666778,0.0031647743333221845,0.00170411779113111,"[6.718988134579513,5.7986858058557065]","[6.740319725444987,5.777354214990233]","[0.5367601174588436,0.46323988254115644]","[0.5384642352499747,0.4615357647500254]"
sample_1250,2,2.046657542465378,12.801562404644212,8.215449724084394,deep,multi_>=2,"multi_[10,20)mm",0.8617598248174281,0.44576884888383567,0.5542311511161644,0.30001361195069864,1.1355317378575256,0.7734175974236989,2.497385331775011,8.167572254744789,18.322438356102364,0.0784939823476158,0.19604311628852295,0.803956883711477,0.07849398234761576,"[7.664283009533575,0.5032892452112174]","[15.7552008282592,2.5672375278431634]","[0.9383795784703538,0.06162042152964626]","[0.859885596122738,0.140114403877262]",0.9438207895525839,0.08771805814776718,0.9122819418522329,0.11411349152485428,0.9557866806115708,0.6823409606233208,9.258994055687987,1.6072087131294668,18.322438356102364,0.13291094441002882,0.0045096967829613985,0.9954903032170386,0.13291094441002885,"[1.5956312503090546,0.011577462820412087]","[15.7552008282592,2.5672375278431634]","[0.9927965405327668,0.007203459467233163]","[0.859885596122738,0.140114403877262]",0.0,1.0,0.0,1.0,0.0,0.0,1.0,18.322438356102364,18.322438356102364,0.003598431060620952,0.9743179076451474,0.025682092354852637,0.003598431060620938,"[15.82113285954611,2.5013054965562516]","[15.7552008282592,2.5672375278431634]","[0.8634840271833589,0.13651597281664107]","[0.859885596122738,0.140114403877262]"
sample_1262,2,1.119215257939537,6.858571279792898,3.768516468800298,medium,"multi_[1,1.25)","multi_[5,10)mm",1.3882851435088246,3.911430652489781,2.911430652489781,0.48406575146215697,3.2721664684617546,0.8369426672024749,0.3307033801101379,6.4851000924828215,1.6579867236952794,0.2868805827955787,5.5238308960996125,4.5238308960996125,0.2868805827955787,"[6.373608123453242,0.11149196902957956]","[1.1538383855946168,0.5041483381006624]","[0.9828079802254995,0.01719201977450048]","[0.6959273974299208,0.30407260257007923]",1.0859007695082878,2.13742266277748,1.1374226627774797,0.5615854250941394,1.6097428442074289,0.8136340265293858,0.44703120375696165,3.543818397810474,1.6579867236952794,0.3038951302227477,3.070784879647558,2.070784879647558,0.3038951302227477,"[3.543189468040898,0.0006289297695759382]","[1.1538383855946168,0.5041483381006624]","[0.9998225276526685,0.00017747234733148814]","[0.6959273974299208,0.30407260257007923]",0.0,1.0,0.0,1.0,0.0,0.0,1.0,1.6579867236952794,1.6579867236952794,0.0011820038461865245,1.0016984585612694,0.0016984585612693781,0.0011820038461864968,"[1.1557981322789512,0.5021885914163284]","[1.1538383855946168,0.5041483381006624]","[0.6971094012761073,0.3028905987238927]","[0.6959273974299208,0.30407260257007923]"
sample_1266,2,1.3497876791343364,20.03397114902585,5.343114067678148,medium,"multi_[1.25,1.5)",multi_>=20mm,0.44692993315176416,0.612730476960072,0.387269523039928,0.8586058975132297,1.0401791651835175,0.3340664999695093,1.4598330378121216,11.001137949317156,17.95428555128658,0.0025679368543964146,0.5612771178202514,0.43872288217974864,0.0025679368543964493,"[10.692971357686517,0.3081665916306362]","[17.405240201233088,0.5490453500534942]","[0.9719877531715013,0.028012246828498708]","[0.9694198163171049,0.030580183682895157]",0.5720459938283534,0.35412840362214176,0.6458715963778583,0.7440614022776915,0.5161236667413532,0.4366668737699968,1.6971307570918646,6.358122480453202,17.95428555128658,0.03036382965248238,0.0025054495486932045,0.9974945504513067,0.03036382965248246,"[6.356746875028699,0.0013756054245036295]","[17.405240201233088,0.5490453500534942]","[0.9997836459695872,0.00021635403041269776]","[0.9694198163171049,0.030580183682895157]",0.0,1.0,0.0,1.0,0.0,0.0,1.0,17.95428555128658,17.95428555128658,0.0008276284398132539,1.0270642076056633,0.027064207605663304,0.0008276284398131863,"[17.390380723894317,0.5639048273922661]","[17.405240201233088,0.5490453500534942]","[0.9685921878772916,0.031407812122708344]","[0.9694198163171049,0.030580183682895157]"
sample_1276,3,1.243302213210587,9.641576634555163,6.855951872282776,deep,"multi_[1,1.25)","multi_[5,10)mm",0.9803765848145333,0.8384146385099224,0.16158536149007768,0.13856581686390734,11.423582235442504,0.9736936732991124,0.6659945061837702,2.5582085715483194,3.051245116729965,0.5861143975603353,3.4634769933787513,2.4634769933787513,0.5861143975603353,"[1.9782948600526602,0.11650546960517,0.4634082418904899]","[0.5711875273993836,0.38678811362716675,2.093269475703415]","[0.7733125758605854,0.045541818169523476,0.18114560596989107]","[0.18719817830025012,0.12676402544863047,0.6860377962511194]",0.9690158890306981,0.19239971902011446,0.8076002809798857,0.08406421889238529,15.172696339284666,0.9626005797878734,1.6974629854482044,0.5870587031203416,3.051245116729965,0.7919939909056188,1.006400275539721,0.006400275539721001,0.791993990905619,"[0.5748432849595916,0.0007489440791106435,0.011466474081639408]","[0.5711875273993836,0.38678811362716675,2.093269475703415]","[0.979192169205869,0.001275756709047744,0.019532074085083253]","[0.18719817830025012,0.12676402544863047,0.6860377962511194]",0.0,1.0,0.0,1.0,0.0,0.0,1.0,3.051245116729965,3.051245116729965,0.0043499027354565595,1.0089025604621757,0.008902560462175746,0.0016665431007271692,"[0.5762725588972972,0.3949757016090651,2.079996856223602]","[0.5711875273993836,0.38678811362716675,2.093269475703415]","[0.1888647214009773,0.12944738508335987,0.6816878935156628]","[0.18719817830025012,0.12676402544863047,0.6860377962511194]"
sample_1292,1,1.0,nan,5.332538316639505,medium,single,single,0.5267905266660077,0.9457593700424967,0.054240629957503284,0.8199884962143016,3.019431911613566,0.5126083408498081,1.1646915593395541,5.279497225181397,5.58228381596068,nan,nan,nan,nan,[5.279497225181397],[5.58228381596068],[1.0],[1.0],0.5920191116286639,0.47283664565330286,0.5271633543466971,0.7304622218346569,0.474731643383349,0.4998396273480178,1.5780051932095747,2.639508354623567,5.58228381596068,nan,nan,nan,nan,[2.639508354623567],[5.58228381596068],[1.0],[1.0],0.0,1.0,0.0,1.0,0.0,0.0,1.0,5.58228381596068,5.58228381596068,nan,nan,nan,nan,[5.58228381596068],[5.58228381596068],[1.0],[1.0]
sample_1295,1,1.0,nan,1.5770789259766171,shallow,single,single,1.3269007609033168,5.441008023863204,4.441008023863204,0.3087292442724758,0.8615598319353467,0.9483331863889765,0.2547677092369369,12.634438830949202,2.322076860673061,nan,nan,nan,nan,[12.634438830949202],[2.322076860673061],[1.0],[1.0],0.9532565244749968,2.186990048366506,1.1869900483665063,0.38701947435962103,0.49160064640286805,0.9105184720688902,0.5943208128317256,5.0783589858341225,2.322076860673061,nan,nan,nan,nan,[5.0783589858341225],[2.322076860673061],[1.0],[1.0],0.0,1.0,0.0,1.0,0.0,0.0,1.0,2.322076860673061,2.322076860673061,nan,nan,nan,nan,[2.322076860673061],[2.322076860673061],[1.0],[1.0]
sample_1319,1,1.0,nan,8.09302048710203,deep,single,single,0.471457715649821,1.9158387087050297,0.9158387087050297,0.9001019233563005,2.4555928417471176,0.42564627452797377,0.8169711749343432,5.2750247976365925,2.7533762490904743,nan,nan,nan,nan,[5.2750247976365925],[2.7533762490904743],[1.0],[1.0],0.37221074395671216,1.1465349507963856,0.14653495079638565,0.9290789004419745,0.035382307030523495,0.3691499783926286,0.9512434544140014,3.156842102274884,2.7533762490904743,nan,nan,nan,nan,[3.156842102274884],[2.7533762490904743],[1.0],[1.0],0.0,1.0,0.0,1.0,0.0,0.0,1.0,2.7533762490904743,2.7533762490904743,nan,nan,nan,nan,[2.7533762490904743],[2.7533762490904743],[1.0],[1.0]
sample_1327,1,1.0,nan,1.4374334021512847,shallow,single,single,0.3609080345650801,0.8244450982048342,0.17555490179516575,0.9137609556328934,2.5612871515010815,0.2608056099173234,1.3484591738916751,5.189396989651371,6.294411842524,nan,nan,nan,nan,[5.189396989651371],[6.294411842524],[1.0],[1.0],0.49641714703305156,0.4643202138490344,0.5356797861509656,0.8109763468375231,0.13927856446104842,0.2852850005921002,1.7357163880439535,2.9226226527746384,6.294411842524,nan,nan,nan,nan,[2.9226226527746384],[6.294411842524],[1.0],[1.0],0.0,1.0,0.0,1.0,0.0,0.0,1.0,6.294411842524,6.294411842524,nan,nan,nan,nan,[6.294411842524],[6.294411842524],[1.0],[1.0]
sample_1336,3,1.4945623842543598,9.943842315724845,7.851842569604244,deep,"multi_[1.25,1.5)","multi_[5,10)mm",0.7673564483116309,0.9369021024193196,0.0630978975806804,0.6685648305911539,6.55755816442798,0.7382615512704565,0.7631870367178614,9.322617574381109,9.950471399634752,0.34896044294999284,1.917666492858004,0.9176664928580041,0.31348678634362387,"[5.71433240528112,0.29314694269883657,3.315138226401151]","[2.979836393117938,3.7852105270664054,3.185424479450409]","[0.612953643082423,0.03144470320271584,0.3556016537148613]","[0.2994668567387991,0.38040514615270865,0.32012799710849227]",0.7427737998311242,0.5681065099940887,0.4318934900059112,0.6352565594807971,8.117882369743887,0.7413043417689961,0.9349477374903693,5.652927579642495,9.950471399634752,0.38867099533493826,1.305438597759154,0.30543859775915405,0.38867099533493826,"[3.889993442583576,0.005672981311963005,1.7572611557469544]","[2.979836393117938,3.7852105270664054,3.185424479450409]","[0.6881378520737373,0.0010035474949993575,0.31085860043126334]","[0.2994668567387991,0.38040514615270865,0.32012799710849227]",0.0,1.0,0.0,1.0,0.0,0.0,1.0,9.950471399634752,9.950471399634752,0.02894739623387027,1.0478227313894228,0.047822731389422835,0.01432132304985445,"[3.1223403085304438,3.9307468499729192,2.8973842411313884]","[2.979836393117938,3.7852105270664054,3.185424479450409]","[0.31378817978865353,0.3950312193367245,0.29118060087462205]","[0.2994668567387991,0.38040514615270865,0.32012799710849227]"
sample_1352,2,1.5093749227207796,8.114185110040317,7.839105959208412,deep,"multi_[1.5,2)","multi_[5,10)mm",0.8933264144942347,0.43568675884725333,0.5643132411527467,0.3690874036025319,3.3125532641199937,0.8911117223558561,0.8783220071387234,4.943491558439344,11.34643515795364,0.5691802991127002,1.3487658703668557,0.3487658703668557,0.5691802991127002,"[0.7871443811505395,4.156347177288804]","[8.264842371091156,3.081592786862485]","[0.15922842627429112,0.840771573725709]","[0.7284087253869912,0.2715912746130088]",0.8902088783744976,0.2222064109919314,0.7777935890080686,0.31962290080411526,5.868321108061974,0.8887325643385574,1.1258592134333465,2.5212506340015466,11.34643515795364,0.7234656784216168,0.8141205367567441,0.18587946324325588,0.7234656784216168,"[0.012462660295349617,2.5087879737061973]","[8.264842371091156,3.081592786862485]","[0.004943046965374395,0.9950569530346256]","[0.7284087253869912,0.2715912746130088]",0.0,1.0,0.0,1.0,0.0,0.0,1.0,11.34643515795364,11.34643515795364,0.014141758396046394,0.9479299973233788,0.05207000267662121,0.014141758396046422,"[8.425300915751345,2.921134242202299]","[8.264842371091156,3.081592786862485]","[0.7425504837830376,0.2574495162169624]","[0.7284087253869912,0.2715912746130088]"
sample_1356,2,1.4193036857314794,11.210709165793213,2.5107021742672386,shallow,"multi_[1.25,1.5)","multi_[10,20)mm",0.6944754768213488,2.1295674000392157,1.1295674000392157,0.8066226984374563,1.0575314005543865,0.5676481126311623,0.6729585655171215,6.2511937188769515,2.9354289132909512,0.08234975636408826,0.5347032086934643,0.4652967913065357,0.08234975636408826,"[6.078604223387316,0.1725894954896361]","[2.6126526653021744,0.3227762479887764]","[0.9723909539119766,0.027609046088023385]","[0.8900411975478884,0.10995880245211165]",0.5238549277739449,1.26026560372687,0.2602656037268699,0.8613924982169405,1.0909346892900085,0.5076966471674081,0.8696752826010056,3.6994200916059303,2.9354289132909512,0.1078751198659807,0.023881612329573133,0.9761183876704269,0.10787511986598074,"[3.691711674382268,0.007708417223662118]","[2.6126526653021744,0.3227762479887764]","[0.997916317413869,0.0020836825861309167]","[0.8900411975478884,0.10995880245211165]",0.0,1.0,0.0,1.0,0.0,0.0,1.0,2.9354289132909512,2.9354289132909512,0.0005909446228257106,1.0053742366199658,0.005374236619965833,0.0005909446228257037,"[2.6109179893701784,0.32451092392077285]","[2.6126526653021744,0.3227762479887764]","[0.8894502529250626,0.11054974707493735]","[0.8900411975478884,0.10995880245211165]"
sample_1360,3,1.4385134926711656,11.088733020503287,7.65175378364816,deep,"multi_[1.25,1.5)","multi_[10,20)mm",0.8734180544183163,0.9057305710323247,0.09426942896767529,0.3455853673647885,0.8478823429484245,0.8700362154996963,1.1844920748680865,14.221677854727448,15.701885648530117,0.028471245431201844,0.8846023855969773,0.11539761440302265,0.0034333326055250024,"[2.044337622681868,11.066956863344398,1.1103833687011753]","[2.3110243155202874,12.611960288241445,0.7789010447683831]","[0.14374799116985398,0.7781751897625512,0.07807681906759488]","[0.14718132377537899,0.803213102588228,0.049605573636392994]",0.8891327413158228,0.3033239208905696,0.6966760791094303,0.23734337285293663,1.0318220362397443,0.7778303878287441,3.178377735392202,4.762757520287519,15.701885648530117,0.048716419633662106,0.23066639437148118,0.7693336056285188,0.035255481677563344,"[0.533075646165885,4.057533738717261,0.1721481354043736]","[2.3110243155202874,12.611960288241445,0.7789010447683831]","[0.11192584209781564,0.85192952222189,0.03614463568029415]","[0.14718132377537899,0.803213102588228,0.049605573636392994]",0.0,1.0,0.0,1.0,0.0,0.0,1.0,15.701885648530117,15.701885648530117,0.002348540515401853,0.9927341255824561,0.007265874417543894,0.0010694010151597877,"[2.2942327030678267,12.591875386080126,0.815777559382163]","[2.3110243155202874,12.611960288241445,0.7789010447683831]","[0.1461119227602192,0.8019339630879859,0.05195411415179486]","[0.14718132377537899,0.803213102588228,0.049605573636392994]"
sample_1366,2,1.2828616931389472,17.440183485273316,8.267870497384635,deep,"multi_[1.25,1.5)","multi_[10,20)mm",1.2548621785448537,1.966749968130727,0.966749968130727,0.3791582360628544,8.421598758092683,0.9212965653941163,0.31338163307510986,5.965027144488249,3.0329361846425424,0.5753127030508465,5.701183793975878,4.701183793975878,0.5753127030508465,"[0.7259274632815994,5.23909968120665]","[2.113986740012725,0.9189494446298176]","[0.12169726066584029,0.8783027393341597]","[0.6970099637166868,0.3029900362833133]",0.9484117639000054,0.8158968006348819,0.18410319936511815,0.4405319438190156,10.806988844995324,0.8906796920146611,0.5825054417530804,2.4745629295796157,3.0329361846425424,0.6922992059587338,2.6801320545481073,1.6801320545481073,0.6922992059587338,"[0.011657066518059953,2.4629058630615552]","[2.113986740012725,0.9189494446298176]","[0.004710757757952951,0.9952892422420471]","[0.6970099637166868,0.3029900362833133]",0.0,1.0,0.0,1.0,0.0,0.0,1.0,3.0329361846425424,3.0329361846425424,0.06630470910915134,1.2188346188623596,0.21883461886235955,0.06630470910915137,"[1.9128887885433818,1.1200473960991608]","[2.113986740012725,0.9189494446298176]","[0.6307052546075355,0.36929474539246465]","[0.6970099637166868,0.3029900362833133]"
sample_1372,2,1.231934185146166,15.097019573412496,6.286406231968822,deep,"multi_[1,1.25)","multi_[10,20)mm",1.1282321528308663,0.7869890134349866,0.2130109865650134,0.1662636267143556,9.503716717969299,0.9844128153414383,0.24188673217966195,3.7945851429549142,4.8216494489454345,0.6229126150767573,0.2374453475894748,0.7625546524105252,0.6229126150767573,"[1.021298952122784,2.7732861908321307]","[4.301195885667692,0.5204535632777425]","[0.2691464056404014,0.7308535943595986]","[0.8920590207171587,0.10794097928284134]",1.0363627861940143,0.31016433358054857,0.6898356664194515,0.14113574260008455,13.002051314487117,0.9842484637198268,0.35266830245638847,1.4955036880911798,4.8216494489454345,0.8794653341735046,0.004378760041005498,0.9956212399589945,0.8794653341735046,"[0.018833904672698944,1.476669783418481]","[4.301195885667692,0.5204535632777425]","[0.012593686543654083,0.987406313456346]","[0.8920590207171587,0.10794097928284134]",0.0,1.0,0.0,1.0,0.0,0.0,1.0,4.8216494489454345,4.8216494489454345,0.0013541883693869994,0.998481952048085,0.0015180479519150136,0.0013541883693870549,"[4.294666464062669,0.5269829848827654]","[4.301195885667692,0.5204535632777425]","[0.8907048323477716,0.10929516765222828]","[0.8920590207171587,0.10794097928284134]"
sample_1384,3,1.2794113116402268,1.8547236990991431,6.60882760577476,deep,"multi_[1.25,1.5)",multi_<5mm,0.6018615992272836,0.9668016468142476,0.03319835318575239,0.8029166857453056,0.9867278964936511,0.5912257300011906,0.8774440570473594,17.12365669602948,17.7116544561694,0.20284371147354402,0.9804527053185944,0.01954729468140559,0.001732951865611454,"[0.7218930033325464,2.1312938585335264,14.27046983416341]","[4.339379329129362,2.1737854839627073,11.19848964307733]","[0.04215764285323087,0.12446487898976134,0.8333774781570077]","[0.245001354326775,0.12273192712414989,0.6322667185490752]",0.5745422364235472,0.6840971181135382,0.3159028818864617,0.7944718149786407,1.7881480582271232,0.5733032808273741,1.0482466541594873,12.116491770488294,17.7116544561694,0.2439691512647997,0.7120901276781346,0.2879098723218654,0.0050221465913227875,"[0.012506679905895803,1.5479311828198798,10.55605390776252]","[4.339379329129362,2.1737854839627073,11.19848964307733]","[0.001032203061975239,0.12775407371547268,0.8712137232225521]","[0.245001354326775,0.12273192712414989,0.6322667185490752]",0.0,1.0,0.0,1.0,0.0,0.0,1.0,17.7116544561694,17.7116544561694,0.01641485031944097,0.999269630710712,0.0007303692892880465,8.963963038657874e-05,"[4.6301134859370405,2.172197817803721,10.909343152428633]","[4.339379329129362,2.1737854839627073,11.19848964307733]","[0.2614162046462159,0.12264228749376331,0.6159415078600208]","[0.245001354326775,0.12273192712414989,0.6322667185490752]"
sample_1389,2,1.7862818689358917,25.66943707992055,2.7157026593730933,shallow,"multi_[1.5,2)",multi_>=20mm,0.5005505633729016,0.6400829638740554,0.35991703612594467,0.820971739590915,0.7113186364358416,0.41943123281195305,1.4304751711147414,8.322065557831538,13.001542030524988,0.02608603647278146,0.53677595021098,0.46322404978902,0.026086036472781404,"[7.194082772245129,1.1279827855864104]","[10.900138670066948,2.101403360458039]","[0.864458795986663,0.13554120401333705]","[0.8383727595138815,0.16162724048611846]",0.6486433014117737,0.3365998867319841,0.6634001132680158,0.6548898122844291,1.7634170386229886,0.5246911395629416,1.8115300688495508,4.376317574815841,13.001542030524988,0.08985682370569995,0.1494668478304622,0.8505331521695378,0.08985682370569985,"[4.062227438507837,0.31409013630800364]","[10.900138670066948,2.101403360458039]","[0.9282295832195815,0.07177041678041861]","[0.8383727595138815,0.16162724048611846]",0.0,1.0,0.0,1.0,0.0,0.0,1.0,13.001542030524988,13.001542030524988,0.008227894637126934,0.9490933916066361,0.05090660839336392,0.008227894637126948,"[11.007113988014288,1.9944280425107026]","[10.900138670066948,2.101403360458039]","[0.8466006541510084,0.1533993458489915]","[0.8383727595138815,0.16162724048611846]"
sample_1393,2,1.159233530240938,13.654303350958624,6.982287270447959,deep,"multi_[1,1.25)","multi_[10,20)mm",0.7349170546951717,0.7367726145495348,0.2632273854504652,0.6105333490615175,3.4689096089565625,0.7327384349955857,1.0906239635662167,6.160259260815873,8.361140383294886,0.19627635625974016,0.5261846686992676,0.4738153313007324,0.19627635625974021,"[3.0211456203698033,3.13911364044607]","[5.7416070822399625,2.619533301054924]","[0.49042507668251584,0.5095749233174841]","[0.686701432942256,0.313298567057744]",0.7649727148884728,0.3629428858898417,0.6370571141101583,0.5218125177812186,5.3889231175758505,0.7383470573662037,1.421767875001179,3.034616420043143,8.361140383294886,0.37265749398666415,0.16598190717673986,0.8340180928232601,0.37265749398666415,"[0.9530028937696656,2.0816135262734776]","[5.7416070822399625,2.619533301054924]","[0.3140439389555919,0.6859560610444082]","[0.686701432942256,0.313298567057744]",0.0,1.0,0.0,1.0,0.0,0.0,1.0,8.361140383294886,8.361140383294886,0.035105214257918654,1.0511215101263238,0.05112151012632382,0.03510521425791857,"[6.035126706836065,2.3260136764588206]","[5.7416070822399625,2.619533301054924]","[0.7218066472001746,0.27819335279982527]","[0.686701432942256,0.313298567057744]"
sample_1415,2,1.3095302152661243,14.011423910509595,7.5826833326735565,deep,"multi_[1.25,1.5)","multi_[10,20)mm",0.5034412026850803,0.8656696540688206,0.1343303459311794,0.8443444228248908,2.2954330987596623,0.4983391995024205,1.089871450307373,10.425829076925032,12.043657794773733,0.203186879580344,0.3124220438903447,0.6875779561096553,0.20318687958034404,"[9.22956135634532,1.1962677205797079]","[8.214645905332349,3.829011889441384]","[0.8852592238225593,0.1147407761774407]","[0.6820723442422153,0.31792765575778476]",0.6192571479420185,0.3985843795938471,0.6014156204061528,0.714684615213497,3.864483926642359,0.5750426825970365,1.3905875442695987,4.800413870170489,12.043657794773733,0.2948961687995115,0.028874464910913354,0.9711255350890866,0.2948961687995116,"[4.689853200725344,0.11056066944514528]","[8.214645905332349,3.829011889441384]","[0.9769685130417268,0.023031486958273176]","[0.6820723442422153,0.31792765575778476]",0.0,1.0,0.0,1.0,0.0,0.0,1.0,12.043657794773733,12.043657794773733,0.016712143989226602,0.947434129473911,0.052565870526088965,0.016712143989226602,"[8.415921248555577,3.627736546218153]","[8.214645905332349,3.829011889441384]","[0.6987844882314419,0.30121551176855815]","[0.6820723442422153,0.31792765575778476]"
sample_1432,2,2.3205978771197815,18.97682797519122,6.013511145019127,deep,multi_>=2,"multi_[10,20)mm",0.4390730234973233,0.8065701604806328,0.19342983951936715,0.8745792261751442,1.120123118845558,0.3993310348638077,1.2485970408114289,5.1463095869759075,6.380485962819696,0.03345042224334194,0.5510969997327406,0.4489030002672594,0.03345042224334194,"[4.774962280422285,0.3713473065536209]","[5.706653031895177,0.673832930924518]","[0.9278420195525328,0.0721579804474673]","[0.8943915973091908,0.10560840269080923]",0.5246734807376152,0.4402637442430994,0.5597362557569006,0.7910457663294245,1.6195561387886004,0.3818449643820991,1.6375445635158392,2.8090966400815365,6.380485962819696,0.10172494081830544,0.01618950217076451,0.9838104978292355,0.10172494081830546,"[2.7981876203836014,0.010909019697935098]","[5.706653031895177,0.673832930924518]","[0.9961165381274962,0.003883461872503772]","[0.8943915973091908,0.10560840269080923]",0.0,1.0,0.0,1.0,0.0,0.0,1.0,6.380485962819696,6.380485962819696,0.0027882982481224894,0.9735977613799743,0.026402238620025664,0.002788298248122545,"[5.72444372972748,0.6560422330922177]","[5.706653031895177,0.673832930924518]","[0.8971798955573133,0.10282010444268669]","[0.8943915973091908,0.10560840269080923]"
sample_1455,1,1.0,nan,5.405647698635393,medium,single,single,0.3064356136449393,1.5318166775027848,0.5318166775027849,0.9580589175176494,2.16658642776811,0.2668668296442313,0.8648402917510284,7.6459932817454686,4.991454521966822,nan,nan,nan,nan,[7.6459932817454686],[4.991454521966821],[1.0],[1.0],0.24903393558608813,0.951745273099245,0.048254726900755045,0.9671479700227501,0.16762553276346379,0.24770775852731217,1.027213026943212,4.750593247171774,4.991454521966822,nan,nan,nan,nan,[4.750593247171774],[4.991454521966821],[1.0],[1.0],0.0,1.0,0.0,1.0,0.0,0.0,1.0,4.991454521966822,4.991454521966822,nan,nan,nan,nan,[4.991454521966822],[4.991454521966821],[1.0],[1.0]
sample_1465,2,1.221709206952239,2.0199009876724157,2.2645094174665674,shallow,"multi_[1,1.25)",multi_<5mm,1.0141820179188445,1.7493760836107584,0.7493760836107584,0.10460570462709458,1.4529161408356241,0.9874484736918703,0.40574258674619335,9.188239520071193,5.252295150340928,0.15809253615429902,0.8192425966306763,0.18075740336932367,0.15809253615429908,"[7.908826047593152,1.2794134724780424]","[3.6905923314934648,1.561702818847463]","[0.8607553199192037,0.13924468008079627]","[0.7026627837649048,0.29733721623509535]",0.9793567206336844,0.7367653489465158,0.26323465105348415,0.08331611730042626,1.2561748517375826,0.9792384852653467,0.9301718316794092,3.869709069211027,5.252295150340928,0.08443625514767866,0.5275426092729554,0.4724573907270446,0.08443625514767872,"[3.045844289247307,0.8238647799637202]","[3.6905923314934648,1.561702818847463]","[0.7870990389125834,0.21290096108741663]","[0.7026627837649048,0.29733721623509535]",0.0,1.0,0.0,1.0,0.0,0.0,1.0,5.252295150340928,5.252295150340928,0.018270691735600614,0.9385522876451677,0.06144771235483226,0.01827069173560064,"[3.786555397089734,1.4657397532511935]","[3.6905923314934648,1.561702818847463]","[0.7209334755005053,0.2790665244994947]","[0.7026627837649048,0.29733721623509535]"
sample_1482,3,1.1072020261848323,5.546169849544819,6.596211178636713,deep,"multi_[1,1.25)","multi_[5,10)mm",0.6133876119525107,0.9818090741543408,0.018190925845659203,0.7823789039155302,1.1060849785979354,0.6098951749171015,0.9238062804664762,16.912454807519758,17.22580820724938,0.23109981145033484,0.037211681398082695,0.9627883186019173,0.077832170461878,"[16.64849122750736,0.0518559198056912,0.2121076602067041]","[12.976072890037782,1.3935387452920374,2.8561965719195594]","[0.984392355632783,0.003066137967306472,0.012541506399910378]","[0.7532925441824483,0.08089830842918447,0.1658091473883673]",0.5938255663209516,0.6811764347166089,0.31882356528339106,0.7717763774609856,1.555335296090516,0.5901823844117937,1.0885630458904203,11.733814619726234,17.22580820724938,0.24536985804860378,0.0002906705656998671,0.9997093294343001,0.08086378762682428,"[11.718119495469638,0.00040506069541871946,0.01529006356117545]","[12.976072890037782,1.3935387452920374,2.8561965719195594]","[0.998662402231052,3.4520802360193594e-05,0.0013030769665877155]","[0.7532925441824483,0.08089830842918447,0.1658091473883673]",0.0,1.0,0.0,1.0,0.0,0.0,1.0,17.22580820724938,17.22580820724938,0.001954724159963714,1.0066173679523915,0.00661736795239154,0.0005353338736019952,"[13.00052303488188,1.402760303925549,2.8225248684419473]","[12.976072890037782,1.3935387452920374,2.8561965719195594]","[0.75471193446881,0.08143364230278646,0.1638544232284036]","[0.7532925441824483,0.08089830842918447,0.1658091473883673]"
sample_1493,3,1.8886315800019846,5.560575509783136,6.542505387467966,deep,"multi_[1.5,2)","multi_[5,10)mm",0.8791585963972283,0.5592607328953411,0.44073926710465894,0.3772087742524662,6.11785476102207,0.8789469666546494,0.9611271337036241,10.586549309779468,18.929541602128918,0.4206035030947717,1.3083472741475632,0.30834727414756324,0.4206035030947716,"[2.7175648133621717,0.09187255892443191,7.777111937492866]","[9.68766758861188,3.297647972644256,5.944226040872782]","[0.2566997738207089,0.008678234638699826,0.7346219915405913]","[0.5117750758170686,0.1742064357371118,0.31401848844581964]",0.8997060919391486,0.23967052754711854,0.7603294724528814,0.2573457454591007,6.161610883697072,0.8850093205786365,1.533418518357634,4.536853222007365,18.929541602128918,0.44095823233069786,0.5762261637837345,0.4237738362162655,0.4409582323306979,"[1.1116346538118673,0.0,3.425218568195499]","[9.68766758861188,3.297647972644256,5.944226040872782]","[0.24502327922348255,0.0,0.7549767207765176]","[0.5117750758170686,0.1742064357371118,0.31401848844581964]",0.0,1.0,0.0,1.0,0.0,0.0,1.0,18.929541602128918,18.929541602128918,0.02491357352332889,1.0230347662518078,0.02303476625180778,0.007233342480095439,"[10.02234625768002,2.826045446176704,6.081149898272195]","[9.68766758861188,3.297647972644256,5.944226040872782]","[0.5294553068603021,0.14929286221378293,0.3212518309259151]","[0.5117750758170686,0.1742064357371118,0.31401848844581964]"
sample_1516,2,2.3431732898286564,11.459493880621432,7.669862433134421,deep,multi_>=2,"multi_[10,20)mm",0.7140169288318878,0.9643850394505343,0.03561496054946561,0.5839040335832811,0.8400143576014181,0.6607334617104104,1.5638889683098853,12.388922424768325,12.846448169526775,0.03863322630143777,0.223911354080392,0.776088645919608,0.03863322630143781,"[12.244191612816042,0.14473081195228008]","[12.20007267621295,0.6463754933138257]","[0.9883177239319111,0.011682276068088835]","[0.9496844976304734,0.05031550236952664]",0.7515509687035009,0.41712354149389325,0.5828764585061068,0.48265961206205027,0.7084624263650855,0.5052846302593224,2.814488575972269,5.3585559560907505,12.846448169526775,0.04981672116936316,0.0041349757201030925,0.9958650242798969,0.04981672116936312,"[5.355883209119829,0.0026727469709223284]","[12.20007267621295,0.6463754933138257]","[0.9995012187998366,0.000498781200163521]","[0.9496844976304734,0.05031550236952664]",0.0,1.0,0.0,1.0,0.0,0.0,1.0,12.846448169526775,12.846448169526775,0.0017976204132899541,0.9642730306042073,0.035726969395792674,0.0017976204132900062,"[12.223165713680762,0.6232824558460123]","[12.20007267621295,0.6463754933138257]","[0.9514821180437633,0.04851788195623664]","[0.9496844976304734,0.05031550236952664]"
sample_1529,1,1.0,nan,2.2845376360839453,shallow,single,single,0.24387802084787125,0.8856804731459319,0.11431952685406806,0.9659646914650781,1.0788165305702695,0.21835658887548054,1.1252381531757025,13.166431925894985,14.865893880586409,nan,nan,nan,nan,[13.166431925894985],[14.86589388058641],[1.0],[1.0],0.29046423410706196,0.7037790335872106,0.29622096641278933,0.94942548192699,0.039688821025054236,0.24953500559329128,1.181367239767692,10.462304428689132,14.865893880586409,nan,nan,nan,nan,[10.462304428689132],[14.86589388058641],[1.0],[1.0],0.0,1.0,0.0,1.0,0.0,0.0,1.0,14.865893880586409,14.865893880586409,nan,nan,nan,nan,[14.865893880586409],[14.86589388058641],[1.0],[1.0]
sample_1531,3,1.1555405744891445,10.287856919689352,7.581879047186534,deep,"multi_[1,1.25)","multi_[10,20)mm",1.3085042546755914,3.342014933867302,2.342014933867302,0.3293788855723688,5.522094480222674,0.9405967511841765,0.27180007674323725,14.59890703398873,4.368294972606605,0.5577845245119469,16.81205950482905,15.812059504829051,0.3957585399190142,"[7.211116697660866,0.92666817007682,6.461122166251045]","[0.42892524235888907,2.7138456194536156,1.2255241107941002]","[0.4939490799463387,0.06347517440308233,0.442575745650579]","[0.09819054002732447,0.6212596989150293,0.28054976105764623]",0.9553054687580333,1.0922304284485984,0.09223042844859851,0.36546495151034375,5.96066781576179,0.9175053461560719,0.5991687799445776,4.771184689519971,4.368294972606605,0.6097496785371256,5.952002810133141,4.952002810133141,0.4368891967652582,"[2.5529642478571466,0.05491643300311708,2.1633040086597077]","[0.42892524235888907,2.7138456194536156,1.2255241107941002]","[0.5350797367925827,0.011510020377903713,0.4534102428295136]","[0.09819054002732447,0.6212596989150293,0.28054976105764623]",0.0,1.0,0.0,1.0,0.0,0.0,1.0,4.368294972606605,4.368294972606605,0.03964571989230446,1.167556120077003,0.16755612007700305,0.01645242591524418,"[0.5007942917716327,2.540661420562692,1.3268392602722798]","[0.42892524235888907,2.7138456194536156,1.2255241107941002]","[0.11464296594256865,0.5816139790227249,0.3037430550347066]","[0.09819054002732447,0.6212596989150293,0.28054976105764623]"
sample_1550,1,1.0,nan,4.297042506041683,medium,single,single,0.7341375091043368,1.7799470528298698,0.7799470528298698,0.6253337016705875,1.8843677944824317,0.733995279141773,1.0217395113256598,7.7802328142076895,4.371047330783348,nan,nan,nan,nan,[7.7802328142076895],[4.371047330783348],[1.0],[1.0],0.756473726837399,0.8880386310114515,0.11196136898854846,0.5324279848420208,0.9730832929030856,0.7259008442440897,1.4482629180033848,3.881658887715104,4.371047330783348,nan,nan,nan,nan,[3.881658887715104],[4.371047330783348],[1.0],[1.0],0.0,1.0,0.0,1.0,0.0,0.0,1.0,4.371047330783348,4.371047330783348,nan,nan,nan,nan,[4.371047330783348],[4.371047330783348],[1.0],[1.0]
sample_1554,1,1.0,nan,3.020716746220926,shallow,single,single,0.8105459673106283,2.189128078311834,1.1891280783118343,0.634863014135573,1.2741710743734072,0.7688520561912636,0.7136126265761754,10.371512806602352,4.737736868552907,nan,nan,nan,nan,[10.371512806602352],[4.737736868552907],[1.0],[1.0],0.7434096696886128,0.8088020489686529,0.1911979510313471,0.5543437142457442,0.3200776123007281,0.7132701640326349,1.4264348475796313,3.8318912867599204,4.737736868552907,nan,nan,nan,nan,[3.8318912867599204],[4.737736868552907],[1.0],[1.0],0.0,1.0,0.0,1.0,0.0,0.0,1.0,4.737736868552907,4.737736868552907,nan,nan,nan,nan,[4.737736868552907],[4.737736868552907],[1.0],[1.0]
sample_1563,1,1.0,nan,7.650500798197332,deep,single,single,0.9142483969340806,0.1914713014287602,0.8085286985712398,0.17124930102299257,4.427228680241675,0.4638448751768912,9.033280580667894,2.4428356386493237,12.758233847165956,nan,nan,nan,nan,[2.4428356386493237],[12.758233847165956],[1.0],[1.0],0.941710502679546,0.06142894756272157,0.9385710524372783,0.11717546983948225,0.7797370916559749,0.5324238575542352,12.140060200272725,0.783724877990497,12.758233847165956,nan,nan,nan,nan,[0.783724877990497],[12.758233847165956],[1.0],[1.0],0.0,1.0,0.0,1.0,0.0,0.0,1.0,12.758233847165956,12.758233847165956,nan,nan,nan,nan,[12.758233847165956],[12.758233847165956],[1.0],[1.0]
sample_1572,1,1.0,nan,3.8803826764466347,medium,single,single,0.6754772893917641,1.2721070757550283,0.2721070757550284,0.6956980383367153,2.0882515120705993,0.6748049779281867,1.0425643846422528,5.928342810826312,4.660254568042307,nan,nan,nan,nan,[5.928342810826312],[4.660254568042307],[1.0],[1.0],0.6453721895882626,0.5879309000230102,0.41206909997698976,0.6677774316611323,0.5057925952907589,0.5569094559551235,1.646496502516413,2.739907662525458,4.660254568042307,nan,nan,nan,nan,[2.739907662525458],[4.660254568042307],[1.0],[1.0],0.0,1.0,0.0,1.0,0.0,0.0,1.0,4.660254568042307,4.660254568042307,nan,nan,nan,nan,[4.660254568042307],[4.660254568042307],[1.0],[1.0]
sample_1576,3,1.4276723746765163,10.447966309287182,7.376748642191099,deep,"multi_[1.25,1.5)","multi_[10,20)mm",0.7228485029891439,0.8253401814753033,0.17465981852469675,0.6864028747885849,2.6744061921769173,0.7127231108456409,0.8533299551625984,20.013170347595786,24.248389690445045,0.21935159455202874,1.735429132705541,0.7354291327055411,0.21935159455202882,"[0.4093554851210275,8.371046021944522,11.232768840530236]","[5.152748830927151,4.823617319881007,14.272023539636885]","[0.020454304740887993,0.41827685851632945,0.5612688367427826]","[0.21249859874025226,0.19892526396430063,0.588576137295447]",0.7386600481305727,0.49182068772147824,0.5081793122785218,0.6125971357282324,4.725268163868607,0.7379957274973247,1.0486732276842514,11.925859693693084,24.248389690445045,0.3084138966342822,1.2543398958033387,0.2543398958033387,0.3084138966342822,"[0.003421441617157729,6.050455646414722,5.871982605661204]","[5.152748830927151,4.823617319881007,14.272023539636885]","[0.0002868926605741586,0.5073391605985829,0.4923739467408429]","[0.21249859874025226,0.19892526396430063,0.588576137295447]",0.0,1.0,0.0,1.0,0.0,0.0,1.0,24.248389690445045,24.248389690445045,0.030084045440139415,1.034646957422693,0.03464695742269308,0.006892155150869078,"[4.423259173629596,4.990740983786289,14.834389533029164]","[5.152748830927151,4.823617319881007,14.272023539636885]","[0.18241455330011289,0.2058174191151697,0.6117680275847174]","[0.21249859874025226,0.19892526396430063,0.588576137295447]"
sample_1717,1,1.0,nan,4.4106578789929545,medium,single,single,0.823617213175331,3.2788416579808657,2.2788416579808657,0.8191783992803605,3.1076987655450656,0.3760517521186831,0.5584092717472096,4.610045679476307,1.405998264129414,nan,nan,nan,nan,[4.610045679476307],[1.405998264129414],[1.0],[1.0],0.5469207191860217,1.9400713111064083,0.9400713111064083,0.9004779234374162,0.23772251153052895,0.29440236691385496,0.6746285786359998,2.7277368957028862,1.405998264129414,nan,nan,nan,nan,[2.7277368957028862],[1.405998264129414],[1.0],[1.0],0.0,1.0,0.0,1.0,0.0,0.0,1.0,1.405998264129414,1.405998264129414,nan,nan,nan,nan,[1.405998264129414],[1.405998264129414],[1.0],[1.0]
sample_1728,1,1.0,nan,8.385470182064338,deep,single,single,0.5065811891290937,1.662040026054488,0.6620400260544881,0.8725652799742307,0.669808067489077,0.4871810150895005,0.8628174131097667,26.31403591296184,15.832371964848917,nan,nan,nan,nan,[26.31403591296184],[15.832371964848917],[1.0],[1.0],0.49528126445905046,0.7393259448053805,0.26067405519461956,0.818815283777318,0.46123534350456075,0.3687215615961569,1.5521774011675669,11.705283361422143,15.832371964848917,nan,nan,nan,nan,[11.705283361422143],[15.832371964848917],[1.0],[1.0],0.0,1.0,0.0,1.0,0.0,0.0,1.0,15.832371964848917,15.832371964848917,nan,nan,nan,nan,[15.832371964848917],[15.832371964848917],[1.0],[1.0]
sample_1731,1,1.0,nan,7.896399011190856,deep,single,single,0.7733706030780865,0.8061216336106394,0.19387836638936068,0.46963493915790644,1.3662884184333592,0.6769495580481841,2.0328053780844684,8.176835393206487,10.143426317170317,nan,nan,nan,nan,[8.176835393206487],[10.143426317170317],[1.0],[1.0],0.8699410925994999,0.2336982246922778,0.7663017753077223,0.2621935709091965,0.6396777927961412,0.5641987595241374,5.050927702286823,2.3705007226196324,10.143426317170317,nan,nan,nan,nan,[2.3705007226196324],[10.143426317170317],[1.0],[1.0],0.0,1.0,0.0,1.0,0.0,0.0,1.0,10.143426317170317,10.143426317170317,nan,nan,nan,nan,[10.143426317170317],[10.143426317170317],[1.0],[1.0]
sample_1733,1,1.0,nan,8.223632990689591,deep,single,single,0.9024319862746927,1.8379187205651746,0.8379187205651746,0.2661848905433213,5.155904958639261,0.8955074803840047,1.33460180894194,3.391679474644274,1.8453914401618945,nan,nan,nan,nan,[3.391679474644274],[1.8453914401618945],[1.0],[1.0],0.9358152521251603,0.36618198097377536,0.6338180190262246,0.13972351721017898,0.3182607473097374,0.8497220377359851,3.9009025765269443,0.6757490932305308,1.8453914401618945,nan,nan,nan,nan,[0.6757490932305308],[1.8453914401618945],[1.0],[1.0],0.0,1.0,0.0,1.0,0.0,0.0,1.0,1.8453914401618945,1.8453914401618945,nan,nan,nan,nan,[1.8453914401618945],[1.8453914401618945],[1.0],[1.0]
sample_1741,1,1.0,nan,8.118566776775097,deep,single,single,1.2238362021452112,4.54152603465387,3.5415260346538697,0.47733814385141166,0.7872762555474045,0.8648815703289768,0.3669790888160453,13.676189452388032,3.0113643185203838,nan,nan,nan,nan,[13.676189452388032],[3.0113643185203838],[1.0],[1.0],0.8690200062786205,1.952333097678788,0.9523330976787879,0.5591142900092055,0.48343578441619717,0.8233140447087878,0.6711401069807601,5.879186228216273,3.0113643185203838,nan,nan,nan,nan,[5.879186228216273],[3.0113643185203838],[1.0],[1.0],0.0,1.0,0.0,1.0,0.0,0.0,1.0,3.0113643185203838,3.0113643185203838,nan,nan,nan,nan,[3.0113643185203838],[3.0113643185203838],[1.0],[1.0]
