dice,iou,mae,mass_error,mse,peak_error,precision,recall,reconstruction,sample_id,split,volume_error
0.4787878787878787,0.31474103585657365,0.14081992649494018,2.181352060653188,0.08641932026420818,-0.00012242794036865234,0.32096802685037973,0.9419388284085014,stage1_p1,sample_0000,train,1.9346811819595646
0.8833189282627483,0.791021671826625,0.03542275583458005,-0.1566653077628953,0.009801910793927504,0.28568100833335053,0.9941634241245131,0.794712286158631,oracle_inverse,sample_0000,train,-0.2006220839813375
0.4943273905996758,0.3283100107642626,0.14437695887461235,2.1894351530099794,0.08258242108474001,0.676209568977356,0.3342465753424657,0.9486780715396574,oracle_representation,sample_0000,train,1.8382581648522551
0.9999999999999998,0.9999999999999996,0.0,0.0,0.0,0.0,0.9999999999999996,0.9999999999999996,gt,sample_0000,train,0.0
0.5544811320754716,0.3835862294012073,0.13999441815666866,0.7540241109913793,0.08497125159258942,-0.0008090734481811523,0.4493501529051987,0.7238300492610835,stage1_p1,sample_0003,train,0.6108374384236454
0.8651724137931033,0.7623822546338497,0.059737044597126324,-0.17471450403223057,0.018666639771856543,0.6151443615700687,0.9831504702194354,0.7724753694581279,oracle_inverse,sample_0003,train,-0.21428571428571427
0.6012345679012345,0.42983230361871133,0.14004791235670813,0.7514209465440271,0.07618627568452767,0.662029504776001,0.5018549051937344,0.7496921182266008,oracle_representation,sample_0003,train,0.4938423645320197
0.9999999999999999,0.9999999999999997,0.0,0.0,0.0,0.0,0.9999999999999997,0.9999999999999997,gt,sample_0003,train,0.0
0.7162093923581887,0.5578864560115379,0.1321358936005575,-0.12975347719225555,0.07786194736463312,-1.1324882507324219e-06,0.8112488083889418,0.6411029079403344,stage1_p1,sample_0004,train,-0.20973331324393552
0.8681002370470706,0.7669409124906507,0.10613438152411464,-0.19926134094946404,0.0366330190788263,0.3794737755671487,0.9907246376811593,0.7724875696850986,oracle_inverse,sample_0004,train,-0.22028024709959318
0.7888690324227724,0.6513490725126475,0.1350361478123392,-0.119658849065843,0.06430234184974683,0.6054399013519287,0.9063355494720374,0.6983576917281904,oracle_representation,sample_0004,train,-0.2294711466023806
0.9999999999999999,0.9999999999999999,0.0,0.0,0.0,0.0,0.9999999999999999,0.9999999999999999,gt,sample_0004,train,0.0
0.7353700516351118,0.5814903028240898,0.14057891367292474,-0.31186147836538464,0.08634879180665106,-7.3909759521484375e-06,0.9512059369202225,0.5993687163899929,stage1_p1,sample_0005,train,-0.3698854337152209
0.8954782273107351,0.810738411367342,0.1126364391953239,-0.15745770653663818,0.03852472273987949,0.3154252097928423,0.9954239954239953,0.8137713350479306,oracle_inverse,sample_0005,train,-0.18248772504091654
0.8036148766075772,0.6717024985473561,0.1397368951809806,-0.30904024707008415,0.07440810850221047,0.3762998580932617,0.9912536443148686,0.6757072714519522,oracle_representation,sample_0005,train,-0.3183306055646481
1.0,0.9999999999999998,0.0,0.0,0.0,0.0,0.9999999999999998,0.9999999999999998,gt,sample_0005,train,0.0
0.689804469273743,0.5264897132501865,0.164199111201911,-0.290812183861252,0.10713744116026079,-6.318092346191406e-06,0.8747786043216434,0.5694028130043808,stage1_p1,sample_0007,train,-0.34908923218814847
0.905897114178168,0.8279816513761467,0.11996366300891531,-0.13809320196392896,0.03891940629291544,0.354995133441504,0.9936691439581612,0.8323726077934054,oracle_inverse,sample_0007,train,-0.1623241872261932
0.762493059411438,0.6161525518788558,0.16367645602376232,-0.293001962582142,0.08999828519779172,0.4546743631362915,0.9579700034879663,0.6332718468987778,oracle_representation,sample_0007,train,-0.3389439704865114
1.0,0.9999999999999998,0.0,0.0,0.0,0.0,0.9999999999999998,0.9999999999999998,gt,sample_0007,train,0.0
0.6130884041331802,0.44205298013245026,0.11869139842198721,1.20728838885272,0.06346116522977471,-0.0006107091903686523,0.457975986277873,0.927083333333333,stage1_p1,sample_0009,train,1.0243055555555556
0.8468508287292816,0.7343809888846299,0.058567208708614184,-0.20982137289583802,0.01685303650041686,0.3813134874389923,0.9912053802379716,0.7391975308641973,oracle_inverse,sample_0009,train,-0.2542438271604938
0.6640657656402396,0.4970796829370045,0.12344204767643008,1.2157227316020447,0.05479596178641323,0.5914857387542725,0.5197382769901853,0.919367283950617,oracle_representation,sample_0009,train,0.7689043209876543
0.9999999999999998,0.9999999999999997,0.0,0.0,0.0,0.0,0.9999999999999997,0.9999999999999997,gt,sample_0009,train,0.0
0.5995279307631785,0.42808988764044936,0.15006224021625864,0.19626610696597208,0.09269937279999912,-3.5762786865234375e-07,0.5754200490843873,0.6257442003695338,stage1_p1,sample_0010,train,0.08745637446109629
0.8887124220079409,0.7997141690485912,0.07914935050232164,-0.16141750349949033,0.024654993817584413,0.38048873470001965,0.99315415821501,0.8041469924040237,oracle_inverse,sample_0010,train,-0.19030999794703346
0.6583813879498905,0.49073662368460047,0.15158584141829662,0.200940114324574,0.08138327086195558,0.5484278202056885,0.6383265856950067,0.6797372202833093,oracle_representation,sample_0010,train,0.0648737425579963
0.9999999999999998,0.9999999999999998,0.0,0.0,0.0,0.0,0.9999999999999998,0.9999999999999998,gt,sample_0010,train,0.0
0.6897558386411888,0.5264330565120517,0.10554426660699888,1.005551139528407,0.05167664280738663,-3.8504600524902344e-05,0.5366508362585174,0.9650946899368731,stage1_p1,sample_0011,train,0.7983661344225771
0.8680744302738865,0.7669006280014774,0.052572644555294326,-0.15558835358125273,0.016083766517124305,0.34705586281855005,0.9933014354066981,0.770887486075009,oracle_inverse,sample_0011,train,-0.22391385072409953
0.7328334068519334,0.5783244372244138,0.10343343925186238,0.9880317605829929,0.043656962079251134,0.5600371360778809,0.6066212268743914,0.9253620497586332,oracle_representation,sample_0011,train,0.5254363163757891
0.9999999999999998,0.9999999999999997,0.0,0.0,0.0,0.0,0.9999999999999997,0.9999999999999997,gt,sample_0011,train,0.0
0.7313607338789458,0.5764922727917198,0.12372347681400907,-0.028822903873030662,0.06791130515273462,-1.9669532775878906e-05,0.7795245398773005,0.6888023039132644,stage1_p1,sample_0012,train,-0.11638150093172962
0.8805422197119456,0.7865792129162461,0.0963448610337772,-0.16573918259959838,0.031200667604375048,0.294146770792304,0.9908898305084743,0.7923089954260544,oracle_inverse,sample_0012,train,-0.20040657292901914
0.8204130777067703,0.6955087939698491,0.12225613202684468,-0.023815270704514654,0.05208451663145169,0.585075855255127,0.9049856967715568,0.7502964594274096,oracle_representation,sample_0012,train,-0.17093003557513128
0.9999999999999999,0.9999999999999999,0.0,0.0,0.0,0.0,0.9999999999999999,0.9999999999999999,gt,sample_0012,train,0.0
0.7720211468076452,0.6286925420585507,0.12056718948730445,-0.20504038609633157,0.06506855790474661,-3.814697265625e-05,0.9210168833689112,0.6645197423690842,stage1_p1,sample_0015,train,-0.27849341921030524
0.8807126258714174,0.7868512110726643,0.10873981491442211,-0.1843423974176531,0.036379852369357646,0.3733414359978193,0.9856102635228847,0.7959955194623354,oracle_inverse,sample_0015,train,-0.19238308597031645
0.8432083837162433,0.7289198606271776,0.1172254500477293,-0.19817518727247269,0.05382161184666244,0.4245089292526245,0.9937298118943566,0.7322878745449453,oracle_representation,sample_0015,train,-0.2630915709885186
0.9999999999999999,0.9999999999999999,0.0,0.0,0.0,0.0,0.9999999999999999,0.9999999999999999,gt,sample_0015,train,0.0
0.7844601133692796,0.6453594176524111,0.12340505349909779,-0.20859571670462718,0.07307321978498847,-1.0132789611816406e-06,0.9265186152841279,0.6801726204747062,stage1_p1,sample_0016,train,-0.2658834811795732
0.8977123323691821,0.8144083969465647,0.1095082693920225,-0.1443134968937615,0.03667029914025197,0.39672179236426475,0.9938864628820959,0.8185087508990648,oracle_inverse,sample_0016,train,-0.17645648525533444
0.8431970713849908,0.7289029535864977,0.12513965118681716,-0.2133526835216375,0.06206609015884644,0.4926971197128296,0.9703541894211264,0.7455046751378565,oracle_representation,sample_0016,train,-0.23171901222728364
1.0,0.9999999999999998,0.0,0.0,0.0,0.0,0.9999999999999998,0.9999999999999998,gt,sample_0016,train,0.0
0.45299392536881683,0.29281974569932684,0.18679184267453586,-0.07995393435949132,0.1338810474583111,-2.3245811462402344e-06,0.4967223514485091,0.41634172279333564,stage1_p1,sample_0017,train,-0.16182204891882312
0.9192889057895236,0.8506333567909922,0.06591603572724536,-0.1254204053817863,0.022234430437847518,0.4653809951855048,0.991388148451917,0.856965615030131,oracle_inverse,sample_0017,train,-0.13559021623537754
0.5367778299671206,0.3668464304057524,0.1808349072507921,-0.08680640176355903,0.12494026587281017,0.5844931602478027,0.5710573655806515,0.5063807160581353,oracle_representation,sample_0017,train,-0.11325771003190357
0.9999999999999999,0.9999999999999999,0.0,0.0,0.0,0.0,0.9999999999999999,0.9999999999999999,gt,sample_0017,train,0.0
0.8146537667137731,0.687270726338958,0.09509264018211565,0.17550500690607734,0.03935470151691729,-1.1205673217773438e-05,0.8016688061617456,0.8280662983425413,stage1_p1,sample_0018,train,0.03292817679558011
0.8571785892946472,0.7500547165681767,0.08372605818051818,-0.19953210531959123,0.0269288551346655,0.4838763489853246,0.9873235378853353,0.7573480662983424,oracle_inverse,sample_0018,train,-0.23292817679558012
0.8966312874942315,0.8126306984525302,0.08519644812889546,0.19365245165745856,0.027381931073845633,0.566673755645752,0.9379676562877141,0.8587845303867402,oracle_representation,sample_0018,train,-0.08441988950276243
0.9999999999999998,0.9999999999999998,0.0,0.0,0.0,0.0,0.9999999999999998,0.9999999999999998,gt,sample_0018,train,0.0
0.6105524518932339,0.4394210150107219,0.20885809037368352,-0.3847147317087992,0.15265919062626565,-1.5497207641601562e-06,0.8442918454935621,0.47817209528439464,stage1_p1,sample_0019,train,-0.43364122508507535
0.914523170795855,0.8425082380306259,0.10310925823803191,-0.12720244969692415,0.03708524561441144,0.5372965076805476,0.9962181984872792,0.8452114730189595,oracle_inverse,sample_0019,train,-0.15157997083130773
0.6644919656880512,0.49755744526868095,0.20570669888542156,-0.38262858152041807,0.13554190230667476,0.4617156982421875,0.8773329079598021,0.53475935828877,oracle_representation,sample_0019,train,-0.39047156052503645
1.0,0.9999999999999998,0.0,0.0,0.0,0.0,0.9999999999999998,0.9999999999999998,gt,sample_0019,train,0.0
0.6611120557728276,0.49377698755397503,0.14427226713467858,-0.2063892899956408,0.08812661967231437,-1.1265277862548828e-05,0.7967213114754097,0.5649520488230165,stage1_p1,sample_0020,train,-0.2909038070328393
0.8721609344581439,0.7733026467203682,0.10991192127535408,-0.15908743445146867,0.037404905817420814,0.4018835224273525,0.9871465295629819,0.7811682650392326,oracle_inverse,sample_0020,train,-0.2086602731764022
0.7687418513689699,0.6243547319655857,0.14290306273372114,-0.21771398099208078,0.07327329040721342,0.5177919864654541,0.8751391465677179,0.6854112176692821,oracle_representation,sample_0020,train,-0.21679744260389422
0.9999999999999999,0.9999999999999999,0.0,0.0,0.0,0.0,0.9999999999999999,0.9999999999999999,gt,sample_0020,train,0.0
0.6327198364008179,0.46275800179479504,0.1355465437272845,0.3414161642275153,0.07882733842722503,-1.4185905456542969e-05,0.5754137995164589,0.7027027027027025,stage1_p1,sample_0021,train,0.22121280944810356
0.8723566878980891,0.773610483506552,0.07275365431006692,-0.1759768775106044,0.023549674815491715,0.3753572438239934,0.9933275311865387,0.7776516011810127,oracle_inverse,sample_0021,train,-0.217124687712923
0.7039082855653985,0.5431006754583466,0.13785252376557053,0.34981143006188964,0.06860082633280881,0.711734414100647,0.6504237288135593,0.766977061094708,oracle_representation,sample_0021,train,0.1791960027254145
0.9999999999999998,0.9999999999999998,0.0,0.0,0.0,0.0,0.9999999999999998,0.9999999999999998,gt,sample_0021,train,0.0
0.6020752269779507,0.43069215067730554,0.11929053370251096,0.7525350537306528,0.06790097249275882,-4.9114227294921875e-05,0.48986914309835367,0.7809555854643335,stage1_p1,sample_0023,train,0.5942126514131898
0.8500289519397798,0.7391742195367571,0.05350602492171597,-0.1986702659378332,0.018239013841384048,0.3701379667075171,0.9968311453146216,0.740915208613728,oracle_inverse,sample_0023,train,-0.25672947510094213
0.6559269700630956,0.4880143827407111,0.11514507440172532,0.7506221807179508,0.06085222383006776,0.4987461566925049,0.5456779093142728,0.8220053835800805,oracle_representation,sample_0023,train,0.506393001345895
0.9999999999999999,0.9999999999999997,0.0,0.0,0.0,0.0,0.9999999999999997,0.9999999999999997,gt,sample_0023,train,0.0
0.5222711173124395,0.3534282393957001,0.15869361185934244,0.49601367535650626,0.100478841390327,-1.1265277862548828e-05,0.45139146567717986,0.6195569136745606,stage1_p1,sample_0024,train,0.37254901960784315
0.8519163763066201,0.7420333839150226,0.06694019809322413,-0.18989427307769177,0.022886214063918532,0.3740142945601528,0.9908814589665651,0.7471352177234528,oracle_inverse,sample_0024,train,-0.24598930481283424
0.5866070478015543,0.4150346489906598,0.15976122241583274,0.49388672372358033,0.09264543309855088,0.6294668912887573,0.5040248810830589,0.701553348612172,oracle_representation,sample_0024,train,0.3919022154316272
0.9999999999999999,0.9999999999999998,0.0,0.0,0.0,0.0,0.9999999999999998,0.9999999999999998,gt,sample_0024,train,0.0
0.338711576963844,0.20388487168580743,0.18178393645003244,4.116948113156293,0.13182390564520824,-0.0008330345153808594,0.20388487168580743,0.9999999999999993,stage1_p1,sample_0025,train,3.9047287899860916
0.8999619627234687,0.8181189488243426,0.024679544694043813,-0.1615439697439716,0.006847033535815402,0.32211425016763107,0.9932829554995795,0.8226703755215572,oracle_inverse,sample_0025,train,-0.1717663421418637
0.3359586223110379,0.20189319016671373,0.18792229388145762,4.119819736613352,0.13065350129085262,0.5494474172592163,0.20215023341349553,0.9937413073713485,oracle_representation,sample_0025,train,3.915855354659249
0.9999999999999997,0.9999999999999993,0.0,0.0,0.0,0.0,0.9999999999999993,0.9999999999999993,gt,sample_0025,train,0.0
0.6064562930721799,0.435190005205622,0.21504627228179526,-0.4673939197006021,0.15434844674707238,-8.565187454223633e-05,0.9407351837959488,0.447457627118644,stage1_p1,sample_0027,train,-0.5243532560214095
0.9073858114674441,0.8304722938717423,0.13038039984368668,-0.1354142813902494,0.04590591310788207,0.3569470212656871,0.9964781216648877,0.8329170383586082,oracle_inverse,sample_0027,train,-0.1641391614629795
0.7025283649138974,0.5414595170454545,0.21181893532951188,-0.46066495978757804,0.1308911954444825,0.37619614601135254,0.9912237932715747,0.5440677966101694,oracle_representation,sample_0027,train,-0.4511150758251561
1.0,0.9999999999999999,0.0,0.0,0.0,0.0,0.9999999999999999,0.9999999999999999,gt,sample_0027,train,0.0
0.7387751354329262,0.5857600465928945,0.11610133387188842,0.03239952459034742,0.06156222156375439,-0.00021374225616455078,0.758055398530243,0.7204512893982807,stage1_p1,sample_0028,train,-0.049606017191977075
0.8812780828756863,0.7877543734380577,0.0773019787251468,-0.15435929266070658,0.026602656180511754,0.3657846757561445,0.9959377115775218,0.7902936962750715,oracle_inverse,sample_0028,train,-0.20648280802292263
0.8174738161310535,0.6912944738834216,0.11397924548543582,0.027184691333497494,0.05274038037036775,0.510445237159729,0.8172543404331483,0.8176934097421202,oracle_representation,sample_0028,train,0.0005372492836676218
0.9999999999999999,0.9999999999999999,0.0,0.0,0.0,0.0,0.9999999999999999,0.9999999999999999,gt,sample_0028,train,0.0
0.6849914862563852,0.5209027007029225,0.10540290494741271,1.000746413956669,0.05336213051388964,-1.5735626220703125e-05,0.5270447314242934,0.978117401875651,stage1_p1,sample_0030,train,0.8558527266411948
0.832830416415208,0.7135470527404341,0.06018738674716656,-0.16104554365440135,0.019318338595033648,0.34847855381647497,0.9894837476099422,0.7189996526571724,oracle_inverse,sample_0030,train,-0.27335880514067384
0.7614369912994666,0.614774529798323,0.10637245488314186,0.9618916751693296,0.04250364618024891,0.5564901828765869,0.6388038615493288,0.9423410906564776,oracle_representation,sample_0030,train,0.47516498784300104
0.9999999999999999,0.9999999999999997,0.0,0.0,0.0,0.0,0.9999999999999997,0.9999999999999997,gt,sample_0030,train,0.0
0.6353190202600544,0.465543984046089,0.23878244679058783,-0.4850986934367988,0.18118495095128517,-4.172325134277344e-07,0.9738875154511741,0.47142857142857136,stage1_p1,sample_0031,train,-0.5159311892296186
0.9149937643319789,0.84330737856878,0.1478830152656734,-0.12758946014772335,0.051896372333536576,0.33401296596605756,0.9899886828588838,0.85056095736724,oracle_inverse,sample_0031,train,-0.14083769633507853
0.7057115198451114,0.5452505609573671,0.23780415131691846,-0.48093957437359763,0.15688910338476203,0.3676581382751465,0.9999999999999999,0.5452505609573671,oracle_representation,sample_0031,train,-0.45474943904263276
1.0,0.9999999999999999,0.0,0.0,0.0,0.0,0.9999999999999999,0.9999999999999999,gt,sample_0031,train,0.0
0.490013645949634,0.32451528097272425,0.14425972190119407,1.3068839116546833,0.09203853700282756,-0.0012871026992797852,0.3598760932944606,0.7675864749319857,stage1_p1,sample_0033,train,1.13291877186164
0.8309572301425661,0.7108013937282227,0.046784991079199215,-0.23029001379374758,0.016216080937848595,0.3937965355569475,0.9945828819068251,0.7135639331519624,oracle_inverse,sample_0033,train,-0.28254955305091334
0.5282832033667533,0.35895710681244736,0.1471315193539418,1.3136291385299261,0.08897631534268015,0.570767879486084,0.3875771885216127,0.829382044306257,oracle_representation,sample_0033,train,1.1399144966964632
0.9999999999999998,0.9999999999999997,0.0,0.0,0.0,0.0,0.9999999999999997,0.9999999999999997,gt,sample_0033,train,0.0
0.4037485357282311,0.2529354207436399,0.15407722269957053,3.193073390685406,0.10051418497052697,-3.039836883544922e-06,0.2529766759093133,0.9993556701030922,stage1_p1,sample_0034,train,2.9503865979381443
0.8294689603590124,0.7086261980830667,0.03763864452612549,-0.22806754124451037,0.010783263331482268,0.37655477298819395,0.9884135472370759,0.7145618556701027,oracle_inverse,sample_0034,train,-0.2770618556701031
0.40902416232812705,0.2570901157912401,0.16069990000132298,3.2096680316728414,0.096193204429251,0.6102275848388672,0.25795588482909576,0.987113402061855,oracle_representation,sample_0034,train,2.8266752577319587
0.9999999999999997,0.9999999999999994,0.0,0.0,0.0,0.0,0.9999999999999994,0.9999999999999994,gt,sample_0034,train,0.0
0.49138534808796747,0.325719591457753,0.13616239778541336,1.4668773801523298,0.07717143320108782,-1.4185905456542969e-05,0.3574485428979009,0.7858422939068097,stage1_p1,sample_0035,train,1.1984767025089607
0.8335490551384932,0.7146027518863735,0.04973361892301731,-0.22182230696636934,0.015535351746673148,0.42378285396056214,0.9871244635193127,0.7213261648745517,oracle_inverse,sample_0035,train,-0.2692652329749104
0.533238434163701,0.3635481366459627,0.13807765832507182,1.4798872752856183,0.07126396818396553,0.5484011173248291,0.39077821823492587,0.8391577060931896,oracle_representation,sample_0035,train,1.1474014336917562
0.9999999999999998,0.9999999999999996,0.0,0.0,0.0,0.0,0.9999999999999996,0.9999999999999996,gt,sample_0035,train,0.0
0.7174324556874891,0.5593720649402925,0.13486326537354562,-0.15547369760253318,0.07605150561749309,-8.940696716308594e-07,0.8354709418837674,0.6286188178528347,stage1_p1,sample_0036,train,-0.24758745476477684
0.8652518537458449,0.7625056331680936,0.10944587618489113,-0.18607513251735186,0.037228224673892814,0.3597199202304613,0.9950990001960398,0.7653799758745475,oracle_inverse,sample_0036,train,-0.23085042219541616
0.7967605755147754,0.6621795789775168,0.12854456396910416,-0.1474142592261007,0.06035740657132733,0.4928731918334961,0.9294472361809043,0.6972255729794933,oracle_representation,sample_0036,train,-0.24984921592279855
0.9999999999999999,0.9999999999999999,0.0,0.0,0.0,0.0,0.9999999999999999,0.9999999999999999,gt,sample_0036,train,0.0
0.667153684595014,0.5005480953685941,0.13696620916633576,0.39804120928929326,0.08144310163398957,-2.6226043701171875e-06,0.5881500563516341,0.7706751054852319,stage1_p1,sample_0037,train,0.31033755274261604
0.8663012392755003,0.7641370611730081,0.07414777073320694,-0.20221909968207333,0.024953259739338787,0.35230084164651787,0.9953450164293536,0.7668776371308016,oracle_inverse,sample_0037,train,-0.22953586497890296
0.7024381059964228,0.5413522925130585,0.14567391576565017,0.3938734094804852,0.07751139888312072,0.5656043291091919,0.6342002379738227,0.7871308016877636,oracle_representation,sample_0037,train,0.24113924050632912
0.9999999999999998,0.9999999999999998,0.0,0.0,0.0,0.0,0.9999999999999998,0.9999999999999998,gt,sample_0037,train,0.0
0.5900079302141157,0.41844769403824517,0.16699918672693412,0.01400875249957454,0.10864479689456738,-1.5079975128173828e-05,0.6117303124429014,0.5697753573859767,stage1_p1,sample_0040,train,-0.06858407079646017
0.875963826749167,0.7793021680216801,0.08760014908173626,-0.15721991855426865,0.030016383795678718,0.46316077108197695,0.9939511773601207,0.7830156569094621,oracle_inverse,sample_0040,train,-0.21221919673247108
0.64772222715567,0.47898607827685835,0.16394860175558462,0.01024360215282505,0.09578815782242643,0.5638266801834106,0.6772516248839368,0.6206603131381891,oracle_representation,sample_0040,train,-0.08356024506466984
0.9999999999999999,0.9999999999999999,0.0,0.0,0.0,0.0,0.9999999999999999,0.9999999999999999,gt,sample_0040,train,0.0
0.49354980254497577,0.3276243737620878,0.19683257174779017,-0.22254944747879793,0.13789543632898588,-0.00018852949142456055,0.6093174431202599,0.4147492625368731,stage1_p1,sample_0041,train,-0.3193215339233038
0.9124291530294563,0.8389606576629476,0.08435498801248226,-0.13356183100684435,0.028488068202584156,0.417293511128106,0.9944318775013049,0.8429203539823008,oracle_inverse,sample_0041,train,-0.1523598820058997
0.5633947706815259,0.39217090344909883,0.196393641242582,-0.22476018044800886,0.1262221966171795,0.5638597011566162,0.6726714431934492,0.48466076696165183,oracle_representation,sample_0041,train,-0.27949852507374634
0.9999999999999999,0.9999999999999999,0.0,0.0,0.0,0.0,0.9999999999999999,0.9999999999999999,gt,sample_0041,train,0.0
0.7828835399951373,0.6432281262485017,0.11125650893508929,0.4745751416130695,0.060417847059854195,-2.980232238769531e-07,0.6664826824893059,0.948546739984289,stage1_p1,sample_0042,train,0.4232128829536528
0.9075576430401364,0.8307602110611685,0.07360476511197285,-0.17805535887300947,0.02193594847277008,0.35219591508546033,0.9941534144059867,0.83483896307934,oracle_inverse,sample_0042,train,-0.16025137470542028
0.809491410103759,0.6799542791827403,0.11923614156758651,0.5024884891435094,0.0534042807858341,0.6494271755218506,0.7139213921392138,0.9346032992930084,oracle_representation,sample_0042,train,0.30911233307148467
0.9999999999999998,0.9999999999999998,0.0,0.0,0.0,0.0,0.9999999999999998,0.9999999999999998,gt,sample_0042,train,0.0
0.5720744680851063,0.40063326504004465,0.12333016892488834,0.9422625373391544,0.07105248031239329,-5.841255187988281e-06,0.44812499999999994,0.7908088235294115,stage1_p1,sample_0043,train,0.7647058823529411
0.7875027697762019,0.6494883040935671,0.05858224672690825,-0.205744328001519,0.02084076779175176,0.37115980593539755,0.9910764082543219,0.6533088235294116,oracle_inverse,sample_0043,train,-0.3408088235294118
0.6342072409488139,0.4643510054844606,0.11427938751450757,0.9025020823759191,0.060659654489261465,0.5371737480163574,0.5092448206727556,0.8404411764705879,oracle_representation,sample_0043,train,0.6503676470588236
0.9999999999999998,0.9999999999999997,0.0,0.0,0.0,0.0,0.9999999999999997,0.9999999999999997,gt,sample_0043,train,0.0
0.5880776959142665,0.4165085388994307,0.1318702854480433,0.2137653959690554,0.0793178643868566,-6.407499313354492e-05,0.5652360515021458,0.612843182875756,stage1_p1,sample_0044,train,0.08422522103303862
0.8533052409797207,0.7441433164905832,0.07785930277689761,-0.15813348271976532,0.026616415140959426,0.34464288231814755,0.9830097087378638,0.75383899488134,oracle_inverse,sample_0044,train,-0.2331316891577478
0.7347073010304757,0.5806619303413619,0.12505590484135504,0.2094594778821545,0.06343277116155271,0.5655266046524048,0.6946517412935322,0.7796649604467193,oracle_representation,sample_0044,train,0.12238250348999535
0.9999999999999998,0.9999999999999998,0.0,0.0,0.0,0.0,0.9999999999999998,0.9999999999999998,gt,sample_0044,train,0.0
0.5495840266222961,0.378914764253757,0.1872752148930577,-0.11695974366120013,0.13126765134873652,-8.940696716308594e-06,0.6112139156180606,0.4992442563482466,stage1_p1,sample_0045,train,-0.18319226118500603
0.9237748076144187,0.8583471323197349,0.07816832994713112,-0.10767564273062827,0.024346330098186205,0.3921522088838201,0.9952871356257635,0.861850060459492,oracle_inverse,sample_0045,train,-0.1340689238210399
0.5952962994183595,0.42378780604896776,0.19008887140764835,-0.12406461962477328,0.12365366516206758,0.5103245973587036,0.6729559748427671,0.5337061668681983,oracle_representation,sample_0045,train,-0.20692261185006047
0.9999999999999999,0.9999999999999999,0.0,0.0,0.0,0.0,0.9999999999999999,0.9999999999999999,gt,sample_0045,train,0.0
0.7721549442617691,0.6288700195950359,0.1100234363606882,-0.1033568741702316,0.05945871540024397,-1.7881393432617188e-07,0.8460456942003514,0.7101342380882135,stage1_p1,sample_0046,train,-0.16064316270836407
0.9120229921762733,0.8382741414734369,0.07986924505206275,-0.13678023010424212,0.027155051441493955,0.3252565719585152,0.9939098660170522,0.8426021537099866,oracle_inverse,sample_0046,train,-0.15223484289718248
0.8442835785663702,0.730528322440087,0.10637865269372349,-0.10727162353407582,0.049251807115111186,0.5475573539733887,0.9047217537942663,0.7914146629296356,oracle_representation,sample_0046,train,-0.12523971087181
0.9999999999999999,0.9999999999999999,0.0,0.0,0.0,0.0,0.9999999999999999,0.9999999999999999,gt,sample_0046,train,0.0
0.6499739175795513,0.48145285935084997,0.16901492341230542,-0.2806877623132947,0.11255459302892849,-1.6689300537109375e-06,0.8200451297480255,0.5383286014072336,stage1_p1,sample_0048,train,-0.34353783483520556
0.8787795492028586,0.7837705319931355,0.11778410550921778,-0.1576797285515331,0.04119601026616792,0.37985315656538754,0.9911641605952564,0.7892852734230341,oracle_inverse,sample_0048,train,-0.203678558202691
0.7295690936106982,0.574269005847953,0.16956070937732198,-0.28606132730527095,0.09671250552465964,0.485479474067688,0.9162157118865458,0.6060980125910381,oracle_representation,sample_0048,train,-0.33847673126774475
0.9999999999999999,0.9999999999999999,0.0,0.0,0.0,0.0,0.9999999999999999,0.9999999999999999,gt,sample_0048,train,0.0
0.6874840466263932,0.5237910022040709,0.13844666376837664,-0.06683927007909649,0.08161823804043537,-0.0007402300834655762,0.748148148148148,0.6359200377774279,stage1_p1,sample_0049,train,-0.15000787029749724
0.9075025693730728,0.830667920978363,0.08520792522664536,-0.12879951455058156,0.027189259979153835,0.28922006507936104,0.995303400338155,0.833936722808122,oracle_inverse,sample_0049,train,-0.16212812844325517
0.7704755614266842,0.6266451786193928,0.14142881302113566,-0.07242887218636865,0.07135964184629348,0.5584163665771484,0.8102101059211667,0.7344561624429402,oracle_representation,sample_0049,train,-0.0934991342672753
0.9999999999999999,0.9999999999999999,0.0,0.0,0.0,0.0,0.9999999999999999,0.9999999999999999,gt,sample_0049,train,0.0
0.6220245063607273,0.45140462165835965,0.16949877419885015,-0.3954009611174602,0.11162928937135214,-6.67572021484375e-06,0.9075381462081529,0.473165518879126,stage1_p1,sample_0050,train,-0.4786274044170031
0.8758387032485218,0.7791041248079421,0.11871896977396779,-0.16264679729242862,0.043066176070379346,0.49013157070089797,0.9941185341577438,0.7827119449061979,oracle_inverse,sample_0050,train,-0.21265732605081927
0.7283877641495492,0.5728065078442764,0.16492245478531056,-0.39994692796767395,0.09536096394087303,0.43037939071655273,0.9642018779342721,0.585252909047732,oracle_representation,sample_0050,train,-0.3930182854428877
1.0,0.9999999999999998,0.0,0.0,0.0,0.0,0.9999999999999998,0.9999999999999998,gt,sample_0050,train,0.0
0.7634187394800822,0.6173623714458559,0.10846907517769573,0.10392015604316376,0.05499305690804945,-3.230571746826172e-05,0.7550869404365519,0.7719364599092283,stage1_p1,sample_0051,train,0.02231467473524962
0.8740458015267174,0.7762711864406778,0.08504253652277022,-0.1498175129896046,0.028970222882327413,0.3917627136346573,0.9946911196911195,0.7795007564296519,oracle_inverse,sample_0051,train,-0.21633888048411498
0.863453815261044,0.7597173144876324,0.10451227670668863,0.08687408031746408,0.04114822984095355,0.6212656497955322,0.9203767123287669,0.8131618759455369,oracle_representation,sample_0051,train,-0.11649016641452345
0.9999999999999998,0.9999999999999998,0.0,0.0,0.0,0.0,0.9999999999999998,0.9999999999999998,gt,sample_0051,train,0.0
0.7821915754759405,0.6422944362383062,0.11528459481559863,-0.20761940551168254,0.06415796759152007,-1.7881393432617188e-07,0.9185002640380213,0.6811121263542618,stage1_p1,sample_0052,train,-0.25845189922986556
0.9252277943938233,0.8608594356717576,0.09377418214917224,-0.1188010432408603,0.02995621309576316,0.355240326958721,0.9903216200119117,0.868163425140321,oracle_inverse,sample_0052,train,-0.12335204281425402
0.8606105185730046,0.7553260167850225,0.10905300094709378,-0.20795720614149588,0.050222519855461466,0.5090204477310181,0.9858442871587461,0.7636078840882391,oracle_representation,sample_0052,train,-0.2254274898838272
0.9999999999999999,0.9999999999999999,0.0,0.0,0.0,0.0,0.9999999999999999,0.9999999999999999,gt,sample_0052,train,0.0
0.5869322412509307,0.41536029508628636,0.1572892248627774,0.1360398172441058,0.10062084423132919,-2.574920654296875e-05,0.5704722272480549,0.604370327774583,stage1_p1,sample_0053,train,0.059421123250910486
0.8931176657151917,0.8068767908309454,0.07399419378152096,-0.1452230242366601,0.02431671303702725,0.39186838900256094,0.9957567185289955,0.8096607245543415,oracle_inverse,sample_0053,train,-0.1868890166762507
0.6500093231400335,0.4814917127071823,0.15864219341400482,0.13396174390813687,0.09119168076260234,0.5189898014068604,0.6327827191867852,0.6682001150086255,oracle_representation,sample_0053,train,0.05597086448150278
0.9999999999999998,0.9999999999999998,0.0,0.0,0.0,0.0,0.9999999999999998,0.9999999999999998,gt,sample_0053,train,0.0
0.634028724184925,0.46415963161933993,0.13892051166437785,0.04886438203743153,0.08158988029509183,-8.344650268554688e-07,0.6559652928416485,0.613511868533171,stage1_p1,sample_0054,train,-0.06471900994116454
0.8569454042847269,0.7496977025392986,0.08484305773537662,-0.19305190184766144,0.02833469844254099,0.4870294641442041,0.9912070343725018,0.7547169811320753,oracle_inverse,sample_0054,train,-0.23858794887401097
0.7034109366540334,0.5425087689994988,0.13743433890070564,0.06506176772671941,0.06995592001464375,0.5790491104125977,0.7542963307013468,0.6589571921282206,oracle_representation,sample_0054,train,-0.126394806248732
0.9999999999999998,0.9999999999999998,0.0,0.0,0.0,0.0,0.9999999999999998,0.9999999999999998,gt,sample_0054,train,0.0
0.7408456843940714,0.5883676648779642,0.10291204800847539,0.4199113490283414,0.05063682835683164,-3.814697265625e-06,0.6495318173132045,0.8620339842759318,stage1_p1,sample_0055,train,0.3271620593456759
0.8467449615774973,0.7342217752074426,0.07175501585645823,-0.16753965733361606,0.024845301128093078,0.4632072281335591,0.9884901828029787,0.7405528785188941,oracle_inverse,sample_0055,train,-0.25082424549835153
0.8197729422894984,0.6945891783567133,0.09821467842246989,0.39062116111621864,0.03823014718399052,0.5870206356048584,0.7680035453135385,0.8790261222419475,oracle_representation,sample_0055,train,0.14455997971088005
0.9999999999999999,0.9999999999999998,0.0,0.0,0.0,0.0,0.9999999999999998,0.9999999999999998,gt,sample_0055,train,0.0
0.5486626746506985,0.37803938827153694,0.1902619444341375,-0.2446500670818145,0.13333369742219583,-0.00021916627883911133,0.6713559984368893,0.46388551370325365,stage1_p1,sample_0056,train,-0.3090319967598218
0.9059678484915216,0.8280998389694041,0.0953591315196392,-0.12882523884053093,0.031786867040987904,0.3021134323730146,0.9927606177606176,0.8331308221952206,oracle_inverse,sample_0056,train,-0.16079384366140137
0.6145930776426566,0.4436191762322754,0.18999891390209533,-0.2459190577747401,0.11527532174767767,0.524287223815918,0.7271721084670724,0.5321992709599027,oracle_representation,sample_0056,train,-0.26812474686107735
0.9999999999999999,0.9999999999999999,0.0,0.0,0.0,0.0,0.9999999999999999,0.9999999999999999,gt,sample_0056,train,0.0
0.6272487105296263,0.45692815249266855,0.12344074167352277,1.2902706494627783,0.061028249523386924,-7.569789886474609e-06,0.4665918023582256,0.9566385264773596,stage1_p1,sample_0057,train,1.0502686108979278
0.8551574375678609,0.7469650986342942,0.05422133260976573,-0.21613193814401077,0.016454035733386437,0.3730680268914994,0.9849924962481236,0.7555640828856482,oracle_inverse,sample_0057,train,-0.23292402148887184
0.6593498193942761,0.4918134715025906,0.1265838938037016,1.292597573808039,0.05454076263308151,0.607844352722168,0.5167682926829267,0.9105909439754409,oracle_representation,sample_0057,train,0.7620874904067536
0.9999999999999998,0.9999999999999997,0.0,0.0,0.0,0.0,0.9999999999999997,0.9999999999999997,gt,sample_0057,train,0.0
0.3629361652468199,0.2216994582264043,0.17648789540887433,2.839218632406267,0.1292823308016615,-0.0007120370864868164,0.2306437258973598,0.8511220580186093,stage1_p1,sample_0058,train,2.6902025177887245
0.8783165599268067,0.7830342577487761,0.031886436887494186,-0.17836530827265773,0.009592413243837472,0.3502718612132143,0.991735537190082,0.7881773399014774,oracle_inverse,sample_0058,train,-0.20525451559934318
0.37143862117481524,0.2280777537796976,0.18127584567179858,2.8516795592159276,0.12689823254423016,0.5734730958938599,0.2363473589973142,0.8669950738916252,oracle_representation,sample_0058,train,2.6683087027914616
0.9999999999999998,0.9999999999999996,0.0,0.0,0.0,0.0,0.9999999999999996,0.9999999999999996,gt,sample_0058,train,0.0
0.3466666666666666,0.20967741935483866,0.22668086106819246,0.004746021437544076,0.1659931464815851,-2.4199485778808594e-05,0.3679002572729071,0.32775035260930885,stage1_p1,sample_0059,train,-0.10913258110014104
0.8344912137310991,0.7159887798036465,0.09403419248428907,-0.19054909276517068,0.034844072800051175,0.4187681080509842,0.9922254616132165,0.7200282087447107,oracle_inverse,sample_0059,train,-0.2743300423131171
0.4380128031737444,0.28042022627568686,0.22789340316859572,0.0029543942557739775,0.15153590518551238,0.5862107276916504,0.4482376822291935,0.42824400564174886,oracle_representation,sample_0059,train,-0.044605077574047955
0.9999999999999999,0.9999999999999999,0.0,0.0,0.0,0.0,0.9999999999999999,0.9999999999999999,gt,sample_0059,train,0.0
0.7507762706324562,0.6009942438513867,0.12195985065379257,-0.13815060561662784,0.0682895872956807,-2.384185791015625e-07,0.8554934823091246,0.6688992428654629,stage1_p1,sample_0061,train,-0.21811298776936516
0.8724875905281144,0.7738163972286373,0.10830078038664742,-0.1648634272145565,0.03684335596232971,0.42654736773704327,0.9889319313779744,0.7805765870704716,oracle_inverse,sample_0061,train,-0.21068724519510776
0.8494805508576949,0.738345233095338,0.12164162024065661,-0.14108981986204136,0.05333108756839069,0.48555970191955566,0.9504415209947736,0.767909143855562,oracle_representation,sample_0061,train,-0.19205008736167734
0.9999999999999999,0.9999999999999999,0.0,0.0,0.0,0.0,0.9999999999999999,0.9999999999999999,gt,sample_0061,train,0.0
0.5185480654168328,0.35002692514808825,0.13122139897375876,1.8939165731114664,0.07735940192269163,-5.412101745605469e-05,0.3552559664784113,0.9596456692913381,stage1_p1,sample_0062,train,1.701279527559055
0.8476672287802134,0.7356097560975606,0.045936102521823216,-0.23709318429878132,0.013277499080386865,0.4177002120302684,0.9882044560943638,0.7421259842519682,oracle_inverse,sample_0062,train,-0.24901574803149606
0.5375358166189111,0.3675548589341692,0.13601806296254662,1.9156844972625493,0.07206807176030705,0.6307199001312256,0.3791430881164106,0.9232283464566925,oracle_representation,sample_0062,train,1.43503937007874
0.9999999999999998,0.9999999999999996,0.0,0.0,0.0,0.0,0.9999999999999996,0.9999999999999996,gt,sample_0062,train,0.0
0.675246330182988,0.5097146326654522,0.1278958949565594,0.18037143861004362,0.07001434693455609,-2.86102294921875e-06,0.6543257989088074,0.697548815953469,stage1_p1,sample_0063,train,0.06605733277939344
0.8672980240851161,0.7656895127993393,0.07738991448477707,-0.1951249003799567,0.02621921255822133,0.3563278928499136,0.9919764642952659,0.7704611549646861,oracle_inverse,sample_0063,train,-0.2233070211882011
0.7493013972055886,0.5991062879029683,0.1297808175999679,0.182020985342231,0.06349436473868199,0.587497353553772,0.7210910487898577,0.7798088907353551,oracle_representation,sample_0063,train,0.08142916493560448
0.9999999999999998,0.9999999999999998,0.0,0.0,0.0,0.0,0.9999999999999998,0.9999999999999998,gt,sample_0063,train,0.0
0.49940851735015773,0.3328077782157403,0.3137230254835044,-0.6260127721934384,0.2574158256081505,-0.00012695789337158203,0.9770491803278687,0.33543004701052764,stage1_p1,sample_0064,train,-0.6566907236972787
0.9342341391322707,0.8765847860538826,0.12906203124333376,-0.1051475815353947,0.045436269991295714,0.34544672065712256,0.9969209972964853,0.8789644441501687,oracle_inverse,sample_0064,train,-0.1183208634046216
0.5402226827975128,0.37007198045301454,0.30947447835406544,-0.6232202289073363,0.23395312062287377,0.2366476058959961,0.992912827781715,0.3710521088525458,oracle_representation,sample_0064,train,-0.6262994107131034
1.0,0.9999999999999999,0.0,0.0,0.0,0.0,0.9999999999999999,0.9999999999999999,gt,sample_0064,train,0.0
0.6053765293813543,0.4340788335598665,0.15922508360524984,-0.06575853639208662,0.1060072970839301,-3.3020973205566406e-05,0.6511584800741426,0.5656094026726775,stage1_p1,sample_0065,train,-0.13137981001449042
0.9025945662619025,0.8224804967361884,0.09055865319639256,-0.13107207847947533,0.028947746018442536,0.3012635654604974,0.9866310160427806,0.8317501207535017,oracle_inverse,sample_0065,train,-0.1569795524070198
0.675216637781629,0.509680795395081,0.16085686037586705,-0.06880669754266623,0.08971876075189601,0.559218168258667,0.7310940138862825,0.6272741909515375,oracle_representation,sample_0065,train,-0.14200611817742714
0.9999999999999999,0.9999999999999999,0.0,0.0,0.0,0.0,0.9999999999999999,0.9999999999999999,gt,sample_0065,train,0.0
0.7774027358322969,0.6358616681197325,0.10900234379754387,0.08583543481158905,0.05539350076320914,-1.1920928955078125e-06,0.7769886363636362,0.777817276928546,stage1_p1,sample_0066,train,0.001066477070742979
0.8736181655213623,0.7755968169761271,0.09330494606598963,-0.18252871401995396,0.030419580838647695,0.4335677414153689,0.9934314835787087,0.7795947387131176,oracle_inverse,sample_0066,train,-0.2152506221116246
0.8482546572617108,0.7364949748743718,0.10948373210251482,0.08579811505732314,0.044838374046050726,0.5434075593948364,0.8634020618556699,0.8336295769640951,oracle_representation,sample_0066,train,-0.034482758620689655
0.9999999999999999,0.9999999999999999,0.0,0.0,0.0,0.0,0.9999999999999999,0.9999999999999999,gt,sample_0066,train,0.0
0.595456839979808,0.4239505462909718,0.15269929887222822,-0.11046504736031774,0.09428207955975418,-0.0006666183471679688,0.6853358122240296,0.5264191360228488,stage1_p1,sample_0067,train,-0.23188147090324884
0.8586461600728522,0.752304964539007,0.08486312156820483,-0.17220224286601404,0.0307951168452821,0.4981038288961368,0.9911235692595186,0.7574080685469474,oracle_inverse,sample_0067,train,-0.23580863977151018
0.6688715173381438,0.5024845655774732,0.1471982232288781,-0.11771866492993574,0.08374557543050387,0.49175095558166504,0.7625685557586835,0.5956801142449124,oracle_representation,sample_0067,train,-0.21885041056765442
0.9999999999999999,0.9999999999999999,0.0,0.0,0.0,0.0,0.9999999999999999,0.9999999999999999,gt,sample_0067,train,0.0
0.6607488134997362,0.4933718335739598,0.14461777779361698,-0.04174474821443106,0.08578620064395828,-2.980232238769531e-07,0.7180515759312319,0.6119160019534429,stage1_p1,sample_0068,train,-0.1478105160345108
0.8715104119305264,0.7722804190169217,0.0935425571220744,-0.14464683207916954,0.032704216046039916,0.38686038104997356,0.9872270292542231,0.7800748819794887,oracle_inverse,sample_0068,train,-0.20983232948070976
0.7521557244087764,0.6027640941434044,0.1421710540968761,-0.059468968109026535,0.07193636263097475,0.5315139293670654,0.7908438061041292,0.7170763470616961,oracle_representation,sample_0068,train,-0.09327690053719681
0.9999999999999999,0.9999999999999999,0.0,0.0,0.0,0.0,0.9999999999999999,0.9999999999999999,gt,sample_0068,train,0.0
0.7037100068073519,0.5428646448733097,0.12913010801732658,0.42906536863999595,0.07618968309148165,-1.7881393432617188e-06,0.6072844764282567,0.8365365162856563,stage1_p1,sample_0069,train,0.3775035403601052
0.8785278843982839,0.7833702436078114,0.07667296463064778,-0.17675775496620078,0.02542578783483359,0.3412738679323206,0.9938697318007661,0.7871737811045922,oracle_inverse,sample_0069,train,-0.2079708678939915
0.7437753840720465,0.5920719707618779,0.13971236990058022,0.4205444014894801,0.07114255553133039,0.5596785545349121,0.6598778004073319,0.8521141007485331,oracle_representation,sample_0069,train,0.29132106008496866
0.9999999999999998,0.9999999999999998,0.0,0.0,0.0,0.0,0.9999999999999998,0.9999999999999998,gt,sample_0069,train,0.0
0.5085936519884581,0.3410161507402422,0.13697426266221926,0.3153477968622171,0.0824283782601944,-0.00037038326263427734,0.47095724907063186,0.5527679301881646,stage1_p1,sample_0070,train,0.17371148077447504
0.8407024145500156,0.7251825804706516,0.06349887601038495,-0.15308515562621555,0.022862569092520556,0.47822291928786353,0.988933972703799,0.7311153531497134,oracle_inverse,sample_0070,train,-0.26070357240250885
0.6126751829343916,0.44162345789379576,0.13491015221543667,0.2971650126977093,0.07135454702172443,0.6576976776123047,0.5618744313011828,0.6735751295336786,oracle_representation,sample_0070,train,0.19880010908099263
0.9999999999999999,0.9999999999999998,0.0,0.0,0.0,0.0,0.9999999999999998,0.9999999999999998,gt,sample_0070,train,0.0
0.36525974025974023,0.22343594836146968,0.1399084091919952,3.9393050432416,0.08490029015679676,-0.0005730986595153809,0.22370252535295282,0.9946949602122008,stage1_p1,sample_0071,train,3.4465075154730327
0.8134715025906732,0.6855895196506545,0.028830307150556483,-0.2198700619216602,0.008103624976847966,0.4452648366583998,0.9824780976220263,0.6940760389036246,oracle_inverse,sample_0071,train,-0.29354553492484525
0.36914875895385635,0.22635342185903978,0.14398596106984646,3.964788057443634,0.0817749427260881,0.6291780471801758,0.2274220032840722,0.979664014146772,oracle_representation,sample_0071,train,3.3076923076923075
0.9999999999999996,0.9999999999999992,0.0,0.0,0.0,0.0,0.9999999999999992,0.9999999999999992,gt,sample_0071,train,0.0
0.823249862913544,0.6995961478720099,0.09703637158369739,0.08099693669651056,0.04375261829384204,-0.0006606578826904297,0.8193560123703837,0.8271808999081725,stage1_p1,sample_0072,train,0.009550045913682277
0.8834931646602733,0.7913011695906431,0.08916916900009583,-0.20667720207783974,0.027751321354195748,0.3621778945556997,0.9938030755106723,0.7952249770431588,oracle_inverse,sample_0072,train,-0.19981634527089073
0.8709893688344027,0.7714625042416015,0.09877539493069123,0.1053629333103765,0.0362611459123468,0.4831744432449341,0.9101281024819854,0.8350780532598713,oracle_representation,sample_0072,train,-0.08246097337006428
0.9999999999999998,0.9999999999999998,0.0,0.0,0.0,0.0,0.9999999999999998,0.9999999999999998,gt,sample_0072,train,0.0
0.6781778104335047,0.5130628126737076,0.1304665158534054,0.3631425465502309,0.08023307979825683,-2.384185791015625e-07,0.6027755102040815,0.7751417174049967,stage1_p1,sample_0073,train,0.28595423052697877
0.8576881784563997,0.7508354218880533,0.07747187050173439,-0.19893418742481456,0.026964608169180768,0.5027222535272795,0.9930939226519334,0.7547764014276714,oracle_inverse,sample_0073,train,-0.23997480579466723
0.7193843193843192,0.561748798076923,0.1338094185608691,0.36693715718822173,0.06971296415872616,0.5550165176391602,0.6638849431818181,0.7850094478269997,oracle_representation,sample_0073,train,0.18244803695150116
0.9999999999999998,0.9999999999999998,0.0,0.0,0.0,0.0,0.9999999999999998,0.9999999999999998,gt,sample_0073,train,0.0
0.6384675732217573,0.4689330644386823,0.18512082528562018,-0.41016648681224294,0.13066045025641543,-1.0073184967041016e-05,0.9166510230899191,0.489818437155181,stage1_p1,sample_0074,train,-0.46564349483398537
0.9197284775347484,0.8513863953720325,0.11227991461918907,-0.1041611141835841,0.03796235342329811,0.368583112836975,0.9933666938205514,0.8562543886046743,oracle_inverse,sample_0074,train,-0.13802788644798877
0.7246339910884786,0.56817728089439,0.18365878700189928,-0.42138941264795865,0.11358159330649445,0.5086765289306641,0.9914649015850896,0.5709700070217674,oracle_representation,sample_0074,train,-0.42411475574280266
1.0,0.9999999999999998,0.0,0.0,0.0,0.0,0.9999999999999998,0.9999999999999998,gt,sample_0074,train,0.0
0.6685213286123756,0.502089401038369,0.13841177901914478,0.48320694676879505,0.08827961527819497,-3.0994415283203125e-06,0.5658627087198514,0.8166838311019566,stage1_p1,sample_0075,train,0.44325437693099895
0.8908802177858437,0.8032317447330741,0.07913631964390853,-0.15053617461994592,0.024734164175568542,0.4397193312564349,0.9914163090128754,0.8088568486096805,oracle_inverse,sample_0075,train,-0.18414006179196704
0.7139039737953624,0.5550938337801608,0.14594686433020884,0.4758585905316684,0.07862403558551884,0.6120383739471436,0.6138452416246664,0.8529351184346033,oracle_representation,sample_0075,train,0.38949536560247167
0.9999999999999998,0.9999999999999998,0.0,0.0,0.0,0.0,0.9999999999999998,0.9999999999999998,gt,sample_0075,train,0.0
0.6948100322820958,0.5323439878234398,0.16792964539653307,-0.40147585234162786,0.11385689835453024,-8.64267349243164e-06,0.9648275862068963,0.5428793170353123,stage1_p1,sample_0076,train,-0.4373302289483896
0.9173545084108243,0.8473267708936497,0.1121668376107389,-0.12169597820574211,0.03821734265658806,0.33079040692081696,0.9938872537921665,0.851765618936748,oracle_inverse,sample_0076,train,-0.14299573147070238
0.778183962264151,0.636907634398224,0.16855080632924715,-0.40380437789520274,0.09734562490726073,0.48446834087371826,0.9920324714371617,0.6401823826154442,oracle_representation,sample_0076,train,-0.35467597982149784
1.0,0.9999999999999998,0.0,0.0,0.0,0.0,0.9999999999999998,0.9999999999999998,gt,sample_0076,train,0.0
0.35900125891733103,0.21876997826364913,0.20470970608446354,0.15196372367240288,0.14419758564578208,-0.00011008977890014648,0.35675562969140945,0.3612753378378378,stage1_p1,sample_0077,train,0.01266891891891892
0.8724105461393595,0.7736951983298537,0.07412985393419676,-0.14594707428352247,0.02444616061520473,0.4300357145429685,0.9856382978723401,0.7825168918918918,oracle_inverse,sample_0077,train,-0.20608108108108109
0.4162754303599373,0.2628458498023715,0.20685016032653475,0.13355430396827492,0.13844164299643147,0.6393676996231079,0.4114250360899154,0.42124155405405395,oracle_representation,sample_0077,train,0.023859797297297296
0.9999999999999998,0.9999999999999998,0.0,0.0,0.0,0.0,0.9999999999999998,0.9999999999999998,gt,sample_0077,train,0.0
0.5819618169848584,0.4103992571959145,0.1416959398922785,0.25604136866534327,0.0856767429333684,-8.344650268554688e-06,0.548841059602649,0.619336758524054,stage1_p1,sample_0078,train,0.12844465203176086
0.8640968293645572,0.7607134584201991,0.0689867146879235,-0.20006142334351565,0.023312502530919137,0.345942979776658,0.989454655016571,0.7669313404950956,oracle_inverse,sample_0078,train,-0.22489490892106492
0.6528542138771986,0.4846203140019224,0.14043894171160745,0.2732072711714736,0.07776099230423246,0.49019455909729004,0.6068204613841524,0.7064455861746846,oracle_representation,sample_0078,train,0.16417561886968707
0.9999999999999998,0.9999999999999998,0.0,0.0,0.0,0.0,0.9999999999999998,0.9999999999999998,gt,sample_0078,train,0.0
0.7599616357136628,0.6128533258332161,0.11683293034177054,0.013007427599166246,0.06332582030410787,-1.3113021850585938e-06,0.7877801879971076,0.7340407613272696,stage1_p1,sample_0080,train,-0.06821627084386053
0.8840295299504718,0.7921621168983418,0.09219828833737566,-0.18775570935475858,0.03010151591715776,0.37705818640676636,0.9928631402183038,0.7966986693616304,oracle_inverse,sample_0080,train,-0.1975745325922183
0.8265577844842888,0.7043872919818456,0.11379266549809981,0.03737699622073438,0.050434081732541,0.5701173543930054,0.8737098892850439,0.7842344618494188,oracle_representation,sample_0080,train,-0.10240862388411656
0.9999999999999999,0.9999999999999999,0.0,0.0,0.0,0.0,0.9999999999999999,0.9999999999999999,gt,sample_0080,train,0.0
0.6880570409982173,0.5244565217391304,0.11593485708256944,0.726306536929332,0.0619180301542535,-7.152557373046875e-07,0.556596971881759,0.9008168028004665,stage1_p1,sample_0081,train,0.6184364060676779
0.8421404682274246,0.727325245522819,0.07424589998509186,-0.2626914047120656,0.023027303354830674,0.4148288511879492,0.9866771159874604,0.7345390898483078,oracle_inverse,sample_0081,train,-0.2555425904317386
0.7325469427058255,0.5779677113010445,0.12019486607415418,0.7731027681045799,0.053624166766846046,0.6788990497589111,0.6235655737704917,0.8876896149358224,oracle_representation,sample_0081,train,0.4235705950991832
0.9999999999999999,0.9999999999999998,0.0,0.0,0.0,0.0,0.9999999999999998,0.9999999999999998,gt,sample_0081,train,0.0
0.6318696492681578,0.4618490109002825,0.14808783143742146,0.055618998540988056,0.09216156458859485,-7.43865966796875e-05,0.6430578976953344,0.6210640608034744,stage1_p1,sample_0082,train,-0.03420195439739414
0.8806600925739584,0.7867673498741459,0.08108117490304129,-0.16583462445978275,0.027753965801761225,0.47817446350364445,0.9918404351767903,0.7918928700687657,oracle_inverse,sample_0082,train,-0.20159247195077815
0.6966928558377489,0.534557689611664,0.14740139275748823,0.05529285918272711,0.08192389447707828,0.589461088180542,0.7035055350553504,0.6900108577633006,oracle_representation,sample_0082,train,-0.01918204849800941
0.9999999999999999,0.9999999999999999,0.0,0.0,0.0,0.0,0.9999999999999999,0.9999999999999999,gt,sample_0082,train,0.0
0.6278593576317791,0.45757653278758414,0.21162744641125683,-0.47731958126245233,0.1546531824842342,-3.421306610107422e-05,0.9670210848801585,0.46483021483021475,stage1_p1,sample_0083,train,-0.5193173943173943
0.9013937612591258,0.8204884784672476,0.13762047052882823,-0.14297812677903132,0.04901296220204413,0.3849134320817065,0.9954973821989527,0.8235446985446984,oracle_inverse,sample_0083,train,-0.17273042273042272
0.712324198121074,0.5531859782420997,0.21278711218374938,-0.4810308825201403,0.13673787550634012,0.4092003107070923,0.9941039565554692,0.5550069300069299,oracle_representation,sample_0083,train,-0.4417013167013167
1.0,0.9999999999999999,0.0,0.0,0.0,0.0,0.9999999999999999,0.9999999999999999,gt,sample_0083,train,0.0
0.6718329704111694,0.5058346995853022,0.1772253227870106,-0.3360860231276096,0.12430319626657271,-3.6954879760742188e-06,0.8692409678488563,0.5474947807933193,stage1_p1,sample_0084,train,-0.37014613778705635
0.8856960778633914,0.7948424664656336,0.12065250121035245,-0.16653408498788397,0.044515686162015566,0.4136750525413708,0.9951829188907693,0.797912317327766,oracle_inverse,sample_0084,train,-0.19822546972860125
0.7375419410960605,0.5842110443941332,0.1808399109382679,-0.33670763879827764,0.11352417163457203,0.5634438991546631,0.9111145225667792,0.6195198329853862,oracle_representation,sample_0084,train,-0.32004175365344467
1.0,0.9999999999999998,0.0,0.0,0.0,0.0,0.9999999999999998,0.9999999999999998,gt,sample_0084,train,0.0
0.6555530006898136,0.487600478878057,0.1170597276363624,1.0721362428616752,0.06369614457474725,-2.980232238769531e-07,0.4964304370538046,0.9648054145516072,stage1_p1,sample_0085,train,0.9434856175972928
0.8673700075357949,0.765801729873586,0.0579687006308259,-0.19156667415466822,0.017725438264875236,0.29639460540380713,0.978325541861453,0.7790186125211503,oracle_inverse,sample_0085,train,-0.20372250423011845
0.6726345890836751,0.5067440989134506,0.12080261209421973,1.057699807000846,0.05675812684712149,0.566108226776123,0.5316430817610062,0.9153976311336715,oracle_representation,sample_0085,train,0.7218274111675127
0.9999999999999999,0.9999999999999997,0.0,0.0,0.0,0.0,0.9999999999999997,0.9999999999999997,gt,sample_0085,train,0.0
0.5655224254572788,0.39423580786026197,0.12881721486596767,1.18243408203125,0.07365426717306944,-0.0004742741584777832,0.4231346081739782,0.8523413897280964,stage1_p1,sample_0087,train,1.0143504531722054
0.8475452196382427,0.7354260089686097,0.04972663540939103,-0.20612656784493774,0.016247001996289305,0.3962769572155804,0.9859719438877751,0.7432024169184287,oracle_inverse,sample_0087,train,-0.24622356495468278
0.598893321322867,0.427443056576047,0.1343463673672786,1.1864362180773225,0.06978441988733364,0.5780881643295288,0.4542260394300214,0.8787764350453169,oracle_representation,sample_0087,train,0.9346676737160121
0.9999999999999998,0.9999999999999997,0.0,0.0,0.0,0.0,0.9999999999999997,0.9999999999999997,gt,sample_0087,train,0.0
0.6513952519783422,0.4830142063001852,0.13165090146294547,0.5486091420130076,0.0760172451022096,-1.2516975402832031e-05,0.5522598870056497,0.7939086294416242,stage1_p1,sample_0088,train,0.43756345177664974
0.8668094218415416,0.7649281934996219,0.07139880933546032,-0.19890469085166473,0.02265389175422555,0.3791336235912306,0.990538336052202,0.7705583756345176,oracle_inverse,sample_0088,train,-0.22208121827411167
0.6901300688599845,0.5268691588785046,0.1326606383640248,0.5564044158470812,0.06758136084986516,0.6148812770843506,0.6060664234977922,0.8012690355329948,oracle_representation,sample_0088,train,0.3220812182741117
0.9999999999999999,0.9999999999999998,0.0,0.0,0.0,0.0,0.9999999999999998,0.9999999999999998,gt,sample_0088,train,0.0
0.7728906907366326,0.62984665253709,0.12347989870711927,-0.12685151812309503,0.0688641073860488,-1.0728836059570312e-06,0.8628522630230571,0.6999168744804655,stage1_p1,sample_0089,train,-0.18883347187586588
0.8941766762961836,0.8086071772308537,0.09785408480542764,-0.1638597902401741,0.032860870998496175,0.44739267317913467,0.9907345013477088,0.8147686339706289,oracle_inverse,sample_0089,train,-0.17761152673870878
0.8354625211636139,0.7174200370076658,0.12298926549536282,-0.11790294229703518,0.05608884703945029,0.5633759498596191,0.9397506925207755,0.7520088667220836,oracle_representation,sample_0089,train,-0.199778331947908
0.9999999999999999,0.9999999999999999,0.0,0.0,0.0,0.0,0.9999999999999999,0.9999999999999999,gt,sample_0089,train,0.0
0.5281066560541239,0.3587941057185345,0.17248351139174847,0.08950851784838076,0.11482359697287228,-8.982419967651367e-05,0.5355125100887812,0.5209028459273797,stage1_p1,sample_0090,train,-0.027281648675171737
0.8659292035398228,0.7635583300819351,0.08215059594084137,-0.19508759346473975,0.027824100238455735,0.3942230066984387,0.9921419518377691,0.7682041216879292,oracle_inverse,sample_0090,train,-0.22571148184494602
0.572319452826393,0.4008736085670001,0.16913283257449205,0.11444766238346418,0.10230999206983983,0.5174342393875122,0.586961006808335,0.5583905789990186,oracle_representation,sample_0090,train,-0.04867517173699706
0.9999999999999998,0.9999999999999998,0.0,0.0,0.0,0.0,0.9999999999999998,0.9999999999999998,gt,sample_0090,train,0.0
0.6137089747313389,0.44269851246595426,0.11156981137692083,1.2161326627715077,0.05666022136563337,-7.259845733642578e-05,0.46562362274129565,0.8999148211243608,stage1_p1,sample_0091,train,0.9327086882453152
0.818675889328063,0.6930154746967794,0.05017392361619497,-0.1755255123989861,0.016999409501882307,0.36888722338256685,0.9747058823529406,0.7057069846678021,oracle_inverse,sample_0091,train,-0.27597955706984667
0.6754777070063693,0.5099783601827361,0.10879955894294754,1.1821952442903534,0.04735589042898535,0.6026670932769775,0.5394201424211595,0.9033219761499145,oracle_representation,sample_0091,train,0.6746166950596252
0.9999999999999998,0.9999999999999997,0.0,0.0,0.0,0.0,0.9999999999999997,0.9999999999999997,gt,sample_0091,train,0.0
0.396243842364532,0.24707237473603375,0.14557866497814018,1.4370335335967206,0.0851272028904476,-8.83936882019043e-05,0.29303278688524587,0.6116920152091252,stage1_p1,sample_0092,train,1.0874524714828897
0.8112159911160465,0.6823914058851002,0.04724805025991173,-0.20839730257523506,0.0153179952848554,0.3780158588500455,0.9753004005340448,0.6943916349809883,oracle_inverse,sample_0092,train,-0.2880228136882129
0.467125860989355,0.3047385620915032,0.14260895379215857,1.4353923144902567,0.0762278380409354,0.6251547336578369,0.3482726423902894,0.7091254752851708,oracle_representation,sample_0092,train,1.0361216730038023
0.9999999999999998,0.9999999999999996,0.0,0.0,0.0,0.0,0.9999999999999996,0.9999999999999996,gt,sample_0092,train,0.0
0.7222576240327718,0.5652607580507266,0.12486624426048971,0.002198924131248911,0.06869693697499828,-7.152557373046875e-06,0.7564836003051105,0.6909946002438598,stage1_p1,sample_0093,train,-0.08657028392266156
0.8810170807453415,0.7873373807458802,0.0923818597491038,-0.1502628631667395,0.029713087347516508,0.346171716140812,0.9947403024326099,0.7906288103117922,oracle_inverse,sample_0093,train,-0.20519073332172094
0.8015843773028739,0.668870099923136,0.1237981579267165,-0.0026419579287145097,0.056072866599425494,0.5574550628662109,0.8506353861192569,0.7578819021076466,oracle_representation,sample_0093,train,-0.10904023689252744
0.9999999999999999,0.9999999999999999,0.0,0.0,0.0,0.0,0.9999999999999999,0.9999999999999999,gt,sample_0093,train,0.0
0.5122686181661643,0.34432870370370366,0.1605501648930183,0.38770135822560087,0.10413237958796709,-2.3305416107177734e-05,0.4600811907983761,0.5778101480941975,stage1_p1,sample_0094,train,0.2558873512988589
0.8737785016286644,0.7758496023138104,0.06739486744455112,-0.168577165822498,0.02206352114817828,0.4155809072058303,0.9907663896583562,0.7815003641660595,oracle_inverse,sample_0094,train,-0.2112163146394756
0.5742829519819528,0.40280289330922237,0.16023571620809982,0.3945765336701869,0.09413401345249194,0.5622961521148682,0.515028901734104,0.6489439184268024,oracle_representation,sample_0094,train,0.2600145666423889
0.9999999999999998,0.9999999999999998,0.0,0.0,0.0,0.0,0.9999999999999998,0.9999999999999998,gt,sample_0094,train,0.0
0.6455915040750801,0.47665937272064174,0.1586878670728643,-0.1041121136304283,0.09646541665311455,-7.152557373046875e-07,0.7199779654792507,0.585136546784062,stage1_p1,sample_0095,train,-0.18728547977913745
0.8669967273642694,0.7652199674122351,0.1002213279113027,-0.1781090145428097,0.03547367482843553,0.365269254767153,0.9904141104294477,0.770929711983286,oracle_inverse,sample_0095,train,-0.2216087151171467
0.7179982299460937,0.5600602485251662,0.1588924613795738,-0.11786749412401135,0.08653682975815508,0.5293128490447998,0.7789804469273742,0.6658707655573795,oracle_representation,sample_0095,train,-0.14520220862557828
0.9999999999999999,0.9999999999999999,0.0,0.0,0.0,0.0,0.9999999999999999,0.9999999999999999,gt,sample_0095,train,0.0
0.7458103361766181,0.5946551448231716,0.1104174564813879,0.4029823322573207,0.05498008574657219,-3.0994415283203125e-05,0.6602700781805259,0.8568134655291675,stage1_p1,sample_0097,train,0.2976712012912151
0.8613062711423366,0.7563985374771479,0.08063645535813181,-0.1968119929399003,0.025385314380518893,0.41899850635962954,0.9883547327560464,0.7632003689186072,oracle_inverse,sample_0097,train,-0.2278072400276689
0.7986756381501654,0.6648293029871977,0.11331484631908542,0.40611005681490664,0.045569919935640565,0.5734903812408447,0.7439315559092716,0.8621166705095686,oracle_representation,sample_0097,train,0.15886557528245332
0.9999999999999998,0.9999999999999998,0.0,0.0,0.0,0.0,0.9999999999999998,0.9999999999999998,gt,sample_0097,train,0.0
0.5689026411758205,0.39752895752895745,0.14849427226038686,0.3893184916429807,0.0884827398945703,-6.556510925292969e-06,0.5144913052168698,0.6361838853188333,stage1_p1,sample_0098,train,0.2365299060800791
0.8526804558885605,0.7431935246504782,0.06917280748485563,-0.2141718348988763,0.02378073899954696,0.5240533476941087,0.9898725906566479,0.7488877904102816,oracle_inverse,sample_0098,train,-0.24345032130499258
0.6141069397042092,0.44311278936135273,0.14823550077476258,0.4089856300976273,0.07890314768093949,0.6783838272094727,0.5689291736930859,0.66707859614434,oracle_representation,sample_0098,train,0.17251606524962926
0.9999999999999999,0.9999999999999998,0.0,0.0,0.0,0.0,0.9999999999999998,0.9999999999999998,gt,sample_0098,train,0.0
0.6662853220455324,0.4995711099674043,0.11816624518745016,0.6718733244566771,0.06138309864333001,-1.7881393432617188e-07,0.5553012967200609,0.8327137546468399,stage1_p1,sample_0099,train,0.4995710609093509
0.8391031981536431,0.7228060210167564,0.06766100173423706,-0.19144988265738835,0.022338961936221938,0.3400656680510443,0.9906578435188786,0.7277666571346867,oracle_inverse,sample_0099,train,-0.26537031741492706
0.740058195926285,0.5873749037721323,0.1181997937637601,0.6621305985487561,0.05095755478039885,0.529752254486084,0.6423910755630392,0.8727480697740918,oracle_representation,sample_0099,train,0.35859307978267085
0.9999999999999999,0.9999999999999998,0.0,0.0,0.0,0.0,0.9999999999999998,0.9999999999999998,gt,sample_0099,train,0.0
0.6177071866645698,0.44687144482366314,0.16543234582529212,-0.15512732148470243,0.11189825817226877,-4.76837158203125e-07,0.7064748201438847,0.5487566359318244,stage1_p1,sample_0103,train,-0.2232467169600447
0.8994798041615666,0.8173223967746419,0.09088252860638672,-0.1381437492386961,0.03110264613689511,0.4048775225072536,0.9940818397024009,0.8213188041352332,oracle_inverse,sample_0103,train,-0.17379156188879574
0.6826930391783947,0.5182490182490181,0.16744392621431936,-0.16366521723945235,0.1002720058173973,0.5240476131439209,0.7494571571738766,0.6268510757194746,oracle_representation,sample_0103,train,-0.1635931824531992
0.9999999999999999,0.9999999999999999,0.0,0.0,0.0,0.0,0.9999999999999999,0.9999999999999999,gt,sample_0103,train,0.0
0.6096551724137931,0.43849206349206343,0.21008023582860838,-0.42291369802155254,0.1548440398464056,-1.5497207641601562e-06,0.8804780876494023,0.46624472573839654,stage1_p1,sample_0104,train,-0.4704641350210971
0.9120531313236133,0.8383250667684089,0.12238291298408516,-0.12497490316499435,0.041450999524179896,0.3285637219249289,0.9936687394007913,0.8428270042194091,oracle_inverse,sample_0104,train,-0.15180283851169926
0.6892600268194563,0.5258556547619047,0.20822419143160356,-0.41852221033515535,0.13523125372878847,0.5251680612564087,0.9458012713282032,0.5421940928270041,oracle_representation,sample_0104,train,-0.4267357115458381
1.0,0.9999999999999998,0.0,0.0,0.0,0.0,0.9999999999999998,0.9999999999999998,gt,sample_0104,train,0.0
0.5862861289152254,0.4147134302822925,0.1302180390677719,0.6032396903274251,0.07580292875753054,-1.4901161193847656e-06,0.494895875867701,0.7190744586176206,stage1_p1,sample_0105,train,0.45298131118362506
0.7993697478991595,0.6657917760279963,0.07721157640231109,-0.2722709795190712,0.025562000620289065,0.43697058937135536,0.9752242631354119,0.6772471076831799,oracle_inverse,sample_0105,train,-0.3055473153366953
0.6552822734803109,0.48730098559514773,0.1327725146251081,0.6282159063519727,0.06553077517539103,0.6039481163024902,0.5743967828418229,0.7626816968258675,oracle_representation,sample_0105,train,0.32779590625927024
0.9999999999999999,0.9999999999999998,0.0,0.0,0.0,0.0,0.9999999999999998,0.9999999999999998,gt,sample_0105,train,0.0
0.711578947368421,0.5522875816993463,0.1006444261388879,0.8564357450577327,0.048044623093609046,-2.8014183044433594e-06,0.5702235343736819,0.9461161651504546,stage1_p1,sample_0106,train,0.6592022393282015
0.8396207383498082,0.7235744089012515,0.0553163952522966,-0.16806605256541088,0.01790909483715238,0.3825684832814287,0.9914244878513574,0.7281315605318402,oracle_inverse,sample_0106,train,-0.2655703289013296
0.7735960011761246,0.6307839846559576,0.09796064961877549,0.8256297768872464,0.03969778515873525,0.5325311422348022,0.6670892494929005,0.9205738278516442,oracle_representation,sample_0106,train,0.3799860041987404
0.9999999999999999,0.9999999999999997,0.0,0.0,0.0,0.0,0.9999999999999997,0.9999999999999997,gt,sample_0106,train,0.0
0.7085431283532809,0.5486386296817077,0.1398510048441786,-0.18493409426449534,0.08165374900208398,-9.47713851928711e-06,0.8366471734892786,0.6144595561918396,stage1_p1,sample_0107,train,-0.2655690765926986
0.8628529816328181,0.7587875337982068,0.106825060876067,-0.17338508008913195,0.037522715642130736,0.4182995531488152,0.9921845924823222,0.7633500357909806,oracle_inverse,sample_0107,train,-0.23063707945597708
0.7934463645255949,0.6576138359681123,0.1334007832994733,-0.18805154460450965,0.06576138013451553,0.4858992099761963,0.9212568616316485,0.6967788117394416,oracle_representation,sample_0107,train,-0.24366499642090192
0.9999999999999999,0.9999999999999999,0.0,0.0,0.0,0.0,0.9999999999999999,0.9999999999999999,gt,sample_0107,train,0.0
0.5161829690672398,0.3478750804893754,0.14362263372425477,1.1509074139484692,0.08879290213286398,-0.0001875758171081543,0.38838964773544205,0.7693129227483088,stage1_p1,sample_0109,train,0.9807760768956925
0.8805555555555554,0.7866004962779154,0.049881336952238155,-0.14636750903381082,0.015248912934315365,0.5658960864503182,0.9946212460779915,0.7899608401566391,oracle_inverse,sample_0109,train,-0.20576717693129226
0.5663863555608195,0.39507600793126235,0.14729276142794365,1.1317125200249198,0.08234002814644698,0.6265782117843628,0.4243876464323748,0.8511925952296188,oracle_representation,sample_0109,train,1.0056959772160912
0.9999999999999999,0.9999999999999997,0.0,0.0,0.0,0.0,0.9999999999999997,0.9999999999999997,gt,sample_0109,train,0.0
0.689900867410161,0.5266020335776779,0.15120458010522697,-0.23697071548003426,0.09547550374761982,-4.649162292480469e-06,0.8365890308039067,0.5869794412229836,stage1_p1,sample_0110,train,-0.29836584080126516
0.8972949515405756,0.81372163190345,0.1089368264411539,-0.1522327224523582,0.03567589303432912,0.3522588576701162,0.9943892273164474,0.8174749604638902,oracle_inverse,sample_0110,train,-0.17791249341064838
0.7810632987975497,0.640774289614096,0.1473397093832977,-0.2239275315465208,0.07694561193379447,0.5103096961975098,0.9164152617568765,0.6805482340537691,oracle_representation,sample_0110,train,-0.257380073800738
0.9999999999999999,0.9999999999999999,0.0,0.0,0.0,0.0,0.9999999999999999,0.9999999999999999,gt,sample_0110,train,0.0
0.6901227780831958,0.5268606603245662,0.13260230218670985,0.005970989473857068,0.07530842627872664,-1.7881393432617188e-07,0.7235350624399615,0.6596601856717462,stage1_p1,sample_0111,train,-0.0882816605359958
0.8741333854115807,0.7764093668690372,0.08958897189634175,-0.18025580859818996,0.03024916077502202,0.48067219087279645,0.9876434245366282,0.7840252233315815,oracle_inverse,sample_0111,train,-0.20616570327552985
0.7606682404212819,0.6137728937728937,0.13588306165064076,0.009845679519180242,0.0668929681023121,0.5426623821258545,0.7896324222431667,0.7337537221930285,oracle_representation,sample_0111,train,-0.07076545804869504
0.9999999999999999,0.9999999999999999,0.0,0.0,0.0,0.0,0.9999999999999999,0.9999999999999999,gt,sample_0111,train,0.0
0.4982316534040671,0.33176332057697966,0.15292414124842044,1.3330792767539965,0.10348813136460354,-0.001638174057006836,0.3616236162361623,0.800710479573712,stage1_p1,sample_0112,train,1.214209591474245
0.8897576231430804,0.8014084507042251,0.04140439050390684,-0.15966140455815447,0.013175768404911027,0.34549133563954815,0.9891351586266837,0.8085257548845468,oracle_inverse,sample_0112,train,-0.18259325044404973
0.5176029135856969,0.34916617033948777,0.15711641256364176,1.337969374444938,0.09910036277544162,0.569934606552124,0.37544028178033934,0.8330373001776197,oracle_representation,sample_0112,train,1.2188277087033748
0.9999999999999999,0.9999999999999997,0.0,0.0,0.0,0.0,0.9999999999999997,0.9999999999999997,gt,sample_0112,train,0.0
0.7118381403357726,0.5525999197968186,0.13128798764429966,0.17010731155863368,0.07226310890464024,-3.2782554626464844e-06,0.6846637959589267,0.7412587412587411,stage1_p1,sample_0114,train,0.08266092881477496
0.8860784704242182,0.795458608975505,0.08718366767791949,-0.16256419636194377,0.027836555839451597,0.3535783174849165,0.9964165733482641,0.7977407208176438,oracle_inverse,sample_0114,train,-0.19939035323650708
0.7933047210300428,0.6574192630530657,0.1345593202932175,0.17628108820266272,0.06250022097478235,0.538565993309021,0.7609089412152148,0.8285816747355208,oracle_representation,sample_0114,train,0.08893670432131971
0.9999999999999999,0.9999999999999999,0.0,0.0,0.0,0.0,0.9999999999999999,0.9999999999999999,gt,sample_0114,train,0.0
0.6678238229550878,0.5013029315960911,0.16062430514801,-0.2075742624858473,0.10483762809169359,-2.4437904357910156e-06,0.7854712487240557,0.5808277770788778,stage1_p1,sample_0115,train,-0.2605359164674802
0.8966754035039315,0.8127031757939484,0.10572979693289662,-0.14725042577903477,0.03555968977371333,0.45307206469046957,0.9925179416704839,0.8177129198641337,oracle_inverse,sample_0115,train,-0.1761227827399673
0.7464818315479941,0.595509383378016,0.1645493530779146,-0.20356764117341805,0.092756355897595,0.5471370220184326,0.841648247552889,0.6706503962762611,oracle_representation,sample_0115,train,-0.2031702100893194
0.9999999999999999,0.9999999999999999,0.0,0.0,0.0,0.0,0.9999999999999999,0.9999999999999999,gt,sample_0115,train,0.0
0.45630802839978146,0.29559525915443124,0.14254561694667248,2.69162686779997,0.08574381213773032,-1.823902130126953e-05,0.29559525915443124,0.9999999999999994,stage1_p1,sample_0116,train,2.3830041891083185
0.8481781376518216,0.7363796133567658,0.04171055402888161,-0.21322140216774482,0.011377238547804503,0.33324841063474553,0.972157772621809,0.7522441651705561,oracle_inverse,sample_0116,train,-0.22621184919210055
0.47069090909090905,0.3077801027201826,0.14905708179438296,2.7025750626496112,0.08031383588149113,0.6733152866363525,0.3109146810146041,0.9682824655894668,oracle_representation,sample_0116,train,2.1143028126870136
0.9999999999999998,0.9999999999999994,0.0,0.0,0.0,0.0,0.9999999999999994,0.9999999999999994,gt,sample_0116,train,0.0
0.401908657123381,0.25149291929704826,0.1485559725346,3.1887812025236326,0.09562067884848556,-0.0005948543548583984,0.25179364537068666,0.995273463875759,stage1_p1,sample_0117,train,2.952734638757596
0.8464189965530445,0.7337317397078349,0.03638789571180194,-0.1945168040359918,0.010333631464259264,0.38770826653455304,0.9778761061946895,0.7461174881836592,oracle_inverse,sample_0117,train,-0.23700202565833897
0.4116465863453815,0.259165613147914,0.15310789960188953,3.1890518837567523,0.09072034584831566,0.5903873443603516,0.26133673283554903,0.9689399054692769,oracle_representation,sample_0117,train,2.7076299797434165
0.9999999999999997,0.9999999999999993,0.0,0.0,0.0,0.0,0.9999999999999993,0.9999999999999993,gt,sample_0117,train,0.0
0.7773463396154937,0.6357862122385747,0.10230440560459488,0.03641664011816497,0.04959133891987479,-1.722574234008789e-05,0.7947327652982183,0.7607043558850787,stage1_p1,sample_0118,train,-0.042817423540315105
0.8860603572161773,0.7954294139329154,0.08439212172840353,-0.17213662428274193,0.027656309633738576,0.3170081697133136,0.9928686450425579,0.7999999999999998,oracle_inverse,sample_0118,train,-0.1942539388322521
0.860239374234285,0.7547544236811641,0.09359306108322864,0.04522570450069509,0.037923432665295416,0.5205156803131104,0.8749999999999999,0.8459684893419832,oracle_representation,sample_0118,train,-0.033178869323447636
0.9999999999999998,0.9999999999999998,0.0,0.0,0.0,0.0,0.9999999999999998,0.9999999999999998,gt,sample_0118,train,0.0
0.6877128852704161,0.5240567232210686,0.14066363397640727,-0.300471448482562,0.08631487224566627,-9.417533874511719e-06,0.9033173286774333,0.555197853789403,stage1_p1,sample_0119,train,-0.38537894030851777
0.870602265951103,0.7708553326293558,0.11534731459992588,-0.15693210448286385,0.041055351313902644,0.5428314463394415,0.979701392383828,0.7833668678739101,oracle_inverse,sample_0119,train,-0.20040241448692153
0.7936762699622822,0.6579297498669504,0.13701481573361105,-0.3133153085177733,0.07074068684055007,0.4677853584289551,0.9878146224530562,0.6633132126089871,oracle_representation,sample_0119,train,-0.328504359490275
0.9999999999999999,0.9999999999999999,0.0,0.0,0.0,0.0,0.9999999999999999,0.9999999999999999,gt,sample_0119,train,0.0
0.6278245715945396,0.4575395817458301,0.2109555822687211,-0.498996670424847,0.1571655449659619,-5.4836273193359375e-06,0.9917416039640299,0.4592894781574026,stage1_p1,sample_0120,train,-0.5368859425463199
0.9222854541315729,0.8557789793849272,0.13022856141304381,-0.12313446763577461,0.04409390686540211,0.33084062653328106,0.9931365820178447,0.8608703042665306,oracle_inverse,sample_0120,train,-0.13318035016148225
0.7010377566791787,0.5396906340302566,0.21701783265104901,-0.507637206782254,0.14314141759539806,0.1412348747253418,0.9999999999999999,0.5396906340302566,oracle_representation,sample_0120,train,-0.4603093659697433
1.0,0.9999999999999999,0.0,0.0,0.0,0.0,0.9999999999999999,0.9999999999999999,gt,sample_0120,train,0.0
0.46728971962616817,0.30487804878048774,0.1417686407300006,2.241758443541446,0.08865397303307518,-8.225440979003906e-06,0.30949105914718017,0.9533898305084741,stage1_p1,sample_0121,train,2.080508474576271
0.8158866995073889,0.6890275611024438,0.04258236755536938,-0.21379208479361095,0.014161376068248823,0.5434822961275789,0.9742647058823523,0.7018008474576268,oracle_inverse,sample_0121,train,-0.2796610169491525
0.47613897526024057,0.3124556422995031,0.1429563423596841,2.210571806309587,0.08302353092000163,0.5859827995300293,0.31965874024323826,0.9327330508474572,oracle_representation,sample_0121,train,1.9179025423728813
0.9999999999999998,0.9999999999999996,0.0,0.0,0.0,0.0,0.9999999999999996,0.9999999999999996,gt,sample_0121,train,0.0
0.43964917165529716,0.2817630264097073,0.14442687795837927,2.491209799315268,0.08898210604397946,-4.8995018005371094e-05,0.28882385220413387,0.9201631701631697,stage1_p1,sample_0001,val,2.1858974358974357
0.8389261744966441,0.7225433526011557,0.04224466566808921,-0.21008080239250237,0.011877585851160255,0.3871818036197523,0.9889240506329107,0.728438228438228,oracle_inverse,sample_0001,val,-0.2634032634032634
0.45442727141412675,0.294018691588785,0.14944654821023798,2.4822537082058567,0.08450305688283169,0.6812472343444824,0.3020933358939888,0.9166666666666662,oracle_representation,sample_0001,val,2.0343822843822843
0.9999999999999998,0.9999999999999994,0.0,0.0,0.0,0.0,0.9999999999999994,0.9999999999999994,gt,sample_0001,val,0.0
0.4344680576190168,0.27752104307641523,0.27527445238108783,-0.47993132891710477,0.21475797254835077,-0.0006912350654602051,0.6964174777386621,0.31571535861809985,stage1_p1,sample_0008,val,-0.5466579046188509
0.9234647574871433,0.8578119145747469,0.10783166822515884,-0.10119015975505051,0.03680367427410844,0.4366485382811116,0.9973861903724677,0.8597446488922267,oracle_inverse,sample_0008,val,-0.13800225309800976
0.5058033753685927,0.3385119247564662,0.2720558127318502,-0.48121707814553605,0.19602085991333862,0.48314905166625977,0.7624361641762814,0.3784265865565151,oracle_representation,sample_0008,val,-0.5036612842658655
1.0,0.9999999999999998,0.0,0.0,0.0,0.0,0.9999999999999998,0.9999999999999998,gt,sample_0008,val,0.0
0.694950188938509,0.5325085548828639,0.1297323117161958,-0.0033582602248216358,0.07853174863688582,-3.2782554626464844e-06,0.7203133345202064,0.6713124274099883,stage1_p1,sample_0013,val,-0.06802721088435375
0.8646116368406257,0.7615118006271661,0.09740009961104157,-0.16136442474920557,0.0334098453318573,0.5919756136647372,0.993112354713732,0.7655550024888003,oracle_inverse,sample_0013,val,-0.22913555666168905
0.7671916688183147,0.6223122032951689,0.13626538603747224,-0.02441300929670649,0.06844934213609047,0.5459527969360352,0.7970314735336194,0.7395055583208893,oracle_representation,sample_0013,val,-0.07217521154803384
0.9999999999999999,0.9999999999999999,0.0,0.0,0.0,0.0,0.9999999999999999,0.9999999999999999,gt,sample_0013,val,0.0
0.5459619450317124,0.37547981854135154,0.1809738541173104,-0.09787354833269082,0.12831398201440772,-5.137920379638672e-05,0.6044943820224719,0.4977640709329221,stage1_p1,sample_0014,val,-0.17656129529683887
0.9042409962975427,0.8252188603901089,0.07743039544489187,-0.1474217764376047,0.026284451216309873,0.44995678279049356,0.9951842933876642,0.828527370855821,oracle_inverse,sample_0014,val,-0.16746337702390132
0.5856270392370115,0.4140541819472376,0.18357490805798968,-0.09087226532382421,0.11578454197424674,0.6415369510650635,0.6400877834674469,0.5397070161912104,oracle_representation,sample_0014,val,-0.15682343870470317
0.9999999999999999,0.9999999999999999,0.0,0.0,0.0,0.0,0.9999999999999999,0.9999999999999999,gt,sample_0014,val,0.0
0.7747186367393654,0.6322781525687596,0.13610090607158068,-0.28943753247575144,0.0820154990311799,-3.5762786865234375e-07,0.9601260835303387,0.6493285013856319,stage1_p1,sample_0026,val,-0.3237049669580047
0.905403834979663,0.8271578723856035,0.11861297033607335,-0.1277246921952656,0.039750030016864495,0.31633234088074347,0.9952733776188042,0.8304199531016839,oracle_inverse,sample_0026,val,-0.16563632487742486
0.8531639384314683,0.7439284192586278,0.13652286192750088,-0.3014541850418354,0.0683285553923289,0.38937926292419434,0.9991416309012874,0.7444041782136004,oracle_representation,sample_0026,val,-0.25495629929652525
1.0,0.9999999999999998,0.0,0.0,0.0,0.0,0.9999999999999998,0.9999999999999998,gt,sample_0026,val,0.0
0.5426452410383189,0.3723494486853265,0.13171936797082068,1.7527469883904794,0.07787368344217667,-0.0007503628730773926,0.3760493404145965,0.9742565468264532,stage1_p1,sample_0029,val,1.590767865068797
0.8792721908040323,0.7845546292233433,0.04578095864615943,-0.17685769270736854,0.01224668353761527,0.31352932302795167,0.9856670341786103,0.7936085219707054,oracle_inverse,sample_0029,val,-0.19485130936529071
0.5513415892672858,0.3805877114870881,0.1379550966786626,1.7509412363376609,0.07385628292622377,0.5555698871612549,0.3886161120203673,0.9485130936529068,oracle_representation,sample_0029,val,1.440745672436751
0.9999999999999998,0.9999999999999996,0.0,0.0,0.0,0.0,0.9999999999999996,0.9999999999999996,gt,sample_0029,val,0.0
0.7065816491948556,0.5462901069518715,0.10879841945587586,0.6355273116789819,0.057321182079735016,-5.960464477539062e-07,0.5838542596892301,0.8946360153256703,stage1_p1,sample_0039,val,0.5322933771209634
0.875038005472788,0.7778378378378377,0.06625921102160226,-0.1695119990681786,0.02038324002866811,0.3400934331656671,0.9842681258549929,0.787629994526546,oracle_inverse,sample_0039,val,-0.19978106185002736
0.7625518194380468,0.6162292946212543,0.10867427862557054,0.6332377082478107,0.047950697500017146,0.5947273969650269,0.6582504970178925,0.9061302681992335,oracle_representation,sample_0039,val,0.3765736179529283
0.9999999999999999,0.9999999999999998,0.0,0.0,0.0,0.0,0.9999999999999998,0.9999999999999998,gt,sample_0039,val,0.0
0.4846775350193622,0.31985108531044926,0.3346203463553359,-0.5848063230904481,0.27082490601332004,-3.4570693969726562e-06,0.9000355113636362,0.33163231926725545,stage1_p1,sample_0047,val,-0.6315341838403664
0.9309035158019443,0.8707385437715923,0.1314955984971207,-0.1071342209179708,0.04667151308126127,0.31613308056918,0.9958252571939763,0.8739286882564605,oracle_inverse,sample_0047,val,-0.12240758913967942
0.5375497774654486,0.3675679138903126,0.33163856865698454,-0.5766958070105496,0.24487084787931737,0.548189640045166,0.9466996699669965,0.37533529604187105,oracle_representation,sample_0047,val,-0.6035328753680078
1.0,0.9999999999999999,0.0,0.0,0.0,0.0,0.9999999999999999,0.9999999999999999,gt,sample_0047,val,0.0
0.4687694801146989,0.30613906529881124,0.14473578867610287,2.3883884062826883,0.09327356095529789,-0.0004114508628845215,0.30774267474218364,0.9832635983263593,stage1_p1,sample_0060,val,2.1950836820083683
0.862222222222222,0.7578124999999997,0.03731513523584583,-0.20520982116656192,0.0106802315942997,0.3936582404110949,0.9945317840054676,0.760983263598326,oracle_inverse,sample_0060,val,-0.2348326359832636
0.47389865036923856,0.3105289504421825,0.15205115988733117,2.390112968668279,0.09098409930808875,0.578092098236084,0.3131942107034668,0.9733263598326355,oracle_representation,sample_0060,val,2.1077405857740588
0.9999999999999998,0.9999999999999996,0.0,0.0,0.0,0.0,0.9999999999999996,0.9999999999999996,gt,sample_0060,val,0.0
0.4142011834319526,0.26119402985074625,0.14861194039049877,3.0363439778852253,0.0987737967320371,-0.001004636287689209,0.26128069011280686,0.9987317691819906,stage1_p1,sample_0086,val,2.8224476854787572
0.8791519434628973,0.7843631778058003,0.028056924833821755,-0.15982425747710252,0.007766055137574942,0.33423312340699196,0.9928172386272938,0.7888395688015214,oracle_inverse,sample_0086,val,-0.20545339251743816
0.4149190337138306,0.26176519845921953,0.1546740466510166,3.0310732031745404,0.09731653040386057,0.5712188482284546,0.2623803928151754,0.9911223842739373,oracle_representation,sample_0086,val,2.777425491439442
0.9999999999999997,0.9999999999999994,0.0,0.0,0.0,0.0,0.9999999999999994,0.9999999999999994,gt,sample_0086,val,0.0
0.682085308056872,0.517548906789413,0.1304641164536664,0.013665831475245723,0.07537818339038009,-0.0003777742385864258,0.7116297468354429,0.6548962504550417,stage1_p1,sample_0101,val,-0.07972333454677831
0.8748345045320296,0.7775162925416363,0.08530033246181602,-0.18131789902279655,0.029064683932215632,0.4063320823766057,0.9930635838150287,0.7817619220968328,oracle_inverse,sample_0101,val,-0.2127775755369494
0.7583854462762932,0.6108058608058607,0.13051531221670765,0.020100941083454678,0.06541066995420378,0.5736725330352783,0.7909090909090908,0.72843101565344,oracle_representation,sample_0101,val,-0.07899526756461595
0.9999999999999999,0.9999999999999999,0.0,0.0,0.0,0.0,0.9999999999999999,0.9999999999999999,gt,sample_0101,val,0.0
0.6801124556900133,0.515280607519911,0.10883575948882476,0.846030459022772,0.05573101728828756,-1.3709068298339844e-06,0.5424059270813023,0.9115334207077324,stage1_p1,sample_0102,val,0.6805373525557011
0.8125844431576914,0.6843302990897268,0.06441369703854409,-0.21038151190857127,0.021352418264272126,0.4103932378789634,0.9887271019257863,0.6897116644823065,oracle_inverse,sample_0102,val,-0.3024246395806029
0.736911862160371,0.5834207764952779,0.11113318631500574,0.8260629236463795,0.046524290102499144,0.5762182474136353,0.6187402626307589,0.9108781127129748,oracle_representation,sample_0102,val,0.4721494102228047
0.9999999999999999,0.9999999999999997,0.0,0.0,0.0,0.0,0.9999999999999997,0.9999999999999997,gt,sample_0102,val,0.0
0.565599718607105,0.39431093673369294,0.14024210524161695,0.25264676812197334,0.07993301637560933,-9.417533874511719e-06,0.5483064332802908,0.5840193704600483,stage1_p1,sample_0131,val,0.06513317191283292
0.8480907581627005,0.7362478981503722,0.07821743100331542,-0.17335793512696399,0.026281954114757,0.47417238892395797,0.9893479664299545,0.7421307506053267,oracle_inverse,sample_0131,val,-0.24987893462469735
0.6665900735294116,0.4999138376701705,0.13991317869988823,0.2341839437046005,0.06960147818811337,0.5140388011932373,0.6342369916921731,0.7024213075060531,oracle_representation,sample_0131,val,0.10750605326876514
0.9999999999999998,0.9999999999999998,0.0,0.0,0.0,0.0,0.9999999999999998,0.9999999999999998,gt,sample_0131,val,0.0
0.6168680580983765,0.44599364631133065,0.120832435440322,1.1053952072773352,0.06586552778600813,-0.001064598560333252,0.4652918431228134,0.9149167270094132,stage1_p1,sample_0147,val,0.9663287472845764
0.8442231902095,0.7304379038047377,0.05506519254793955,-0.193428200505032,0.017735434821965785,0.38761111015140726,0.9883438562408932,0.736784938450398,oracle_inverse,sample_0147,val,-0.2545257060101376
0.6520990597271884,0.48378856356848093,0.12202250804756867,1.0859260089495837,0.059338905994689606,0.538366436958313,0.5140948005846732,0.8913830557566977,oracle_representation,sample_0147,val,0.7338884866039103
0.9999999999999999,0.9999999999999997,0.0,0.0,0.0,0.0,0.9999999999999997,0.9999999999999997,gt,sample_0147,val,0.0
0.4753221492827619,0.31175251156115447,0.15280476450059058,0.9742933989302762,0.0965616335058939,-0.00044792890548706055,0.36935575288116373,0.6665530173883394,stage1_p1,sample_0156,val,0.8046368905557449
0.8659239339223971,0.7635501355013548,0.05508993713895172,-0.1929680848498418,0.017228366293652105,0.35354164644588293,0.9916410030796301,0.7684964200477324,oracle_inverse,sample_0156,val,-0.22502557108762358
0.5253962311244228,0.3562965470548408,0.15380548883795486,0.9997447885590692,0.08724610457468543,0.6536595821380615,0.4143700787401574,0.7176951926355265,oracle_representation,sample_0156,val,0.7320150017047392
0.9999999999999999,0.9999999999999997,0.0,0.0,0.0,0.0,0.9999999999999997,0.9999999999999997,gt,sample_0156,val,0.0
0.6683173646248249,0.5018593371059012,0.1264644020235804,0.28201876881222504,0.06988131654029046,-1.5497207641601562e-06,0.6245472837022131,0.7186848807594349,stage1_p1,sample_0162,val,0.1507293354943274
0.8488618316569613,0.7374108990572544,0.08238171620074104,-0.21151565047030388,0.026832456376756776,0.3197464114847415,0.9907321594068579,0.7425329937485527,oracle_inverse,sample_0162,val,-0.25052095392451956
0.7376774337766848,0.5843810873029927,0.12558781965153543,0.2872661812268465,0.059376779452353506,0.5781409740447998,0.7130509939498703,0.7640657559620281,oracle_representation,sample_0162,val,0.07154433896735356
0.9999999999999998,0.9999999999999998,0.0,0.0,0.0,0.0,0.9999999999999998,0.9999999999999998,gt,sample_0162,val,0.0
0.5945895695825972,0.4230718348987961,0.15828279878128168,-0.12043172006216038,0.102507552271859,-8.225440979003906e-06,0.6827497865072586,0.5265931170755803,stage1_p1,sample_0171,val,-0.22871727317635435
0.8453491659598529,0.7321253672869734,0.10354703428508368,-0.1848786310804793,0.037723222240477285,0.3811798046081525,0.9883208461877477,0.7385147373620944,oracle_inverse,sample_0171,val,-0.2527581096657336
0.6817730432427551,0.5171894261060128,0.15962922834227777,-0.14744357067141445,0.09116883857936339,0.6341910362243652,0.7545963229416466,0.621768483451342,oracle_representation,sample_0171,val,-0.17602502881607113
0.9999999999999999,0.9999999999999999,0.0,0.0,0.0,0.0,0.9999999999999999,0.9999999999999999,gt,sample_0171,val,0.0
0.5915380308725905,0.4199886428165814,0.17881095502196345,-0.1615119582685787,0.12240688896526876,-3.5881996154785156e-05,0.6816589861751151,0.5224639728736931,stage1_p1,sample_0177,val,-0.23354054817745126
0.9102750747069189,0.8353255519617493,0.08609961580367954,-0.12829500953217057,0.028182223194988518,0.48549719245357115,0.9944751381215469,0.8392201186775924,oracle_inverse,sample_0177,val,-0.15611754732975416
0.6405122801329334,0.4711423801574051,0.18063261139714074,-0.16166814204224358,0.11355713266650042,0.5461171865463257,0.751283513976041,0.558208533484035,oracle_representation,sample_0177,val,-0.25699350098897994
0.9999999999999999,0.9999999999999999,0.0,0.0,0.0,0.0,0.9999999999999999,0.9999999999999999,gt,sample_0177,val,0.0
0.4748524866535543,0.3113485630066322,0.1907968879977388,-0.2486458927891933,0.13028093120923964,-0.00014495849609375,0.6172388604821036,0.38584474885844744,stage1_p1,sample_0181,val,-0.37488584474885844
0.8842229530314528,0.7924727932285368,0.10089092642615799,-0.15219627860865587,0.033565916640651776,0.3938580225878321,0.9913027037247115,0.798021308980213,oracle_inverse,sample_0181,val,-0.19497716894977168
0.5858078406746209,0.4142349657447348,0.19124435018554153,-0.2551302975171233,0.11660406228549383,0.48066890239715576,0.7133493554730171,0.49695585996955854,oracle_representation,sample_0181,val,-0.30334855403348554
0.9999999999999999,0.9999999999999999,0.0,0.0,0.0,0.0,0.9999999999999999,0.9999999999999999,gt,sample_0181,val,0.0
0.7271925958572057,0.5713296398891966,0.12288474890518002,-0.08233378827811245,0.06740192708372289,-6.556510925292969e-07,0.8056640624999999,0.6626506024096385,stage1_p1,sample_0205,val,-0.17751004016064256
0.8713976945244956,0.7721034152569421,0.09880966076477168,-0.16599617827300633,0.0333727966421259,0.37969912477776857,0.991596638655462,0.7771887550200802,oracle_inverse,sample_0205,val,-0.21622489959839358
0.8211052676954909,0.6965043147579347,0.123141219387975,-0.08399943524096386,0.0547311453011166,0.591667890548706,0.8861183475995532,0.7649799196787147,oracle_representation,sample_0205,val,-0.13670682730923694
0.9999999999999999,0.9999999999999999,0.0,0.0,0.0,0.0,0.9999999999999999,0.9999999999999999,gt,sample_0205,val,0.0
0.5098291975507573,0.34212802768166084,0.24481752208602944,-0.46653241262767275,0.18891497794759934,-0.0001767873764038086,0.784877951974598,0.3775295914471172,stage1_p1,sample_0208,val,-0.518995799923635
0.9199239817145205,0.8517215141715806,0.10375853958893666,-0.11445353779674414,0.036337355519082515,0.39609684909890475,0.9957744912709884,0.8548109965635737,oracle_inverse,sample_0208,val,-0.14156166475754103
0.5631796502384737,0.3919624679118349,0.2444478242013882,-0.4633571862173062,0.1722179435683856,0.552998423576355,0.8435892550962086,0.42268041237113396,oracle_representation,sample_0208,val,-0.4989499809087438
1.0,0.9999999999999998,0.0,0.0,0.0,0.0,0.9999999999999998,0.9999999999999998,gt,sample_0208,val,0.0
0.5056238556107768,0.33835112900402586,0.1358578268645358,2.042572606584258,0.08400129622202758,-0.0006136894226074219,0.34127824858757055,0.9752774974772952,stage1_p1,sample_0221,val,1.8577194752774975
0.8076696165191738,0.6773874319643738,0.044569514463477324,-0.2152129987815468,0.01453204668617657,0.4389856801714349,0.9723011363636357,0.6907164480322903,oracle_inverse,sample_0221,val,-0.289606458123108
0.5195241427571727,0.3509169975420684,0.1383089080007227,2.021910574072906,0.07772224995492989,0.6297218799591064,0.3594809219446058,0.9364278506559027,oracle_representation,sample_0221,val,1.6049445005045408
0.9999999999999998,0.9999999999999996,0.0,0.0,0.0,0.0,0.9999999999999996,0.9999999999999996,gt,sample_0221,val,0.0
0.4141088689163981,0.261120615911035,0.13433238128692873,2.419298196270094,0.07583414934269957,-0.00035113096237182617,0.2772479564032697,0.817816476892163,stage1_p1,sample_0229,val,1.9497655726724716
0.8380878951426366,0.7213005972130055,0.034481785176309954,-0.1837431633573521,0.010428249420605174,0.40450607214824585,0.9872842870118066,0.7280643000669788,oracle_inverse,sample_0229,val,-0.2625586068318821
0.4504441734889391,0.2906924460431654,0.13446637869410907,2.3966047283154723,0.07194469165481575,0.643852710723877,0.30437853107344626,0.8660415271265902,oracle_representation,sample_0229,val,1.8452779638312122
0.9999999999999997,0.9999999999999994,0.0,0.0,0.0,0.0,0.9999999999999994,0.9999999999999994,gt,sample_0229,val,0.0
0.38133015998942216,0.2355824211730109,0.15589251946678387,3.4271929612172864,0.10416217289994455,-0.00016933679580688477,0.23596792668957614,0.9931129476584016,stage1_p1,sample_0232,val,3.208677685950413
0.8466981132075468,0.7341513292433534,0.030498539970650263,-0.19342027953112279,0.008768371690204847,0.34758421588702193,0.9862637362637354,0.7417355371900822,oracle_inverse,sample_0232,val,-0.24793388429752067
0.38319783197831975,0.23700972175662083,0.16097598286729278,3.4285811327048896,0.10179837459581655,0.5628848075866699,0.2385290148448043,0.9738292011019277,oracle_representation,sample_0232,val,3.0826446280991737
0.9999999999999997,0.9999999999999993,0.0,0.0,0.0,0.0,0.9999999999999993,0.9999999999999993,gt,sample_0232,val,0.0
0.4648558494162496,0.3028092503492162,0.1572128106073863,0.8314642436450744,0.10032180146259952,-8.791685104370117e-05,0.3725415314111132,0.6179917643332276,stage1_p1,sample_0237,val,0.6588533417801711
0.8241372947038198,0.7008788449466413,0.0648928638562611,-0.18686312173270167,0.02160761746307608,0.4122253580379749,0.9871794871794868,0.7073170731707316,oracle_inverse,sample_0237,val,-0.283496990814064
0.535018306365891,0.36520477265398255,0.1596920300655027,0.8111499185837029,0.09181086808934924,0.6232082843780518,0.4265536723163841,0.717453278428888,oracle_representation,sample_0237,val,0.6819765600253405
0.9999999999999999,0.9999999999999997,0.0,0.0,0.0,0.0,0.9999999999999997,0.9999999999999997,gt,sample_0237,val,0.0
0.7468628299437472,0.5959944751381214,0.11571509107680085,-0.026356577932098765,0.06252553169509772,-0.00038737058639526367,0.7874087591240875,0.7102880658436213,stage1_p1,sample_0002,test,-0.09794238683127572
0.8858106260822016,0.7950269916571241,0.09015065918291869,-0.1537305582847758,0.029812623516589063,0.3268023899557728,0.9922417313189055,0.7999999999999999,oracle_inverse,sample_0002,test,-0.1937448559670782
0.8394210889042039,0.7232779097387172,0.11350535501250233,-0.02743336869855967,0.049527989417453816,0.5297408103942871,0.8805349719862641,0.8019753086419752,oracle_representation,sample_0002,test,-0.08921810699588477
0.9999999999999999,0.9999999999999999,0.0,0.0,0.0,0.0,0.9999999999999999,0.9999999999999999,gt,sample_0002,test,0.0
0.5532216190700966,0.3823817292006525,0.13097122625584157,1.6964267304016547,0.08347051244047475,-0.0009398460388183594,0.3850829636931164,0.9819857561793042,stage1_p1,sample_0006,test,1.550062840385421
0.9050994740452777,0.8266499582289053,0.03523468731838867,-0.1468147525881094,0.00989986335913909,0.3325875218571801,0.9964753272910368,0.8290741516547965,oracle_inverse,sample_0006,test,-0.1679932970255551
0.5594035594035592,0.3883138564273789,0.13864963435691863,1.7086910380446168,0.08026453589189585,0.5136466026306152,0.39230898971158706,0.9744449099287805,oracle_representation,sample_0006,test,1.4838709677419355
0.9999999999999998,0.9999999999999997,0.0,0.0,0.0,0.0,0.9999999999999997,0.9999999999999997,gt,sample_0006,test,0.0
0.5408401400233371,0.3706517393042782,0.1237760342272378,1.5520060086171097,0.06525000395447442,-6.628036499023438e-05,0.390397978521794,0.8799240626483148,stage1_p1,sample_0022,test,1.2539155196962506
0.7940011318619127,0.6583763491318627,0.05289230922483773,-0.2186903077757134,0.01635067696765973,0.4380500647780621,0.983181499649614,0.6658756525866157,oracle_inverse,sample_0022,test,-0.32273374466065496
0.5889259082976359,0.4173600179896559,0.1265918397155936,1.5407291913858567,0.057336822402254,0.5881246328353882,0.4423260247855099,0.8808732795443756,oracle_representation,sample_0022,test,0.9914570479354533
0.9999999999999998,0.9999999999999996,0.0,0.0,0.0,0.0,0.9999999999999996,0.9999999999999996,gt,sample_0022,test,0.0
0.6624155633612537,0.4952327084680025,0.20936178377211015,-0.4356955124197716,0.1565613415393175,-8.106231689453125e-06,0.9417639827904116,0.5108777194298574,stage1_p1,sample_0032,test,-0.4575310494290239
0.9126152177842038,0.8392753261863208,0.1272642934868899,-0.1467631113172295,0.04512610849782982,0.3531032562058394,0.9964479526393684,0.841793781778778,oracle_inverse,sample_0032,test,-0.15520546803367508
0.7106958082567839,0.5512243059536482,0.20921227227270547,-0.4248371663228307,0.1364259332058893,0.46158456802368164,0.9691864650827933,0.5610569308993915,oracle_representation,sample_0032,test,-0.4211052763190798
1.0,0.9999999999999999,0.0,0.0,0.0,0.0,0.9999999999999999,0.9999999999999999,gt,sample_0032,test,0.0
0.4931194670873871,0.3272452303396928,0.1971522960268413,-0.32192725936299066,0.1378163253288441,-0.0007365942001342773,0.6822701916080522,0.38608289870985446,stage1_p1,sample_0038,test,-0.43412023057919297
0.8930190389845873,0.8067158067158066,0.09441697702284563,-0.13273546133510625,0.033023540180410656,0.36244018601340766,0.9932773109243695,0.8111446609936864,oracle_inverse,sample_0038,test,-0.18336535822124622
0.5522139412538359,0.3814195736434108,0.1968579467772998,-0.32774655857552154,0.12381817906201169,0.5827455520629883,0.764505948045642,0.4321987373044194,oracle_representation,sample_0038,test,-0.4346692286576997
0.9999999999999999,0.9999999999999999,0.0,0.0,0.0,0.0,0.9999999999999999,0.9999999999999999,gt,sample_0038,test,0.0
0.5770081061164333,0.4054893837389953,0.13203126323964123,0.9247133412445027,0.07574570376314184,-0.00030601024627685547,0.45295025067489386,0.794654939106901,stage1_p1,sample_0079,test,0.7543978349120433
0.8609044075558098,0.7557788944723616,0.059366686741614404,-0.19312485392227077,0.0177621293100494,0.3561555810199275,0.9873085339168486,0.7631935047361297,oracle_inverse,sample_0079,test,-0.2269959404600812
0.6337775499743721,0.4638904520727818,0.13334734853766814,0.9439064614343707,0.06731997934735577,0.5838949680328369,0.5101072607260725,0.8366035182679293,oracle_representation,sample_0079,test,0.6400541271989174
0.9999999999999999,0.9999999999999997,0.0,0.0,0.0,0.0,0.9999999999999997,0.9999999999999997,gt,sample_0079,test,0.0
0.7219318419402048,0.564861769998364,0.11827376781460891,0.5173756315378187,0.058482488596988215,-6.794929504394531e-06,0.6247512212773656,0.8549145828175289,stage1_p1,sample_0096,test,0.3684080217875712
0.8619528619528618,0.7573964497041419,0.0780294274305009,-0.20924942508123487,0.023745194024306495,0.3953427782061065,0.994496600841696,0.7605843030453081,oracle_inverse,sample_0096,test,-0.23520673434018322
0.7827918838008647,0.6431043905993805,0.11729870799746984,0.5397994553107205,0.04887651087691928,0.5502071380615234,0.7088353413654617,0.8739787076008911,oracle_representation,sample_0096,test,0.23297846001485517
0.9999999999999999,0.9999999999999998,0.0,0.0,0.0,0.0,0.9999999999999998,0.9999999999999998,gt,sample_0096,test,0.0
0.4572098475967174,0.2963525835866261,0.13313692546387149,2.1242006940529876,0.0789614533419838,-0.0001462697982788086,0.30891089108910885,0.8793686583990976,stage1_p1,sample_0100,test,1.846674182638106
0.7821647379169501,0.6422582448295133,0.04122328666827383,-0.23809371661634818,0.013849502733499996,0.5103656937355032,0.9871134020618549,0.6476888387824123,oracle_inverse,sample_0100,test,-0.3438556933483653
0.48952959028831555,0.3240908177617038,0.1357677184641479,2.1248659566128807,0.07344930264429701,0.6155452728271484,0.33492524916943517,0.9092446448703491,oracle_representation,sample_0100,test,1.7147688838782413
0.9999999999999998,0.9999999999999994,0.0,0.0,0.0,0.0,0.9999999999999994,0.9999999999999994,gt,sample_0100,test,0.0
0.8058389577774289,0.6748159831756045,0.10357513254774413,-0.01924977979618124,0.05425429231608703,-0.00033152103424072266,0.8357480058603287,0.7779966661615395,stage1_p1,sample_0108,test,-0.0691013789968177
0.8990871369294604,0.8166742047339061,0.08451871051970375,-0.15061525165359874,0.028019425375372872,0.361600103666714,0.9937626123647035,0.8208819518108803,oracle_inverse,sample_0108,test,-0.17396575238672526
0.8655748081335547,0.7630073929418328,0.10731805576643833,-0.014278175433777846,0.04557616333642655,0.5012505054473877,0.9056291390728476,0.828913471738142,oracle_representation,sample_0108,test,-0.08470980451583573
0.9999999999999999,0.9999999999999999,0.0,0.0,0.0,0.0,0.9999999999999999,0.9999999999999999,gt,sample_0108,test,0.0
0.5455412494039102,0.3750819672131147,0.14204153366002722,-0.11474946120689655,0.08258069031102257,-8.857250213623047e-05,0.6616541353383457,0.46409736308316424,stage1_p1,sample_0113,test,-0.29858012170385395
0.8514601057714415,0.7413413413413412,0.0845019202978414,-0.17170476981122576,0.029578758318298263,0.5239514348857475,0.9827494692144372,0.7511156186612574,oracle_inverse,sample_0113,test,-0.23569979716024342
0.6592320073580132,0.4916823872406105,0.13760294445966542,-0.12248619342672414,0.06974602733503554,0.6524487733840942,0.7608811040339701,0.5815415821501013,oracle_representation,sample_0113,test,-0.23569979716024342
0.9999999999999998,0.9999999999999998,0.0,0.0,0.0,0.0,0.9999999999999998,0.9999999999999998,gt,sample_0113,test,0.0
0.5672575599582897,0.395924308588064,0.13613781179825224,0.5126013967346377,0.08269580803686045,-0.00028634071350097656,0.48940423830467805,0.6745659961421877,stage1_p1,sample_0122,test,0.37834114081014053
0.8501654324877894,0.7393806522334885,0.06715550020574027,-0.19192681794453448,0.021839222685823848,0.6028898938160612,0.992641648270787,0.7434554973821987,oracle_inverse,sample_0122,test,-0.25103334251860016
0.6485553125359732,0.47989778534923333,0.13609912681019995,0.522344148267429,0.07315784467770736,0.6090056896209717,0.5569395017793594,0.776246899972444,oracle_representation,sample_0122,test,0.393772389087903
0.9999999999999999,0.9999999999999998,0.0,0.0,0.0,0.0,0.9999999999999998,0.9999999999999998,gt,sample_0122,test,0.0
0.7061934823408973,0.5458261901622049,0.1321957471326004,0.029700989609558578,0.07739723367473035,-1.9669532775878906e-06,0.7180777238029146,0.6946962067807988,stage1_p1,sample_0128,test,-0.032561262168512926
0.87785687523417,0.782303839732888,0.09356826855166796,-0.15393737434299817,0.030928808575811685,0.41854089930737826,0.9932174650275538,0.7865055387713997,oracle_inverse,sample_0128,test,-0.20812353138637127
0.785890772769873,0.647298245614035,0.13450880092997522,0.015889547142497483,0.06658130475268566,0.5131361484527588,0.798061948433985,0.7740852635112453,oracle_representation,sample_0128,test,-0.03004363880496811
0.9999999999999999,0.9999999999999999,0.0,0.0,0.0,0.0,0.9999999999999999,0.9999999999999999,gt,sample_0128,test,0.0
0.6775379696243005,0.5123307543520308,0.1494330816773271,-0.24066965987042682,0.09402900331620645,-1.9550323486328125e-05,0.8261208576998049,0.5742547425474254,stage1_p1,sample_0130,test,-0.3048780487804878
0.8990309934166727,0.8165815640956731,0.09275986843287039,-0.14318398281226974,0.03208363927510543,0.36934964368687484,0.9899006352826192,0.823441734417344,oracle_inverse,sample_0130,test,-0.16815718157181572
0.7357997306503999,0.5820278230354681,0.1477974458928214,-0.24962088732215448,0.0842685388721655,0.449302077293396,0.8857524318138469,0.6292682926829267,oracle_representation,sample_0130,test,-0.28956639566395664
0.9999999999999999,0.9999999999999999,0.0,0.0,0.0,0.0,0.9999999999999999,0.9999999999999999,gt,sample_0130,test,0.0
0.7675218196244379,0.6227467811158798,0.10566702878444777,0.295870248863187,0.05770173267735559,-2.980232238769531e-07,0.6926014319809068,0.8606168446026096,stage1_p1,sample_0158,test,0.24258600237247924
0.8682861600178291,0.7672311933832217,0.07803020681441004,-0.18365758467657495,0.027083683005160654,0.5296943308623998,0.9948927477017362,0.7702649268485566,oracle_inverse,sample_0158,test,-0.2257809410834322
0.8079992661223739,0.6778513159919962,0.10816844313054556,0.29108030440638594,0.05053846807948734,0.5467419624328613,0.7537224028752352,0.8706998813760378,oracle_representation,sample_0158,test,0.15519968366943457
0.9999999999999998,0.9999999999999998,0.0,0.0,0.0,0.0,0.9999999999999998,0.9999999999999998,gt,sample_0158,test,0.0
0.6137218045112781,0.4427118644067796,0.131276099487452,0.2477547105892684,0.07284549876201929,-2.6226043701171875e-05,0.5958029197080291,0.632751937984496,stage1_p1,sample_0163,test,0.06201550387596899
0.8159954461363312,0.6891826923076921,0.083573912164093,-0.1950050508641455,0.0287715421361054,0.4491677215684031,0.9889617109348048,0.6945251937984495,oracle_inverse,sample_0163,test,-0.29772286821705424
0.7098877218399129,0.5502526670409881,0.1284199670606978,0.21705379042514536,0.06163493597181947,0.6299984455108643,0.707581227436823,0.7122093023255812,oracle_representation,sample_0163,test,0.006540697674418605
0.9999999999999998,0.9999999999999998,0.0,0.0,0.0,0.0,0.9999999999999998,0.9999999999999998,gt,sample_0163,test,0.0
0.30881930479747194,0.18260574146424322,0.1592734746529614,4.830967023982558,0.10692540849862917,-0.0002986788749694824,0.18260574146424322,0.9999999999999991,stage1_p1,sample_0180,test,4.4762790697674415
0.865515436944008,0.7629151291512909,0.02682951227185457,-0.17079701811498982,0.006693280464805951,0.3580121974666788,0.9892344497607644,0.7693023255813947,oracle_inverse,sample_0180,test,-0.22232558139534883
0.3041052782148476,0.17931848852901483,0.16552583742807683,4.819817405523255,0.10590827738598954,0.5852210521697998,0.17968221771467205,0.9888372093023248,oracle_representation,sample_0180,test,4.503255813953488
0.9999999999999996,0.9999999999999991,0.0,0.0,0.0,0.0,0.9999999999999991,0.9999999999999991,gt,sample_0180,test,0.0
0.6617993121341942,0.49454414284426,0.1906220495253649,-0.3952050772062282,0.1341431511176298,-5.960464477539062e-07,0.9226110363391654,0.5159469376234829,stage1_p1,sample_0187,test,-0.4407752375576254
0.9016949152542373,0.8209876543209875,0.12291653654549908,-0.1471015512049692,0.044263804221807014,0.3488542409816213,0.9928741092636577,0.8258537962178943,oracle_inverse,sample_0187,test,-0.16821902342647474
0.7375919383795679,0.5842737865859252,0.1931143032070407,-0.4041040248083075,0.1206406056686116,0.5293824672698975,0.9593250979210605,0.5991156270580487,oracle_representation,sample_0187,test,-0.3754821714178192
1.0,0.9999999999999998,0.0,0.0,0.0,0.0,0.9999999999999998,0.9999999999999998,gt,sample_0187,test,0.0
0.5511447174963242,0.38040011597564505,0.15640853181755485,0.15846428903592688,0.09756963852527346,-8.064508438110352e-05,0.5446243254462432,0.5578231292517005,stage1_p1,sample_0189,test,0.02423469387755102
0.8869810655062917,0.7969146238377006,0.07193088690727059,-0.1590460257719056,0.023285731400908727,0.4713293491725996,0.9926296393787837,0.8016581632653059,oracle_inverse,sample_0189,test,-0.19238945578231292
0.6265731380235195,0.45621150668469274,0.15442847513575247,0.16589832954666242,0.0867441505959746,0.6193404197692871,0.6086172344689378,0.6456207482993196,oracle_representation,sample_0189,test,0.060799319727891155
0.9999999999999998,0.9999999999999998,0.0,0.0,0.0,0.0,0.9999999999999998,0.9999999999999998,gt,sample_0189,test,0.0
0.44008044481249253,0.2821173972394964,0.16260725811793628,0.8243698663528207,0.10895305603109896,-3.0994415283203125e-06,0.35227272727272724,0.5861960289946421,stage1_p1,sample_0192,test,0.6640403403718877
0.8386047352250134,0.7220666044195454,0.06112794926621353,-0.177907504490184,0.019967349649873817,0.5433768941430781,0.9830508474576267,0.7311692404664354,oracle_inverse,sample_0192,test,-0.2562243933186259
0.4809789193118487,0.3166374222364013,0.16423286104587853,0.8266321489422471,0.09883860790047543,0.6330399513244629,0.39067112773076157,0.625590923416325,oracle_representation,sample_0192,test,0.6013236684525686
0.9999999999999999,0.9999999999999997,0.0,0.0,0.0,0.0,0.9999999999999997,0.9999999999999997,gt,sample_0192,test,0.0
0.5067475947568928,0.33935829801954503,0.24441812801176066,-0.5093740808399465,0.188978817204983,-0.00012069940567016602,0.8438709677419354,0.3620928301190366,stage1_p1,sample_0207,test,-0.570914459721325
0.9112987856678827,0.8370513173597722,0.11934504188797582,-0.12515209761994991,0.042880928404661484,0.48082353149675816,0.9938957924569434,0.8413767647873026,oracle_inverse,sample_0207,test,-0.15345575343729814
0.579663333126281,0.4081168547187964,0.2439907405993802,-0.5102336757174495,0.17114449343450638,0.47608113288879395,0.8867350817179778,0.4305619636430746,oracle_representation,sample_0207,test,-0.514441266033035
1.0,0.9999999999999998,0.0,0.0,0.0,0.0,0.9999999999999998,0.9999999999999998,gt,sample_0207,test,0.0
0.47661203493240806,0.31286320087953506,0.15485159948764932,0.6900079968131659,0.0970248736990318,-0.00012123584747314453,0.39258967284193924,0.6063926940639268,stage1_p1,sample_0234,test,0.5445966514459665
0.8497660717380002,0.7387767399819221,0.060379373037301336,-0.1951042127954485,0.02037563731714599,0.4538010636464904,0.9863234111021718,0.7464231354642311,oracle_inverse,sample_0234,test,-0.2432267884322679
0.5417655434266728,0.3715215622457282,0.15299560324508063,0.6947717489535769,0.08943984831499076,0.5399246215820312,0.44390433599066687,0.6949771689497715,oracle_representation,sample_0234,test,0.5656012176560121
0.9999999999999999,0.9999999999999998,0.0,0.0,0.0,0.0,0.9999999999999998,0.9999999999999998,gt,sample_0234,test,0.0
0.6054203701005391,0.43412391599623856,0.1836582043751857,-0.43809808358883223,0.12545495297747392,-3.314018249511719e-05,0.9208776595744679,0.45094421532450607,stage1_p1,sample_0240,test,-0.5103103972216193
0.9013083890829435,0.8203470201530336,0.12117581587927428,-0.123830458674312,0.04119629803282755,0.36107716204295226,0.991533150970431,0.826134143694378,oracle_inverse,sample_0240,test,-0.16681137399609292
0.7288089397656036,0.5733276157804459,0.17919944654606262,-0.44489538889529523,0.1028812043217743,0.43409109115600586,0.9791285243500547,0.5804210983286302,oracle_representation,sample_0240,test,-0.40720642500542653
1.0,0.9999999999999998,0.0,0.0,0.0,0.0,0.9999999999999998,0.9999999999999998,gt,sample_0240,test,0.0
0.6611143021252153,0.4937794937794937,0.1671423123097041,-0.3214839812247984,0.11244011119965379,-4.172325134277344e-07,0.8772865853658535,0.5304147465437787,stage1_p1,sample_0248,test,-0.3953917050691244
0.9073134047753336,0.8303509979353061,0.11221787163078535,-0.14739108062626907,0.037390014731802285,0.35354435217553615,0.9947780678851174,0.8339861751152072,oracle_inverse,sample_0248,test,-0.16163594470046083
0.7414688948181434,0.5891542066503012,0.16992559803793544,-0.3137626683107719,0.09710661435452689,0.5364139080047607,0.9492988133764831,0.608294930875576,oracle_representation,sample_0248,test,-0.35921658986175115
1.0,0.9999999999999998,0.0,0.0,0.0,0.0,0.9999999999999998,0.9999999999999998,gt,sample_0248,test,0.0
0.4898075823966469,0.32433455279424744,0.17921882891734542,-0.16021995984349258,0.11862555850378707,-0.0004590749740600586,0.5806233062330622,0.4235584843492586,stage1_p1,sample_0260,test,-0.27051070840197694
0.8771252642220383,0.7811425765264363,0.08930095728851885,-0.15028662013214544,0.03176781573334309,0.38414721152889153,0.9918935772188733,0.7861614497528829,oracle_inverse,sample_0260,test,-0.20741350906095551
0.5895880488909008,0.41802542046475794,0.180080811312305,-0.1720336310749588,0.10580994898387246,0.626146674156189,0.6544723618090451,0.5364085667215814,oracle_representation,sample_0260,test,-0.18039538714991762
0.9999999999999999,0.9999999999999999,0.0,0.0,0.0,0.0,0.9999999999999999,0.9999999999999999,gt,sample_0260,test,0.0
0.5861005692599619,0.4145277637980204,0.12931892262696826,1.3440902170334839,0.07403809160881057,-5.7220458984375e-06,0.4279528922757187,0.9296463506395783,stage1_p1,sample_0276,test,1.1723100075244546
0.857690668939071,0.7508392390898916,0.057591760422845195,-0.19899178144667126,0.01671146352340558,0.3875624136371203,0.9887033398821213,0.7573363431151239,oracle_inverse,sample_0276,test,-0.23401053423626786
0.6395200408475874,0.470069431413023,0.1353729232513536,1.3612967118721784,0.06570040941969577,0.6654872894287109,0.4839644513137557,0.942437923250564,oracle_representation,sample_0276,test,0.9473288186606471
0.9999999999999998,0.9999999999999997,0.0,0.0,0.0,0.0,0.9999999999999997,0.9999999999999997,gt,sample_0276,test,0.0
