closure_rel,depth_mm,depth_tier,energy_inv,energy_rep,energy_total,max_source_radius_mm,mean_intensity,min_intensity,min_inter_source_distance_mm,min_source_volume_mm3,num_foci,orthogonality_cos,pythagorean_rel,ratio_inv,ratio_rep,sample_id,source_type,split,total_source_volume_mm3
4.030205976949261e-17,6.2945131993710275,deep,119.28597297300071,25.189735649983408,144.4757086229838,2.7878995743012593,1.6717937182944844,1.5542674066880668,13.555810562264437,2.214915946862547,2,2.583334350889722e-16,2.188544499465729e-15,0.825647260082199,0.17435273991780317,sample_0000,uniform,train,73.56105481130683
4.0108059258968925e-17,6.988032161966966,deep,72.47233389697205,23.093096192729863,95.56543008970172,2.6854836785128473,1.3393477886868124,1.0844768965109775,6.35609943282828,7.656118790327081,2,-4.672201207093315e-16,1.9703131644956348e-15,0.7583530344492404,0.24164696555076154,sample_0003,uniform,train,58.12953366166441
3.934457153517062e-17,6.018868171608834,deep,31.90267951994554,23.022306234242006,54.924985754187425,3.4775888429877555,1.2095327383090455,1.0442042682378854,9.469952481401373,16.767911976522694,2,-1.0225082411895584e-16,2.1992225108589664e-15,0.5808409247973871,0.41915907520261503,sample_0004,uniform,train,104.22242740146272
4.7354974480814775e-17,1.3692204940800285,shallow,115.37744196803435,42.22833208681581,157.60577405484986,3.7773585052856427,1.7679958479178506,1.7679958479178506,nan,117.96783906985105,1,1.7977052466647204e-16,1.893508983467721e-15,0.7320635469096505,0.26793645309035147,sample_0005,uniform,train,117.96783906985105
4.8815941096556836e-17,4.963184659791062,medium,39.4342909171629,21.363583896570677,60.797874813733465,4.143955374442238,1.111476769377866,1.111476769377866,nan,145.88895291536218,1,3.3568564599659163e-16,1.811479831823622e-15,0.6486129825750948,0.351387017424907,sample_0007,uniform,train,145.88895291536218
3.393552725559792e-17,5.533895532207659,medium,37.19268885737134,17.075869957082094,54.268558814453364,2.3472467041172456,1.4900834253518758,1.4900834253518758,nan,54.170746828445886,1,4.208140726222187e-16,1.2438428690911137e-15,0.6853450629587347,0.31465493704126657,sample_0009,uniform,train,54.170746828445886
4.242532316685955e-17,1.4437455817265612,shallow,74.91230453589625,35.403403183026334,110.3157077189224,3.3026289222636267,1.3452745260473407,1.0291646753910442,11.256997823576231,19.456763285693587,3,1.5921112333408544e-16,1.7390681945679048e-15,0.6790719661316789,0.32092803386832286,sample_0010,uniform,train,142.5852450939853
4.0012864143106385e-17,4.801806487675275,medium,18.12402907221094,5.459937015030359,23.583966087241254,2.017502784622293,0.9814545713995322,0.9814545713995322,nan,34.39782936337285,1,5.057638531640595e-16,1.9583337956626555e-15,0.7684894476682572,0.23151055233174472,sample_0011,uniform,train,34.39782936337285
3.654424404607361e-17,6.367471963979263,deep,20.16615263073208,16.32698289298937,36.49313552372137,3.8642835252305865,1.0017454425864645,0.8714674237981017,17.804493814764854,37.62701550668081,2,1.0509154272209598e-16,2.1417644664379533e-15,0.5526012588757582,0.447398741124244,sample_0012,uniform,train,125.43925285582273
4.8108745764861154e-17,2.715465682584263,shallow,67.27234668518192,32.6465521044356,99.91889878961729,3.7896144293029512,1.7364134642602815,1.7364134642602815,nan,83.76551386826985,1,3.711629928672605e-16,2.2755822792040095e-15,0.6732694965626691,0.3267305034373332,sample_0015,uniform,train,83.76551386826985
4.063159117003906e-17,3.2615742514741832,shallow,134.16645831367188,44.217128566017244,178.38358687968858,3.9303226183521867,1.4793044162715445,1.29012816791592,8.01498596380555,21.06540219802919,3,6.383796764628719e-17,3.0670865863028232e-15,0.7521233352268049,0.2478766647731982,sample_0016,uniform,train,180.30069797850422
4.1489439656272663e-17,7.762474047970137,deep,60.769008528681645,11.54380053417938,72.31280906286091,3.438657679539851,0.9547328534087303,0.610050134441408,9.43610088966836,28.579335523652247,2,-1.2695564412247078e-16,1.6458482222196247e-15,0.8403629912351444,0.1596370087648573,sample_0017,uniform,train,130.98328168195627
3.310657498908061e-17,2.658956394574608,shallow,8.617961716025423,6.653266534549894,15.271228250575293,2.288618465827984,0.8526447037235229,0.8493926328757522,12.989226304903616,8.85341110887942,2,4.439844732768471e-16,1.570326691371402e-15,0.5643266916464804,0.4356733083535212,sample_0018,uniform,train,59.06555937465781
4.438430501575172e-17,7.187414033788291,deep,58.010241675126174,21.01933345500383,79.02957513012988,4.135771086356568,1.3413226564563132,0.9782692382705136,6.2257529665093525,6.13968284098253,3,7.44748233573836e-17,1.5284438120832716e-15,0.7340320579935634,0.26596794200643814,sample_0019,uniform,train,167.91924208538776
4.3166584413583205e-17,6.531227395103202,deep,45.78825092592867,25.50082603685079,71.2890769627793,3.3511983678685495,1.182126298235702,0.8590742359906143,3.8522720568516458,16.46131798792173,3,3.272733821680395e-16,2.1927539046246577e-15,0.6422898552864578,0.3577101447135444,sample_0020,uniform,train,127.04421496390975
4.15564737294815e-17,1.6988164101858438,shallow,64.62051324905744,12.345522034006203,76.96603528306343,2.857659626038889,1.02727080152167,0.6034458075842751,8.946507698538017,6.368368637167247,3,-2.320687417785292e-16,2.7003307295934425e-15,0.8395977915634865,0.16040220843651623,sample_0021,uniform,train,114.43826917331324
4.2230878694824585e-17,5.8345680808836065,medium,28.972582303909398,13.49879247110369,42.47137477501298,2.5117333992199566,1.647192857238501,1.647192857238501,nan,29.81848076151387,1,-4.715683315673948e-16,2.4676633162878996e-15,0.6821672822551231,0.3178327177448793,sample_0023,uniform,train,29.81848076151387
4.7362988357345377e-17,6.701006206822599,deep,75.9563154643409,23.283576348470373,99.23989181281121,2.4702938736308546,1.3621876679670233,0.7710795496402385,10.256705123966467,20.33034480054804,3,8.550818428759431e-17,6.80185746519481e-16,0.7653808773553645,0.2346191226446361,sample_0024,uniform,train,88.6478481784837
4.3709802749804285e-17,2.0892397956978095,shallow,132.77207580218283,17.010201196553815,149.7822769987366,2.209142534975026,1.6472113022693389,1.6472113022693389,nan,45.16061237692469,1,4.559669490427108e-16,3.3206860317410284e-16,0.8864338188910211,0.11356618110897924,sample_0025,uniform,train,45.16061237692469
4.809725759707792e-17,1.578435545712379,shallow,60.057494407778975,21.596945478512268,81.65443988629116,3.859725600338593,1.2454917726948143,1.2454917726948143,nan,128.63565860179725,1,-1.8000559170669627e-16,1.0442191313779014e-15,0.7355080077876076,0.26449199221239345,sample_0027,uniform,train,128.63565860179725
3.923373618582225e-17,3.791815499217247,medium,18.866847095842846,11.160538627581843,30.027385723424644,2.2593831679941685,1.3263217112715358,1.3263217112715358,nan,48.3123626235218,1,3.154504497175325e-16,1.5381051900358061e-15,0.6283213353843403,0.37167866461566124,sample_0028,uniform,train,48.3123626235218
3.3286875648876714e-17,7.489405148535959,deep,26.29639145218719,17.550658726131434,43.84705017831858,2.1129283382040187,1.668771763188806,1.668771763188806,nan,39.513264605342655,1,9.350206954758135e-16,9.72301761970909e-16,0.5997300011116868,0.40026999888831416,sample_0030,uniform,train,39.513264605342655
3.961460056122603e-17,3.3670457902589606,shallow,31.87495451230869,15.9397109615508,47.81466547385943,4.330629664937051,0.9599928611714778,0.9297014119697908,3.852272056851646,16.65881485414783,2,2.8742610042867163e-16,1.3002807561834526e-15,0.6666355227296304,0.3333644772703709,sample_0031,uniform,train,190.83997760601363
4.721186076567369e-17,5.821360095246357,medium,42.168882704872175,11.573834207628263,53.742716912500434,2.2062995322736856,1.6830868293341559,1.6830868293341559,nan,24.3001740949766,1,8.622147873683111e-16,6.610595598627333e-17,0.7846436713188162,0.21535632868118387,sample_0033,uniform,train,24.3001740949766
4.3600043751163915e-17,8.356038072139015,deep,42.07624037275065,6.623976280419279,48.700216653169846,2.413850245353991,1.298331774107433,1.298331774107433,nan,21.67911554966706,1,-2.017393872577803e-16,1.6231525193464618e-15,0.8639846650458781,0.13601533495412346,sample_0034,uniform,train,21.67911554966706
4.158974288412385e-17,3.6389137991677556,medium,64.93859274331422,22.542967413328544,87.48156015664262,2.3430302906088047,1.545473983405464,1.543783723201766,9.775479527879948,21.87146896035594,2,-4.938985826417458e-17,1.6650510184089377e-15,0.7423117812146532,0.2576882187853484,sample_0035,uniform,train,47.33512401160063
3.307483764970908e-17,5.524649949547486,medium,14.86943471789335,15.15914190397829,30.028576621871583,3.0820917458964394,0.9499073753149323,0.6375463156673958,10.121264743103994,31.09504702763255,2,1.8860289667874787e-16,1.8929774653190054e-15,0.4951761418842298,0.504823858115772,sample_0036,uniform,train,92.35949958813607
3.783366709890602e-17,7.7474564079393495,deep,33.297597803975805,11.15266953319152,44.45026733716726,3.0709899399673386,1.4239404782887437,1.4239404782887437,nan,45.83815906543804,1,-6.271597531245335e-16,1.438660553677659e-15,0.7490978074755895,0.250902192524412,sample_0037,uniform,train,45.83815906543804
4.113055125065585e-17,7.447290685105758,deep,37.72934518984097,10.963676473063437,48.69302166290431,2.830770162541484,0.911188540134278,0.821963329400603,6.6603303221386865,40.15242261732771,2,-1.593078977978103e-16,2.0429207227079437e-15,0.7748409094641221,0.22515909053587999,sample_0040,uniform,train,90.8582542017384
4.582290676281042e-17,3.051894108199775,shallow,148.7262292224545,35.681036670279695,184.40726589273382,3.0721511188492783,1.1548083245623442,0.7505498794278714,8.27768083462995,18.58766460063392,3,6.906882025518609e-16,2.0036207402487754e-15,0.8065095944156869,0.19349040558431507,sample_0041,uniform,train,141.7566399310288
4.1044909686011556e-17,3.0641251588414278,shallow,31.62619420942376,4.930718143213531,36.556912352637276,3.0236723646419357,0.7904817737936445,0.7904817737936445,nan,66.53595426819295,1,2.3016643775163943e-16,3.6443658498803055e-16,0.8651221389911009,0.13487786100889948,sample_0042,uniform,train,66.53595426819295
5.371887983680724e-17,3.5376291386511993,medium,31.98765441270846,14.912561849166144,46.900216261874526,1.6273212237034471,1.4226576753404092,1.0865780621545702,7.475292636412303,14.666619766428989,2,-3.441981603977799e-16,1.6286352213753706e-15,0.6820363947598983,0.31796360524010325,sample_0043,uniform,train,32.717919398100534
5.043244458766516e-17,3.8464399406405443,medium,27.98361525197315,8.082069105691485,36.065684357664594,2.0028159718381335,0.9524318094572093,0.7989165938781008,5.015974481593782,13.869599695805766,2,4.111932590504457e-16,1.0835743494910378e-15,0.7759069528380137,0.22409304716198744,sample_0044,uniform,train,47.5216669056947
3.755829448021676e-17,7.634091627920272,deep,152.45653230258992,33.806074470081285,186.2626067726709,3.284195133994841,1.3866363310287615,1.1537171197059852,4.223742416388576,46.18302145089097,2,-5.647738429280414e-17,1.6784839917762579e-15,0.8185031603721702,0.18149683962783147,sample_0045,uniform,train,134.65245845348906
4.202929157279541e-17,7.698386198800989,deep,45.556766933997544,19.999389661496625,65.55615659549403,3.1393105134498804,1.5841108320843924,1.5841108320843924,nan,83.46089572079178,1,2.8772345859281457e-16,2.1135441836250526e-15,0.6949273615154075,0.30507263848459465,sample_0046,uniform,train,83.46089572079178
4.418223171140335e-17,6.383536544482844,deep,53.74481065513789,26.150335130798688,79.89514578593645,3.473155831514609,1.0273391463429438,0.8952111037829644,7.456540752922901,6.267440088952275,3,1.4593989548312921e-16,1.6008193135975382e-15,0.6726918153342718,0.32730818466572975,sample_0048,uniform,train,142.10999307082392
4.237905739848849e-17,2.045795020944956,shallow,59.05423234561583,26.10603773350595,85.16027007912157,4.356343233049867,1.3788306083825062,1.3788306083825062,nan,129.60696428765078,1,-6.629799176100453e-16,2.419642318876903e-15,0.6934481571130425,0.3065518428869599,sample_0049,uniform,train,129.60696428765078
4.5851671460355144e-17,5.2088681930724565,medium,80.6752737815844,33.38642539503508,114.06169917661936,3.627117384720794,1.129280286827036,0.8464159454678726,5.7445626465380295,12.577945896476754,3,5.038286237153798e-16,1.0590081153549684e-15,0.707295037369752,0.2927049626302491,sample_0050,uniform,train,125.26650717653008
3.5816894606189894e-17,6.533502585767204,deep,27.662496073015113,18.891525888177565,46.554021961192575,2.6900753554410484,1.508150352386991,1.508150352386991,nan,59.01757981687786,1,4.537090943685227e-16,2.2130997998647514e-15,0.5942020669250567,0.40579793307494544,sample_0051,uniform,train,59.01757981687786
3.486234611780408e-17,2.059840628006734,shallow,10.805746190879546,5.186261106618925,15.992007297498441,3.7108123428319875,0.6770042701340069,0.6770042701340069,nan,97.05877187378395,1,4.000145922061773e-16,1.8883224418318023e-15,0.6756966770875499,0.32430332291245195,sample_0052,uniform,train,97.05877187378395
4.517392790424369e-17,1.497461021308255,shallow,59.14142381374676,18.881949449445816,78.02337326319237,3.119884465222812,1.1654707673829887,1.1457306647703063,8.560373823613078,34.60507290702488,2,7.558933169276572e-17,2.6865040344021297e-15,0.7579962431802062,0.24200375681979647,sample_0053,uniform,train,98.33013208146917
3.733118367764939e-17,7.062275383732256,deep,89.30270252667127,38.04415755093429,127.34686007760537,2.902540823155601,1.389281561705186,1.1723965880848033,10.950799057603056,20.571858545071482,3,3.8242452922783004e-16,1.4506923153428718e-15,0.7012556294850935,0.29874437051490804,sample_0054,uniform,train,121.23185020824772
3.9317858782210825e-17,3.962586845674071,medium,7.839005287472424,4.588671517929049,12.427676805401465,2.226475080869227,0.9552356481382409,0.9552356481382409,nan,28.68284208821794,1,7.115733022660871e-17,6.43209982241158e-16,0.6307699669229684,0.3692300330770322,sample_0055,uniform,train,28.68284208821794
4.2362683549971305e-17,5.014422050881622,medium,61.24099893751644,24.302417667922942,85.54341660543913,3.974943730825666,1.3137940045313106,0.9110337352411401,8.260750571225353,22.182734233650905,2,7.879963685283043e-17,2.865647101376682e-15,0.7159054590955224,0.2840945409044805,sample_0056,uniform,train,148.9073682294376
4.2669012585273544e-17,4.896396736062358,medium,35.132398431091225,7.808514797373034,42.94091322846424,2.027838825289569,0.9831616031119987,0.8340698874199405,14.612323566086266,5.6606817355366585,2,-2.3503303805911016e-17,4.550421442935295e-16,0.8181567598288295,0.18184324017117093,sample_0057,uniform,train,40.589903610918334
4.35553370105522e-17,4.454943903305539,medium,260.5450682087001,35.062388969988476,295.60745717868804,3.577214465305429,1.384517056442107,0.8616483600104707,3.867815921162744,11.429362020728526,3,7.989469668353518e-17,1.8748624922471513e-15,0.8813886858449802,0.11861131415502164,sample_0058,uniform,train,87.23907566881007
4.658508939234533e-17,2.4522767129378664,shallow,47.430049950463676,10.075337039581983,57.50538699004567,2.0290860882643726,1.1741806715121093,1.092996627722994,3.9293765408776973,15.701990351027769,2,4.891225094179919e-16,2.1623187890126183e-16,0.8247931617028147,0.17520683829718509,sample_0059,uniform,train,39.20203169384809
4.0688338291827033e-17,4.990263852927802,medium,13.444678509334683,11.431876491313911,24.87655500064854,3.809769798372352,0.8984563509211947,0.8764922602897118,10.316976301223145,12.53306655390198,2,-2.714535775092002e-17,2.142205991971887e-15,0.5404558030235366,0.45954419697646554,sample_0061,uniform,train,114.49610365686371
4.192414366486525e-17,4.99721202002271,medium,58.032276191927984,12.546804764602093,70.57908095652996,2.3604158109296223,1.1079089853326614,0.988441467937724,13.518875692896948,25.142242768570352,2,3.0974779394197325e-16,1.6107724297463772e-15,0.822230544878735,0.17776945512126657,sample_0062,uniform,train,57.126144819540656
4.1852209761740656e-17,2.2505145279256418,shallow,43.9369367401198,21.36976849036673,65.30670523048639,2.276477152120593,1.1956340849025315,0.746317114908023,4.16653333119993,3.5423599399108987,3,3.533975262986865e-16,2.1760177098274606e-15,0.6727783400655959,0.32722165993440633,sample_0063,uniform,train,70.50830556646241
3.731263680448343e-17,4.4442702264779035,medium,29.95204083525314,8.179280837553986,38.13132167280705,4.166893477930959,0.7492324028134638,0.7492324028134638,nan,148.50393752212497,1,9.12167562700305e-17,2.0497506381833544e-15,0.7854970538986883,0.2145029461013137,sample_0064,uniform,train,148.50393752212497
4.127484584719977e-17,7.540115734039368,deep,47.68140953625502,13.265092350310432,60.94650188656532,3.5914016094342913,0.8235295423928557,0.7830594001086603,10.13903348450926,54.38678159029257,2,2.365795002513964e-16,2.098523926358619e-15,0.7823485854036459,0.21765141459635617,sample_0065,uniform,train,149.33889517690665
3.410922243377084e-17,6.00854608771258,deep,23.827256353650768,19.610105764208175,43.437362117858804,3.373618897656567,1.0514395011097282,0.7897325999325743,14.226735395022994,2.5779558001970773,2,-1.965687161290975e-16,3.189784708778478e-15,0.5485428946859194,0.4514571053140838,sample_0066,uniform,train,89.67810359499589
4.999938442096726e-17,6.023137976405052,deep,52.08644940578556,22.389088018900452,74.4755374246859,2.126754786312591,1.5450728244825294,1.2069100020402073,6.749814812274483,6.273588425672867,3,-4.069727831976027e-18,1.5264990579837431e-15,0.6993766168986492,0.30062338310135234,sample_0067,uniform,train,53.38549824808583
4.1852496323807976e-17,8.225059755418624,deep,26.712789592003215,9.390887850989255,36.10367744299242,3.282379470939995,0.8879261474037227,0.7783306807242816,4.237924020083418,2.33339386147218,3,3.5216558424013756e-17,1.3776433600633377e-15,0.739891099298198,0.2601089007018034,sample_0068,uniform,train,99.03852381063521
4.2051423534604066e-17,1.8807699676555734,shallow,31.358994218536004,6.283668829533452,37.64266304806945,2.3564754162847685,1.0049778126241433,1.0049778126241433,nan,54.81221460576498,1,4.574094576152588e-17,1.4156996574327276e-16,0.8330705555685781,0.16692944443142202,sample_0069,uniform,train,54.81221460576498
4.4347206144999094e-17,5.80318349579797,medium,9.458206862284623,1.757313338110608,11.215520200395222,2.034738117667308,0.7118273261464629,0.7118273261464629,nan,16.144926022617987,1,5.3676437657455365e-17,8.117170349000375e-16,0.8433141480099449,0.1566858519900559,sample_0070,uniform,train,16.144926022617987
4.426298789023551e-17,7.826304435471986,deep,76.572663836322,3.8991925366363054,80.47185637295819,1.7758718390445105,0.7653061954989928,0.7036402993609294,11.745637488020819,13.71940582592817,2,1.4828414080053768e-16,1.4017156355774196e-15,0.9515458855756374,0.04845411442436405,sample_0071,uniform,train,29.60860350929552
4.174319914774347e-17,7.618702098489152,deep,56.47676199618677,30.92775601424442,87.40451801043092,3.1746497228008326,1.689861098807167,1.689861098807167,nan,93.67137759287782,1,3.823530199561382e-16,3.048509756420587e-15,0.646153806253434,0.353846193746569,sample_0072,uniform,train,93.67137759287782
4.1157301257197116e-17,3.8487953298883726,medium,39.23817645735031,19.44864191852758,58.68681837587782,2.219432060383623,1.317194750202508,1.1029753953467112,9.208691546577072,6.614516206798079,3,8.088361586063457e-17,1.2712733339362014e-15,0.668602891471085,0.3313971085289163,sample_0073,uniform,train,61.54332125795615
5.710635974640404e-17,8.225204414497155,deep,37.60809426976871,14.962618549245152,52.5707128190138,3.8810621607469433,1.0092129869782138,1.0092129869782138,nan,121.71248949726703,1,4.543149061201344e-16,1.2502246884892485e-15,0.7153810982027735,0.28461890179722776,sample_0074,uniform,train,121.71248949726703
4.385089944931823e-17,7.677935280865308,deep,34.59184687867002,2.6358016902992967,37.227648568969244,3.006391590448426,0.6000672344338032,0.6000672344338032,nan,46.920636590756516,1,-9.012747426783404e-17,1.9325005677548246e-15,0.9291977390026113,0.07080226099739065,sample_0075,uniform,train,46.920636590756516
4.748375694893631e-17,3.7384455425829026,medium,34.06478301498798,17.07369365768085,51.138476672668745,3.913071739989606,1.1695597411181746,1.1695597411181746,nan,126.69669340232632,1,2.0653405213713578e-16,1.6673380561760547e-15,0.6661282312539846,0.3338717687460171,sample_0076,uniform,train,126.69669340232632
4.560400086824203e-17,8.061790004104244,deep,90.97802846550945,18.185962649229122,109.16399111473848,3.6159739213718014,1.3788943965173353,0.9808424893573511,4.42718872423573,4.997039499754906,3,-1.3876918722206166e-16,8.787079727306041e-16,0.833406946159431,0.1665930538405699,sample_0077,uniform,train,86.28031534433012
4.516166382381779e-17,5.032675414016897,medium,68.6573923185985,23.597454981392804,92.25484729999114,2.2502034072781107,1.313546714515792,0.8421955974303809,7.967433714816836,2.6237337121688076,3,-2.1596608594636263e-16,1.7329400050509639e-15,0.7442144703284885,0.2557855296715132,sample_0078,uniform,train,64.53781957274195
3.805795173284148e-17,6.875460954268881,deep,15.711245155717156,13.285507661841706,28.99675281755879,3.3902778454819256,0.9142656709304426,0.7701718226024844,9.340235543068495,13.73470049303544,2,-2.8632358878580275e-17,2.5116822864147796e-15,0.5418277437673407,0.4581722562326619,sample_0080,uniform,train,102.0470975339941
4.087884092168414e-17,4.7197640923511,medium,49.0842147108564,27.455297735307823,76.53951244616417,2.3090684834877857,1.4548741701101895,1.2220834900220916,3.352610922848043,12.688617855270317,3,2.030884285878424e-16,7.42667637199677e-16,0.6412924924937419,0.3587075075062588,sample_0081,uniform,train,68.1625086917101
4.501715284032031e-17,4.5184085771493745,medium,85.52448695827235,27.03320604681882,112.55769300509093,3.4554699306974435,1.0573185713536282,0.79969875225302,7.704544113703289,32.7162085130607,3,2.1891368394726243e-16,2.146317356979832e-15,0.7598280017555452,0.24017199824445692,sample_0082,uniform,train,152.87381211051448
4.7259209257460567e-17,2.9913935939709972,shallow,187.0363781888214,63.64084102127449,250.6772192100952,3.7950612400537334,1.2536288207552297,0.7252445110856491,14.415269681833916,33.249166028218845,3,-4.4370834376474146e-16,2.806147725026984e-15,0.746124353773305,0.2538756462266978,sample_0083,uniform,train,262.96092986773414
4.5949981071233035e-17,5.901376811325256,medium,155.8211737415507,54.84404128489141,210.66521502644176,3.4640236817016383,1.4109962312712494,0.8112386763892452,3.9496835316263006,26.976667729645055,3,2.6561742034975236e-16,1.6526978147709333e-15,0.7396625670830028,0.2603374329169988,sample_0084,uniform,train,186.15364078060855
3.282818016086519e-17,7.3477839645838,deep,29.468062414795373,14.5509250878383,44.01898750263365,2.115483338260484,1.595571712577292,1.595571712577292,nan,39.656778967943566,1,-1.4072388867904717e-16,5.246063170085778e-16,0.6694398051075642,0.3305601948924364,sample_0085,uniform,train,39.656778967943566
4.13724895052932e-17,3.1449021548492353,shallow,32.28587663486508,10.841855350655464,43.127731985520484,2.2161549259855833,1.6269055972632032,1.6269055972632032,nan,23.616647020535996,1,-1.5390917441839504e-16,1.4827778618147349e-15,0.7486105841527814,0.2513894158472201,sample_0087,uniform,train,23.616647020535996
4.5442482304159415e-17,5.86884328110318,medium,105.68836079936727,45.47633488111769,151.16469568048458,3.5685279215757717,1.6675908172530343,1.5637106523470277,9.734474818910368,29.526068053577223,2,8.687248623544887e-17,2.491240750742772e-15,0.6991603451030641,0.3008396548969383,sample_0088,uniform,train,110.69958991496246
4.228021897050622e-17,5.297680206403777,medium,50.75546886965458,32.06824839371761,82.82371726337198,3.6180586779281985,1.1772118908929796,0.9937988073293927,11.822013364905319,33.87533874853349,3,-3.4383223779555453e-16,2.573692992433453e-15,0.6128132200134987,0.3871867799865039,sample_0089,uniform,train,200.91421394969134
4.95521258221378e-17,5.794827238018232,medium,85.75039624117908,30.18988962894187,115.94028587012072,2.8558154323220712,1.3591091360825633,1.127617316953555,7.05691150575094,2.354541518428041,3,1.9507869797110058e-16,1.9611274350137613e-15,0.7396082871249676,0.2603917128750343,sample_0090,uniform,train,90.3270987853681
4.401961292327771e-17,5.330977172707914,medium,24.357158510137417,3.3601375995642937,27.717296109701657,2.549414643191639,0.7213269651418257,0.7213269651418257,nan,35.27761789058924,1,2.0982313962200845e-16,1.9386737501083024e-15,0.8787710898543196,0.12122891014568236,sample_0091,uniform,train,35.27761789058924
4.4369140474451906e-17,3.540153905201178,medium,31.74719412848232,3.5644382494260376,35.31163237790831,1.7165425218729817,0.9209752213858768,0.7671699521349707,19.853463173965395,2.250540177281731,2,1.6773418685277057e-16,1.3456626684776166e-15,0.8990576756328044,0.10094232436719702,sample_0092,uniform,train,23.436703103285595
4.079196604456055e-17,5.656268689785156,medium,29.95917391790451,14.607682281286955,44.56685619919137,3.3336766773463102,0.8767893507042271,0.8517293770010734,12.59523719506703,57.166075966080264,2,-9.460032404219826e-17,2.152345431297305e-15,0.6722299141766275,0.3277700858233747,sample_0093,uniform,train,144.78764287445023
4.3287258467713056e-17,5.7391000674553645,medium,85.84524166032249,24.44608949290499,110.29133115322726,2.5296654447724367,1.3984450411092637,1.3515315398157357,6.791170738539856,37.020998033492326,2,-1.3928480100024712e-16,1.9327250700409437e-15,0.7783498554483677,0.2216501445516343,sample_0094,uniform,train,79.88833311526412
4.7197484678576e-17,3.644913128822159,medium,51.33590599932288,18.723312780440605,70.05921877976338,2.8596993418122043,1.1949547239797065,0.6950703102758575,11.677328461596,3.3366471183706294,3,1.0819014126151391e-16,1.4705944268247304e-15,0.7327501918156025,0.2672498081843989,sample_0095,uniform,train,88.23599682296631
3.5442401864734776e-17,2.8911590294591534,shallow,47.267305171123816,29.255463147318203,76.52276831844188,2.9714772139845684,1.184247255105998,0.8686340827949638,6.884765791223404,29.310055779307387,3,-2.073175327088992e-17,1.8570753551498487e-15,0.6176894303460851,0.3823105696539167,sample_0097,uniform,train,132.33685575205388
4.449005068057106e-17,8.355885491750524,deep,62.69562859623819,17.053502752731386,79.7491313489695,1.9277637726061114,1.2466521031910585,0.6170581750625752,7.426977851050859,16.01035074741846,3,3.530822738101308e-16,9.355210018318848e-16,0.7861606457115138,0.21383935428848716,sample_0098,uniform,train,62.22945175492572
4.489530237264339e-17,5.493964620168004,medium,27.96839013196132,14.473628687811681,42.442018819772855,2.8971827599923583,1.1546483826764735,1.0021043212781877,6.23858958419289,3.6051828735638467,3,-1.0492292946742592e-15,3.4738596742135334e-15,0.6589787882317094,0.3410212117682941,sample_0099,uniform,train,59.86414412739378
4.5776411775622095e-17,6.5477692744808405,deep,54.26171744388826,15.91162343323121,70.1733408771194,3.8973187332110646,1.0409023860251896,0.9016485911241583,6.257795138864805,10.43562597647806,3,2.632984759280817e-16,9.619259829086883e-16,0.7732525880292062,0.22674741197079482,sample_0103,uniform,train,136.24612141977343
4.075269066985943e-17,6.368076658918203,deep,53.18308777694442,26.10422234330033,79.28731012024456,4.237130852043502,0.9117401779084136,0.6140903590431225,7.54188305398592,119.67181797566018,2,8.079772350289463e-17,2.4196373715324535e-15,0.6707641827713499,0.3292358172286525,sample_0104,uniform,train,259.78115325089084
4.078832516270734e-17,5.147910183891296,medium,39.678960002115886,11.604005082505433,51.28296508462122,2.283952685250112,0.9370898710038921,0.7366613565632811,4.979959839195493,10.698398803749015,3,4.967036682514149e-17,1.9743854451227493e-15,0.7737259329027145,0.22627406709728748,sample_0105,uniform,train,58.42276369484317
3.154619557612604e-17,2.229567825936331,shallow,16.078889864457608,10.309786253342011,26.38867611779959,1.9521277422817527,1.4053957213576727,1.4053957213576727,nan,31.16113798634107,1,6.419394786187314e-16,1.0770418835537226e-15,0.6093102129368337,0.3906897870631673,sample_0106,uniform,train,31.16113798634107
5.0003481318800055e-17,5.9258954849438,medium,86.68378312700914,44.45798557884271,131.14176870585163,3.371494442713032,1.502722840557811,1.1618405274242245,10.948972554536798,14.019443873619785,3,4.154827620427037e-16,1.6254380494604278e-15,0.6609929390340855,0.3390070609659161,sample_0107,uniform,train,135.46282686617423
4.132300750302469e-17,3.88337280075933,medium,115.51174340543997,31.307575404901158,146.8193188103409,3.3303229248596855,1.6256293337271999,1.5493532094531868,14.8,6.952769567407973,2,4.0563551495976626e-16,1.6454546453148276e-15,0.7867611996937297,0.21323880030627196,sample_0109,uniform,train,92.83404912791694
3.9748949881426974e-17,4.517139227921771,medium,24.19968150729969,17.345824102551095,41.54550560985072,3.3424731874763203,0.8918084397134378,0.6697467185850826,11.412274094149685,70.96153678273734,2,4.507407797736175e-17,1.539248235872867e-15,0.5824861474681821,0.41751385253181955,sample_0110,uniform,train,153.61097549866338
4.276782344223592e-17,2.672287080922406,shallow,55.77516891316033,27.28961965813251,83.06478857129274,3.228585174599039,1.199352654481858,0.8632335406807485,9.20434679920308,5.6867300380472505,3,2.0154283929499752e-16,1.1975710131500053e-15,0.671465850602746,0.3285341493972552,sample_0111,uniform,train,109.78034290168831
4.2275772675563974e-17,4.789680477177096,medium,97.3255568602807,21.09494633968446,118.42050319996493,2.8573713443686253,1.6581856554571321,1.6581856554571321,nan,63.038924193937994,1,2.8167571198435654e-16,1.950054111255465e-15,0.8218640710885742,0.1781359289114278,sample_0112,uniform,train,63.038924193937994
4.1649311045394284e-17,2.390236795117129,shallow,63.895721524215936,29.063274485325643,92.95899600954138,3.4451067860342777,1.5312051714159445,1.443042092515768,7.8204859184068605,8.665430391954418,2,7.682757102968062e-17,2.140212077940337e-15,0.6873538255260161,0.312646174473986,sample_0114,uniform,train,81.38480365734195
4.482516933912985e-17,2.418061405038312,shallow,53.73525647693482,26.06597055174119,79.80122702867587,4.187228399188181,1.065370408243434,0.8501325127797147,6.529931086925803,16.25268441846945,3,-1.0916701498196484e-16,1.8253010167184326e-15,0.6733637874719085,0.3266362125280933,sample_0115,uniform,train,220.71362555866415
4.1946876866169735e-17,6.337542945564269,deep,86.18915460310606,14.022789399348266,100.21194400245419,2.587774860953865,1.0795869189198117,0.6489761216188522,8.354639429682171,21.687347146434277,2,2.538950668482707e-16,1.3826279377418954e-15,0.8600686820424848,0.1399313179575166,sample_0116,uniform,train,52.31887934306579
4.5157746490682715e-17,3.2694448998024077,shallow,56.8167498634588,6.053916859483446,62.87066672294208,2.438698468566704,1.1300671354645395,1.1300671354645395,nan,25.88662669831987,1,-6.442779672057336e-18,2.6417624170560272e-15,0.9037084036954526,0.09629159630455003,sample_0117,uniform,train,25.88662669831987
4.345367445180781e-17,5.107285238161908,medium,32.62419540010044,22.506148467239704,55.13034386734,2.95871288519065,1.626280305858634,1.626280305858634,nan,57.81438033970355,1,-7.869579603343011e-16,2.5776829452392942e-15,0.5917647725652493,0.4082352274347533,sample_0118,uniform,train,57.81438033970355
4.4699820181404044e-17,7.926241050217346,deep,57.234789206478276,31.844617749590093,89.07940695606818,3.603554657528919,1.0802618819593655,0.6224073920261962,3.903844259188626,7.090780268679885,3,5.7595842889273115e-16,2.073892469768416e-15,0.6425142596055348,0.3574857403944673,sample_0119,uniform,train,103.05640119274314
4.280196567350973e-17,5.018645940497093,medium,81.28769513136956,27.244097185423843,108.53179231679306,3.9831781316474304,1.3930203564520065,1.3930203564520065,nan,140.3236406269066,1,-3.658918014510219e-16,3.1752283776698193e-15,0.7489758843574535,0.2510241156425497,sample_0120,uniform,train,140.3236406269066
4.3247591546797714e-17,2.351598817875199,shallow,20.09191895902599,1.7668500493926784,21.85876900841867,1.7127626905154747,0.8351058674315299,0.8351058674315299,nan,10.523572676991737,1,5.2472568710599385e-17,7.110703415533567e-17,0.9191697369274456,0.08083026307255432,sample_0121,uniform,train,10.523572676991737
4.20327710149867e-17,6.80226928219492,deep,44.511104249686156,16.352584037257678,60.863688286943734,2.2170261857317755,1.2740778502227588,0.9720854428171156,3.8832975677895205,5.330295551829235,3,1.2298911962716475e-16,1.6344060934564372e-15,0.7313244645943437,0.2686755354056579,sample_0123,uniform,train,69.96826411484463
3.778069943590495e-17,3.977827138066336,medium,36.176737471670315,20.189356138668064,56.36609361033832,2.4694260159523895,1.1581349876899378,0.755912039299602,8.968834929911468,37.0248251008862,2,-3.3873071907442556e-17,1.0714975736500397e-15,0.6418173613690874,0.3581826386309137,sample_0124,uniform,train,85.74269808141301
4.57748302166893e-17,7.578065518885491,deep,92.38579384835977,21.902645005817444,114.28843885417702,2.309358743684066,1.2094069843134454,0.6025840504778388,5.249761899362675,6.801259715173834,3,1.7915406206703852e-16,1.7097026986547739e-15,0.8083564249769543,0.19164357502304744,sample_0125,uniform,train,51.90643359180151
4.387170344034614e-17,4.915084985472241,medium,94.07923293343792,12.427148017731783,106.50638095116955,1.7401027723397382,1.1746819711833871,0.6079754105614479,3.206243908376278,7.228540168426008,3,-1.338786039832056e-16,1.4843782813266855e-15,0.8833201550296864,0.1166798449703151,sample_0126,uniform,train,40.8916456588973
3.8368087069439096e-17,6.422593118060798,deep,25.799389973385935,16.651669995624484,42.451059969010316,4.212214307066245,1.249526499625802,1.249526499625802,nan,136.52325126011968,1,-4.1223197262479853e-17,2.4269993908379784e-15,0.6077443058481871,0.3922556941518154,sample_0127,uniform,train,136.52325126011968
4.810026161498091e-17,3.5028937084186347,medium,22.003767663573605,13.882190613771739,35.88595827734528,3.167720569517868,1.150114026501027,1.0009340951374297,13.05679899515957,9.25129999516322,2,-3.5399802574134016e-16,1.7325018576488205e-15,0.6131581465239715,0.3868418534760303,sample_0129,uniform,train,100.08638028953808
4.368966744339212e-17,7.849815208182191,deep,53.63282966907263,7.808138528896501,61.44096819796908,2.351123796112107,1.033145189049071,1.033145189049071,nan,54.439621937356456,1,1.254578097085613e-16,8.384364676126647e-16,0.8729164146024224,0.12708358539757839,sample_0132,uniform,train,54.439621937356456
4.663244031139482e-17,5.092323034461756,medium,167.9813258431656,53.94127247007276,221.92259831323784,3.5151773826415504,1.477367198664933,1.2437758302322348,5.2,87.30522771054156,2,1.039054537154078e-16,2.3052666724151066e-15,0.7569365495895304,0.2430634504104719,sample_0133,uniform,train,177.9337882579587
4.417353751059948e-17,5.251618890156374,medium,101.51606668856931,12.699108805889825,114.21517549445903,1.9130830336582378,1.6328511236788645,1.6328511236788645,nan,29.32851472806939,1,1.7518135594305937e-16,9.020578591170908e-16,0.8888141724520153,0.11118582754798553,sample_0134,uniform,train,29.32851472806939
4.5804094797852805e-17,4.251125777163628,medium,181.1005364614415,60.8160007398192,241.91653720126,4.0704692428249905,1.4674685486084222,1.319468582451925,7.258098924649622,24.383898687154996,3,-4.1492213170882744e-16,2.8196543908125326e-15,0.7486075096667606,0.2513924903332423,sample_0135,uniform,train,213.17067868248236
4.867475566962235e-17,5.429884280689336,medium,117.41021907489603,46.693627898530686,164.10384697342656,3.238894763234794,1.4201072030120496,1.0886347487871957,11.953242237987146,45.91939588584422,3,1.8463477999314564e-16,9.958622679411442e-16,0.7154629293602627,0.2845370706397384,sample_0136,uniform,train,186.86850990232432
4.468005772016614e-17,3.9651395425415785,medium,54.85924712291289,10.717575424946876,65.57682254785966,2.1334986865886654,1.0733271034675957,0.9572513863927998,15.721323099535864,11.728033230071,2,5.6994981052078e-17,1.5711144987243247e-15,0.8365645816839508,0.1634354183160508,sample_0137,uniform,train,52.40660991130326
4.317858440946422e-17,1.8617131832834766,shallow,105.30137519207251,41.69377823880607,146.9951534308784,3.5417809130101854,1.2363348350088066,0.9937000186841786,6.4776538962806605,41.04309619693601,3,1.9359875770255368e-16,1.3051215239245228e-15,0.7163595039314574,0.2836404960685439,sample_0138,uniform,train,203.26664171841853
4.7052826280029184e-17,3.641298384536557,medium,75.38169781662917,43.08700415676917,118.46870197339814,3.0770205167441778,1.490362647694104,1.2233754889229842,11.691022196540386,53.56970512030406,2,2.4973698175541045e-16,1.6793630950519086e-15,0.6363005296838311,0.3636994703161705,sample_0139,uniform,train,118.62490424432121
4.316122217633106e-17,3.1511841228682305,shallow,130.82252252540525,18.771552996852648,149.59407552225764,1.7698460504244555,1.3854267644466856,1.3261604111048229,8.146164741766519,9.46199263898035,3,-1.8061745165056003e-16,1.7099299152096238e-15,0.8745167351626875,0.12548326483731428,sample_0140,uniform,train,44.5782819107548
3.877942763578921e-17,3.1977077512805563,shallow,16.670062530231018,7.782938645101951,24.45300117533293,2.081405682008766,1.2694089328879972,1.1130009278594333,18.821264569629747,5.234154341653579,2,-2.008656422138806e-16,1.6344835793335486e-15,0.6817184692669551,0.31828153073304655,sample_0141,uniform,train,24.040729221037196
4.3530036651725254e-17,6.389435725582954,deep,70.010714727578,28.883104191285387,98.89381891886306,2.8679615058007446,1.296452340559371,0.9129444307663543,9.509994742374989,6.7579815711473685,3,-1.0006948165205139e-16,3.340981021266087e-15,0.7079382259979053,0.292061774002098,sample_0142,uniform,train,104.05546004110053
3.31892991884177e-17,5.936763862662979,medium,19.335626252533764,12.481385835136503,31.817012087670204,2.9091328358490682,1.260637236310918,1.260637236310918,nan,46.933355077566915,1,4.509792842447307e-16,2.0098947708289243e-15,0.6077134521386044,0.3922865478613976,sample_0143,uniform,train,46.933355077566915
4.123159320356842e-17,1.528669751974999,shallow,38.70210770204537,9.417825509873378,48.119933211918664,2.870232749928724,0.9517359203216296,0.7189974368221782,10.00199980003999,21.06522895954989,2,2.9960113597323443e-16,1.6980990861427972e-15,0.8042843187583514,0.19571568124165037,sample_0144,uniform,train,70.27300416504937
3.980854902591312e-17,6.066942873347025,deep,73.8446692482961,23.873494381009696,97.7181636293056,2.3840436454801934,1.2121391157966965,0.7322613706990148,8.106787279804498,23.16210281215471,2,5.3562993303958907e-17,2.0723340694349436e-15,0.7556903087989483,0.2443096912010538,sample_0145,uniform,train,79.92064274347683
4.47353961386563e-17,2.5922447511155635,shallow,39.12254499857255,2.832388352941723,41.954933351514185,2.316364459987809,0.6120195150847053,0.6120195150847053,nan,52.06061426761002,1,1.950734196500281e-16,2.0958122567757326e-15,0.9324897425241789,0.06751025747582316,sample_0146,uniform,train,52.06061426761002
4.846689342444163e-17,1.9462677772793353,shallow,55.66127024549248,25.511663653762405,81.1729338992547,1.9488969889548093,1.3086944192347947,0.6259024178122203,8.494704232638119,18.73077328811314,3,7.270135523914194e-17,2.2758954545971175e-15,0.6857121896637955,0.3142878103362067,sample_0148,uniform,train,71.7551010011785
3.880893340989281e-17,5.816635097427088,medium,15.767990412398468,5.75236713598427,21.520357548382734,2.266252643215654,0.8856801227144201,0.8856801227144201,nan,48.754373516398935,1,1.9563019003587192e-16,2.063577284214017e-16,0.7327011355154478,0.26729886448455237,sample_0149,uniform,train,48.754373516398935
3.642613849577462e-17,1.8324566344472073,shallow,17.169530725722385,10.61962845249156,27.789159178213904,2.353447747359523,1.2146242969988474,1.2146242969988474,nan,54.6012129028118,1,9.777133053494378e-17,1.4702210687337434e-15,0.6178499542074279,0.38215004579257356,sample_0150,uniform,train,54.6012129028118
4.236420461641282e-17,1.6598047447612037,shallow,69.44350045295964,16.643424664018823,86.08692511697832,2.249222039651956,1.3078647682306122,1.3043352324493878,7.934733769950947,12.237974986772514,2,5.824032124962691e-16,1.6507564529563267e-15,0.8066672187280132,0.1933327812719885,sample_0151,uniform,train,59.901438824540186
5.074933024557634e-17,6.195890246839914,deep,66.4021703648817,32.09282849130349,98.49499885618495,3.9916637452015764,1.3503397354853173,1.166656593245511,9.65608616365865,12.055731252767261,3,1.8162560594457476e-16,2.452759357976924e-15,0.6741679388395871,0.32583206116041535,sample_0152,uniform,train,145.47206655837482
4.393153491348832e-17,3.7312082906970376,medium,103.06634244816169,8.995363183856082,112.06170563201773,2.8398093308980292,0.7642323744913618,0.6916064514720043,5.772347875864725,12.844589404615702,3,1.4692793817797113e-16,3.487351030969834e-16,0.9197284823292398,0.08027151767076057,sample_0153,uniform,train,98.89596297169821
4.1490079175566215e-17,5.149384961139037,medium,49.96874559038851,12.182792897859946,62.151538488248384,3.460924872529822,0.7015628599600047,0.6145961011562106,5.347896782848377,37.09716447870888,3,-3.1844671349039093e-16,1.1146613329565258e-15,0.8039824404320515,0.1960175595679497,sample_0154,uniform,train,185.36382980904654
4.9305073127601293e-17,4.436466594492455,medium,29.4509990075863,19.248049820908616,48.69904882849483,2.27195513200449,1.5731557094963309,1.4949834613746675,9.709788875150684,22.748378762739105,2,7.357740994686279e-16,1.7508581859882573e-15,0.6047551177294023,0.3952448822705995,sample_0155,uniform,train,45.59323619753923
4.2126328155548455e-17,3.6936786648223796,medium,192.78473399939608,47.298639826993764,240.08337382638928,4.233333582955722,1.344440448677691,1.2704038132922162,5.110772935672256,8.974207086973985,3,-3.147344314794505e-16,2.3676532845590973e-15,0.8029907732753034,0.1970092267246989,sample_0157,uniform,train,202.66664150190903
3.967128765477816e-17,8.387240184984105,deep,22.12102849161346,11.356944585192442,33.477973076805824,3.856876669724936,0.8853142265686866,0.7087659199664738,19.21457779916072,19.161855152812898,2,9.873535908395619e-17,2.281600021571515e-15,0.6607636740988757,0.33923632590112657,sample_0159,uniform,train,127.0721105123684
4.6011615937055655e-17,5.8917327626125795,medium,120.65819914298005,28.517845060531293,149.17604420351114,4.0758031918904285,1.2557933579781635,1.2458191576699589,16.89260193102294,2.3706195270501267,2,-2.2999649546022443e-17,1.3813035093578323e-15,0.8088309338621015,0.19116906613789986,sample_0160,uniform,train,153.45387409144317
4.133416463253838e-17,4.780027759769101,medium,57.07148754127224,21.170407811466358,78.24189535273848,3.6593961833942625,1.2854648155565558,0.8041434818468842,7.238784428341543,7.019128681903729,3,-4.900719358356972e-17,1.4984242249227814e-15,0.7294236327478578,0.2705763672521436,sample_0161,uniform,train,117.20827259165308
4.293504482876713e-17,1.4107839298542963,shallow,29.049112048383563,22.140655662222635,51.189767710606056,3.6827499941270863,1.304974400711301,0.8398921464789985,16.76901905300367,23.047217179645457,2,-1.8631601182775753e-16,2.7761123659597393e-15,0.5674788800099371,0.43252111999006576,sample_0164,uniform,train,126.4388817334982
3.989811272810416e-17,4.273269784796634,medium,39.299480253618675,22.826937910138067,62.12641816375663,1.8197894314930498,1.482033105522521,1.328017869639968,8.042387705153239,7.051753029233125,3,-2.2087991102155923e-17,1.7727422133450093e-15,0.6325727671927052,0.36742723280729656,sample_0165,uniform,train,46.20639011591525
3.679966585155574e-17,5.663213447738069,medium,10.27391645403728,7.128117356845213,17.40203381088246,2.5485907625463904,0.7517972234908323,0.6098255441853843,9.391485505499118,5.354941121522212,2,3.4259031936444534e-16,1.8884345293223036e-15,0.5903859609566112,0.4096140390433907,sample_0166,uniform,train,58.14329881685745
5.07955110818678e-17,3.258121952412203,shallow,81.23829491488972,24.026963798474586,105.26525871336408,3.9564519328693004,1.0459783810811962,0.9448810444028999,10.417293314484334,26.039061771541025,2,3.789096300795431e-16,2.193756914148115e-15,0.7717483993090307,0.2282516006909715,sample_0167,uniform,train,149.01500312441615
3.83725913253078e-17,5.604976061345378,medium,37.310550812320685,20.489475147682125,57.80002596000267,3.1508788805828094,1.5092326827330098,1.5092326827330098,nan,88.5769135713507,1,-2.081696752158121e-17,2.3971586720237717e-15,0.6455109698071658,0.35448903019283656,sample_0168,uniform,train,88.5769135713507
3.903082590473669e-17,2.7411464497000146,shallow,46.493618743299294,28.679939141141784,75.17355788444092,2.9633606239974046,1.3239439150790644,1.0383670240744938,19.536632258401138,43.608475657755946,2,-4.0673882877109046e-17,2.0321864826892874e-15,0.6184836803224173,0.3815163196775847,sample_0169,uniform,train,97.75512515204517
4.013080702237775e-17,6.262350663889844,deep,33.45948581105383,15.680163543216151,49.13964935426993,3.385185819046765,1.3889060504182196,1.3889060504182196,nan,88.02565142831777,1,1.2656552983527598e-16,1.1206238291283775e-15,0.6809060758620658,0.31909392413793536,sample_0170,uniform,train,88.02565142831777
3.9850354316271e-17,3.3630722411389087,shallow,30.872017831049156,21.04779251760958,51.919810348658636,2.0838675681524172,1.6322594593625117,1.5191656056774896,19.548913013259842,9.964117062810358,2,6.554310876970811e-16,1.915954282929772e-15,0.5946096032272341,0.4053903967727678,sample_0172,uniform,train,47.869331361352096
3.7551372929289563e-17,4.369087936717668,medium,177.7583162772627,40.989529189260026,218.74784546652214,3.7000568126049864,1.4007117845180475,1.067800855625384,4.551922670696419,71.82855728386015,2,-1.1647742721819851e-16,2.728510979230782e-15,0.8126174495486284,0.18738255045137436,sample_0173,uniform,train,181.27067499201866
5.26788824250843e-17,5.334416704871765,medium,36.494071346386015,17.42483169566505,53.91890304205099,4.368192713700429,1.0674744512266257,1.0674744512266257,nan,154.61162449263833,1,4.976762595573231e-16,1.3177989455867688e-15,0.6768326002093279,0.3231673997906734,sample_0174,uniform,train,154.61162449263833
4.5021709816852243e-17,4.1861129333882205,medium,23.245872282628746,11.72266805835508,34.96854034098375,2.373826121807522,1.211423636060482,0.7050347949285961,8.858893836140043,2.490823216736382,3,-2.5309372187793127e-16,2.133545939501793e-15,0.6647653020673605,0.3352346979326416,sample_0175,uniform,train,46.08647022529208
4.358492589376745e-17,5.901900410081856,medium,87.09384212355263,36.514708409179725,123.60855053273205,3.719456853794354,1.1765308520261144,0.9730805948750618,5.0950956811428,17.011711445031636,3,-7.612946737640189e-17,2.4717818877419533e-15,0.7045939924721456,0.2954060075278569,sample_0176,uniform,train,229.050634941415
3.9109948209512807e-17,4.830697542059641,medium,34.83284723392328,27.040895781499326,61.873743015422534,2.789604973809364,1.6370283353684767,1.4906521936248391,12.863902984708801,18.757593429797865,2,-7.449695094695859e-18,1.2057939865738222e-15,0.5629665434211878,0.4370334565788135,sample_0178,uniform,train,66.90108060346607
3.918016002218813e-17,4.030612492093151,medium,22.997896150871426,7.952122801074839,30.950018951946195,2.06055383434951,1.1768899067931216,1.1768899067931216,nan,36.6471753045577,1,-3.5933247057879145e-16,2.2670776152108856e-15,0.743065656488888,0.2569343435111142,sample_0179,uniform,train,36.6471753045577
4.253890421814407e-17,7.015333031474286,deep,43.19541446082034,15.172304679335607,58.36771914015586,2.2141390272648604,1.362884314850584,1.2181990443810733,11.716654812701448,15.738713589214486,2,2.6187973459623557e-16,1.399959015294037e-15,0.7400565774567457,0.25994342254325564,sample_0182,uniform,train,38.44046659090826
4.7493623715397063e-17,5.811695959126811,medium,70.75344679681224,23.910119250097274,94.66356604690928,3.0539918136692585,1.1294892739312827,0.6265888754296587,6.334035048845248,14.35014983771925,3,2.990711105052639e-16,2.4769730593567545e-15,0.7474200450229321,0.25257995497707036,sample_0183,uniform,train,95.81425501949954
4.336633651969757e-17,4.715260940718909,medium,11.96478475338378,5.403856066382028,17.36864081976577,2.981829678228205,0.9138158961633438,0.9138158961633438,nan,48.07312881994422,1,-3.494880738033998e-16,2.2500235264426716e-15,0.6888728299204436,0.3111271700795586,sample_0184,uniform,train,48.07312881994422
4.1474872588465084e-17,5.762724316962823,medium,44.16884993930628,8.116387636495359,52.28523757580157,2.230724388505325,0.8922455242597834,0.7394833717788669,6.29285308902091,4.429216827442379,3,2.1715087498146614e-16,1.3249995591236001e-15,0.8447671271507872,0.15523287284921417,sample_0185,uniform,train,59.19077424903887
4.2355068255497426e-17,4.432557981618076,medium,85.61386371687473,15.415456019897816,101.02931973677241,4.062817853606022,1.003672577150049,0.8028441957627271,4.52990066116245,6.707163309231043,3,1.1696102106374266e-16,1.3890244008199732e-15,0.8474160168546914,0.15258398314531,sample_0186,uniform,train,151.62348774786463
4.287326110952072e-17,3.872562547619696,medium,141.3248099673611,34.51173700326671,175.83654697062727,3.049505014297097,1.171426189099651,0.8368573963045585,8.24135911121461,22.76858151403138,3,-1.1503484875194757e-17,3.030695614769408e-15,0.8037283056460884,0.19627169435391464,sample_0188,uniform,train,131.0518815017351
3.8468328154224257e-17,5.474326531304563,medium,29.620202493998015,9.119983954980023,38.74018644897796,3.0805777882363885,0.7702621001581982,0.657716882201217,20.46851240320117,49.53963674977812,2,1.232094489123365e-16,2.063388566244759e-15,0.764585956059059,0.23541404394094304,sample_0190,uniform,train,105.10101971252234
3.833348814665653e-17,5.537436866293886,medium,142.6796508319175,32.45911015247455,175.1387609843918,3.8528301263710456,1.0973805102713634,0.7127191961037145,10.16857905510893,7.667720530134942,3,-1.1133519745744798e-16,1.4605298303807933e-15,0.8146663253180887,0.18533367468191278,sample_0191,uniform,train,131.48616965979454
4.217356674793104e-17,4.39073274670687,medium,169.50317176971248,54.057942306429126,223.5611140761411,3.049484426731585,1.5983160282392375,1.379715710933933,9.011104260855047,48.797122711489635,3,-1.702123000109684e-16,2.224805137009073e-15,0.7581961311571501,0.24180386884285213,sample_0193,uniform,train,156.58781349723986
3.6799052897699633e-17,1.9577598060869814,shallow,19.034357276091768,12.429397670346845,31.46375494643855,2.490443786097564,1.6875368397231232,1.6875368397231232,nan,35.68913256522659,1,-4.596728007452802e-16,2.0324607259136924e-15,0.6049614010945095,0.39503859890549253,sample_0194,uniform,train,35.68913256522659
4.2133207149775367e-17,5.998999829271506,medium,75.91365556339409,38.57596474978721,114.48962031318108,3.6237480968344498,1.4030876028291834,1.2014487293846483,11.15885298765066,9.974061150098374,3,4.516794123294102e-17,1.923914565207723e-15,0.6630614666703915,0.3369385333296105,sample_0195,uniform,train,141.39841462173976
4.1288882397872785e-17,3.0936469810612097,shallow,16.989583959917987,3.018854868297093,20.008438828215038,2.8813381257771717,0.7075308163966827,0.7075308163966827,nan,39.084535143415714,1,-1.8652436220699892e-16,2.0863389734855153e-15,0.8491209187175567,0.1508790812824454,sample_0196,uniform,train,39.084535143415714
4.817591782563588e-17,2.944150942018566,shallow,19.23960332238723,12.85327442288748,32.0928777452746,2.3533378495439488,1.2204015822097682,0.9341028759376779,6.749814812274483,5.1105614180336065,3,-1.9745434458405422e-16,3.431731018856102e-15,0.5994976042689127,0.4005023957310907,sample_0197,uniform,train,56.452658542155056
3.859535605065757e-17,8.116067931219419,deep,23.580962972598186,15.798950598142012,39.37991357074018,2.202137592366011,1.6547484904166927,1.6547484904166927,nan,44.73237546945327,1,4.0641000275202674e-16,4.961901502983793e-16,0.5988068747342089,0.4011931252657916,sample_0198,uniform,train,44.73237546945327
4.465101327145572e-17,6.228789704223048,deep,90.43460807526584,25.191776436618937,115.62638451188461,3.7288551509954,1.2716111807433792,1.132368582271189,4.261455150532503,8.2023908225929,3,-4.940279374907206e-17,1.4748386131964212e-15,0.7821277856004445,0.21787221439955698,sample_0199,uniform,train,139.00119574541378
4.067787623613905e-17,4.0189140035218465,medium,143.31571597862546,58.232979602021864,201.54869558064695,4.15703278808745,1.367059069728532,1.0135556694342385,8.522910301065009,37.44044252955131,2,-5.2426755091708206e-17,1.868469795192332e-15,0.7110724064263648,0.28892759357363706,sample_0200,uniform,train,196.97706877771876
4.675223842772399e-17,1.7271696362390794,shallow,130.54397526164198,52.0395794018431,182.58355466348465,4.40543565098673,1.53615952880811,1.5325379022793122,9.433981132056603,13.067701256579403,3,-1.7086320493073665e-16,2.3349618876782775e-15,0.7149821105315012,0.2850178894685011,sample_0201,uniform,train,163.43526190711194
5.222411583938722e-17,1.8728673198778751,shallow,57.10883525322789,20.158638255122924,77.26747350835066,3.580255178193446,1.1568814473346003,1.1113488370505649,6.11228271597445,9.436661452666048,2,-3.298925606497933e-16,1.9311356737126236e-15,0.7391057667629817,0.26089423323702027,sample_0202,uniform,train,105.83670409874203
4.387503157795671e-17,4.898453310884492,medium,24.614356628691347,21.144580470243685,45.75893709893499,2.2547410463227036,1.4535343292432812,1.2118031191977874,16.329115101560156,13.727228060422695,2,9.801514032556898e-16,8.540375486063261e-16,0.5379136446170694,0.4620863553829315,sample_0203,uniform,train,43.99600791580578
3.917187544987085e-17,2.3380893130355282,shallow,15.419732866686688,6.62472819215072,22.044461058837385,2.4429113086933048,1.0757517721504837,1.0757517721504837,nan,35.55353660868739,1,3.7224914690558526e-16,1.0878386760237776e-15,0.6994833226147339,0.3005166773852672,sample_0204,uniform,train,35.55353660868739
4.1089739652436295e-17,7.79780101615923,deep,71.94762552340741,16.379859048016296,88.32748457142347,4.091590337656423,1.1054686194915857,0.6835604659080257,11.71153277756588,20.343735141467707,2,3.6044102425331457e-16,2.6948782435568626e-15,0.8145553546838419,0.18544464531616087,sample_0206,uniform,train,169.2563486248057
3.6680520971127425e-17,4.710478739937347,medium,9.407305674625373,5.570563660951203,14.977869335576555,3.730637568365302,0.7077768739259951,0.6969810119311703,10.871982339941507,3.339614142422317,2,-1.010126535719465e-16,1.4231852071356356e-15,0.6280803673644313,0.3719196326355701,sample_0209,uniform,train,100.13964615918219
4.138617950280567e-17,2.1942293375790567,shallow,44.57407421775238,11.671699966506768,56.24577418425901,1.871179876014055,1.034017626004588,0.7620589811901484,7.602631123499285,13.14467731227797,3,-2.649453479234297e-16,2.463399881728286e-15,0.7924875222044133,0.20751247779558912,sample_0210,uniform,train,47.671528431126916
4.451476275499846e-17,7.915949086184703,deep,170.27225465649408,38.93058879564923,209.20284345214318,4.287700515871293,1.6545390035717769,1.6545390035717769,nan,152.13606571897708,1,7.411101475590206e-16,6.113573330377589e-16,0.8139098486749068,0.18609015132509377,sample_0211,uniform,train,152.13606571897708
4.289533047459461e-17,8.337399802760656,deep,44.384128113374224,7.21828998009714,51.60241809347127,2.6950511519328546,1.0198084547845334,1.0198084547845334,nan,47.957793284008396,1,-4.0014082273745467e-17,1.7900431619598796e-15,0.8601172145262258,0.13988278547377603,sample_0212,uniform,train,47.957793284008396
3.954099691505971e-17,6.866512758478489,deep,30.913741980341893,8.994547425516048,39.90828940585793,2.126915660545812,1.2788858747124516,1.2788858747124516,nan,40.303189473758074,1,3.498851491913036e-16,3.1157681927546006e-16,0.7746195700335937,0.22538042996640656,sample_0213,uniform,train,40.303189473758074
4.251614284717224e-17,4.81818329734452,medium,192.47060875790126,45.39244323140617,237.863051989307,4.407330346132129,1.551171455690944,1.4531453665647427,5.381449618829483,4.523084830185128,3,1.874677554487381e-16,1.822187452774909e-15,0.8091656402632623,0.19083435973673946,sample_0214,uniform,train,162.24235296268662
3.819073428974867e-17,1.8428518656527815,shallow,24.3504013895119,13.043152202238586,37.39355359175044,2.749067500589177,1.3175011409300923,1.3175011409300923,nan,56.125279638345084,1,2.6714508837161775e-16,1.2826177257030687e-15,0.6511924931061902,0.34880750689381107,sample_0215,uniform,train,56.125279638345084
4.110030463121971e-17,5.557077767509354,medium,91.99125157052417,34.25683520672985,126.24808677725383,4.026995759941024,1.2398086572593732,0.9780894002408582,12.260505699195287,37.31637193937758,2,4.220466464608286e-16,1.5195995721797514e-15,0.7286546190028939,0.2713453809971077,sample_0216,uniform,train,195.66618194214823
4.0009359509857874e-17,4.440517979004875,medium,18.2449755987784,16.203324124987205,34.44829972376555,3.0611282451437036,1.2466195347874565,1.2466195347874565,nan,69.1120437243281,1,3.277099954102923e-16,1.5469763561434286e-15,0.5296335594232933,0.4703664405767083,sample_0217,uniform,train,69.1120437243281
3.984173454501834e-17,2.732554695190583,shallow,32.05366264649337,7.452248721622302,39.5059113681156,2.0573315280136324,1.0667603358216906,0.6701686864798981,18.108561511064316,12.590963019059314,2,5.4225400822691924e-17,1.9334661940202242e-15,0.8113637057456474,0.1886362942543545,sample_0218,uniform,train,49.066479832452494
4.2507758019298835e-17,1.8002388524366466,shallow,34.562897683809425,22.105126918291706,56.668024602101035,2.5476633582359214,1.5675524988574336,1.53749229923827,3.560898762952974,12.065009800200427,2,1.5115271439287266e-16,1.6927230126891886e-15,0.6099188727063545,0.39008112729364725,sample_0219,uniform,train,47.775334677569155
3.5489496517379365e-17,1.3032191753190956,shallow,22.76907515606492,14.465666189200022,37.23474134526489,3.0942607289436217,1.0513621102341686,0.8452986541999561,15.120846537148637,41.21503115459959,2,-7.765271538074991e-17,1.4312092217282033e-15,0.6115008278138729,0.3884991721861285,sample_0220,uniform,train,86.75936757181303
4.329528887618313e-17,3.231652131261952,shallow,29.233973048930938,7.248294031741462,36.48226708067232,3.2061544795856958,0.8642496636825661,0.8642496636825661,nan,62.588930732520794,1,-2.0783473909655377e-16,2.1424025201278868e-15,0.8013200765261267,0.19867992347387545,sample_0222,uniform,train,62.588930732520794
4.2211478995190626e-17,3.095596588777492,shallow,20.315386339042043,12.16528468557422,32.48067102461617,3.550876109675167,0.9715540488121357,0.9715540488121357,nan,112.0009046377945,1,-1.9371775656900924e-16,2.7891726356501076e-15,0.6254607955496237,0.3745392044503791,sample_0223,uniform,train,112.0009046377945
3.821130209341185e-17,1.837397115295666,shallow,13.716830151733596,9.88784204156668,23.604672193300242,2.04767473961798,1.154360362937673,0.8956226164914162,22.579636843846714,13.131634638202486,2,3.1970089368568475e-16,1.4298347239147131e-15,0.5811065724364038,0.41889342756359754,sample_0224,uniform,train,37.907473155526596
3.9118371462780566e-17,4.912066362848357,medium,226.5728767745627,53.39966204682768,279.97253882139,4.456422454385093,1.287673038731765,0.9421674546272616,8.590692637965814,25.639474203241843,3,1.7666749146792926e-16,1.3450878130340463e-15,0.8092682151198625,0.19073178488013884,sample_0225,uniform,train,274.1145026194681
3.8156600345884355e-17,7.379986002493695,deep,80.847063960575,30.754894041431715,111.60195800200647,2.6667986301630187,1.3033579333765413,0.8576998998006002,6.112282715974452,19.08661431860274,3,-3.998421983696413e-16,2.196531747523886e-15,0.7244233471165574,0.27557665288344474,sample_0226,uniform,train,116.5619008575159
4.2295966827916557e-17,4.451782393735538,medium,74.45210319032202,27.43854141153558,101.89064460185729,3.1694064692828303,1.4016382738919724,1.2831184678653451,3.8418745424597076,3.565502770811529,3,1.416522821104687e-16,3.0683759530239073e-15,0.7307059787603394,0.2692940212396637,sample_0227,uniform,train,92.05746990134686
4.5187757359685956e-17,4.747671399228309,medium,91.4529843769603,9.475519749146851,100.92850412610701,2.6272422170081002,0.9160435950428342,0.6876677262805684,4.4766058571198775,11.49184121925363,3,8.09450091045983e-17,1.3728117212566467e-15,0.9061165145447182,0.09388348545528313,sample_0228,uniform,train,68.66105622712354
3.374693821517895e-17,7.904516048789292,deep,30.413328567126005,20.375729471832052,50.789058038957954,2.868569658166564,1.255193879062849,0.8763115787688409,18.214280112043962,5.434809813169916,2,1.0867797959251098e-16,2.0285608881776455e-15,0.5988165510728184,0.4011834489271836,sample_0230,uniform,train,50.434813753584976
4.413959059587153e-17,4.876901684512887,medium,54.24341105230036,8.690099960400717,62.93351101270108,2.628833477438408,1.1156313238089106,1.0319029198126912,10.334408546211051,6.342530406348782,2,1.2276662880668987e-16,8.467778823153934e-17,0.8619161743789107,0.13808382562108926,sample_0231,uniform,train,36.48054794556977
4.1087720991498814e-17,2.7720870203678425,shallow,13.872679258706517,12.22409611351453,26.09677537222099,1.9687122331176725,1.097420447132971,0.9028772426638032,7.5815565684099475,6.671469640104842,3,3.5248735613571774e-16,2.246245938975539e-15,0.5315859550016838,0.4684140449983184,sample_0233,uniform,train,51.27551905657686
4.145128757458407e-17,3.226069363921198,shallow,65.64242957478285,37.667195129652235,103.3096247044348,2.6447801573796985,1.5207603085869736,1.380511983082577,3.8781438859330652,20.852917463663584,3,1.0774263317582482e-16,2.8198972021736073e-15,0.63539510246585,0.36460489753415287,sample_0235,uniform,train,93.19441303524968
4.1078625666773e-17,8.122964433463718,deep,38.74597927613255,19.757554620694997,58.50353389682745,3.0720743685004517,0.9689228811546188,0.8239002179490924,5.161395160225576,29.465129568327423,3,5.084176733814164e-16,1.7003414388922658e-15,0.6622844244667703,0.33771557553323145,sample_0236,uniform,train,158.21512444691717
4.165213845046799e-17,5.451100686224988,medium,158.54909173461377,48.895310458275425,207.44440219288884,3.7739929090411732,1.3168655317899134,1.2138493811901627,8.704022058795578,25.402717801636268,3,3.913960686999479e-16,1.6783578483776708e-15,0.7642967949898665,0.23570320501013522,sample_0238,uniform,train,228.6206602413674
4.4766266087086485e-17,3.329735664892439,shallow,31.513963852907963,11.422491842644888,42.936455695552816,1.712455507117095,1.3827741696120588,1.1317939406560118,9.095053600721657,10.313180167023484,2,1.123048520930306e-16,8.274352461673907e-16,0.7339675187994628,0.266032481200538,sample_0242,uniform,train,31.348373058277232
3.5587474051130913e-17,3.9264199867901803,medium,20.391545310383886,17.118840007726703,37.51038531811049,2.828269925687834,1.4941579644874854,1.4941579644874854,nan,45.338938512168426,1,3.775864014445235e-16,2.7466712434828275e-15,0.5436239893952407,0.4563760106047621,sample_0243,uniform,train,45.338938512168426
4.323566277496805e-17,1.6602177683388117,shallow,108.17834992539194,34.348981547526755,142.52733147291823,3.420511916012921,1.499972534594057,1.3846095897571007,14.263239463740344,17.083911375019962,2,-8.882149248139647e-17,3.2404506102173268e-15,0.7590007390684013,0.240999260931602,sample_0244,uniform,train,101.80302647544147
4.165647249231255e-17,5.410457297678736,medium,19.94280586855307,6.378961635724641,26.321767504277673,2.318706074294875,0.9415077538461671,0.9415077538461671,nan,52.21865825106142,1,-1.3958396071442788e-16,1.4172108169158054e-15,0.7576545102950275,0.24234548970497388,sample_0245,uniform,train,52.21865825106142
4.49186675164557e-17,8.354876773810952,deep,173.38307964600938,27.355949250631795,200.73902889664092,3.220066331990804,1.2080791647213578,0.8811500906930878,6.135144660071187,15.018114181214955,3,1.9656136906093999e-16,1.274268318819771e-15,0.8637238139439395,0.13627618605606176,sample_0246,uniform,train,120.29214796083309
4.487657870379032e-17,4.637518641435635,medium,59.745266378522224,32.58486454317425,92.33013092169641,3.170192167871863,1.2857607521502463,0.8577947899627236,9.312357381458254,41.86465199007255,2,4.249164386119647e-16,6.926108040791465e-16,0.64708308958417,0.3529169104158307,sample_0247,uniform,train,108.03334005834037
4.386147437061246e-17,4.42821423269084,medium,69.19725100541277,22.08010380209662,91.27735480750921,2.588082869411727,1.1764171005581725,0.9172337447002772,5.692099788303082,24.83880627446165,3,-3.2777337794581407e-16,1.907186844188687e-15,0.7580987765403565,0.24190122345964535,sample_0250,uniform,train,98.07545744661131
4.2206743553107326e-17,3.3313328854749793,shallow,214.99612119652582,44.95145886082819,259.94758005735355,3.7442778305671274,1.2044271921494678,0.6711774697339683,8.101851640211637,4.002673395381584,3,-3.0154312446328803e-16,1.7767150520969042e-15,0.8270749092916739,0.1729250907083279,sample_0251,uniform,train,150.0708850709125
4.1303633238808174e-17,3.090228156253467,shallow,70.81022633920442,38.676938818270436,109.48716515747441,3.434979300765785,1.5385595001799723,1.4736573870199532,12.323960402403117,35.77387972251193,2,-2.172381763832288e-16,4.088533326121137e-15,0.6467445406715819,0.3532554593284221,sample_0252,uniform,train,127.19827480212962
3.9869397784266094e-17,5.514070576179165,medium,35.02095357280528,15.519691804659146,50.54064537746431,4.125507004141843,1.1137073758672917,1.1137073758672917,nan,110.42372159697273,1,9.436568900187246e-17,2.390002426306123e-15,0.6929265210455912,0.3070734789544112,sample_0253,uniform,train,110.42372159697273
4.271219130757761e-17,6.540307258742249,deep,24.262840266784526,19.545833756399116,43.80867402318357,3.730567409417971,1.135313577114034,1.0242499646010264,17.648795992928243,38.84662359983336,2,-2.3558147667778266e-16,1.6219224881905366e-15,0.5538364446717703,0.4461635553282314,sample_0254,uniform,train,118.34640258132373
4.0040408054819415e-17,4.9235938957349505,medium,39.1394060328499,17.02608894788113,56.16549498073092,2.863653043600599,1.4568023599630777,1.4568023599630777,nan,59.14308094528976,1,1.1452711662487243e-16,1.960885844246543e-15,0.6968585614046083,0.3031414385953936,sample_0255,uniform,train,59.14308094528976
4.546171325447185e-17,6.1509371756917135,deep,29.296424542253174,15.724782954280855,45.02120749653396,4.111424548770454,1.099374626387071,1.099374626387071,nan,112.5479776218171,1,-1.3530354957839534e-16,1.4993280644995194e-15,0.650724984320081,0.34927501567992053,sample_0256,uniform,train,112.5479776218171
3.367194782239991e-17,1.8291382889475267,shallow,14.4501165810791,11.383594638495996,25.833711219575058,1.7271699643178877,1.284094645729204,1.2673782603362604,19.38246630333715,14.311531779092553,2,1.7600887932855496e-16,1.5127462769342028e-15,0.5593511694181117,0.4406488305818898,sample_0257,uniform,train,35.893638720918055
3.5977745799735415e-17,7.187821025754467,deep,14.728669097709105,11.878720151483904,26.60738924919297,2.916816283376795,1.0814496898988533,1.0566282017047026,17.16041957529011,7.062283328558728,2,-3.0707827164862613e-16,1.4687593021923728e-15,0.5535555916353515,0.44644440836465,sample_0258,uniform,train,62.479627662239565
3.941561255445353e-17,5.513289882674666,medium,67.17648963115961,31.903895615731717,99.08038524689115,2.9823186792301395,1.1324197373791807,0.9362223463770941,7.464583042608608,17.930137440460925,3,2.5020692938735518e-17,1.7569872162632386e-15,0.6779998832641541,0.3220001167358477,sample_0259,uniform,train,137.3316072995072
4.558250242885188e-17,8.034765924466258,deep,103.8515827846751,33.75187211764549,137.60345490232032,3.449740189418714,1.3135910221115725,1.0309586602048308,7.853661566428745,19.326835721703493,3,-2.209965028785117e-16,1.9622053805299122e-15,0.754716390358044,0.24528360964195786,sample_0261,uniform,train,164.79285000977586
4.126983454401905e-17,4.00135478010919,medium,18.890142712395647,3.7616930625354184,22.651835774931044,2.018359097627611,0.8754652130431426,0.8754652130431426,nan,34.441647611412044,1,1.2192129717048368e-17,9.606449339852372e-16,0.833934295660995,0.16606570433900603,sample_0263,uniform,train,34.441647611412044
4.3516758587316285e-17,6.044103850728656,deep,52.482069742876185,25.279902421091375,77.76197216396743,4.31189402551503,1.0887567044578543,0.9493867270717884,18.111874557869488,47.25361911320419,2,5.822927269004954e-16,1.690420168851231e-15,0.674906619294756,0.3250933807052456,sample_0264,uniform,train,195.39933944020365
4.744913640998066e-17,5.936139084791671,medium,62.9213374446002,27.229967732901812,90.15130517750185,3.2224233791586383,1.738829209852887,1.738829209852887,nan,76.49799860031594,1,-2.6351335571703e-16,1.7339671517726744e-15,0.6979525955915149,0.3020474044084868,sample_0265,uniform,train,76.49799860031594
3.6592553262442634e-17,6.667111452742908,deep,32.763439894005984,26.191826340905518,58.95526623491133,2.3666354721561147,1.4746617024964834,1.3635394365625015,20.14547095503106,21.971576582531195,2,-5.468735065490054e-16,2.95279762740073e-15,0.5557338976887628,0.44426610231124014,sample_0266,uniform,train,77.49582878021221
4.1624753095196175e-17,5.972985695867769,medium,115.73888795768917,37.650962862863935,153.3898508205527,3.9003314862494096,1.4382336241333806,1.380699420361167,6.755738301621815,2.4900299083559285,3,-1.0750635840852345e-16,2.594069489585428e-15,0.7545407166024919,0.2454592833975107,sample_0267,uniform,train,119.60854303318037
4.5125071789238135e-17,5.423692948842568,medium,22.144949907021523,12.233137929750843,34.378087836772316,3.7111355813234765,1.0744606945820974,0.9519654480714187,11.400000000000002,7.017853999616659,2,4.234563747448038e-16,1.4467934266549016e-15,0.644158861079362,0.35584113892063945,sample_0268,uniform,train,124.78556184664025
3.62536277782763e-17,5.551170854551129,medium,53.34428694593089,14.273294926953898,67.6175818728847,2.423705567776764,1.0686374780660828,0.6621297004443288,7.469939758793241,3.224854308353009,3,3.331798659535381e-16,1.31353176954749e-15,0.7889114852733659,0.21108851472663542,sample_0269,uniform,train,52.31244730374
4.3964543171027796e-17,4.780810274363886,medium,87.86966411838159,36.08267789318711,123.95234201156845,3.237788885999885,1.3634360717643197,1.267509896017291,9.423375191511797,20.15438112684332,3,-1.4918689068912274e-16,2.0636591509482146e-15,0.7088987807118702,0.2911012192881319,sample_0270,uniform,train,117.7724550395486
4.16902635053257e-17,5.362826070695045,medium,18.665629617816165,5.105382548321407,23.771012166137524,4.023306709056292,0.642039717161208,0.642039717161208,nan,104.213160782814,1,3.661318502849929e-16,2.0176521861416343e-15,0.7852265392554836,0.2147734607445184,sample_0272,uniform,train,104.213160782814
3.9551162981334905e-17,2.125187091055671,shallow,29.504632658013588,20.589292974961527,50.09392563297499,3.6112229067773174,1.2745704536005644,1.0491668855167946,9.370165420097983,4.458674410625009,2,1.5588394254632812e-17,2.5531577096570706e-15,0.5889862350614378,0.4110137649385648,sample_0273,uniform,train,85.5704159590097
4.039477858892477e-17,5.742312380861734,medium,31.24355707627302,11.1545959402672,42.39815301654015,2.1397013608740756,1.3804924712609874,1.3804924712609874,nan,31.926566474360783,1,-2.6639176201665507e-16,1.6758813420077684e-15,0.7369084465562555,0.26309155344374613,sample_0274,uniform,train,31.926566474360783
4.396921946861807e-17,2.040103795271059,shallow,27.75285191801857,9.924350662655664,37.677202580674134,1.9778086417448728,1.0036168246481922,0.669193864767886,8.829496021857649,4.681814180624047,3,3.5100218710235305e-16,2.6873635225177227e-15,0.7365953419337431,0.2634046580662596,sample_0275,uniform,train,46.88228576447223
4.529052451737048e-17,7.151059930135523,deep,16.147236940989238,14.531667146382917,30.678904087372096,4.186544838556377,1.0117008093556172,1.0117008093556172,nan,142.73363605202886,1,-1.8702553653182644e-16,1.9107519464600776e-15,0.5263303048571311,0.4736696951428709,sample_0277,uniform,train,142.73363605202886
3.959524574716491e-17,5.168036330763957,medium,13.88999626823374,8.168335178139898,22.058331446373575,3.132547914058921,0.9943662456382112,0.9943662456382112,nan,57.46712231802812,1,-1.4017858067041783e-16,2.818549060710121e-15,0.6296938778892669,0.3703061221107359,sample_0279,uniform,train,57.46712231802812
4.3280765416182e-17,3.012742374826013,shallow,24.9955811336233,9.340037574217721,34.33561870784101,2.120095850418733,1.092732648129413,0.6616507845227416,32.840219244091536,14.871141035742324,2,7.94900241871448e-16,4.1388084007225885e-16,0.7279781775976916,0.2720218224023089,sample_0282,uniform,train,35.57013898083745
4.036760657695151e-17,8.278168290508106,deep,59.26410912851236,28.306213097371767,87.57032222588393,3.7097354113341448,1.4269499779826411,1.3927534996993187,14.386104406683552,8.626430001863646,2,3.5073577221940906e-16,2.271910859247953e-15,0.6767602039380775,0.3232397960619249,sample_0285,uniform,train,121.4323680357553
3.835146027539305e-17,6.756374180449239,deep,3.6331493860558615,2.150054873310355,5.78320425936621,1.9514944013274875,0.7667791403667116,0.7667791403667116,nan,22.745360059434066,1,1.7597554801762167e-16,1.1518421015412942e-15,0.628224289358582,0.3717757106414192,sample_0287,uniform,train,22.745360059434066
3.622253888071104e-17,5.296837627108297,medium,27.73707531509677,17.615070317413455,45.352145632510094,2.6105013108260757,1.6082190106705738,1.6082190106705738,nan,44.98433344077563,1,-4.134571515366093e-16,2.8984385255058366e-15,0.6115934522668716,0.3884065477331313,sample_0288,uniform,train,44.98433344077563
5.1504233067381286e-17,6.889381559363965,deep,14.880556193293794,9.6955647994124,24.576120992706187,1.7056591863831743,1.7423466523608169,1.7423466523608169,nan,20.785734812362126,1,3.69685862338409e-16,2.891191559363572e-16,0.6054884006190445,0.39451159938095576,sample_0289,uniform,train,20.785734812362126
3.998973307308294e-17,3.7628887492878773,medium,21.29755236507772,9.825728584502539,31.12328094958022,2.1537665520744502,1.1634157058828736,0.8518787522596416,7.751128950030441,10.548048570148469,2,5.559951275377138e-17,1.2556468750873326e-15,0.6842965045870261,0.3157034954129752,sample_0291,uniform,train,37.0432102515745
3.841874026056259e-17,7.86123640887046,deep,61.01913862953255,20.667750324161442,81.6868889536939,3.2909482061997517,1.250514154667102,0.6450969699484668,5.813776741499454,14.989056488680909,3,-2.2316733923280306e-16,1.1742798698330873e-15,0.7469881569871348,0.2530118430128663,sample_0293,uniform,train,103.4199057812228
3.507917402435542e-17,3.879097658545687,medium,31.204442883018167,23.172467047611477,54.376909930629544,2.297217285816626,1.2929909208144597,0.9519481862656518,11.670475568716128,11.68478667458182,3,1.336846187152477e-16,1.8293791083994824e-15,0.5738546549045676,0.42614534509543434,sample_0294,uniform,train,79.44019720416705
3.592344646234917e-17,8.315999861397142,deep,32.89104257962642,21.39396078537314,54.285003364999355,3.3582905857540313,1.5174259538771562,1.4016870830158863,6.7201190465645775,3.7105963873820165,2,-2.566854479088054e-16,3.795843798423453e-15,0.6058955612192732,0.39410443878073054,sample_0295,uniform,train,103.40480480621136
4.0848892174292043e-17,1.8040554248756746,shallow,74.31422262629418,22.366294245012224,96.68051687130627,2.3904391045452984,1.2330554388223534,1.2037830052261582,10.455620498086184,46.726443257684416,2,1.7151425489069159e-16,1.4331308722485886e-15,0.7686576885518269,0.2313423114481745,sample_0296,uniform,train,103.94299271743593
3.986825280605826e-17,3.850835707644221,medium,127.29450413475142,43.11173968107361,170.40624381582475,3.784360955238342,1.5467013200710429,1.5150147563453993,8.506468127254696,16.257782875965265,3,3.5622918907958763e-16,1.6261825901516945e-15,0.7470061030881677,0.25299389691183394,sample_0299,uniform,train,148.9671078203775
3.79210230330582e-17,8.26042123980712,deep,229.40261904395447,49.36849355912169,278.77111260307595,3.6789915911556066,1.1921275666847826,0.8530647671531393,5.0199601592044525,43.6330743938506,3,9.930081474147757e-16,7.646517558350414e-16,0.8229067097442981,0.1770932902557026,sample_0301,uniform,train,209.7455886934618
2.9582400333904345e-17,4.165856111344509,medium,293.39408054672725,51.108679349203655,344.5027598959307,3.8679706584381437,1.434904520290293,1.2463974123971608,5.153639490690052,24.220190024288417,3,4.148807098148352e-16,6.18755045075469e-16,0.8516450801014116,0.14835491989858904,sample_0302,uniform,train,197.0074260834304
4.175002586133259e-17,5.140258956761956,medium,35.999182045410706,12.591988132336047,48.591170177746655,2.3970891770077634,0.9604156281076373,0.8107657267185459,10.287856919689348,11.928300144832852,3,1.9356406228459776e-17,2.010645675122213e-15,0.7408585122302176,0.2591414877697844,sample_0303,uniform,train,83.8294364681776
4.2776796706732406e-17,5.066242299763098,medium,64.11640014383259,11.352738899570253,75.46913904340269,2.8629508115807667,1.0146792299231064,0.9475200667750181,17.834797447686363,13.526659126947974,2,2.5101817899205258e-17,2.047764781561153e-15,0.8495711088867586,0.15042889111324345,sample_0304,uniform,train,51.0757719754212
4.0828515040521084e-17,4.509348507761845,medium,21.863813683275676,12.732190296688021,34.596003979963626,4.132657187967873,0.8417136565157952,0.7430299480244897,11.034491379306978,48.07161093861621,2,-1.0259266563141844e-16,2.0538289224721243e-15,0.6319751175869377,0.36802488241306436,sample_0305,uniform,train,197.4589519912921
3.791899652787021e-17,6.8621845513545265,deep,34.60694518840604,21.247506595736034,55.85445178414194,3.84877763906443,1.3918826992901114,1.3918826992901114,nan,107.5981348725664,1,3.052162798178619e-17,2.2898388284446546e-15,0.6195915291076504,0.3804084708923519,sample_0306,uniform,train,107.5981348725664
4.6269507829602807e-17,2.1985116764149693,shallow,55.1861149481386,10.783963347765814,65.97007829590432,1.8682593759052988,1.1065155817671313,1.0024806272776114,4.47213595499958,19.54112706969949,2,6.648438246432569e-17,1.5348221869868605e-15,0.8365325064585345,0.16346749354146706,sample_0307,uniform,train,46.856058879234354
3.694371259068127e-17,5.275988435093532,medium,84.58570449823304,17.888835049465914,102.47453954769901,3.221057548643784,1.1328292914629026,0.6445283250021482,16.15301829380503,15.5226915725112,2,6.273933250560635e-16,5.200384936318957e-16,0.8254314181022573,0.1745685818977422,sample_0309,uniform,train,68.58835866536359
4.315740880601104e-17,1.477524439647495,shallow,91.9698864686402,29.857632961760924,121.82751943040084,2.8650276003447526,1.5056942323785467,1.4918664125591135,6.3686733312362644,44.37030792233557,2,2.4474154340484735e-16,2.303784743689057e-15,0.7549188138988737,0.24508118610112856,sample_0310,uniform,train,92.1314162012396
4.116043143534684e-17,5.575900668368215,medium,76.65705877556724,29.233176973192236,105.89023574875922,3.276301289558881,1.4030865982988898,1.1085189571926084,10.547037498748166,6.946558263115228,3,-4.21776559468007e-17,2.3485636400516666e-15,0.7239294372471493,0.276070562752853,sample_0311,uniform,train,116.23935937882551
4.287438872966535e-17,7.536520840440243,deep,28.060881238867637,6.53342725952301,34.594308498390625,2.7319369994366176,0.7878922458296997,0.7309097789515528,16.28004913997498,23.998528912399113,2,-1.81373640210246e-16,6.418529942153957e-16,0.811141556426054,0.18885844357394668,sample_0312,uniform,train,58.43990481025057
4.146017631335053e-17,6.740968934950173,deep,19.923493272809466,15.615183694384546,35.538676967193936,2.7810016546630485,1.244987103907679,1.2101170785100666,11.160645142642966,13.77478879663258,2,-2.5343748761223256e-16,2.1493018483699015e-15,0.5606143777158902,0.439385622284112,sample_0313,uniform,train,60.12052843187795
4.771287355047591e-17,4.060784212469815,medium,55.48617468971536,28.204944233912546,83.6911189236275,3.1944112146360335,1.2642034628631846,1.0238601172033575,4.223742416388576,9.571758397537831,3,1.7488677053815345e-16,4.8817852875750385e-15,0.6629876073272408,0.33701239267276406,sample_0314,uniform,train,150.3385071379833
4.1770623696268444e-17,3.8062406499473296,medium,46.34709603437107,19.81074538927305,66.15784142364394,3.9646840942059702,1.148896102404945,0.6576277875378322,8.392854103342914,32.85406565602042,2,1.9193009140600028e-16,2.6313278443666028e-15,0.7005533287820849,0.29944667121791774,sample_0315,uniform,train,161.2752011057794
4.1618439934561716e-17,7.70460343695584,deep,65.08057976136233,24.961808251713855,90.04238801307604,2.344841469618919,1.2862803972077987,1.1295666778572426,10.647065323364933,26.517700398201466,3,1.2631144182694648e-16,1.6571525678322974e-15,0.7227771408273986,0.27722285917260303,sample_0316,uniform,train,94.1573511603678
3.852426347733306e-17,5.8801690632037555,medium,32.78181684694286,14.106988023109313,46.88880487005209,2.281190664285087,1.0671206743801722,0.9922167458854172,15.499677415998052,26.00197021380696,2,2.423543846094526e-16,1.7426849508932844e-15,0.6991395267547249,0.3008604732452768,sample_0318,uniform,train,75.72680697003891
4.1094917188410064e-17,6.656986088858064,deep,212.39465713385755,40.17829605885958,252.5729531927168,4.364717233682333,1.2404389104204163,1.159548244206593,8.24378553820998,7.747638047959619,3,1.2436143391150197e-16,1.322212380960817e-15,0.8409239962118881,0.1590760037881133,sample_0319,uniform,train,235.53466310900333
4.4527582975479357e-17,6.299332744611733,deep,84.30529531771072,11.218660377780699,95.52395569549131,2.730134099646048,1.036568043650061,0.725944943180654,5.455272678794343,7.110600341131473,3,1.9310242375057756e-17,1.097159898389358e-15,0.882556576556114,0.11744342344388713,sample_0320,uniform,train,63.64912093914285
4.0194970195429065e-17,5.44029925894921,medium,23.094531634459962,15.345317914813545,38.43984954927339,2.1256032711653194,1.6329556759033919,1.6329556759033919,nan,40.228629610055044,1,1.0867726872918489e-16,3.0499482379642313e-15,0.6007966187499427,0.39920338125006033,sample_0321,uniform,train,40.228629610055044
4.59506013901653e-17,6.659800118841359,deep,18.859152305643484,11.0906799612154,29.94983226685886,2.146822199017461,1.2070679295513989,1.1052873780941987,31.936812614911965,24.12909947809928,2,5.310932049961879e-16,8.303550928104002e-16,0.6296914165530128,0.3703085834469881,sample_0323,uniform,train,49.888240321086705
4.66757707226727e-17,6.726877170169942,deep,32.808087904745435,11.40050295536982,44.20859086011512,1.8058350974035433,1.667904870830026,1.667904870830026,nan,24.667371691123876,1,-3.48476968165618e-16,2.973413166041733e-15,0.7421201912668247,0.25787980873317823,sample_0324,uniform,train,24.667371691123876
4.218711701434191e-17,7.430205244334708,deep,15.340949548604998,6.43599529009327,21.776944838698242,2.6712425614243682,1.0785529623127554,1.0785529623127554,nan,37.291814473850586,1,-1.6598855372376584e-16,1.2235578860288161e-15,0.7044583003830592,0.295541699616942,sample_0325,uniform,train,37.291814473850586
4.5418603844705653e-17,7.895424486110344,deep,180.82959846811326,10.412514910653591,191.24211337876682,2.0042978259324276,1.7014726284747579,1.7014726284747579,nan,20.24496359697198,1,1.393991528822467e-16,1.8577046739512506e-16,0.9455532323571905,0.054446767642809736,sample_0327,uniform,train,20.24496359697198
4.547426314341714e-17,1.511227249555774,shallow,99.57918646848911,44.03971905266239,143.6189055211512,3.1314636773497226,1.4396780157102045,1.1009298534390013,5.8034472514187625,5.334175968257156,3,-1.6609425206174618e-16,2.176863850897407e-15,0.6933570904690106,0.3066429095309916,sample_0329,uniform,train,126.78412110486407
3.854761096997802e-17,8.024975844084686,deep,84.86877562625746,30.02707389025754,114.89584951651474,3.7223772106985726,1.4202064418354432,1.4202064418354432,nan,136.1982323799364,1,1.5018142165186943e-16,2.2263239790647868e-15,0.7386583238940995,0.26134167610590275,sample_0330,uniform,train,136.1982323799364
3.110211192822276e-17,7.688659627554214,deep,16.043330924255518,15.118001969649015,31.161332893904447,3.3404717731089906,1.029726396816194,0.7868522759392504,11.568923891183655,5.9448913645560095,2,1.9531884702620577e-16,2.7362477908604148e-15,0.5148473904784027,0.48515260952160005,sample_0331,uniform,train,103.36869948980755
4.1845864519742513e-17,3.20777146324464,shallow,68.21153302461585,20.212363616802143,88.4238966414178,3.494192147256815,0.9680187338476866,0.6641868732445394,6.788225099390854,27.7100710643102,3,4.626018702791627e-16,2.1696232120737147e-15,0.771415144723056,0.22858485527694627,sample_0332,uniform,train,149.430885857926
4.214327736548653e-17,1.3972207688719698,shallow,40.26084351478213,22.391089667193864,62.65193318197593,3.3500406813493426,1.1148415018026676,0.8325939934764548,12.782800945019838,10.02798753054279,2,5.551571848786977e-17,1.0774058591479946e-15,0.6426113524357234,0.3573886475642776,sample_0333,uniform,train,90.43997191550027
3.775898568792866e-17,3.3248959022804545,shallow,14.258465894753076,5.595939011144213,19.854404905897226,2.550222326981662,0.8765452398927842,0.8765452398927842,nan,48.93714146681143,1,-2.505693063414425e-16,3.1761550193820407e-15,0.7181512597498189,0.28184874025018436,sample_0334,uniform,train,48.93714146681143
4.958603595686363e-17,4.428614902259055,medium,49.63164553430151,22.710440176244134,72.3420857105455,3.0924202457426837,1.7891072888013757,1.7891072888013757,nan,68.91505436607018,1,2.560826327550354e-16,1.9643965992440898e-15,0.6860687668432343,0.3139312331567677,sample_0336,uniform,train,68.91505436607018
4.38746450042335e-17,7.512929167447691,deep,13.726195750350318,5.946122667997299,19.672318418347576,2.8165645200044813,0.745844272056944,0.6199592678069322,15.56663097783204,25.760938127423767,2,3.122282680710139e-18,2.0768374340718698e-15,0.6977416417552722,0.30225835824472985,sample_0337,uniform,train,65.74107435750183
4.213597058057328e-17,5.917776875131764,medium,26.0015985196512,4.255509706713575,30.25710822636475,2.672813102858872,0.8213436177679448,0.8213436177679448,nan,42.19887003769016,1,2.752064541626261e-16,8.219224244944112e-16,0.8593550422969541,0.14064495770304664,sample_0338,uniform,train,42.19887003769016
4.374565943143199e-17,6.108849366076332,deep,188.4845251250934,59.471982523052866,247.95650764814553,3.9845867467536293,1.3061820964561928,0.8787456702469951,9.985990186255941,40.33833562915351,3,3.3347642927017163e-16,2.9515620492260823e-15,0.7601515560646471,0.23984844393535584,sample_0339,uniform,train,249.3311715387576
5.0075490206252716e-17,3.994773502977048,medium,43.34377969269705,25.1274487580045,68.4712284507015,2.0111466271446337,1.490064535161159,0.9212303254528549,11.899579824514813,12.451385635192088,3,2.1185938833488287e-16,6.74520946526604e-16,0.6330217913923375,0.3669782086076632,sample_0340,uniform,train,43.86033071333365
4.245227695961626e-17,4.365954133390714,medium,21.804760912813666,11.860303796616524,33.665064709430105,4.15022744309918,0.9461920180464508,0.9461920180464508,nan,133.29939129558738,1,2.133956361405548e-16,2.5327480884754675e-15,0.6476969850203739,0.3523030149796287,sample_0341,uniform,train,133.29939129558738
3.7122902683021654e-17,6.097651714072813,deep,26.19370942027424,10.499147946523943,36.69285736679812,3.6660407640660235,0.7156436480914188,0.647016592543592,4.837354648979131,6.563744897455131,3,-8.955316400856514e-17,1.5975800171193788e-15,0.7138639860731005,0.2861360139269011,sample_0342,uniform,train,142.23831146129265
4.417584359842219e-17,6.1121302673074736,deep,41.89207440087009,22.134658966869313,64.02673336773937,3.0549251381706264,1.7943914977547983,1.7943914977547983,nan,46.9242485577876,1,8.3669786162676535e-16,4.993917607128026e-16,0.6542903596262168,0.3457096403737837,sample_0343,uniform,train,46.9242485577876
4.447505781112179e-17,2.6782167963655548,shallow,46.89813125055488,21.745895604626362,68.6440268551811,3.2187825619636157,1.2392469891687232,0.6797380608030003,14.950585272824606,33.32954996580647,2,-1.9935714028004806e-16,2.17373573995621e-15,0.6832077516299602,0.316792248370042,sample_0344,uniform,train,101.4058075297041
4.5605457782965665e-17,1.4028635024769542,shallow,71.83417565256583,7.530258375717143,79.36443402828291,1.7239089901937192,0.9700558596387996,0.7140070419019483,4.498888751680798,6.201633780817243,3,2.8463202840738053e-16,7.609974578548029e-16,0.9051179729570863,0.09488202704291449,sample_0345,uniform,train,40.67142014828572
4.9432201220581886e-17,4.828682783426087,medium,76.27176902246966,8.415438795877524,84.68720781834712,2.1259310472072386,1.0313482053451581,0.9459550420318372,6.3843558798049465,5.641447357168797,2,2.5075769723655874e-17,7.131671251832671e-16,0.900629162152465,0.09937083784753564,sample_0346,uniform,train,45.8886900564068
4.1128037103327923e-17,2.5676591264384765,shallow,74.0809531759931,17.550973515823316,91.63192669181619,2.724657613009972,1.0858629002101088,0.6382712138492559,14.452681412111733,42.52613971432415,2,2.6842526760418596e-16,2.4813804931544587e-15,0.8084622450987861,0.19153775490121636,sample_0348,uniform,train,88.60143820115373
3.6403708363320237e-17,5.744462584716339,medium,10.853827945901697,14.068506590405038,24.922334536306714,3.769962953814583,1.0000214446866935,0.8334250913322843,19.81716427746412,17.457759230651007,2,4.818576483768847e-16,8.553083998511282e-16,0.4355060690678838,0.5644939309321171,sample_0349,uniform,train,147.08785768631998
4.7415403880923495e-17,6.999924262813361,deep,155.0666246578566,58.68782374869185,213.75444840654802,3.8726200594098406,1.4316838181051816,1.1943470537487575,5.18844870842914,43.9809671681752,3,1.984226542381781e-16,2.027705491252755e-15,0.7254427957584736,0.2745572042415284,sample_0351,uniform,train,217.12494029202367
4.306457847310956e-17,6.353390787585608,deep,21.922634960548862,2.8275346921473874,24.75016965269623,2.1379834374615885,0.780184977332173,0.780184977332173,nan,29.527650618131275,1,-4.1345057718688206e-16,8.253722677362532e-16,0.8857569571512274,0.11424304284877344,sample_0352,uniform,train,29.527650618131275
4.2801492942662946e-17,5.487194810104462,medium,67.96812932797039,35.26990587740481,103.23803520537506,2.5525215894941673,1.5616136319773453,1.4254684136304467,3.376388603226828,7.351908813404573,3,9.403951936177268e-17,1.3765134804175468e-15,0.658363259168571,0.3416367408314304,sample_0353,uniform,train,82.92834216455311
4.411814497444755e-17,3.0655806096216365,shallow,88.81124464700949,9.652092982518601,98.46333762952797,3.4865714852650442,1.1265310597481673,0.7196489533922419,8.34026378479722,2.283366593949126,3,1.7822986567941916e-16,1.2087332311201823e-15,0.9019727218791339,0.09802727812086734,sample_0354,uniform,train,86.72389839484761
4.413626688944171e-17,6.305936505866825,deep,130.64569227471932,21.58170627407769,152.22739854879669,3.043276581640364,1.3064163591952747,1.285839092306118,3.521363372331801,4.937818492449666,3,-1.6245316708564842e-17,2.1471145244912927e-15,0.8582271885362389,0.14177281146376317,sample_0355,uniform,train,85.4080609235488
4.2844280004254305e-17,5.751801695369222,medium,112.04773072512572,33.88163237619591,145.92936310132143,2.3118957135447338,1.301180179548049,0.6068727069720181,7.12460525222275,21.243296726577448,3,1.9944680082762208e-16,1.3633443042898232e-15,0.7678216936185004,0.23217830638150097,sample_0357,uniform,train,100.11518590443754
4.412423480042306e-17,6.582743003850068,deep,58.000895151494866,22.443679408770105,80.44457456026493,3.7059599466484308,1.1235630953498177,0.7005701066701662,4.223742416388575,16.681636437619662,3,3.78761344938431e-16,5.74125453169087e-16,0.7210044365147781,0.2789955634852225,sample_0358,uniform,train,164.87875813959207
4.259463487893857e-17,6.034034914300803,deep,15.543616588097104,10.240985259034924,25.784601847131967,3.4647801543554575,1.067727663492501,1.067727663492501,nan,73.5766909755191,1,2.0055989506809195e-17,2.342333339008933e-15,0.6028255421685337,0.39717445783146865,sample_0359,uniform,train,73.5766909755191
4.5656427248137724e-17,7.741052524620206,deep,85.17622093339816,5.475908860528532,90.65212979392652,2.6856956672507817,0.933697763650194,0.933697763650194,nan,45.3000369948739,1,5.554485661208279e-18,1.8615547161069556e-15,0.9395942613485597,0.060405738651442095,sample_0360,uniform,train,45.3000369948739
4.5292566680147663e-17,2.936095128719579,shallow,51.33239075319875,4.375631067864889,55.70802182106361,2.077103320485053,0.6413446695478567,0.6283984561614051,8.32586331859946,28.83800333117192,2,1.0297989856559365e-16,5.420775192269733e-16,0.9214542013012137,0.07854579869878688,sample_0361,uniform,train,66.37529278900476
4.189396075768293e-17,3.0275279975189155,shallow,43.796646111886,14.691832331311172,58.488478443197096,2.703313417804178,1.2777681320765648,0.7369096486933755,10.6,9.468167493363696,3,-5.760525778001321e-17,1.2755843414061013e-15,0.7488080948185457,0.25119190518145557,sample_0362,uniform,train,58.206835757313826
4.370931634791211e-17,7.128918574017492,deep,39.26685675907055,10.95011388959747,50.21697064866795,2.173782979048808,1.1101292353239158,0.9383591205990595,6.979971346646059,14.668704672704989,2,-2.3153775918917397e-17,1.3088245310064852e-15,0.7819439574281077,0.21805604257189357,sample_0363,uniform,train,57.695317728190496
4.0020582292575583e-17,2.2068944726972957,shallow,22.176822610424118,8.262618201769126,30.439440812193133,2.339110180583047,1.0647324791844994,1.0647324791844994,nan,53.60936298239096,1,-2.9981805571413814e-16,3.6181388719433725e-15,0.7285555193754001,0.2714444806246036,sample_0364,uniform,train,53.60936298239096
4.330887721905132e-17,3.5038856720848917,medium,158.55745677387554,22.155659808880525,180.71311658275582,2.2168677472035387,1.5849855220388833,1.5771643488154172,6.499230723708769,8.404247245925363,2,1.1573530991110227e-17,1.395818277968348e-15,0.877398717769696,0.12260128223030538,sample_0365,uniform,train,54.04028851439368
4.177537246534851e-17,6.372834802697057,deep,97.79846577987418,25.546313866948257,123.34477964682239,3.6243498421823603,1.416010016504288,1.3131612513115614,5.6780278266313555,3.8625990914156993,3,6.08843871129083e-16,3.744404745515011e-16,0.7928869471403986,0.20711305285960177,sample_0366,uniform,train,91.18292748090074
3.506331548937665e-17,1.654799205686665,shallow,20.2496897708756,21.741808930882875,41.991498701758395,2.988253149008424,1.2822328540403227,1.2384000923476934,17.85945127936466,35.21768900822321,2,2.730517647372252e-17,1.9459275600703866e-15,0.48223308043129326,0.5177669195687087,sample_0367,uniform,train,88.2432579261301
3.974626007007444e-17,5.800917152192529,medium,35.01615801394179,14.979467539446706,49.995625553388386,2.778891646874512,1.187015586289113,0.6366386337543084,16.9008875506584,19.732619070075888,2,-5.4913741545483906e-17,2.2028752080561044e-15,0.700384436165308,0.2996155638346942,sample_0368,uniform,train,84.30648614260201
4.8911856461243837e-17,6.993449456140952,deep,108.34825996090397,46.68039009871001,155.02865005961354,3.0883972162262308,1.5618826356555762,1.2297384282113448,8.901685233707154,5.056078268108864,3,-1.4716845877621667e-16,2.8874786909176483e-15,0.6988918494693759,0.301108150530627,sample_0369,uniform,train,118.33640391951607
4.533213311498594e-17,8.297417328559643,deep,46.39910745692989,5.969807613656552,52.36891507058628,2.402646546712942,1.0583689155271376,0.8062376444525536,5.102940328869229,3.248539221509018,2,-2.785708945509281e-17,3.035845537606295e-15,0.8860047490842632,0.11399525091573982,sample_0370,uniform,train,30.178430100073683
3.978641781342935e-17,3.9732806979055546,medium,23.139993689507754,12.560486358822978,35.700480048330625,4.148457316966737,0.9062591313896022,0.9062591313896022,nan,159.7327801602447,1,3.0492560539379824e-16,2.9854335353397816e-15,0.648170379170848,0.35182962082915503,sample_0371,uniform,train,159.7327801602447
4.133368079716188e-17,4.01177273986082,medium,72.17088825511857,7.944342537188562,80.11523079230709,1.7261222727468626,0.9860369736182708,0.628760578054464,6.587867636800244,3.815302686507446,3,1.3439170953505994e-16,5.432268263462974e-16,0.9008385489422898,0.09916145105771076,sample_0373,uniform,train,37.47028498069047
4.3030957279991156e-17,3.9649159525679982,medium,68.27815241256441,16.69302432684569,84.97117673941,2.4048913763812094,1.26281167060809,1.1480307022347425,13.004614565607088,27.69916979138033,2,8.085447575966041e-17,1.2125134738475308e-15,0.8035448611234391,0.19645513887656207,sample_0374,uniform,train,65.54948927801578
3.9665013039607924e-17,5.48553690756996,medium,14.668680226057466,10.966542452436256,25.635222678493673,4.226045911132777,0.8676597613916539,0.8676597613916539,nan,121.06473891567124,1,4.792498379457596e-16,1.94022077073409e-15,0.5722080283844603,0.4277919716155417,sample_0375,uniform,train,121.06473891567124
4.4246194367136023e-17,6.78025293461559,deep,104.23674843209851,26.26649789361355,130.50324632571176,2.1674440449097645,1.2261381162373048,0.7938458037670799,6.066300355241242,14.955654352828795,3,3.2831757674619067e-16,2.3139705041846637e-15,0.7987291608972166,0.2012708391027858,sample_0376,uniform,train,79.15188816725839
3.666380149715582e-17,5.639638345772021,medium,12.900189116993872,7.114307314353498,20.014496431347332,4.099740971476084,0.702061413014524,0.702061413014524,nan,135.54966304856865,1,-2.547725277346004e-16,1.863823741724491e-15,0.6445422777057329,0.35545772229426903,sample_0377,uniform,train,135.54966304856865
3.782006420441082e-17,7.69086561672981,deep,88.48030220070459,34.31060813797032,122.7909103386747,3.3504760501478827,1.6778483546539744,1.6108470171611207,11.542963224406462,15.671472762934071,2,1.7095523612377014e-16,1.6202499473624748e-15,0.7205769706948454,0.2794230293051563,sample_0380,uniform,train,116.78358688148633
5.046786769995977e-17,3.9915289461981875,medium,36.39590209965013,9.369160518174505,45.765062617824555,1.567692071916123,1.0683574771931645,0.8179581594861167,6.27694193059009,6.7287181110902905,3,-1.3145823585518475e-16,1.7466611690350405e-15,0.7952770086558272,0.2047229913441746,sample_0381,uniform,train,29.70682140596636
4.258263575593614e-17,6.42910458453048,deep,23.31012543815338,13.25191701055384,36.56204244870713,3.127573583964547,1.191059464448211,1.191059464448211,nan,55.77450537902175,1,-1.5178258391981153e-16,2.4292363342287298e-15,0.6375498707670706,0.36245012923293185,sample_0384,uniform,train,55.77450537902175
3.711270179091069e-17,3.1696100651879373,shallow,97.44610693774747,28.830835674038678,126.27694261178601,3.1630305573125455,1.311894036103861,1.2186798780663772,4.551922670696415,14.007260496691734,3,4.057810510281985e-16,1.09723779026851e-15,0.7716856689928473,0.22831433100715381,sample_0385,uniform,train,117.01398751476675
4.9129932645192817e-17,7.360283149055318,deep,76.90837357537485,13.95781477281466,90.86618834818945,2.8594283081864984,1.2070047333790683,1.125543460420724,8.513518661517109,2.687226354355858,3,4.567576881325358e-16,6.451219839395441e-16,0.8463915453421491,0.15360845465785156,sample_0387,uniform,train,63.86722303620847
4.3249964839674406e-17,7.253281426067483,deep,13.521804995878767,2.9900081318254004,16.511813127704134,1.6371973780855043,0.9858687558116448,0.9858687558116448,nan,18.381956359016247,1,-8.848982109117383e-17,2.0709336336347824e-15,0.8189170317820144,0.18108296821798775,sample_0388,uniform,train,18.381956359016247
4.2854402152603794e-17,6.408713213025765,deep,171.35954813882887,53.26205629710129,224.62160443592958,3.4081154251117423,1.6903510427848234,1.584811935403447,8.084553172563098,60.68357389384042,2,-6.431409713066046e-17,2.562262955119468e-15,0.7628809729551503,0.23711902704485224,sample_0389,uniform,train,158.93953250080386
4.4387409987726104e-17,4.510916894679869,medium,74.66718505277679,10.822425092720797,85.48961014549747,2.449604053024467,1.3612738906570372,0.9429455486025503,6.867313885355758,7.597062082323323,2,7.35807049980121e-18,1.3921681013313764e-15,0.8734065452596912,0.1265934547403102,sample_0390,uniform,train,42.744207932255875
3.9757964051163577e-17,5.798552137800812,medium,36.68173259632399,22.64082496261067,59.32255755893462,2.684201127287034,1.0983894524772282,0.7733894383681925,2.8635642126552723,8.970239145883653,3,6.44009587009002e-16,6.587688069244355e-16,0.6183437482425153,0.3816562517574854,sample_0391,uniform,train,101.4662414626005
3.959266437229663e-17,7.799372947938538,deep,36.82147269655458,14.567715429433225,51.389188125987715,3.4068118526229996,1.2244487938882647,1.2244487938882647,nan,77.340421832017,1,2.1617603576716855e-16,1.7283371309985142e-15,0.7165217828754491,0.28347821712455257,sample_0392,uniform,train,77.340421832017
4.7681134581504376e-17,4.0691612659551275,medium,46.288309367621984,21.907809496575265,68.19611886419708,3.643012753440088,1.2832027492379918,1.2832027492379918,nan,98.62731096355992,1,-6.386476150014337e-16,2.552681489219147e-15,0.6787528401696672,0.32124715983033536,sample_0393,uniform,train,98.62731096355992
3.593387872167976e-17,4.489689100840089,medium,10.551132005199168,5.596996974544161,16.148128979743298,3.6166472702669106,0.6939294590471353,0.6939294590471353,nan,94.78014908695782,1,1.8803813153618233e-16,1.9250678966275233e-15,0.6533965649168908,0.3466034350831111,sample_0394,uniform,train,94.78014908695782
4.592908686312175e-17,1.6628176740884613,shallow,55.46388025556243,22.473524664387064,77.93740491994937,2.912416244458286,1.186521493648275,0.6238181587485033,13.469966592386188,42.30634871347257,2,2.0671812583177077e-16,1.5498625493533497e-15,0.7116464849263351,0.2883535150736664,sample_0395,uniform,train,87.7651415453733
4.5235250812686946e-17,2.3463777866350695,shallow,181.8600275166031,15.101444324698713,196.9614718413015,2.2271951959697254,1.345126386591429,1.0357455509438396,6.102458520956945,5.635249693627418,3,2.5966255140912713e-18,1.7045538881693447e-15,0.9233279271142626,0.07667207288573907,sample_0398,uniform,train,41.32677993876163
4.193190556444392e-17,2.0558214823181924,shallow,67.06887188604802,17.194055339264192,84.26292722531218,2.81963451864657,1.3065317087709991,0.9772089477976623,13.741906709041507,18.138495938258796,2,1.059953895187095e-16,2.951356731900121e-16,0.7959475666767585,0.20405243332324183,sample_0399,uniform,train,56.84834770214749
4.078455481985989e-17,4.02134858121597,medium,45.256964593149185,10.757393619805873,56.01435821295498,2.118152183044804,1.1551656712175808,0.794088262158856,9.693296652842108,14.200164145669786,2,1.6938685587579128e-16,1.363638655000154e-15,0.8079529255890353,0.19204707441096605,sample_0400,uniform,train,48.34571471863571
3.660555467795124e-17,7.699359647872701,deep,73.26838590755432,22.34160093595344,95.60998684350763,2.7729794297213823,1.3154044233663595,1.221060771052291,7.8993670632525985,14.41635457087501,3,4.3933694415486335e-16,1.3748606234071943e-15,0.7663256562044971,0.23367434379550425,sample_0402,uniform,train,88.65697072324932
3.9534734086239367e-17,1.6781221119987324,shallow,54.97014023942799,22.00206145242716,76.97220169185502,2.2320285822317043,1.3648336183811034,1.306129949229378,10.63202708800161,4.941728751484418,3,8.014392152494008e-16,1.7077646634282028e-15,0.7141557475449578,0.28584425245504386,sample_0404,uniform,train,64.27174357223923
3.839615867398076e-17,3.614871555841164,medium,22.67024063677863,19.325177950608893,41.995418587387434,3.511338517630296,0.9412885799016499,0.7154540285603935,15.285287043428399,50.0268618480192,2,3.479559388225211e-17,2.114941223533544e-15,0.5398265191619551,0.460173480838047,sample_0405,uniform,train,140.03460803783307
4.1176404548674685e-17,2.697413156086113,shallow,24.52777000360069,3.1170486805401705,27.644818684140816,3.0723023220073005,0.6336213646887338,0.6336213646887338,nan,66.38894668731015,1,1.773087222567606e-16,1.6064102822451362e-15,0.8872465500260884,0.11275344997391314,sample_0406,uniform,train,66.38894668731015
4.5737972142996634e-17,6.198645508219059,deep,60.12031510660654,30.20982134412043,90.33013645072674,3.9136426914790827,1.2563941083034313,0.901815601304711,7.315736463268752,6.058133751582805,3,4.2682069294606545e-17,2.5564711645044203e-15,0.6655620977546176,0.33443790224538494,sample_0407,uniform,train,180.17257809171042
4.557947127108637e-17,7.359431628172454,deep,80.57574367817448,20.119058101259363,100.69480177943373,3.0068933337346895,1.2452062209650796,1.2168447549840098,10.633908030446754,7.64300473276514,2,2.8532344513526183e-16,1.058459905382957e-15,0.800197649275591,0.19980235072441,sample_0408,uniform,train,81.87611922783242
4.1673941359745423e-17,6.281281187380876,deep,60.292248138616124,21.425212775616064,81.71746091423205,2.7809612172678855,1.7287635528704932,1.7287635528704932,nan,48.0519169060353,1,8.943060898777989e-17,1.6955474622326209e-15,0.7378135280279557,0.262186471972046,sample_0410,uniform,train,48.0519169060353
3.472375686331211e-17,4.1254737879167855,medium,18.675311223397564,10.28118717361918,28.956498397016706,2.0530314172636634,1.3122342867139292,1.3122342867139292,nan,36.24727772934972,1,2.0143252544053958e-16,1.3496055334795515e-15,0.644943700282546,0.3550562997174554,sample_0411,uniform,train,36.24727772934972
5.0758225911115e-17,5.650219327861971,medium,33.1530435640985,13.111490089091028,46.26453365318949,3.250795646318068,0.9748941226246599,0.9124371730669667,9.472064188971695,23.245513803660746,2,3.692432821439246e-16,9.214955988790544e-16,0.7165973791635296,0.28340262083647133,sample_0412,uniform,train,113.47675778094009
4.670954738653886e-17,5.5596029969498275,medium,96.01565227595668,33.140413047293286,129.15606532324963,3.4703045907945476,1.0626341607816407,0.6969036830259066,5.834380858325928,4.476322894565578,3,-5.583182080207607e-16,2.585670947558134e-15,0.7434080005120187,0.2565919994879839,sample_0414,uniform,train,91.4353226659619
3.9359650084150296e-17,7.464398847718975,deep,33.711305251543514,21.331218098739754,55.04252335028318,3.1970563308100655,1.5701687490195821,1.5701687490195821,nan,66.20174958938371,1,3.655233793812069e-16,1.549077387833335e-15,0.6124592987318064,0.3875407012681952,sample_0415,uniform,train,66.20174958938371
4.028655107559863e-17,1.7104895323016847,shallow,10.563414263110696,10.125580780218742,20.68899504332938,3.3677277703567814,0.8337848576732892,0.8145785557100242,16.4851448279959,17.39656634725716,2,-3.4431693549305596e-16,2.7475195746221453e-15,0.5105813134464735,0.4894186865535292,sample_0416,uniform,train,114.71689981024073
4.5707505584709694e-17,5.704402064596609,medium,26.343044556056075,10.338031954626794,36.6810765106828,3.9704926631019037,1.0790766799195939,0.6001785459232647,7.093659140387278,4.490987110091729,3,1.4342881635202248e-16,1.8886554956050333e-15,0.7181644341431492,0.2818355658568527,sample_0417,uniform,train,133.7960519778826
4.4600234981267636e-17,2.9274419256320914,shallow,39.44097108996131,24.610017865627455,64.05098895558864,3.4204301276864295,1.7519596689151764,1.7519596689151764,nan,56.6552897071388,1,-5.284967961443258e-16,1.996810580481421e-15,0.6157745841724427,0.38422541582755937,sample_0420,uniform,train,56.6552897071388
4.3207560849347985e-17,5.760247444392042,medium,45.37599158048042,15.572634835530945,60.94862641601134,2.222096295862874,1.0467168657241346,0.6286961651407531,13.512956745287093,20.613204965927352,2,3.8237012383016845e-16,4.080320954545805e-16,0.7444957212121854,0.25550427878781495,sample_0422,uniform,train,66.57291029763829
3.661272556071647e-17,6.1161461639571835,deep,23.618514796493113,22.420326229137196,46.038841025630255,3.3643479102696214,1.0827498861257259,0.6138680501487213,9.355212450821195,4.543216265696563,3,4.91068964920987e-16,1.1575162188018607e-15,0.5130128011551043,0.48698719884489683,sample_0423,uniform,train,91.35458956274083
3.080384739977253e-17,7.350809418287428,deep,22.588263919059624,11.783642113506971,34.37190603256654,2.072510416199739,1.5124492624567434,1.5124492624567434,nan,37.28883156920724,1,-3.9283985559144325e-16,1.55041460696174e-15,0.6571722818530283,0.3428277181469732,sample_0425,uniform,train,37.28883156920724
3.9414959277184486e-17,4.673694877779716,medium,28.581622322898912,8.536025299150193,37.117647622049056,2.9624871257629977,0.9356265052477724,0.7164086446576706,21.96269564511606,17.99789599883249,2,1.3453759880079552e-16,1.3400092594677546e-15,0.7700278480449964,0.22997215195500492,sample_0426,uniform,train,63.27818584725923
4.074531972640133e-17,3.7020380206431756,medium,26.841313771857084,10.460650624303705,37.30196439616075,2.0346496143251,1.5254336174735441,1.5254336174735441,nan,26.90172347466987,1,1.0805694135594413e-16,1.0952829956164676e-15,0.7195683714346071,0.28043162856539405,sample_0427,uniform,train,26.90172347466987
3.821192897072956e-17,4.39189375202556,medium,20.588408981902656,10.071581517196439,30.659990499099017,3.370294940751137,0.7478163636934251,0.690054211609622,5.264978632435273,7.1043983574302905,3,2.3298915357690964e-16,2.549240872592829e-15,0.6715073503531475,0.3284926496468551,sample_0428,uniform,train,146.6506473216515
4.6227762602330227e-17,8.344670081511593,deep,152.48540092782895,5.79368596615404,158.27908689398282,2.0600799749288594,1.0278483175897652,0.8352342410775025,5.744562646538029,6.214170954930004,2,3.0305878879080565e-18,1.0549564454808047e-15,0.9633957582151421,0.03660424178485891,sample_0429,uniform,train,29.917804377599065
4.304437552591242e-17,6.929934226097486,deep,66.1778305899354,23.291100881245608,89.4689314711809,3.252219639795599,0.9302238639570269,0.6863489798584296,8.14616474176652,15.390856887239169,3,-8.579748054523037e-17,1.2309761861668279e-15,0.7396738678079791,0.26032613219202216,sample_0430,uniform,train,161.50908348372718
3.9069713927199257e-17,6.639972469026689,deep,22.424378109435484,11.162519866165603,33.58689797560107,2.291091813919794,1.2480565172259586,1.2480565172259586,nan,50.375119579431804,1,1.5419152890065248e-16,5.288838643838649e-16,0.6676525508764011,0.3323474491235995,sample_0431,uniform,train,50.375119579431804
4.426832845295896e-17,8.001392602760708,deep,86.06962329292247,6.965100215556829,93.03472350847925,2.375867724313562,1.0048186978439193,0.9973201426418932,8.282511696339462,7.755104135411158,2,1.604911681434296e-17,5.918979489027977e-16,0.9251344019427116,0.07486559805728907,sample_0432,uniform,train,32.4784532228162
4.192519650443635e-17,2.449005575297371,shallow,80.03391838215485,24.776473482232106,104.81039186438673,2.696570140360912,1.1640789678388619,0.8034799484724543,7.934733769950948,14.186999096020577,3,1.9147614000176817e-16,2.1693810260477694e-15,0.7636067088243507,0.2363932911756515,sample_0433,uniform,train,126.42874524584404
3.340626426636883e-17,4.958235267518435,medium,73.17604545630248,17.54392066771913,90.71996612402155,2.702846151023214,1.2191666324197052,0.9819545579803605,5.9363288318623315,30.732679429904525,2,2.5146529207293983e-16,5.874198090986365e-16,0.8066145588752192,0.19338544112478137,sample_0434,uniform,train,85.55533675367184
3.734800080969101e-17,7.215076834562332,deep,16.259690466497748,12.264890985050776,28.524581451548492,3.0359671913869506,1.2054220752429345,1.2054220752429345,nan,66.85771848392126,1,3.3510156022386983e-16,1.1209427617199528e-15,0.5700238054015362,0.42997619459846487,sample_0437,uniform,train,66.85771848392126
4.1728650019202704e-17,1.6377392599668974,shallow,65.88730289410668,12.714350672808495,78.60165356691503,2.358679363454711,1.0820827290251858,0.892223755583583,13.682105101189656,8.577322772760155,2,9.033440399506711e-18,1.8305582320724136e-15,0.8382432163213412,0.1617567836786606,sample_0439,uniform,train,63.543474368838226
3.67207453521136e-17,7.940281432964003,deep,65.22915469718386,15.97005682484645,81.19921152203007,3.7498269986041173,0.8467030783714342,0.8250536786893854,4.78748368143433,86.53916788418923,2,1.0275891399616799e-16,2.9533313048732217e-15,0.8033225135380361,0.19667748646196684,sample_0440,uniform,train,202.92517250199296
3.6817703731185286e-17,6.642909964702906,deep,63.67218793513498,25.813802573880402,89.48599050901527,3.385556192583928,1.7011600798489694,1.7011600798489694,nan,66.99424394030656,1,3.7010024847341368e-16,1.270442860105154e-15,0.7115324708700668,0.28846752912993445,sample_0441,uniform,train,66.99424394030656
3.80101014448376e-17,6.575342504871152,deep,58.75020393822591,24.335119460914655,83.08532339914044,3.4023864431955544,1.4983404872269586,1.4983404872269586,nan,98.67641805952445,1,1.8513463070204678e-16,1.5393536090892944e-15,0.7071068816328843,0.29289311836711723,sample_0443,uniform,train,98.67641805952445
4.273170959123116e-17,3.420229934201476,shallow,89.47353661534746,20.826277985075226,110.29981460042252,2.4940532661788786,1.3609586207132918,1.097568375004395,12.44668630600129,12.5104986123216,3,1.791506777757111e-16,1.449432314326031e-15,0.8111848323542397,0.1888151676457618,sample_0445,uniform,train,57.01485994225257
3.475786407052728e-17,7.370200345874171,deep,16.070051218916852,12.156241461944996,28.226292680861782,2.650458737564862,1.1699560749628,1.0889058635929119,12.039933554633924,13.243810990538917,2,6.678653665745005e-17,2.328509939329468e-15,0.5693291499741586,0.43067085002584377,sample_0446,uniform,train,56.43029305571854
3.918625669026146e-17,2.7125221849450294,shallow,18.680331724328344,8.02897386256187,26.709305586890178,2.968330188802529,0.9247275217503217,0.8579388337107141,15.60256389187367,15.548002072179868,2,1.4076094368454155e-16,1.3301407882892664e-15,0.6993941367572385,0.30060586324276284,sample_0448,uniform,train,54.41724581984804
3.804974419359093e-17,4.166388560354078,medium,14.895811751296966,13.114767586580722,28.010579337877637,2.874450381956014,1.189486042838528,1.189486042838528,nan,62.23589242784294,1,-2.375392929973275e-16,1.839103280271907e-15,0.5317923478702894,0.4682076521297124,sample_0450,uniform,train,62.23589242784294
4.693731927720168e-17,8.331135424080578,deep,105.54233420404552,26.839068574868026,132.38140277891324,3.394128556294429,1.0444229634357578,0.8248250289567591,4.551922670696415,33.482244786632556,3,-2.1507437858403465e-16,2.281141129788243e-15,0.79725952428763,0.20274047571237225,sample_0451,uniform,train,169.66432201518035
5.183655189697122e-17,4.863613467754334,medium,116.60303244976826,37.5565075234575,154.15953997322535,3.4075862034368747,1.2781053815307362,1.077989613536898,6.212889826803629,20.595063331856515,3,4.47528184812036e-16,2.673300574278016e-15,0.7563789595507359,0.24362104044926683,sample_0452,uniform,train,175.7257580795212
4.243755956471782e-17,6.618116492153058,deep,66.15322108687837,22.56028961274634,88.71351069962462,2.247650015995012,1.3894073154868714,0.9911983931674524,8.515867542417508,9.674751595085128,3,1.9493762345296387e-16,1.0812701309093769e-15,0.7456949969082701,0.25430500309173093,sample_0453,uniform,train,48.97928183798646
3.8138425327870334e-17,1.3840568041315902,shallow,39.27778211882624,22.357618362126313,61.63540048095239,3.3663680698230363,1.4022909898610383,1.2690897725318926,16.09223415191315,9.247961943760021,2,-7.114950342105329e-16,2.5938359173220416e-15,0.6372601104614307,0.36273988953857195,sample_0454,uniform,train,103.14666280893995
4.201118187442973e-17,5.5293215443618875,medium,16.299323231338985,2.51269818690289,18.812021418241837,2.523957580577983,0.725143013913631,0.725143013913631,nan,29.465939456213647,1,1.2730134373091353e-16,1.9829604059047273e-15,0.8664312499417892,0.1335687500582128,sample_0455,uniform,train,29.465939456213647
4.315547351235688e-17,3.0884125953823,shallow,46.12795100454755,21.83699558681386,67.96494659136123,3.7126743429307316,1.228144960515047,1.0527045562445438,4.651881339845203,37.07757176511038,2,-4.2648784556392875e-16,2.665909512269899e-15,0.678702085677953,0.3212979143220496,sample_0457,uniform,train,111.42558312565174
4.411051427994639e-17,3.429665753787086,shallow,39.25126597873691,15.440827027996948,54.692093006733764,2.238349423296951,1.0263234881200278,0.7427171992248245,10.465180361560902,12.926784145505048,3,1.4546503873303227e-16,1.7213989685240567e-15,0.7176771599123888,0.2823228400876129,sample_0459,uniform,train,77.20219023792723
4.381940126587483e-17,1.3767447521641905,shallow,83.31154301741462,33.91686928702158,117.22841230443602,3.6005844146715216,1.222453847686249,0.7819733514204177,11.158852987650656,56.12382623492895,2,-3.8273051334453504e-17,1.5759073049446674e-15,0.710677056693892,0.2893229433061096,sample_0460,uniform,train,162.39614846963093
3.8744947982788604e-17,3.056161300022751,shallow,17.698650679671758,8.022427281250543,25.721077960922234,3.7955962268666776,0.7618810520165843,0.7618810520165843,nan,137.13964120226115,1,2.1718485136147956e-16,2.6243674545741797e-15,0.6880991032553586,0.311900896744644,sample_0461,uniform,train,137.13964120226115
4.259869141104326e-17,3.2252304931647213,shallow,39.39490552430759,21.218430370212417,60.61333589451991,2.928213927438784,1.5296589026363163,1.309167815174133,11.776247280012424,10.613881547645882,2,-1.5532115932302727e-16,1.5239312320568764e-15,0.6499379211344365,0.35006207886556506,sample_0462,uniform,train,65.74877514630037
4.4341183856025604e-17,7.977180327205847,deep,73.78743278393367,9.444196374653655,83.23162915858717,1.8960045304249185,1.3843620701065467,1.0489175526729457,7.238784428341543,6.559807574887276,2,-1.0031622862894487e-17,1.856782650900175e-15,0.8865311604479253,0.11346883955207646,sample_0463,uniform,train,18.593740342794536
4.4149023572429694e-17,5.970371811051393,medium,68.52641731962662,26.86244123954834,95.3888585591748,2.171273495282337,1.4869982148179044,1.2946571458449285,5.786190456595772,9.086695725504924,3,2.1330661025058017e-16,1.5642704689359045e-15,0.7183901595500907,0.28160984044991094,sample_0464,uniform,train,58.06312539833861
4.7848742149416577e-17,6.609108076385523,deep,25.99955029684303,16.63841685176135,42.63796714860429,3.0009883536142947,1.630401433553656,1.630401433553656,nan,45.66454407262227,1,-2.5460122695867966e-16,2.083069337251926e-15,0.6097746219051181,0.39022537809488395,sample_0465,uniform,train,45.66454407262227
4.090117027029073e-17,4.001609921767601,medium,219.98473932662847,50.92563578604729,270.9103751126752,4.15701917897956,1.4272563958117406,1.2894993540826114,3.458323293158116,5.413831979803891,3,6.85039494404391e-17,2.1244650217855505e-15,0.8120203563083692,0.18797964369163286,sample_0466,uniform,train,244.35190812074995
3.8327033909208595e-17,6.405902089454542,deep,8.56647442332933,6.146883301154663,14.71335772448394,3.171388999048847,0.8197766151581882,0.8197766151581882,nan,58.06068224914147,1,-1.3261061665226578e-16,3.6219268354584e-15,0.5822243014641169,0.41777569853588675,sample_0467,uniform,train,58.06068224914147
4.193156906067697e-17,6.986001943703111,deep,69.15813714147669,22.292018510172845,91.45015565164938,2.177571589960483,1.3986236688442812,1.1703901223336923,3.3763886032268227,2.6891865020360997,3,1.2908498685124526e-16,1.6316426521787975e-15,0.7562385941136379,0.24376140588636372,sample_0468,uniform,train,52.79840536353896
4.744332624501746e-17,7.467171327706508,deep,55.308110636903294,32.65743509377417,87.96554573067719,3.074394250172322,1.2815024040638108,0.8704013762712346,7.787168933572713,23.181927036416827,3,-1.265612150594642e-16,3.0694544931888694e-15,0.6287474280696139,0.37125257193038913,sample_0470,uniform,train,107.8868613003063
4.382819570290497e-17,3.031432459983958,shallow,94.5816870189024,9.198773953621265,103.78046097252346,2.4913195636934766,1.22375697089414,0.6953417218257123,14.294054708164508,7.103904547928178,2,-2.1903344412849201e-16,2.00262889817819e-15,0.9113631422772684,0.08863685772273357,sample_0471,uniform,train,38.89088740532125
4.805817240865908e-17,6.893830367077106,deep,17.597564458114064,12.594487390021651,30.192051848135648,1.790999988277989,1.5880433776488507,1.3990301789413746,19.515122341404883,7.316857640691878,2,5.28826772717929e-16,2.235739400446801e-15,0.5828542076778631,0.41714579232213916,sample_0474,uniform,train,20.774632191386146
4.2539953070822154e-17,4.657009202565125,medium,24.434055507293195,3.71454991086037,28.148605418153515,3.0372713420407234,0.7564311773213741,0.7564311773213741,nan,41.840293201831074,1,-2.7715881943058422e-17,1.7669788880954697e-15,0.8680378705914594,0.13196212940854232,sample_0475,uniform,train,41.840293201831074
4.2071430688732436e-17,4.767612845276568,medium,45.11395111499955,13.514907121197027,58.62885823619651,3.6029041936614457,0.8011652624352181,0.6829087751493348,16.533602148352312,76.68498039904459,2,6.433130805121404e-17,1.211933435404039e-15,0.7694837060147102,0.23051629398529105,sample_0476,uniform,train,153.90134315221712
3.9892456603891157e-17,7.316637755613118,deep,12.505626106062822,9.86995634044395,22.375582446506733,2.3703233812195585,1.1567487876168534,1.1567487876168534,nan,55.7842258818689,1,-1.2599290635248205e-16,1.7465400313146548e-15,0.558896115261357,0.4411038847386448,sample_0477,uniform,train,55.7842258818689
4.2159676437538714e-17,3.4544436049537532,shallow,53.857989603456815,28.141076264304502,81.99906586776115,2.9887954596423207,1.2903308311608739,1.145686305159385,8.676404785393547,48.343942095809815,2,2.354423009624155e-16,2.079660966594864e-15,0.6568122335724277,0.3431877664275744,sample_0478,uniform,train,110.90528086081697
3.1657555291456805e-17,6.537445201454434,deep,9.647891159683468,6.0666542212590695,15.714545380942518,3.3549060049441484,0.7676658710333355,0.7676658710333355,nan,79.39035404509569,1,1.6225152689758927e-16,1.2434292408547425e-15,0.6139465651601823,0.3860534348398189,sample_0479,uniform,train,79.39035404509569
4.0999555623550395e-17,4.407010313268009,medium,197.36180249868988,58.373825962671724,255.73562846136113,3.6515120451222973,1.4724521686548053,1.3541340784858213,7.655063683601854,36.73421418234217,3,-2.855589106426289e-16,1.861545987250639e-15,0.7717415194985594,0.22825848050144243,sample_0480,uniform,train,204.56935872726763
4.1275267873038163e-17,5.0110931457850985,medium,16.516976058922165,2.8112794126535974,19.32825547157573,2.1932454611229053,0.6333478528254217,0.6333478528254217,nan,44.192678737788874,1,-1.7781441089896835e-17,1.6542839655770447e-15,0.8545507939509671,0.14544920604903452,sample_0481,uniform,train,44.192678737788874
4.327154678625222e-17,4.596566064060673,medium,42.702184929233475,27.539279996840715,70.24146492607404,3.8269358457750817,1.2362652542317387,0.9487094167508348,11.499565209172044,3.208202767526392,3,1.674593456396509e-17,2.0737218533827903e-15,0.6079341450833292,0.3920658549166729,sample_0482,uniform,train,149.9730303970207
3.291319770813873e-17,3.585664588982534,medium,11.896823405278706,11.69937086955072,23.59619427482938,2.4247485463434435,1.563124613316394,1.563124613316394,nan,28.30783193015284,1,-4.0123741286067895e-16,1.9573189339974815e-15,0.5041839911434078,0.49581600885659416,sample_0483,uniform,train,28.30783193015284
4.0904826748103153e-17,4.258584665896437,medium,21.228921676287264,12.720403025575054,33.94932470186229,2.489464103596267,1.2651524664405287,0.8609760005849489,19.768662069042506,8.655160349216043,2,3.6610055118237295e-16,8.895041811582115e-16,0.6253120456066907,0.37468795439331015,sample_0484,uniform,train,46.18502133202041
4.5212771253605106e-17,2.7135107886630045,shallow,96.67625093826759,29.509296291292504,126.18554722955986,4.247377935217634,1.008877531960148,0.6929428304567388,5.321653878260028,6.180941016474847,2,2.657947270838286e-16,1.8300541875998334e-15,0.7661436120128066,0.23385638798719527,sample_0485,uniform,train,178.30139966614604
3.9304651789401485e-17,1.575544961921421,shallow,18.155324290384996,7.886186597060784,26.041510887445728,3.862847836845284,0.7808396392203418,0.7808396392203418,nan,116.67084700498106,1,7.125837594543687e-17,2.0122690649093623e-15,0.6971686231591671,0.302831376840835,sample_0486,uniform,train,116.67084700498106
4.4671188668877676e-17,4.155524758895783,medium,54.8314036729812,23.628697482440344,78.4601011554214,2.4851176793560903,1.2013205778412859,0.7295221968345134,7.823042886243179,18.041602271671046,3,4.540288678420361e-17,1.9017815719360785e-15,0.6988444172964527,0.3011555827035492,sample_0487,uniform,train,84.41612476455616
5.559813107655663e-17,3.0397055255281593,shallow,48.515427472330835,16.08957203770555,64.60499951003634,3.148721757804172,1.2374905985793996,1.0252727448409356,10.507140429250958,17.607430463613245,2,4.650544693456129e-16,7.69878366696377e-16,0.7509546914367518,0.24904530856324902,sample_0488,uniform,train,78.86265973444897
3.212457042041726e-17,6.504039511637258,deep,100.09354791154851,21.090991689897294,121.18453960144565,4.0039921384860335,1.0915424676341716,0.7941408356410471,7.675936424958198,52.966813926543075,2,-3.4586575552653883e-16,1.2899285864461646e-15,0.8259597159896662,0.17404028401033503,sample_0489,uniform,train,182.70010756560276
3.8600529808280445e-17,3.18075938227771,shallow,37.40232828364035,18.386387936093765,55.78871621973401,2.6175251792214986,1.1372900897018372,0.6554321504939021,14.058449416631982,3.011151968095581,2,-4.676492203323749e-17,1.846765863538018e-15,0.6704281944098601,0.3295718055901417,sample_0490,uniform,train,39.44550033776693
3.6295131947603806e-17,1.836498155004595,shallow,10.015889034441464,8.424948422457044,18.440837456898475,3.6159528779656744,0.8504675768700087,0.8504675768700087,nan,94.6266600222919,1,3.378354332702184e-16,1.830219480405378e-15,0.5431363438808823,0.45686365611911955,sample_0492,uniform,train,94.6266600222919
4.534016128953431e-17,3.3402341966372475,shallow,41.142398351344646,11.675261670427554,52.81766002177213,2.4560834275680405,1.2109937193991702,0.7478375326102619,11.637869220780926,2.374693281057677,3,-1.5192631994780618e-16,1.3789067971846638e-15,0.7789515539761741,0.22104844602382726,sample_0493,uniform,train,51.22761819596885
4.0800724229101923e-17,3.424693342436507,shallow,41.234828327421965,8.962076813200497,50.1969051406224,3.1715023183945967,0.8839625390751846,0.6480275769937923,8.838551917593744,22.19620316854309,2,1.3749810644556538e-16,1.273959939148872e-15,0.821461566443311,0.17853843355669027,sample_0494,uniform,train,82.40911263752702
4.3288903545528514e-17,3.164199094254154,shallow,188.66839375704836,53.98615173790632,242.65454549495405,3.790630423513743,1.4400082930734337,1.3783471395236155,4.911211663123468,18.903039748524346,3,2.8447308931203283e-16,2.6061042192166125e-15,0.7775184815607408,0.22248151843926184,sample_0496,uniform,train,221.55138299259895
4.201799072111368e-17,2.869982797610673,shallow,45.29187740964047,10.539634754387741,55.83151216402809,2.6307133084583274,0.8550090182683124,0.7132388980093071,8.28251169633946,8.57752330000496,3,3.4092724523978566e-16,2.1635141230697808e-15,0.8112242648305298,0.18877573516947235,sample_0498,uniform,train,96.97612700684827
4.93477688737507e-17,7.170728590393127,deep,116.9255365139567,41.886992598919576,158.812529112876,3.97338410996717,1.7573717934378705,1.7573717934378705,nan,112.10567833285772,1,2.1966585415207729e-16,1.7001570411168952e-15,0.7362488159284453,0.26375118407155645,sample_0499,uniform,train,112.10567833285772
4.4173997396140527e-17,3.1851976146096326,shallow,165.54295020805904,48.80272341646508,214.34567362452376,2.612312875868148,1.5493208504002318,1.1946911780914165,9.14330356052997,37.969396138172776,3,6.12947271089536e-16,1.690618658683255e-15,0.772317665240335,0.2276823347596667,sample_0500,uniform,train,138.09636810395855
4.222768207693149e-17,4.8246544141348995,medium,121.31808586687086,44.5234206043636,165.84150647123414,3.508450896825759,1.274275820317288,0.9173934518695406,9.232551110067032,11.898277700424108,3,1.551224092512253e-16,1.928010893626958e-15,0.7315302932798308,0.2684697067201712,sample_0501,uniform,train,186.20576283824605
3.93936579553332e-17,3.5157453016663354,medium,51.08670857252578,17.84429119241497,68.93099976494057,3.5443410152350734,0.7540663757203206,0.6232548403019537,5.772347875864724,27.99321180441658,3,-1.1773958827507802e-16,2.6800875067474127e-15,0.7411282114975114,0.2588717885024913,sample_0502,uniform,train,217.99662717751949
4.626664915984498e-17,4.302072075131638,medium,28.00200629825317,19.32235358872531,47.32435988697827,2.761554086573843,1.30414635864317,0.9886549400879214,11.35077089893017,25.149623386292564,2,-7.694384262793062e-16,4.429222234591824e-15,0.59170385748753,0.4082961425124745,sample_0503,uniform,train,68.8747748531898
4.0838829458107645e-17,6.9281595058131344,deep,46.33424087077822,10.990226238929743,57.32446710970788,3.8090575760589798,0.7182577907441481,0.6447628770218503,6.232174580353151,87.93321498766919,2,-1.0899000528091197e-17,1.3634614480415238e-15,0.8082803592766679,0.1917196407233335,sample_0504,uniform,train,184.9543765522494
3.477741419300212e-17,5.82907738903511,medium,56.78367167337923,37.30671654268175,94.0903882160607,2.9127029632619648,1.279758066582055,0.7652973735028297,5.706137047074842,9.230673945946132,3,-1.7769433162829523e-16,2.945164455163101e-15,0.6035013007172031,0.39649869928279985,sample_0505,uniform,train,105.27974544069049
4.329877302742321e-17,6.548579194365987,deep,96.81117532150593,21.046987248274608,117.8581625697803,3.901178090322347,1.1989798958452005,0.9962025484503148,7.8230428862431785,5.162622877602316,3,-1.7515558636474283e-16,1.959358470274029e-15,0.8214210472201017,0.17857895277990027,sample_0506,uniform,train,112.29289712595455
4.418492378159532e-17,7.49129114530244,deep,162.82123395625246,50.309309133627025,213.13054308987896,4.404267404262895,1.1384364319323104,0.7788755745201077,6.477653896280659,55.52207223045867,3,-8.241172717627817e-17,2.4670402319612122e-15,0.7639507298941633,0.23604927010583915,sample_0507,uniform,train,318.8834600497978
4.7954921975590825e-17,3.68152313214836,medium,119.21868172701929,36.51086760291897,155.72954932993787,4.3633199318459335,1.7205960248066865,1.7205960248066865,nan,120.63354926140865,1,2.605713467916801e-16,2.5094691813439092e-15,0.7655495199208181,0.23445048007918445,sample_0508,uniform,train,120.63354926140865
4.1695776739608445e-17,6.444721801928568,deep,40.743106250998274,7.799570043210096,48.54267629420832,1.915010308056715,0.79309900600403,0.6875024866700786,6.046486583132387,17.429900868511208,3,2.3905642743273983e-16,1.0246240071675099e-15,0.8393255040999744,0.16067449590002666,sample_0509,uniform,train,67.6142500661632
4.1859227563879554e-17,4.237999778245607,medium,53.069294992667736,20.06569653012367,73.13499152279134,3.1331410745861095,1.2847986209309008,0.6400168794834258,7.4993333037010705,2.1960874751703185,3,5.193868926481593e-17,9.229721435897582e-16,0.7256348006293205,0.27436519937068043,sample_0512,uniform,train,103.337444710954
3.537035984532327e-17,3.9124166648682177,medium,22.172924140435477,11.496156532363063,33.669080672798486,2.496358049768422,1.4421073380291185,1.4421073380291185,nan,29.03903750138285,1,2.68484394714204e-16,1.5827787429034703e-15,0.6585544867089037,0.3414455132910979,sample_0513,uniform,train,29.03903750138285
3.5916868109681846e-17,7.303524658782839,deep,15.806384109813552,5.721818117251377,21.528202227064902,3.5281660884430304,0.7298569728173738,0.7298569728173738,nan,97.55542300542929,1,5.200864397422284e-17,1.2376952013905581e-15,0.7342175599754458,0.2657824400245554,sample_0514,uniform,train,97.55542300542929
4.56285864862846e-17,6.028368176821886,deep,45.11059182075877,23.276554950825332,68.38714677158399,3.5450763657809876,1.4391743004057163,1.210402719140413,5.374011537017759,18.59282666993223,2,-2.394770715093399e-16,1.7143506775037958e-15,0.6596355302178359,0.3403644697821658,sample_0516,uniform,train,99.82730218289731
4.7747599844388885e-17,4.3758410037132816,medium,120.68883647509608,48.60825242788729,169.29708890298286,3.9990485913978717,1.5005857619959473,1.23325622182562,19.284190415985837,74.41945812623295,2,-7.569929041868178e-17,2.9798819676029442e-15,0.71288193587462,0.28711806412538293,sample_0517,uniform,train,188.28684639275258
4.608243073332305e-17,4.162598916026765,medium,30.59883726236034,16.709562993231877,47.308400255592126,3.3906638224676002,0.988114453915402,0.6279279608881403,12.167168939404105,10.755349354641213,3,-1.3135042359412944e-16,1.952519111822943e-15,0.6467950109715109,0.353204989028491,sample_0518,uniform,train,91.5946667673915
4.457788027541203e-17,8.320267015138008,deep,42.573393454168404,19.588662592186726,62.162056046354934,2.3937540484216924,1.1515591107864396,1.0509290118965389,4.489988864128731,7.262297590108024,3,-5.250742184432496e-16,3.143384642688076e-15,0.6848774986210391,0.3151225013789641,sample_0519,uniform,train,93.04160614566057
4.2642079208593893e-17,5.3837842763792345,medium,32.293421555127495,16.882625891532474,49.176047446659894,3.4497710812447635,0.9577406626079122,0.7755159151419344,5.4954526656136355,10.99406362288048,3,6.445571185408536e-16,1.5171407855772664e-15,0.6566900601386358,0.3433099398613657,sample_0520,uniform,train,172.54022842205404
4.207941554773761e-17,6.212887138413652,deep,107.07930626220241,33.11905862184547,140.19836488404783,2.901204045258655,1.5458007652152217,1.4821288690681842,6.8963758598266685,39.86491970378659,2,1.1949592389047137e-16,3.040874562329283e-16,0.7637700079509714,0.23622999204902886,sample_0523,uniform,train,91.044792355739
4.316661630803299e-17,6.043228898615299,deep,77.63849208802804,27.062599551397096,104.7010916394251,3.516095618076315,1.0813609627157565,0.6520805477728217,4.294182110716777,8.377642436411149,2,3.06692856594186e-16,3.732516046861352e-16,0.7415251443165788,0.25847485568342154,sample_0524,uniform,train,107.13440531170293
4.439068751566792e-17,3.726598243701396,medium,62.84638590318794,29.601319489659453,92.44770539284724,3.2272992410732773,1.503351420556604,1.4220926034541062,14.452681412111733,20.770558546486352,2,-2.389425720776005e-16,1.6140365396366652e-15,0.679804713769028,0.3201952862309737,sample_0526,uniform,train,92.50519858414677
4.682093412753866e-17,6.046815227739939,deep,58.42233753525899,18.801513780974027,77.22385131623275,3.2396132621759746,0.987907685679804,0.680152364109454,12.796874618437112,12.854653983989293,3,9.898342224860181e-17,3.404399129935317e-15,0.7565322959097015,0.24346770409030188,sample_0527,uniform,train,120.50934165880001
4.6753777947167233e-17,3.5095246555480215,medium,147.72827694072473,39.55204010228764,187.28031704301236,3.753358396693898,1.7812286466289664,1.7812286466289664,nan,121.32134404404809,1,2.16054387643754e-16,3.794006476382198e-17,0.7888083450157564,0.2111916549842437,sample_0528,uniform,train,121.32134404404809
3.5719824259712433e-17,4.845113971079657,medium,18.421707107816342,4.896790476093543,23.318497583909846,4.340155914836094,0.7184619592604989,0.7184619592604989,nan,126.57581174214533,1,-4.039831639248587e-17,1.675916311768356e-15,0.7900040318432706,0.20999596815673108,sample_0529,uniform,train,126.57581174214533
4.3895652741608086e-17,3.176841500952299,shallow,70.81515421544653,14.017482231006172,84.83263644645253,2.5953328447548873,1.0408552986769053,0.9075830891388754,6.11228271597445,5.9028150158435615,3,4.622842019982086e-17,2.0311359005161474e-15,0.8347630956883673,0.1652369043116347,sample_0530,uniform,train,70.96229758027165
3.6525506938617e-17,1.329525361735063,shallow,52.78007268177403,15.591612190237518,68.37168487201154,2.322724570311394,1.1159484700742526,0.6140455610321196,7.932212806020774,6.48242638234559,3,2.7821857831875185e-16,7.794265313450314e-17,0.7719580522342802,0.2280419477657199,sample_0531,uniform,train,42.30846069613251
3.74276216332307e-17,3.576688127299192,medium,28.845758242892718,12.618542810071764,41.46430105296437,2.1891918209229178,1.4720925301238603,1.4720925301238603,nan,43.94809554283375,1,-1.2439665519404225e-16,2.6132785179473934e-15,0.6956769440306403,0.30432305596936227,sample_0532,uniform,train,43.94809554283375
4.5629124847997337e-17,6.846469456874441,deep,168.59541987566996,42.63756650733155,211.23298638300102,4.306675164372734,1.3498437609314162,1.1032632963845652,8.111719916269298,28.722990389675942,2,1.0458585029034215e-16,2.321012906504663e-15,0.7981491090126333,0.20185089098736905,sample_0533,uniform,train,180.59871837015916
4.636232520457242e-17,6.012045861545508,deep,21.270227327952238,9.695535347309207,30.965762675261324,2.309464927711877,1.1306595099860202,0.6585444719937696,14.014278433083883,13.215908910832894,2,2.2166455586489418e-16,3.900832876166117e-15,0.6868949927380639,0.31310500726193996,sample_0534,uniform,train,43.774083571208735
4.0756877965842613e-17,5.849274922140447,medium,84.84232756368746,43.257979811962706,128.10030737564995,4.049648864626119,1.2769680792745977,0.9840560517466665,7.784600182411425,7.278766682090377,3,4.280984586911537e-16,1.7194982010441369e-15,0.6623116626480069,0.33768833735199477,sample_0537,uniform,train,146.52895391301985
4.315459213781203e-17,3.8591872291055775,medium,18.043714631407006,3.132372943158998,21.176087574565987,1.9683284866476454,0.7874314981476809,0.7874314981476809,nan,31.943414934566544,1,2.6824164528205746e-16,8.388503462432709e-16,0.8520797133970495,0.14792028660295137,sample_0538,uniform,train,31.943414934566544
5.176445664311924e-17,5.2468309431882725,medium,86.1106967588631,38.63381575550777,124.74451251437054,3.3665757198813955,1.6328350530934344,1.4708964743784794,8.383316766053875,6.22719956453174,2,-7.7095871728629e-16,2.62015259718934e-15,0.690296470948517,0.3097035290514856,sample_0539,uniform,train,96.03035668614062
4.286005981498914e-17,4.962728107722487,medium,62.74162833128224,26.22127909310486,88.96290742438684,3.0043394212726757,1.2102124271502077,0.781817531045759,15.379206741571556,29.890234872977317,2,-1.7045074926559947e-16,2.9551733395706187e-15,0.7052560460055657,0.2947439539944373,sample_0540,uniform,train,107.10921303011266
3.965214853179325e-17,4.138361946251051,medium,78.80406487243395,28.973388298946716,107.77745317138047,3.694730204623854,1.0094832675191443,0.7709441429993124,5.01597448159378,39.64814588519429,3,1.0798074763863101e-16,1.8459516360668496e-15,0.731173938088192,0.26882606191180985,sample_0543,uniform,train,206.5366374289411
4.357098571666617e-17,7.154458549683824,deep,14.985026987333251,12.646705471417377,27.631732458750566,2.6475112121812643,1.4036226908676386,1.0582415049102638,13.067516979135709,4.2618985924813435,2,-4.473345162322017e-16,2.2500394961416776e-15,0.5423122495016671,0.4576877504983351,sample_0544,uniform,train,55.40383717584262
4.389089800863556e-17,4.5944932125253075,medium,110.86214967798875,19.784987375307654,130.64713705329615,3.9173979856484027,1.0457748410615066,0.7469466839948329,11.636150566231086,4.832790198578576,2,-2.277722080396483e-16,1.9851035728906802e-15,0.8485616461137123,0.1514383538862897,sample_0545,uniform,train,98.04606199097648
4.416543706647019e-17,2.1827882410140114,shallow,30.33146103704027,16.06879827050576,46.400259307545944,2.110456669667574,1.1198226176038995,0.8174089375719,11.331372379372237,11.29034236739105,3,1.563380348342455e-16,1.8376002540430976e-15,0.6536916277988892,0.3463083722011126,sample_0547,uniform,train,59.47394108548675
5.06695134036574e-17,6.599094562607337,deep,33.5575823318826,19.140604392984045,52.69818672486657,3.1100635712550018,1.1167067469890612,1.0581760142152161,6.135144660071184,15.482249566175627,3,3.571824213629374e-16,1.4831573113070699e-15,0.6367881784450065,0.36321182155499504,sample_0548,uniform,train,103.37851972468366
4.2171522875167153e-17,4.0350680952218365,medium,62.480288082129235,11.02758242993816,73.50787051206727,2.7018236435586314,1.0585410425936501,0.7096502266693312,8.574380444090407,6.598130184748629,2,2.159953448777299e-16,1.6915872802709568e-15,0.8499809292104616,0.15001907078954002,sample_0549,uniform,train,40.936515372818874
3.681115574020545e-17,2.9528237825601584,shallow,19.3304737247586,8.709090531323119,28.039564256081636,2.0180352765016174,1.2992223109672034,1.2992223109672034,nan,34.42507304269356,1,1.2458448280319078e-16,2.9775345540080386e-15,0.689399933187832,0.310600066812171,sample_0551,uniform,train,34.42507304269356
4.469982544519263e-17,7.152511395264781,deep,80.91762640614238,38.44196958816909,119.35959599431123,3.769079499340189,1.3459399085936161,0.8258670246001001,7.631513611335565,14.460812003367492,3,2.4283830807723603e-16,1.904946758148116e-15,0.677931470294177,0.3220685297058249,sample_0552,uniform,train,171.7932423931897
3.718330402888396e-17,3.3615179203684136,shallow,13.42164618023031,6.966053742612829,20.387699922843098,3.7357900046344636,0.7984545304329221,0.7260233818308388,10.616967551989601,6.549052968188889,2,-1.5491385416870282e-16,2.003963539821823e-15,0.6583207635498021,0.3416792364501999,sample_0553,uniform,train,76.59141180572277
3.386509695932528e-17,3.6430458647693604,medium,70.91299974916392,12.819579094931344,83.73257884409514,2.7056099773151434,0.996393821608413,0.696385213567493,5.310367218940702,17.35571213072026,3,-4.91503746415849e-16,1.3789518507008076e-15,0.8468985516521533,0.153101448347848,sample_0554,uniform,train,97.58611404537568
4.0146357894293406e-17,6.286820897166767,deep,358.8512193883789,75.94668093910516,434.79790032748326,4.369450455880555,1.2537925598309398,0.6252322588144876,8.822698000045111,105.96046881942102,3,4.5773707010651684e-17,1.8956613471705333e-15,0.8253287771585317,0.17467122284147016,sample_0555,uniform,train,469.1312371079229
4.7908121149955e-17,5.692934678123659,medium,56.3972813980672,20.541141213833676,76.93842261190073,4.08960062124011,1.0218877902962742,0.8853604520731719,7.735631842325486,49.27346700447227,2,1.1814915355173395e-16,1.847042639135662e-15,0.7330184254303096,0.2669815745696923,sample_0556,uniform,train,163.4588932138693
4.398692363526173e-17,1.5675855611459322,shallow,45.1151505396931,29.528077239289125,74.64322777898204,3.1043322258230055,1.533941079904825,1.3307312476951443,23.85455931263456,22.258739839746667,2,-7.481381453933864e-16,2.474988244675631e-15,0.6044104988771208,0.39558950112288166,sample_0557,uniform,train,83.96755547284911
4.300253896003533e-17,2.4281937086335637,shallow,54.256807537438654,13.467378315600742,67.72418585303926,2.991765201707954,1.112585126293546,1.0753524987392546,14.68332387438212,5.335453321471349,2,1.5377205617738746e-17,2.0196547940883224e-15,0.8011437399214415,0.1988562600785605,sample_0558,uniform,train,65.86681813890567
4.213808600195575e-17,3.2856491445909066,shallow,31.397541458202788,15.275369424703664,46.67291088290637,2.2070830882475674,0.9716599280079636,0.694118035914639,8.366600265340756,21.936066861413625,3,2.0156397907106664e-17,1.7126863583365506e-15,0.6727144475083923,0.32728555249160945,sample_0559,uniform,train,90.13361411744471
3.44230453167258e-17,1.7690260458518305,shallow,25.733462126461497,20.04274060171549,45.7762027281769,2.9879630003553874,1.6045578335055093,1.6045578335055093,nan,55.09901982903912,1,1.9304017621281893e-16,1.94026233450207e-15,0.5621580776210087,0.4378419223789933,sample_0560,uniform,train,55.09901982903912
4.027455297708775e-17,2.350210646829023,shallow,69.65876188628759,21.92661542539473,91.58537731168225,2.043414075742005,1.5377799105799386,1.431765774835466,11.60861748874516,15.977387823537173,2,7.170281363404337e-17,7.758255265379207e-16,0.7605882503407256,0.23941174965927514,sample_0561,uniform,train,51.631818371967185
3.782664823478398e-17,1.9962401661791185,shallow,100.47391405058714,45.522236234516285,145.99615028510323,3.891528031384542,1.4396618514142223,1.3974915181482628,14.386104406683556,56.9884815420725,2,2.5645993546958103e-16,1.362720630813292e-15,0.6881956397780375,0.3118043602219638,sample_0562,uniform,train,188.17994971631344
4.2357741423773725e-17,7.116223134901079,deep,74.67584818032641,30.57532994344178,105.25117812376793,4.17825965613272,1.4948828443607933,1.4948828443607933,nan,120.34775119327354,1,-1.7228102197816365e-16,2.4978419901588592e-15,0.7095013045128379,0.2904986954871646,sample_0563,uniform,train,120.34775119327354
3.946952134749273e-17,1.6296429492605715,shallow,58.17120774285683,22.86879779695375,81.04000553981047,3.8961023277887294,1.069678765015872,0.8620873425956479,3.8262252939418007,6.868593068832357,3,3.5870532125066306e-16,1.402848345879838e-15,0.7178085361097432,0.28219146389025823,sample_0564,uniform,train,131.51310438475917
4.2073487207989226e-17,6.7701437550399834,deep,53.24428434715629,20.17127230148391,73.41555664864005,3.519974309114581,1.161083671547444,0.9719558832867152,10.235233265539192,25.348913013377828,2,-1.4418866701677493e-17,2.0324571701301005e-15,0.7252452583309887,0.2747547416690133,sample_0565,uniform,train,138.8184556129579
4.4190978301713655e-17,5.283960766568004,medium,17.43656211785567,2.2619335402736924,19.698495658129318,2.0895586900788485,0.8550742497155089,0.8550742497155089,nan,15.51203868022838,1,2.4513666634277535e-16,2.2093434605675423e-15,0.8851722700286416,0.11482772997136059,sample_0567,uniform,train,15.51203868022838
4.141512248441274e-17,7.469508611325914,deep,62.9221065809195,17.636125328367918,80.55823190928724,2.60394934802651,1.2132795987352096,0.8102802218157288,4.690415759823431,9.236276072012195,3,-4.931452091128753e-16,2.116856993267305e-15,0.7810760624907093,0.2189239375092928,sample_0568,uniform,train,88.35758915696937
4.3889788001205246e-17,5.640080459588357,medium,68.18047768355365,31.87608895844743,100.05656664200099,2.4576551631828454,1.6277849736003223,1.6091678176299116,9.92169340384997,28.09839000050013,2,6.065497234031318e-16,8.876762910304504e-16,0.6814193208078095,0.31858067919219135,sample_0569,uniform,train,75.83779277312121
4.835965012377714e-17,7.73386674518137,deep,90.57492473869759,33.49957417674089,124.07449891543823,4.446217825855861,1.3570479691074253,1.226337074253319,8.546344247688596,5.249489602098743,3,-9.799747163772579e-17,2.0616273860430493e-15,0.7300043564989777,0.26999564350102434,sample_0570,uniform,train,186.48541160182765
4.1234729296324294e-17,8.03243427356847,deep,63.81930851245059,32.17524782560307,95.99455633805346,3.8330719598183673,1.6780753180896313,1.6780753180896313,nan,90.55984849905566,1,2.1057720085669355e-16,2.1465529008205364e-15,0.6648221622870485,0.33517783771295373,sample_0572,uniform,train,90.55984849905566
4.382184858504472e-17,6.475373576877253,deep,79.9894369907827,34.52686169925366,114.51629869003607,3.350916787321412,1.5642107353483654,1.3709465049998473,12.894960255851897,23.500929546356915,2,-5.396667829161253e-16,2.6059866799136073e-15,0.698498274095393,0.3015017259046096,sample_0573,uniform,train,92.8802029307102
4.0340545162252874e-17,3.643707034728192,medium,68.55961254281594,26.853867747316595,95.41348029013247,2.738640819586364,1.5354257621440757,1.2733218775527053,10.516653460107927,2.6123841822800475,3,7.074209274588386e-16,7.074635543316455e-16,0.7185526859972037,0.281447314002797,sample_0575,uniform,train,62.90130279965895
4.1939027215868344e-17,8.24993895327085,deep,25.847022229442608,8.442250387737925,34.28927261718048,1.8837084864970204,1.3326781347441838,0.9318792653323114,7.707139547199079,6.5039775788386,2,8.832773469460394e-17,1.5541509374365222e-15,0.753793249510113,0.24620675048988863,sample_0576,uniform,train,34.50215055993929
4.360799194901723e-17,7.480495032650744,deep,9.445892639036174,4.295267875298112,13.741160514334277,2.751422184336258,0.8517085727217508,0.8517085727217508,nan,52.935604775222494,1,1.0381837264298015e-15,6.463634703732701e-16,0.6874159303490097,0.31258406965099095,sample_0577,uniform,train,52.935604775222494
4.729072914797214e-17,1.7546465611128523,shallow,113.65258589319902,39.25509473843093,152.90768063162963,3.8284025831381525,1.211322609146645,0.658384043000015,8.289752710425082,90.65118338085365,2,5.877567939744562e-16,2.044624589445073e-15,0.743275847385324,0.256724152614678,sample_0578,uniform,train,189.6445223918268
4.5562088287463544e-17,8.299316919783282,deep,132.63609716062234,45.56503247964108,178.20112964026316,4.286799632429125,1.6426568170843567,1.5773082638634868,15.734039532173549,3.434156958943307,2,2.0247122431492836e-16,1.4753038477475324e-15,0.7443055912629537,0.25569440873704774,sample_0579,uniform,train,117.5403331845512
3.625153544323828e-17,3.8941978044663417,medium,186.69131031091726,36.063835245245734,222.75514555616274,3.5712107873236416,1.2558395713067494,0.7917739578791514,10.363397126425294,87.29317041723766,2,2.0018504875762457e-16,1.116427442765103e-15,0.8381010002924812,0.16189899970751986,sample_0580,uniform,train,177.1530814300254
4.433637899776251e-17,4.508656170964741,medium,43.584804862279874,13.688908515219586,57.273713377499355,2.0697646823833216,1.302640933937347,1.1854833241277496,3.9648455203198036,7.43101472494629,3,6.773325020689724e-17,1.8298979993462177e-15,0.7609914268175018,0.23900857318250004,sample_0581,uniform,train,38.237766876039686
4.286492289972094e-17,1.614410181633651,shallow,37.30494284941934,15.077438486150244,52.382381335569505,2.911112548635561,1.2295986774441658,1.0772895773100566,7.291090453423274,12.065566429664335,2,-5.843894114052496e-17,1.526010382401837e-15,0.7121658446651785,0.287834155334823,sample_0582,uniform,train,88.41583544394457
4.3757826275995326e-17,5.976919183215328,medium,42.36542716683215,17.419010710694923,59.78443787752701,1.9831978113744755,1.3057458281531582,0.8957945053250065,8.822698000045111,6.936067636206267,3,2.5846365957757366e-16,1.0102316703777428e-15,0.7086363721211356,0.2913636278788654,sample_0583,uniform,train,54.221955512073684
4.495790880551097e-17,5.82595243613479,medium,27.680573237374077,9.191303937967264,36.87187717534127,1.9947853642594398,0.9849898388537178,0.7518515895488549,5.916079783099617,6.144269359352559,3,-5.646971581530184e-17,1.975235219760307e-15,0.7507231895393153,0.24927681046068667,sample_0584,uniform,train,53.70122665372187
4.7354723603724106e-17,4.389401037397219,medium,162.07482471949493,41.08833335047598,203.16315806997065,3.7304267471727766,1.2494817803808862,1.08305631019604,5.989991652748777,39.7421960075295,3,3.204223663427759e-16,1.2590638347211484e-15,0.797756966662604,0.20224303333739724,sample_0586,uniform,train,215.66728913890944
4.158029160841173e-17,4.300293930527623,medium,17.131817114515325,12.387269742750497,29.519086857265748,3.2220835895529545,1.1995959705526387,1.1995959705526387,nan,58.26396048981703,1,-3.970316206396923e-16,2.527415147208287e-15,0.580364060628066,0.4196359393719365,sample_0587,uniform,train,58.26396048981703
4.196453460138654e-17,6.9600223095974725,deep,104.7032646369773,33.08516188601352,137.78842652299053,3.29783202501203,1.0625063011355644,0.7548826338445725,8.657944328765344,40.34497427763996,3,2.421420757722061e-16,2.062706581939357e-15,0.7598843188727984,0.24011568112720363,sample_0588,uniform,train,174.8608011569981
3.94548489117195e-17,2.04119931848773,shallow,25.387598628790773,5.938630184406615,31.32622881319732,3.16626656245484,0.7253602667208596,0.6197811969271596,3.8626415831655962,21.929790820186525,2,6.686514332029144e-17,2.1264411325964032e-15,0.8104262654844466,0.18957373451555554,sample_0589,uniform,train,82.34827947873211
4.122442917840038e-17,1.6483387590507774,shallow,78.22338952753124,31.374443942706282,109.5978334702373,2.432777056427238,1.611755845002614,1.4524075236947653,9.624967532412771,34.36672950525364,2,-3.75361398701317e-16,1.977370606196175e-15,0.7137311664903833,0.28626883350961874,sample_0590,uniform,train,73.23356776478772
4.351411601203104e-17,4.034445540328747,medium,88.6176392792988,11.812590067251422,100.43022934654998,3.3772134620844136,0.9262158923761166,0.7920755419795271,5.946427498927403,11.264044682525594,2,-3.59716284853921e-17,2.4231836229117836e-15,0.8823801345062151,0.11761986549378733,sample_0591,uniform,train,88.67685225778742
4.002991541509996e-17,8.380817777014538,deep,128.13142160282092,35.48284093253365,163.6142625353544,3.0797830686867176,1.4635212564715225,1.2308585058658241,6.292853089020906,12.034731708122232,3,1.7922142193302757e-16,9.55414274066993e-16,0.7831311257179293,0.2168688742820717,sample_0592,uniform,train,122.60105660336875
4.117302955336043e-17,1.8962752544395012,shallow,113.3006203760303,26.353144554777625,139.65376493080774,3.3081353440336434,1.256438903569613,0.8514792968834519,4.569463863518346,7.691575558746678,3,2.2078402115428916e-16,1.2974114783700702e-15,0.811296569284514,0.18870343071548729,sample_0593,uniform,train,123.34568906770947
4.046015519146438e-17,1.676520508129321,shallow,98.35439794902655,29.941898063148482,128.29629601217485,3.614953140618422,1.2461933561575913,0.8612300176792775,14.503792607452715,52.1955169800886,2,1.4316271218464104e-16,1.4122652270618274e-15,0.7666191543027328,0.23338084569726866,sample_0594,uniform,train,151.32430031826738
4.427853935805929e-17,5.351211032671157,medium,172.93563121245504,2.819795730877804,175.7554269433325,1.9255766579312614,0.6558449332372156,0.6012384944602763,10.507140429250958,7.360242605150707,2,7.441067587009696e-17,1.882425294582619e-15,0.9839561384822181,0.016043861517783854,sample_0595,uniform,train,37.26711842906561
4.037643785487113e-17,5.803601665858356,medium,14.513481101074248,3.5370442985625785,18.050525399636804,3.0609850694974754,0.6875362303949903,0.6875362303949903,nan,50.71033452122657,1,-1.576816960828637e-16,1.2547307738094376e-15,0.8040475709015248,0.1959524290984764,sample_0596,uniform,train,50.71033452122657
4.3270527197202794e-17,3.289666708974791,shallow,113.74802226247422,15.989972352615688,129.73799461508972,3.8711383081741206,1.0099549963191565,0.6189725581353247,9.493155429044656,6.6323332201180305,3,1.6876928039344508e-16,1.4787228615981207e-15,0.8767518150711748,0.12324818492882661,sample_0597,uniform,train,187.07713413035842
4.887473481091024e-17,1.787882584251697,shallow,74.36269302206897,23.370453292073385,97.73314631414225,3.9904897227972804,1.1034187940501397,0.8691453748527342,3.1622776601683813,9.592242779027172,3,6.784134023651192e-16,1.0905349350099906e-15,0.7608748497981026,0.23912515020189848,sample_0598,uniform,train,139.29168630814323
2.981221141237842e-17,4.097184561346046,medium,27.859444388086995,21.57084608671443,49.43029047480134,3.3749710278478195,1.4262036234452067,1.4262036234452067,nan,79.18609767328208,1,8.912096930546691e-18,1.724957055121467e-15,0.5636107763171903,0.4363892236828115,sample_0599,uniform,train,79.18609767328208
3.862758727261378e-17,7.058497367679751,deep,31.948612027798248,12.979595704194345,44.92820773199257,1.8079685812641608,1.7227877233709128,1.7227877233709128,nan,24.754904002440686,1,5.858321545934226e-16,4.744520903206219e-16,0.7111036393523487,0.28889636064765184,sample_0600,uniform,train,24.754904002440686
4.242421324456868e-17,1.4150887977527038,shallow,46.63227487621068,6.785018511833435,53.41729338804405,3.2197904358287337,0.7899792512927724,0.6892791412109887,8.091971329657564,21.057385875999476,2,6.990519200185298e-17,1.197156242152886e-15,0.8729808629099878,0.12701913709001342,sample_0601,uniform,train,83.20124345960926
4.2256174831148015e-17,2.9541767263295267,shallow,32.77904665037736,17.149735468621202,49.92878211899849,2.1832178514268685,1.076345859620252,0.6376626249684809,12.701181047445942,11.15204021696592,3,1.1987353792055487e-18,1.4231124926432569e-15,0.6565160466412527,0.34348395335874865,sample_0602,uniform,train,70.58894237437028
4.209636254071762e-17,4.988556963371018,medium,42.57792534580855,31.858481743393757,74.43640708920223,2.5155868611753665,1.6982566016548266,1.6897447579534108,18.952572384771415,29.20932385189811,2,3.00189163624401e-16,1.0022916227727631e-15,0.5720040368792184,0.42799596312078253,sample_0605,uniform,train,68.28632300556048
4.2702966408529936e-17,4.511219444295943,medium,37.13040894420217,19.054337526370908,56.184746470572996,3.5028411526983305,1.2851685229180636,0.9064325309792769,12.271919165313957,17.400589620124975,2,6.629069523992245e-16,1.517584996772567e-15,0.6608628013236544,0.3391371986763471,sample_0607,uniform,train,117.1680653101232
5.1387127534627334e-17,4.891904324575122,medium,38.506041645876145,17.092877823284724,55.59891946916081,4.110974696482886,1.074647515818271,1.074647515818271,nan,120.56164122911531,1,3.070801926129456e-16,1.0223835175850404e-15,0.6925681652362756,0.30743183476372543,sample_0608,uniform,train,120.56164122911531
4.325882235621691e-17,4.04006546205092,medium,31.47627624322645,7.475872296069401,38.9521485392958,2.8966980432448537,0.9146986656092047,0.9146986656092047,nan,62.664272091551965,1,-3.485391649016299e-18,1.368106951231372e-15,0.8080754829601371,0.19192451703986427,sample_0609,uniform,train,62.664272091551965
4.8921799643713066e-17,5.509403678871916,medium,85.84334652597914,31.663031258725184,117.5063777847041,3.640162335466846,1.3070171355937255,1.0501934364411083,11.581018953442744,7.6562338428715355,3,1.216295126075843e-16,1.9349900807922742e-15,0.7305420194575468,0.2694579805424552,sample_0611,uniform,train,156.18708433454282
3.583606762972951e-17,2.764513595301481,shallow,31.48778104906954,13.969398071720441,45.45717912078995,2.39366441710162,1.3697892732163224,1.3697892732163224,nan,57.448461279170225,1,2.4138773376835544e-17,6.252413805722773e-16,0.6926910481048422,0.30730895189515844,sample_0612,uniform,train,57.448461279170225
3.935689348918423e-17,2.0816416531090676,shallow,259.404959719014,65.81001729147464,325.21497701048804,4.406236568494362,1.381080914474639,0.9596059155807071,3.984971769034256,9.066179729735987,3,9.476735916044459e-17,1.8789625200255753e-15,0.7976414927245135,0.2023585072754884,sample_0613,uniform,train,235.18145050136192
4.446348928602261e-17,8.019562234426992,deep,71.21715004744875,5.101429731223969,76.31857977867263,1.9026863426610543,0.7958799981587936,0.7865791803793992,12.294714311442947,11.390232441137746,2,-5.4053019130657665e-17,1.2452418688020598e-15,0.933156123371029,0.06684387662897225,sample_0614,uniform,train,40.243181692057966
4.4029195586232664e-17,4.185422289080035,medium,15.95494673565052,4.807619820558198,20.762566556208718,2.5924881066596703,0.9671107544198759,0.9671107544198759,nan,35.27893024310486,1,-1.566020301698291e-17,0.0,0.7684477105687806,0.23155228943121944,sample_0615,uniform,train,35.27893024310486
4.161781127967735e-17,7.503850047186779,deep,3.8194372110725006,4.031699893694066,7.851137104766555,1.9779967907498457,0.8736851652224169,0.8736851652224169,nan,32.41644288389289,1,-6.067951855073908e-17,1.4706556900008365e-15,0.4864820420412296,0.5135179579587719,sample_0616,uniform,train,32.41644288389289
4.0790576876863986e-17,3.567623889404795,medium,17.0952812592508,9.681661684377012,26.776942943627752,2.2816942167933525,1.144607639680268,1.144607639680268,nan,49.75777296917706,1,-4.1093730813686044e-16,2.255527550951491e-15,0.6384328971100509,0.36156710288995136,sample_0617,uniform,train,49.75777296917706
3.7339603359629116e-17,6.359473981241019,deep,46.98653515469905,12.017707658492565,59.004242813191475,1.9661099081948508,1.3560010230020494,0.9724627186994894,9.947864092356712,12.121221702786002,2,-4.1264041559399985e-16,2.3482350906847472e-15,0.796324686403642,0.20367531359636035,sample_0618,uniform,train,31.609206914814365
3.688893697255654e-17,7.927912109744037,deep,31.936186736382624,17.790115300528072,49.726302036910575,2.3126170959161803,1.6357794343973104,1.6357794343973104,nan,37.52048418104384,1,-3.63679753108406e-16,2.4291423277274067e-15,0.6422393266379873,0.3577606733620151,sample_0619,uniform,train,37.52048418104384
4.2280460307291044e-17,1.6888237965662907,shallow,32.376717929343975,18.310280963202423,50.68699889254627,2.339737183756549,1.622459674905162,1.622459674905162,nan,53.65248483090426,1,4.2299528024155826e-16,2.5232839827024343e-15,0.638757840012996,0.36124215998700654,sample_0620,uniform,train,53.65248483090426
4.0100138629223633e-17,3.4154600627586467,shallow,29.246982726698477,23.09413170869008,52.3411144353884,3.6030935981744814,1.3356704668510395,1.3356704668510395,nan,105.00184247261552,1,-4.1545959758189907e-16,3.0544270459386943e-15,0.5587764617202012,0.4412235382798018,sample_0621,uniform,train,105.00184247261552
3.494558206962248e-17,8.011635884727578,deep,41.305502184779016,23.952146437108773,65.25764862188764,3.016497558996251,1.7071319864494603,1.7071319864494603,nan,57.00070023302589,1,-1.1393559933704238e-15,2.286536178681347e-15,0.6329603204692393,0.36703967953076294,sample_0622,uniform,train,57.00070023302589
4.218867969882541e-17,5.414577215424858,medium,69.8429640808478,19.5049365286449,89.34790060949264,2.58286697141158,1.0901718052947669,0.8756863383345022,5.9866518188383075,21.77936557015057,3,2.79899275834393e-16,7.554912811240459e-16,0.7816967562126181,0.21830324378738258,sample_0623,uniform,train,104.28371967926995
4.095281701651403e-17,7.392288240230512,deep,64.39226881566596,31.088760586854033,95.48102940251978,3.344254578481092,1.199409865630114,0.9318572757745643,6.006662967072484,23.5572386065588,2,1.908472598445804e-17,2.195306317504971e-15,0.6743985608304158,0.3256014391695864,sample_0624,uniform,train,130.0166019369263
4.1214645863802806e-17,4.953368925523784,medium,40.191062758786096,18.610914048138614,58.801976806924664,2.5326925766084276,1.2880622206756371,0.9048015215959819,3.949683531626301,36.627172071423814,2,1.3691228348932587e-16,7.854375028250346e-16,0.6834984968405535,0.3165015031594473,sample_0625,uniform,train,76.68658591101492
4.1752941390947005e-17,6.183096035254357,deep,69.74748988954737,19.76080192659928,89.5082918161465,3.287807884108199,1.331134296344309,1.331134296344309,nan,92.41549268530888,1,-1.0139545194299848e-16,1.706732248920695e-15,0.7792293705348708,0.22077062946513085,sample_0627,uniform,train,92.41549268530888
4.205291160509157e-17,3.5677491431684323,medium,28.409965950185686,14.611243863635371,43.021209813820924,2.962893067130436,1.3191575335745702,1.0021588051234338,9.977975746613136,16.422890654505757,2,-5.42637181601126e-16,3.096769326840701e-15,0.6603711535108607,0.3396288464891424,sample_0628,uniform,train,59.04119378247211
4.35234599503119e-17,7.125251833916261,deep,38.128491463833505,16.136035621913283,54.2645270857467,4.052748184506571,1.0004983336567757,0.7296130864552878,7.644605941446558,7.253134807264659,3,1.7287979734122165e-16,1.636756952284243e-15,0.7026411822143837,0.29735881778561796,sample_0629,uniform,train,199.56396428144714
3.543291394970532e-17,5.696420635690103,medium,15.852611536055017,15.701787221045725,31.554398757100707,2.902277487566258,1.3588632075578875,1.3588632075578875,nan,50.614946211747615,1,3.4757027506870086e-16,1.1259012431669393e-15,0.5023899095046992,0.4976100904953019,sample_0630,uniform,train,50.614946211747615
4.58386427692628e-17,2.3178917876876066,shallow,38.75204302562539,11.0580541750949,49.810097200720165,1.9381867583482744,1.3099264488729552,1.2899895821129395,3.2249030993194214,7.225276461151047,2,-6.960568736135325e-16,2.5320435551287036e-15,0.7779957318586623,0.22200426814134025,sample_0631,uniform,train,28.560271644896797
4.243936798753554e-17,2.212047045858135,shallow,70.04519249055299,20.944666041847935,90.9898585324007,2.5723892934580475,1.2302081967423835,1.1268417882478308,9.374433316206371,46.95627422694843,2,-1.7485144214794088e-17,2.4598451451018672e-15,0.7698131816043049,0.23018681839569757,sample_0632,uniform,train,96.77576154780327
4.588345900697735e-17,3.590577813835783,medium,110.53764829355505,39.98536488992886,150.52301318348336,3.97914808740047,1.380473421740132,1.1204294624801583,19.4411933790084,13.920198289240558,2,2.821554793717229e-17,3.681984051284539e-15,0.7343571322134824,0.26564286778652124,sample_0635,uniform,train,140.75889012609838
4.2874341612385125e-17,1.3024450094008777,shallow,32.72713427430662,7.318954331910436,40.04608860621694,1.943869253014496,0.9830971008468515,0.8808501964361946,5.051732376126035,12.30671434909195,2,1.193672102322102e-16,2.9054366363923363e-15,0.8172367243183373,0.18276327568166564,sample_0637,uniform,train,43.07404086785424
3.842282130823018e-17,4.839531110358523,medium,31.817627937157106,12.665227524682816,44.482855461839854,2.729317043180448,1.3907052579179116,1.3907052579179116,nan,43.2462343539325,1,3.5886895764845706e-16,1.5174736243071566e-15,0.7152784506932617,0.2847215493067398,sample_0638,uniform,train,43.2462343539325
3.209526701916083e-17,4.138702032555671,medium,100.91798301381367,33.977716052579716,134.895699066393,2.3154012663519956,1.4058295598689607,1.1114698612465128,8.333066662399863,3.8462521408765813,3,-2.8499448288619677e-16,2.791695009990675e-15,0.7481186109880629,0.2518813890119399,sample_0639,uniform,train,94.64206992424943
4.2876062998977116e-17,7.393978168961846,deep,55.63864531705986,14.119504712294347,69.75815002935421,2.219255919677331,1.0930687086522983,0.9416136266854989,16.590358645912392,33.58127273430829,2,-6.337707731436886e-18,5.092901227032999e-17,0.7975934753666365,0.20240652463336345,sample_0640,uniform,train,79.36496041295052
3.831765479284809e-17,4.404174874050778,medium,41.37876940926848,21.833808469903573,63.21257787917193,3.4914656131653397,1.0316849184869077,0.7427194579126294,5.74108003776293,29.524835199909734,2,-4.518697950736797e-16,1.9108897173930504e-15,0.6545970880726013,0.3454029119274006,sample_0641,uniform,train,111.7123748145699
4.2216274423318455e-17,2.822219027425419,shallow,30.383263028135364,15.035527432969499,45.41879046110478,3.0079873742256606,0.9386417617281619,0.6456516057431446,5.418486873657628,48.904031723462104,2,5.073038953298541e-16,1.8773095325871875e-15,0.6689579955713403,0.33104200442866155,sample_0642,uniform,train,130.03274082644805
4.5764870129767756e-17,6.106960565908871,deep,51.35221460638531,18.35044600476544,69.70266061115063,2.9944086571192354,1.30092922493137,0.6385689359931618,4.5431266766402185,4.686481129253601,3,4.432243053053574e-16,1.6819953553058664e-15,0.7367324884894032,0.2632675115105985,sample_0643,uniform,train,74.6583644725149
3.8334657659665464e-17,6.122031236132541,deep,31.455208702127603,20.520565402575055,51.97577410470256,2.671305404931272,1.5306705982082136,1.5306705982082136,nan,59.407200055198594,1,4.502216952868152e-16,1.9138913218690057e-15,0.6051898070582399,0.394810192941762,sample_0645,uniform,train,59.407200055198594
4.791832971620135e-17,6.9577126292720415,deep,54.44845766520621,17.497803779668143,71.94626144487418,3.360388962442149,1.1531965463998624,1.0565020475403077,9.13892772703669,2.6635316457574603,3,-9.205031469240646e-17,2.4196249640380322e-15,0.7567934257004455,0.24320657429955694,sample_0648,uniform,train,87.25162898872205
4.007118851262434e-17,5.578451934289655,medium,31.545870063604934,19.32356179367069,50.869431857275515,2.8688158365903678,1.1802311344341547,0.7532423473156662,12.21310771261762,37.29775851268308,2,-7.222079068673662e-17,2.165035464752567e-15,0.620134114179086,0.37986588582091607,sample_0649,uniform,train,88.33182254479047
5.2470948168693435e-17,3.5249182866454127,medium,43.00950619135877,13.421851087713883,56.43135727907254,2.303383026577125,1.0249920875906002,0.8050342422388342,7.539230729988307,9.776837874209964,3,-2.3540454052286343e-16,1.888691243716382e-15,0.7621561533362012,0.23784384666380068,sample_0650,uniform,train,57.345506518848396
4.2138022404148683e-17,5.184786790233322,medium,50.86598733318335,20.21646826516431,71.08245559834751,4.231690358635642,1.1443909384031403,0.7658164146909407,4.019950248448356,4.4578701943923935,3,1.9675998735708694e-16,2.099167414147267e-15,0.7155913073769199,0.28440869262308227,sample_0654,uniform,train,163.36606082827169
3.370219908740418e-17,7.893165858372005,deep,31.794135381843546,12.691948758712208,44.48608414055571,2.373090084748526,1.1926289185439143,0.7674431786500041,11.575836902790227,21.247525098107236,2,1.3987749016539768e-16,9.583348359209719e-16,0.7146984500004225,0.2853015499995784,sample_0656,uniform,train,43.50821609271107
4.1104908359649255e-17,5.2465503633728865,medium,37.804860777276,8.254609543483191,46.059470320759125,3.4281443807656293,1.1738925268006897,0.7384096011759775,8.874683092933516,2.9169272001530455,2,-1.3280338728930685e-16,1.3883973431102854e-15,0.8207836632510567,0.1792163367489447,sample_0657,uniform,train,87.35652945309036
4.0206043397295527e-17,1.4987967213363504,shallow,81.14656625107621,18.565785585224805,99.71235183630087,1.8419728763556,1.6114705822660245,1.4771309393674672,12.345039489608771,18.38518522383525,2,3.358165427280792e-16,1.4608146147225031e-15,0.813806562142829,0.1861934378571725,sample_0658,uniform,train,38.569916496059264
4.524647941922622e-17,2.322912707974459,shallow,108.6252482543466,34.94351641946454,143.56876467381102,3.4054334031500164,1.1274600139376998,0.7646525675882972,7.962411694957754,14.49829142909868,3,4.73717121448294e-17,8.413547706818937e-16,0.7566078074234582,0.2433921925765426,sample_0659,uniform,train,159.10289384357708
3.617149554805218e-17,7.560835412772828,deep,63.80850683795046,19.843594750565465,83.65210158851572,4.040180464739528,1.0886403215850227,0.7895134518069526,5.418486873657629,4.304316089065162,3,1.7974598670433372e-17,2.463266187668833e-15,0.762784265144039,0.23721573485596348,sample_0660,uniform,train,217.97258870311677
4.0141808482943354e-17,6.015345729354605,deep,94.93210634959284,34.45104373889428,129.3831500884868,3.093385908124071,1.3666564584492142,0.8516459047918814,3.682390527904392,7.6666217352524555,3,-1.5504856180767746e-16,2.5811327485754593e-15,0.7337285132157284,0.2662714867842742,sample_0662,uniform,train,114.2027088720551
4.4533741115077506e-17,4.46233255858593,medium,64.03918412822458,29.777993323568023,93.81717745179243,2.9002431656812315,1.4667483014051932,1.3069005721573694,11.208925015361643,39.32249079644842,2,-2.1610069505970422e-16,1.7798184451821126e-15,0.6825955104131207,0.31740448958688106,sample_0663,uniform,train,88.7308704922479
4.242211026624454e-17,6.15755117990274,deep,71.03561738912968,27.247502663535595,98.28312005266514,2.8091553109437783,1.3835309520346553,0.9782736999709316,12.240914998479486,39.38490689650202,2,1.7443823035204212e-16,1.409762260284108e-15,0.7227651844087281,0.2772348155912733,sample_0664,uniform,train,89.71666629090757
3.352324815824097e-17,2.120260006448005,shallow,145.62510834898885,30.042112415953977,175.66722076494244,3.3691071891487554,1.5830479921636271,1.5272493012030557,12.789057822998537,11.002320103890979,2,-3.3119487998291364e-17,2.1639800639887932e-15,0.828982821694706,0.1710171783052961,sample_0667,uniform,train,103.04108530831363
4.5724886816572766e-17,5.942391189692789,medium,50.46926426783406,15.984999362336543,66.45426363017049,2.2051867121082367,1.020801647895124,0.7027738115052424,5.610704055642215,23.050446913442567,3,-2.1948150341319265e-16,1.7909446548405225e-15,0.7594586338162481,0.24054136618375369,sample_0668,uniform,train,85.57075242086736
3.6510322412184205e-17,3.986089066947999,medium,28.768430058475857,21.295333542712886,50.06376360118865,3.0051228176895735,1.1442432739096564,0.8766728703049531,11.079711187571634,41.716742460210824,2,-2.410174504859165e-16,1.9160219373785962e-15,0.5746357842300298,0.42536421576997213,sample_0670,uniform,train,97.92714085215499
4.1075813844282057e-17,1.571296342110173,shallow,28.05567463592128,8.085221494430833,36.14089613035206,2.3100602717503755,0.9774332048869654,0.8024522879627949,13.81882773609976,15.539728367359496,2,2.8187447084493704e-17,1.4745263922012327e-15,0.7762860814167637,0.22371391858323775,sample_0671,uniform,train,40.632850051838005
4.2842488417889576e-17,7.149084523352493,deep,46.46640295487166,16.393901380323467,62.86030433519501,2.584301783980001,1.386851041237298,1.200353567526205,9.775479527879948,12.471864038435697,3,-3.5285067833260115e-16,1.865080874811721e-15,0.7392010497928098,0.2607989502071921,sample_0672,uniform,train,66.58113866920579
4.0412111704672964e-17,6.127378156398291,deep,22.266761025952825,10.999809985936572,33.266571011889354,2.266545083352063,1.2918964186467534,1.276228378267923,11.551623262554921,4.470699446905882,2,2.99638977001118e-16,1.281543689320107e-15,0.669343438432376,0.33065656156762535,sample_0673,uniform,train,25.60526222639782
4.618376048443529e-17,2.281032605594312,shallow,54.74847981414966,23.220627702304533,77.96910751645407,3.101837040828752,1.2249416791880778,0.8696473306201091,4.57820925690384,2.766646851308101,3,6.910587561011399e-16,1.5492323681366475e-15,0.7021816916731529,0.2978183083268487,sample_0675,uniform,train,100.71997572900139
3.793829159181461e-17,4.004446871772002,medium,30.87569874258865,17.043766730594132,47.9194654731827,2.6047528846102908,1.1291675558735303,0.8584437401707636,12.445079348883239,26.99701145328866,2,-1.778622454836701e-16,1.7793422244855627e-15,0.6443247736114189,0.3556752263885828,sample_0677,uniform,train,87.7562375364056
4.156720830650764e-17,7.2666973882210435,deep,48.484610908820486,25.94698959919485,74.43160050801517,3.2522789451294982,1.221780662012623,1.2025839239621643,10.512849280761138,11.119522939368169,3,-4.996508360788376e-16,2.2911002238096504e-15,0.651398204229122,0.34860179577088024,sample_0678,uniform,train,109.44086134687485
4.201141366065308e-17,3.9538441823976207,medium,250.52112862666283,62.732035044095745,313.2531636707579,3.451257925730062,1.5332427518749636,1.101653907364664,6.68430998682736,39.18607440864154,3,-2.8053699762789626e-16,2.2002218448835935e-15,0.7997401389055753,0.2002598610944269,sample_0679,uniform,train,189.31957663795617
4.05998494480914e-17,5.389101859256086,medium,16.49794224432628,9.501991855105176,25.999934099431368,1.8367329297907424,1.1911900763032492,0.6676674681543038,27.253623612283196,12.836388326125226,2,-3.927713003124387e-16,3.3477579134524006e-15,0.6345378484896659,0.36546215151033745,sample_0680,uniform,train,26.722403987160384
3.96281638140679e-17,7.511589281352564,deep,9.269534004524035,10.211997554147457,19.48153155867145,3.247924821881453,1.0117739159266192,1.0117739159266192,nan,71.59050686460137,1,-1.160017351821395e-16,2.188357933626105e-15,0.47581135890715226,0.5241886410928499,sample_0682,uniform,train,71.59050686460137
3.9938125936535026e-17,6.360098410405993,deep,12.780185001347315,3.680502828345211,16.460687829692507,3.0365187585684676,0.7010589419238131,0.7010589419238131,nan,57.293577329879305,1,3.5558142077775926e-16,1.1331085922216321e-15,0.7764064985360976,0.22359350146390355,sample_0683,uniform,train,57.293577329879305
4.3977733776880716e-17,6.467708318207794,deep,112.64847903633128,43.57414904777007,156.2226280841009,3.7575662765358087,1.53951730054131,1.5052700833176518,7.602631123499284,36.666004707943436,2,1.7651723174765457e-16,2.8654102739065403e-15,0.7210765842172883,0.2789234157827146,sample_0684,uniform,train,155.4190218992532
4.542249298969259e-17,1.600097196774505,shallow,96.80229286426918,38.84338094126809,135.64567380553683,4.011677810187631,1.7324201584166758,1.6843071191529924,12.574577527694522,23.82005216488623,2,-5.663361291445478e-16,3.1953180418789677e-15,0.7136408419707218,0.28635915802928147,sample_0685,uniform,train,116.5123739905116
3.6560183053862274e-17,7.8882570474538465,deep,12.315524124920374,8.861836242100274,21.177360367020608,1.9999530867888216,1.3210230786522748,1.3210230786522748,nan,33.50796357841056,1,-5.985281294557958e-17,1.9292398390609114e-15,0.5815419821678662,0.41845801783213576,sample_0686,uniform,train,33.50796357841056
4.51904087583895e-17,2.0414327397828016,shallow,128.33344086029433,37.74432951836789,166.07777037866197,3.7437364575408663,1.4583315046865024,1.2579323214957459,5.649778756730213,4.863818238835258,3,2.501780100565019e-16,1.5402144687420564e-15,0.7727309956515582,0.22726900434844327,sample_0687,uniform,train,137.60064543998286
3.747089697712672e-17,6.038668926926938,deep,37.23362120667329,23.67811431772333,60.911735524396356,3.1491156980769373,1.1695860786587469,0.8163152182733363,7.222188034107115,13.288514076244262,3,-6.317611798497404e-17,4.374420193680373e-15,0.6112717177753126,0.3887282822246918,sample_0688,uniform,train,103.30587271280196
4.264882471697387e-17,7.274874761192569,deep,61.07120872574286,22.597443958986045,83.66865268472878,4.34164229555556,0.9258605335297545,0.6316116968777371,9.82445927265211,44.824964954664914,2,-4.145184296390467e-17,1.486159687864951e-15,0.7299174394006895,0.2700825605993119,sample_0689,uniform,train,221.2256696468435
4.6413652818943866e-17,7.626388602214813,deep,119.30359173231349,40.26719412490458,159.570785857218,3.9046506727190264,1.2511818405390174,0.7542947541738008,9.156418513807678,90.68219155716396,2,3.996607927731053e-16,4.452837227961547e-16,0.7476530938380218,0.25234690616197863,sample_0690,uniform,train,208.9488683795364
3.984565453799025e-17,2.1072057633361276,shallow,20.306231074469704,8.16478218517308,28.47101325964276,2.724325230143816,0.9054007155849693,0.8687830698255345,13.266499161421597,15.935538508116975,2,1.482604951813699e-16,8.110929773242996e-16,0.7132247415743888,0.286775258425612,sample_0691,uniform,train,75.13726576962205
2.9612168316328074e-17,5.4421521038137906,medium,18.685972737877613,16.02704371197046,34.713016449848,2.236806825759919,1.4940276926688583,1.4940276926688583,nan,46.87853675324464,1,1.98542438053455e-17,2.1492510557991916e-15,0.5382987319720363,0.4617012680279659,sample_0692,uniform,train,46.87853675324464
4.32474317783611e-17,7.613832841867142,deep,49.9195944792271,15.913784059357376,65.83337853858443,2.473256452731534,1.7681862723843889,1.7681862723843889,nan,26.173718202501206,1,4.342322859176029e-18,7.55513276203134e-16,0.7582718005269867,0.241728199473014,sample_0693,uniform,train,26.173718202501206
3.7679663383832285e-17,2.1822944700390026,shallow,23.660835673070363,5.505679872913118,29.16651554598346,2.8641518332143256,0.7298919870920921,0.6253167635215805,14.46927779814874,10.41011679836792,2,5.659309286187078e-16,6.394917755703997e-16,0.811232854873153,0.18876714512684764,sample_0694,uniform,train,50.45488579776104
3.8101971108359964e-17,7.035322485360504,deep,58.439624329229076,20.830740253164652,79.27036458239348,2.9183765571116886,1.7377566265819788,1.7377566265819788,nan,45.183241630470945,1,-4.545521852471727e-16,3.0924197854853983e-15,0.7372190684008654,0.26278093159913773,sample_0696,uniform,train,45.183241630470945
3.8301116431809806e-17,1.9237250731870486,shallow,47.587091860544604,17.262619719432525,64.84971157997707,3.0719277916996783,1.2032554563348878,0.632199269796012,15.276125163142648,11.793058017191717,3,7.38768779167916e-16,9.313246129880454e-16,0.7338057595191765,0.2661942404808245,sample_0697,uniform,train,95.9855451201265
2.8508611479676246e-17,3.4703425833182395,shallow,21.3635710124855,15.564178140265104,36.927749152750565,2.5953913498725605,1.4495995480048793,1.4495995480048793,nan,47.99856455591407,1,2.2394330801040375e-16,1.1063822800898383e-15,0.5785235088148944,0.4214764911851067,sample_0698,uniform,train,47.99856455591407
3.9666610024217376e-17,4.679994902161191,medium,29.83117347269433,8.077367433607737,37.90854090630206,2.1597736505342975,1.3126086756162354,1.3126086756162354,nan,23.900191778722014,1,-8.700676505899114e-17,2.8115408247299897e-16,0.7869248659933278,0.2130751340066725,sample_0699,uniform,train,23.900191778722014
4.191883251858953e-17,2.8255294354774945,shallow,21.79663968878998,11.506190825539987,33.302830514329884,3.209730348844316,1.2078791471058081,0.9441917286138388,6.095900261651267,5.301517143590202,2,-1.1306552036510038e-16,2.5069572214255893e-15,0.6544981117869575,0.345501888213045,sample_0701,uniform,train,76.93441322758152
4.0955119614641535e-17,8.069986475532936,deep,23.322532210123978,7.222174870082493,30.544707080206422,4.268807526821363,0.9698023741612101,0.6371519940558944,12.097933707869291,5.48910930020282,2,1.0112593717750055e-16,1.5992889686332117e-15,0.76355396530345,0.2364460346965516,sample_0702,uniform,train,125.09385161395497
4.506610710375844e-17,4.2549196624432755,medium,19.087926544874836,12.474789531998958,31.562716076873766,3.150597995898504,1.0811629269552012,1.0811629269552012,nan,95.37352670599017,1,2.0110891953576842e-16,9.00483639024615e-16,0.604761849340992,0.39523815065900897,sample_0703,uniform,train,95.37352670599017
4.231712008206834e-17,6.52364403015832,deep,198.06655149485798,28.102695038257888,226.16924653311548,3.758600784385204,1.1638727910863775,0.667334239529398,5.203844732503073,5.77535488649182,3,1.4134746498830665e-16,1.6807783085398121e-15,0.8757448438767171,0.12425515612328451,sample_0704,uniform,train,188.43571772663947
3.109170633690351e-17,5.159631262411326,medium,19.683769686711887,14.461314592152402,34.145084278864225,2.8153609246990214,1.3233173654952888,1.3233173654952888,nan,60.67287058591495,1,6.097719827214047e-16,1.8728565932400786e-15,0.5764744794874067,0.4235255205125952,sample_0705,uniform,train,60.67287058591495
4.9746311016061073e-17,3.798558961481912,medium,59.85239578725152,17.549690851057246,77.4020866383086,3.7125856836934434,1.208408165270585,1.10852119426767,6.2801273872430325,10.510963032860857,2,-3.0240323114317443e-16,2.0654755251378075e-15,0.7732659206842206,0.2267340793157814,sample_0706,uniform,train,119.21264719909227
4.309057274696951e-17,1.5292792870732492,shallow,59.2810318333419,19.99618708861996,79.2772189219617,3.358121997435085,0.9948842246636719,0.6525823238235686,5.888972745734182,10.882646787513002,3,1.7473216683017203e-16,1.9269935331460206e-15,0.7477688122699726,0.25223118773002934,sample_0707,uniform,train,199.5276804174235
3.903931808027002e-17,1.5684911779335184,shallow,21.432554553440735,9.530852790050787,30.963407343491497,2.0924555463683157,1.0797268946727347,0.6717317403701504,14.252017401055896,20.212866895021268,2,-2.3198958110857013e-16,8.031737423378557e-16,0.6921897940907933,0.30781020590920755,sample_0708,uniform,train,40.54561336805301
3.8513730338886506e-17,1.5660953155836603,shallow,89.89289969151545,29.369665901583723,119.2625655930989,2.9733729634077872,1.7667259851423687,1.7667259851423687,nan,75.03639645907707,1,-3.8905956468369654e-16,2.323542727496666e-15,0.7537394424182762,0.24626055758172616,sample_0709,uniform,train,75.03639645907707
4.243511269817177e-17,2.9149351566102055,shallow,20.371705888036644,14.360446996465397,34.732152884501986,2.674602908191555,1.3091858558574185,1.3091858558574185,nan,65.13489724519944,1,-8.415751901101593e-17,1.585477934654017e-15,0.5865373780825089,0.41346262191749267,sample_0710,uniform,train,65.13489724519944
4.056850629866737e-17,8.353881321423703,deep,29.061617484454032,14.825318499413115,43.886935983867076,2.907320746550611,1.111882482525606,0.9334140268734951,12.124355652982143,6.021039415615195,3,-3.774266999121918e-17,1.6190301734012534e-15,0.6621929016675291,0.3378070983324726,sample_0711,uniform,train,80.39913789652051
4.555038090951154e-17,5.88902599908618,medium,66.4119327050065,3.5776637476782955,69.98959645268462,2.5528062520172496,0.7171478629960987,0.7171478629960987,nan,37.997890538952355,1,6.384283691880349e-17,2.5634101334005265e-15,0.9488829207624202,0.051117079237582394,sample_0713,uniform,train,37.997890538952355
4.278920737042274e-17,4.296955115477053,medium,51.15862089950521,21.178132695093513,72.33675359459859,2.6022240879148506,1.2058338001503308,0.9843395434240645,2.7276363393971708,2.583456582993799,3,-1.646518001393743e-17,1.817200794665383e-15,0.7072285989804945,0.2927714010195073,sample_0714,uniform,train,79.72559862147757
4.353732026238015e-17,3.949247374474778,medium,67.71282650078291,35.12284293487747,102.83566943566022,3.5030095607193137,1.3003443450287326,1.0030479406170993,3.6823905279043947,11.853163392869618,3,-3.3451263801358724e-18,1.520089310694129e-15,0.6584566121111105,0.341543387888891,sample_0715,uniform,train,179.93268108055892
4.0731428674756376e-17,6.303635373341859,deep,84.51071532312251,25.447168805187708,109.95788412831001,3.5664982829340874,1.2184137028834274,0.7932650035543086,11.31901055746482,2.419985705705983,2,-1.4646531442654866e-16,1.8739665191263628e-15,0.7685734951438938,0.23142650485610808,sample_0716,uniform,train,65.6259179477637
4.081289245665119e-17,2.531897073691587,shallow,26.943422142574285,9.377180037500057,36.32060218007428,2.3851200820782155,0.9504373439159365,0.7064895892255781,10.44030650891055,4.488365609876481,3,-6.430790979967767e-17,1.662861541781987e-15,0.741822010796826,0.2581779892031757,sample_0717,uniform,train,83.40343232415003
4.2438668116712744e-17,3.0932171192378473,shallow,47.12286731039314,18.353307404280805,65.47617471467385,3.649313730023037,1.4259695086118906,1.4259695086118906,nan,76.05821419247887,1,2.035054126571826e-16,1.5192699243641138e-15,0.7196948739864678,0.28030512601353375,sample_0718,uniform,train,76.05821419247887
4.806530441486263e-17,7.984389161147989,deep,86.52982520668907,45.43421894415546,131.9640441508442,3.217377329284484,1.4456176184235094,1.2152926893566378,8.901685233707155,35.39153022901365,3,1.4233293232093955e-16,2.5844957644295286e-15,0.6557075888624585,0.34429241113754405,sample_0719,uniform,train,138.71873655422615
4.5525800913209785e-17,3.9569907828724524,medium,50.51878504017485,11.485880992695854,62.004666032870574,2.726146360912006,0.9577405356630533,0.8021917791102086,4.845616575834285,28.074048213245558,2,-2.8725297385486593e-17,2.062710770331632e-15,0.8147577960244684,0.18524220397553365,sample_0721,uniform,train,72.46825326146448
4.445100210188565e-17,8.0239119782597,deep,73.95358346107614,8.200345556702198,82.15392901777817,2.719291006224374,1.1846459105178195,0.7777603549442988,6.675327707311456,4.193569100347579,2,-1.5926985816180808e-16,2.010873832077753e-15,0.9001831603826583,0.09981683961734365,sample_0722,uniform,train,52.43243041925304
3.651781363818477e-17,4.573240704576949,medium,35.24858104786712,19.599624699222638,54.84820574708954,2.797330650883572,1.6616180584488762,1.6616180584488762,nan,49.3383373004233,1,-9.744551751677534e-16,4.0159608702846105e-15,0.6426569578301574,0.3573430421698466,sample_0723,uniform,train,49.3383373004233
4.819358402205186e-17,7.429921768317665,deep,62.035223676366776,32.964876876226285,95.00010055259294,4.318890692279483,1.0831176577872712,0.9696174200858089,8.062257748298547,30.53861878853908,3,2.4422858695779964e-17,1.271496181336622e-15,0.6530016633195403,0.34699833668046093,sample_0724,uniform,train,227.33782343370228
4.4647412032524016e-17,2.6392168292813185,shallow,42.62388219230869,6.42508480136532,49.048966993673936,2.364712767414978,0.8601750600756155,0.833243788758368,18.508376482014842,22.107711152751964,2,2.635965429067813e-18,1.5391795240916612e-15,0.869006725418011,0.13099327458199053,sample_0726,uniform,train,45.35575398928842
4.408395959986297e-17,5.9848099452002375,medium,15.622678560714405,13.317683339889639,28.940361900603904,3.672549503035733,0.9583341502687973,0.9039934482392566,11.939849245279436,25.148501844977115,2,1.915795176856376e-16,4.849012973458755e-15,0.5398231927565634,0.46017680724344145,sample_0727,uniform,train,121.06256161217172
4.772544283927941e-17,6.741658137342685,deep,55.472995085654595,16.68670367290165,72.15969875855612,3.219377322358667,1.2047636437991203,1.011666401886191,4.983974317750845,3.0343799043303648,3,1.6555071116075784e-16,1.772425531663586e-15,0.7687531411579938,0.23124685884200805,sample_0728,uniform,train,76.35540495516915
3.94688625517114e-17,6.014968262006906,deep,67.46787344578094,12.1364371047296,79.60431055051038,2.6466354248782866,1.1426298812257762,0.7566760116596876,8.829496021857647,8.262974032698025,3,-4.917720796816727e-16,2.0306497382808674e-15,0.8475404532644165,0.1524595467355855,sample_0729,uniform,train,66.17972262367155
4.3668464185526434e-17,3.182285199988262,shallow,81.25273546302017,22.94352251496894,104.19625797798885,2.6040384052335743,1.787843255143022,1.787843255143022,nan,46.67744165951412,1,-2.040765526644532e-16,2.5231310349626382e-15,0.7798047361756942,0.22019526382430826,sample_0730,uniform,train,46.67744165951412
4.4731044238477136e-17,5.368676045975492,medium,44.53068852916102,11.795379104038567,56.32606763319949,2.102407809442551,1.1100702672002383,0.9296028444457664,5.283937925449163,5.426786693638124,3,-8.642529405958551e-17,1.639925518151534e-15,0.7905875627453516,0.2094124372546501,sample_0732,uniform,train,60.03122314932548
4.0833632283054926e-17,5.449242659836622,medium,72.5826229185897,19.893445154172753,92.4760680727623,4.275829436185596,1.1462848611988465,0.8908079979641204,15.363593329686907,14.8796417583062,2,-3.672487765513329e-16,1.6903768199165466e-15,0.7848800714740599,0.21511992852594178,sample_0733,uniform,train,189.95349233281368
4.2118702262684626e-17,2.6006562875460215,shallow,21.19314212357185,2.932022708144772,24.125164831716624,3.285420669503701,0.6098775068642625,0.6098775068642625,nan,49.721387651845355,1,3.7967708732555876e-16,1.1044630275841232e-16,0.8784662103410736,0.12153378965892621,sample_0735,uniform,train,49.721387651845355
4.150752775489064e-17,4.305158034431058,medium,55.627347535246784,11.350968340304133,66.97831587555082,1.94096567326264,1.485443744021924,1.485443744021924,nan,30.629659834680186,1,7.218840205426531e-16,1.4586754666770772e-15,0.8305277134558784,0.16947228654412302,sample_0736,uniform,train,30.629659834680186
4.1379850808586116e-17,3.175429660736084,shallow,36.57727776538546,22.664958131070296,59.242235896455696,2.285101548172455,1.1427217929803801,0.7426182415144857,2.7856776554368254,3.2136566561064606,3,5.387171342412255e-16,1.0194776011690311e-15,0.6174189277615327,0.3825810722384683,sample_0737,uniform,train,74.09018614663842
4.054023489025313e-17,1.3649483135387064,shallow,20.967801183171975,4.028548765248485,24.99634994842045,2.3093354792803655,0.7418717198193259,0.7418717198193259,nan,51.58811898902289,1,4.2270877272581037e-17,4.619202195491448e-16,0.8388345188973063,0.16116548110269413,sample_0738,uniform,train,51.58811898902289
4.809624069480452e-17,4.276313104046091,medium,114.98499586129442,43.400281741271804,158.3852776025659,3.9809940650016244,1.3068278445188615,0.9637286483441141,6.289674077406557,11.166239081416656,3,3.990949399374128e-16,2.0187749513838973e-15,0.7259828539734909,0.2740171460265111,sample_0739,uniform,train,136.42186828285674
4.382737273488832e-17,4.175033540035269,medium,31.364013239449218,8.412328594770903,39.77634183422008,3.121935320611541,0.9630412587541395,0.6607385627073119,9.046546302318912,4.88183260386989,3,1.4219031063617884e-16,1.1164656913422018e-15,0.7885092442680682,0.21149075573193293,sample_0740,uniform,train,88.48455799063078
4.2248668934796394e-17,3.766376826371358,medium,10.964378274614132,11.353479328478375,22.317857603092435,2.910568085147636,1.2263702806885566,1.0807397349616386,3.492849839314595,3.0873951732750817,2,-6.258488985697077e-16,3.2633343088145978e-15,0.49128274181186965,0.5087172581881336,sample_0741,uniform,train,55.81581434363337
4.1073246113098326e-17,4.915346364662544,medium,105.06350329571099,38.127768850717075,143.1912721464277,3.991083862106738,1.4974696944103665,1.4581824671355048,17.405746177627663,5.648588375568086,2,-2.7601301793839394e-16,2.4810965260281286e-15,0.7337284020235033,0.26627159797649913,sample_0742,uniform,train,165.011529116188
4.558971437740136e-17,7.09277911562594,deep,34.84631370098764,18.75159792789904,53.59791162888652,3.8255509227045197,1.238517127950666,1.238517127950666,nan,104.11123586360945,1,-1.5457549846834349e-16,3.0490894935679817e-15,0.6501431239012542,0.3498568760987488,sample_0743,uniform,train,104.11123586360945
4.772601617379121e-17,2.2675181220400527,shallow,181.77987136931804,63.828060042678466,245.60793141199616,3.9583045565375032,1.3753998851461446,1.0225658730659322,4.673328578219171,87.66747415448602,3,4.2168753889892935e-16,1.4175679853693997e-15,0.7401221545422756,0.25987784545772585,sample_0744,uniform,train,295.1054869924044
3.6386345053722374e-17,5.314877811209634,medium,98.98768289210646,26.617405791087943,125.60508868319427,4.1485357197633395,0.9875254802918838,0.8430338267131111,7.952358140828418,97.96516263397992,2,3.2126904158384363e-16,1.1031068480250042e-15,0.7880865650417779,0.21191343495822318,sample_0745,uniform,train,250.49748758207528
3.6860043072925265e-17,8.088333940422489,deep,27.767545945003054,6.892772050584409,34.66031799558743,2.475629570208353,0.8154287226457778,0.7216553075617755,12.181953866272847,26.56667875902139,2,4.71880470488978e-16,1.0250089682537805e-15,0.801133617658618,0.19886638234138304,sample_0746,uniform,train,66.6827924157314
4.419750431412754e-17,1.6494159576291794,shallow,65.50584140157125,5.6190308468364885,71.12487224840761,3.323406178945557,0.8252311146180382,0.8252311146180382,nan,70.6080068195648,1,-4.1626520737291085e-17,1.7108001695094984e-15,0.920997666931315,0.07900233306868669,sample_0747,uniform,train,70.6080068195648
4.3148182761339513e-17,3.525684647348893,medium,73.5892364545071,19.93007927340774,93.51931572791469,3.1706013583804653,0.9760080751197573,0.6045714929454645,11.852425912023243,23.681884105817,2,2.5632260694756338e-17,1.6335308593668638e-15,0.7868880977338178,0.2131119022661838,sample_0748,uniform,train,107.43818194589811
3.570814752269283e-17,6.726700430349808,deep,43.26246785892073,17.08152788614027,60.343995745060894,2.594485079178725,1.1218644647038207,0.8029934380068131,10.654576481493766,38.64220183719575,2,-4.434106544931424e-16,1.7662305760178075e-15,0.7169307786924555,0.28306922130754625,sample_0749,uniform,train,87.84553329147249
4.362787015750562e-17,2.8222002925652685,shallow,120.95837422819395,47.05349570115873,168.01186992935234,3.588935956462091,1.329194896064222,1.136375024051401,9.348796714016196,31.647209655442353,3,-1.8456459420570303e-16,1.98768745296194e-15,0.7199394559387737,0.28006054406122827,sample_0750,uniform,train,173.32855548756365
3.883300517186427e-17,4.733232558903868,medium,21.12176608023643,10.719137966116488,31.840904046352872,4.414548678533489,0.8024550682231649,0.8024550682231649,nan,190.36500692442578,1,5.522642125371474e-16,1.4505014605480926e-15,0.663353215395144,0.3366467846048574,sample_0752,uniform,train,190.36500692442578
4.127082589608738e-17,3.4259517075901016,shallow,25.167694304834747,11.24407798694295,36.41177229177764,3.613978414359812,0.7623516133223195,0.6415457134709248,8.845337754998393,35.89821777039281,2,2.860010676008251e-16,1.6099127290611325e-15,0.6911966301216823,0.30880336987831936,sample_0753,uniform,train,152.04669304401634
3.575429680582373e-17,7.66477061475576,deep,17.64853796783321,13.492349244330264,31.140887212163406,3.2770192101511797,1.3951070983392029,1.3951070983392029,nan,57.191022676944165,1,-5.17615115132193e-17,2.1676183930573403e-15,0.5667320217177312,0.4332679782822709,sample_0754,uniform,train,57.191022676944165
4.203077543349348e-17,5.144952480146305,medium,47.57210387558493,22.452162498446025,70.02426637403069,3.8141803498494826,1.3586054559889154,1.3586054559889154,nan,116.39472182974639,1,-5.713734907418306e-16,3.805159835403216e-15,0.6793659732396368,0.32063402676036706,sample_0755,uniform,train,116.39472182974639
4.035401150065614e-17,4.429087326998264,medium,33.911846803677875,16.40988487190615,50.32173167558391,2.147774162079286,1.1316270985353831,1.050504587916637,11.79152237838694,5.176374824508211,3,3.43806317257603e-16,2.2591996327657548e-15,0.6739006324802589,0.3260993675197434,sample_0756,uniform,train,81.51561022034045
4.125164520944175e-17,5.108609571540749,medium,12.326700108694705,4.818780914587921,17.14548102328259,2.0875213560987556,0.9072647648273996,0.9072647648273996,nan,38.10494953583432,1,-1.9314444640208734e-16,2.227506594608997e-15,0.7189474644634203,0.28105253553658194,sample_0757,uniform,train,38.10494953583432
4.390158886239284e-17,1.812978306000272,shallow,51.17364684943174,7.471569131307572,58.645215980739216,2.332262629698653,1.3414334905028273,1.004280983477901,15.82024020045208,2.8379070826880297,2,9.769672042892499e-17,1.6356537822133265e-15,0.8725971248232531,0.12740287517674845,sample_0758,uniform,train,26.270320912879086
4.336412894760792e-17,7.008661301794236,deep,21.473832153603276,16.95202575679427,38.425857910397454,3.0332251887904067,1.2782311003341302,1.2782311003341302,nan,74.78572262384432,1,2.7908838360859886e-16,2.4038644983335285e-15,0.5588380668995495,0.44116193310045293,sample_0759,uniform,train,74.78572262384432
4.513887738170521e-17,5.836923343350389,medium,33.38684423213724,12.887717369751755,46.27456160188895,3.546009128199663,1.2943771581965526,0.918815579733048,9.331666517830564,7.720340564812164,2,-9.281437590011414e-17,1.0748452234105377e-15,0.7214945550294393,0.2785054449705618,sample_0760,uniform,train,86.06598063166876
4.039304080540299e-17,4.847705517738663,medium,42.740808143622125,15.986607320621689,58.72741546424365,3.9768069106826114,1.1949517495633746,1.1949517495633746,nan,80.70036996752825,1,-2.632125709838757e-16,2.813016455062738e-15,0.7277828899118672,0.2722171100881356,sample_0762,uniform,train,80.70036996752825
3.350232547104182e-17,2.909306957569732,shallow,37.1097999932855,23.76621398417329,60.876013977458676,2.3421105331155965,1.5085928694416728,1.454002929960227,18.95890292184651,10.475929845387382,2,-3.63281017530384e-16,1.867514482201681e-15,0.6095964168584791,0.3904035831415228,sample_0763,uniform,train,64.29185008316226
4.3306012032179116e-17,5.039022872173888,medium,50.41079696216003,7.88480719733026,58.295604159490175,3.4484129396911185,0.7030712545939135,0.6747401052098155,11.523888232710346,25.415132984171482,2,-8.574874187809232e-17,1.9349427959149636e-15,0.8647443952076008,0.13525560479240115,sample_0764,uniform,train,111.48110162718145
4.2017614769103606e-17,4.145168717500352,medium,47.62057450569776,11.407533745269172,59.02810825096679,2.041306643549361,1.0362199664340581,0.9803529368250976,11.02905254316979,27.085477000230707,2,2.252864474307118e-16,2.4375659030045856e-15,0.8067440396909181,0.19325596030908435,sample_0765,uniform,train,62.71527468523202
3.378612472815894e-17,6.098480483092993,deep,43.79108061233175,26.710764119954597,70.50184473228614,3.568093181053687,1.2155766638169656,0.7465866007803279,8.287339742040263,7.198844892613686,3,-5.008651388246146e-16,2.8219398622589303e-15,0.6211338267618085,0.37886617323819427,sample_0766,uniform,train,124.92855162055652
4.849247789505272e-17,5.940795432751842,medium,79.51810217178438,32.308232009057456,111.82633418084171,3.3328660976639584,1.6893453281524713,1.6893453281524713,nan,94.79547735148229,1,-3.1984491391865066e-16,1.0801772763459805e-15,0.711085655756098,0.28891434424390317,sample_0767,uniform,train,94.79547735148229
4.3814755882899606e-17,2.706547611565367,shallow,17.521421796061226,2.684361772163728,20.205783568224888,2.0664033090486926,0.6816523966671936,0.610364183240069,11.28007092176286,8.589368581532112,2,-2.5383475956593807e-16,3.274769921405845e-15,0.8671488406722805,0.13285115932772282,sample_0768,uniform,train,28.484745934555797
4.035643138927329e-17,1.3870491246035586,shallow,14.697770681120748,10.057266928712828,24.755037609833536,2.3065961022141086,0.8605517934372505,0.6511391747733398,8.858893836140041,21.58789442549028,3,3.944829658038951e-17,1.5786625366015068e-15,0.5937284730798509,0.40627152692015067,sample_0769,uniform,train,73.35474727161728
4.3423661143781265e-17,5.069216773298935,medium,37.15816433717993,5.938629046120516,43.09679338330039,2.272143145471472,0.8877724994445301,0.784541479820132,14.247806848775006,18.315322185908112,2,5.925640707052793e-17,1.4426244854472174e-15,0.8622025310954662,0.13779746890453526,sample_0770,uniform,train,41.07986206102014
4.2814888862629216e-17,3.6779482508528005,medium,63.54636240808718,10.870136398995824,74.41649880708285,2.331296707202892,1.207459636944464,0.7933283443905463,10.291744264214886,12.129589328051773,2,-1.3021633909887775e-16,2.0767309333976972e-15,0.8539284087098026,0.1460715912901995,sample_0771,uniform,train,49.62871703882362
4.251525599415246e-17,5.993625212883926,medium,150.89291284137607,46.49961971774382,197.39253255911947,3.5819430530446463,1.4734442216994932,1.297515186006704,17.299710980244726,43.501671486294185,2,-2.2054866335136302e-16,2.1237896320768962e-15,0.7644307050783865,0.23556929492161557,sample_0772,uniform,train,155.5382365929447
4.2068977180080576e-17,2.59482767568017,shallow,48.241449675311706,16.037403575022676,64.27885325033431,2.909807704933092,0.8706484023213434,0.738014825401774,10.705138952858109,11.964058345159515,3,1.0001030829816317e-16,1.1606770109020651e-15,0.7505026495640043,0.24949735043599688,sample_0773,uniform,train,103.54027458472576
4.08057230041402e-17,5.132304134278497,medium,75.95321468864906,33.8379157572171,109.79113044586586,4.196862683386631,1.1117243900703524,0.7965729225357009,4.83735464897913,21.960979587982877,3,-1.23060104807554e-18,2.6534249212898116e-15,0.6917973645065884,0.3082026354934143,sample_0774,uniform,train,232.70573085606043
4.620902653512885e-17,2.0007759023579297,shallow,55.66138643221391,14.58545781725984,70.2468442494736,2.1847637822989463,1.2768293532591384,0.7886961080399311,11.223190277278562,4.050345069475072,2,9.426380385764641e-17,2.174712470298142e-15,0.7923684975020214,0.20763150249798074,sample_0775,uniform,train,25.508136757765953
4.1621739222141264e-17,3.9874693935589267,medium,12.794637469389588,3.066379108076232,15.8610165774658,2.0772272779482375,0.7166174230056198,0.6616871882090305,16.858232410309217,16.86176212737298,2,-1.7015885195747962e-17,1.2319465866496656e-15,0.8066719687795608,0.19332803122044045,sample_0776,uniform,train,37.69602206794956
3.6743547889655985e-17,6.512335852233707,deep,20.682696034737845,13.096497640698296,33.77919367543608,2.8651138776039575,1.2785674105783842,1.2785674105783842,nan,59.05739075764031,1,1.0868723083780518e-16,1.68279383477836e-15,0.6122909928953725,0.38770900710462924,sample_0780,uniform,train,59.05739075764031
4.128021056134081e-17,4.881742142088744,medium,61.10490171664495,30.741503963747412,91.8464056803922,3.6150184929589475,1.6747002256854304,1.6747002256854304,nan,86.95077747928413,1,2.812421089496612e-16,1.8566894950232074e-15,0.6652944256662394,0.33470557433376247,sample_0781,uniform,train,86.95077747928413
4.0129359214315205e-17,7.575683271695099,deep,72.21840148610345,26.817471371427718,99.0358728575309,3.908685511055047,1.4503908017690121,1.4503908017690121,nan,138.84739861192912,1,4.3862509905680885e-16,2.6187288612634787e-15,0.7292145704616951,0.27078542953830753,sample_0782,uniform,train,138.84739861192912
4.794033655520873e-17,3.889355368950037,medium,35.54531367921238,14.89978567986036,50.44509935907272,1.8985071015573203,1.4338780189235332,1.1684127711557357,16.976454282328802,10.506293992045606,2,2.1704569835157486e-16,3.169229867266958e-16,0.7046336340066983,0.29536636599330207,sample_0783,uniform,train,34.928365560790326
4.630053310888427e-17,6.883889200402198,deep,64.12824899551094,22.4037496529931,86.5319986485039,3.133138205750689,1.2217271251286044,1.1232056416453666,5.517245689653486,53.47688332672728,2,-6.832238928277507e-17,1.6422658596997173e-15,0.7410928904578086,0.25890710954219304,sample_0786,uniform,train,110.6968167142059
3.9568682317914304e-17,4.661192282661276,medium,61.395824127053885,23.786165201124913,85.18198932817866,2.97665802862385,1.0071579067298926,0.6144216604200312,6.056401571890689,10.89945364295407,3,-3.5949062595725617e-16,1.626586025590559e-15,0.720760628053844,0.27923937194615767,sample_0788,uniform,train,92.91207239064708
5.024214047237578e-17,5.067001124545648,medium,69.60101055652794,29.026087773864383,98.62709833039216,3.232047496837602,1.3147498264590163,0.7316880390201639,4.656178690729127,3.4089883475255562,3,6.007590843875692e-16,1.6569972349522455e-15,0.7056986541707903,0.2943013458292114,sample_0789,uniform,train,85.31799578086397
4.399511054795064e-17,4.8808582624946375,medium,78.47570579069647,26.2078138717708,104.68351966246718,3.255455804562255,1.3210969070460912,0.9873888421886277,7.665507158694719,8.591876930798621,3,3.0859893129490553e-16,8.484414954368116e-16,0.7496471846163274,0.2503528153836735,sample_0790,uniform,train,125.8676852852246
4.595761495846077e-17,7.6422591744946295,deep,145.2498003246915,51.90933133961872,197.15913166430977,4.145969471015777,1.4934352522235776,0.9621752996991857,7.881624198095213,7.205785387268766,3,3.0898806175038623e-16,2.3064990550918704e-15,0.7367135323561834,0.26328646764381886,sample_0792,uniform,train,170.3838513855622
4.090860865293036e-17,6.738072221661041,deep,81.68385853189791,19.474820447098697,101.15867897899648,2.2345095245305693,1.639755898355599,1.5728670435565646,9.301612763386785,9.302782597630463,2,2.1253271691912346e-16,1.2994476345713404e-15,0.8074824558440298,0.19251754415597147,sample_0793,uniform,train,35.032780706077745
3.5401027037164207e-17,6.457149153613573,deep,14.291236358103625,9.611528150988908,23.90276450909249,3.198158973978567,0.9399306507583683,0.822099557530242,12.550697191789785,5.191896455684472,3,-1.7884676857211076e-16,1.857898945877718e-15,0.5978905223564125,0.4021094776435894,sample_0794,uniform,train,100.48208761754644
3.9020325531072674e-17,8.010440408047769,deep,192.68739704220602,49.22311160112431,241.91050864332982,4.089208055560359,1.441671347033166,1.3164263335118882,8.282511696339464,15.490902005763102,2,6.468908025670815e-17,2.085421361886675e-15,0.7965234669747323,0.20347653302526977,sample_0795,uniform,train,163.25889476226547
4.219413019103439e-17,4.4884152724423325,medium,54.71745355587354,19.951324313075304,74.66877786894872,2.6640534121682937,1.7056081173957103,1.7056081173957103,nan,36.49906162233514,1,-3.358999564204198e-16,1.6177078094303312e-15,0.7328023186867773,0.2671976813132244,sample_0797,uniform,train,36.49906162233514
3.791846294019554e-17,3.8425084750829193,medium,34.93418704780839,17.51552808517396,52.44971513298223,2.7532503701818154,0.9639147208832696,0.7744046457081928,4.054626986542659,17.67168190241537,3,-9.50952253201594e-18,2.3707465034414463e-15,0.6660510349624482,0.33394896503755417,sample_0798,uniform,train,99.27837140408698
4.4288110008619824e-17,8.25564658906336,deep,119.39719844082816,17.43460708758127,136.83180552840923,2.0261310776239947,1.78082327582421,1.78082327582421,nan,34.84104907404565,1,-1.4511440579500443e-16,1.453989189461666e-15,0.8725836656159501,0.1274163343840513,sample_0799,uniform,train,34.84104907404565
4.348317307885017e-17,2.2824350120634307,shallow,49.38361159542396,13.632919643817106,63.016531239240976,2.6128904341483463,1.1080168238895156,0.9254685255106803,13.72880184138441,22.529994870077832,2,9.183650433921935e-17,1.3812484346394925e-15,0.7836612175294143,0.21633878247058702,sample_0800,uniform,train,59.13188761110672
3.295645298900152e-17,6.139720497950688,deep,23.96541491213078,13.596461345270415,37.56187625740114,3.289969342837065,1.3071564696195028,1.3071564696195028,nan,63.98837978004469,1,4.1970178040924484e-16,1.4660359787154516e-15,0.638024968398874,0.36197503160112743,sample_0801,uniform,train,63.98837978004469
4.6805697435072336e-17,2.2950700128506205,shallow,67.11657983742303,26.21012935694764,93.32670919437061,2.45750826988367,1.5588539195663083,1.3646637250361302,7.096477999684066,5.462679974668756,3,3.019997988453995e-16,6.852148411793176e-16,0.719157253232191,0.2808427467678097,sample_0802,uniform,train,53.01797011741158
3.587888545350289e-17,6.056700528949946,deep,7.211140011559244,2.8344858423940438,10.04562585395328,2.806371743012105,0.7621718569366338,0.6749486357452488,16.248076809271925,3.9351236280480664,2,-2.3554156462911653e-17,6.631083264094975e-16,0.7178388003293419,0.2821611996706588,sample_0803,uniform,train,39.3645102375478
5.2520469348495084e-17,4.801877016270661,medium,43.567214828823346,20.063110807877443,63.630325636700725,2.553075752043145,1.2870580124403048,0.9188043791216749,8.982204629154248,20.794919452953742,2,9.166828718035411e-16,1.0050057983912717e-15,0.6846926271849005,0.3153073728151005,sample_0804,uniform,train,58.637528088918195
3.719119362295887e-17,2.4471489438534153,shallow,8.210356213464197,5.94807615234702,14.15843236581119,2.5209427280830305,0.8815405396460275,0.8815405396460275,nan,52.57000136929673,1,3.050853542319647e-16,1.819210877716963e-15,0.5798916152108761,0.42010838478912577,sample_0805,uniform,train,52.57000136929673
4.388669828806899e-17,4.1040340355739175,medium,100.62282181105151,28.07109004532328,128.69391185637457,3.882884562760686,1.122467953172228,0.7361836857395575,9.97196068985433,30.415395544285246,2,2.2229665097716846e-16,1.7115669646552947e-15,0.7818770939479168,0.21812290605208487,sample_0806,uniform,train,138.39957768762775
3.6021081139210495e-17,3.9783041753057296,medium,20.2864770462474,9.267971022975077,29.554448069222424,2.869232939465416,1.2124180221756617,1.2124180221756617,nan,40.102062159123854,1,-1.1270393443792055e-16,1.7430319869939837e-15,0.6864102824296503,0.3135897175703514,sample_0808,uniform,train,40.102062159123854
4.150081221624316e-17,1.3648458564893762,shallow,32.064062081287176,9.900226950135092,41.96428903142223,2.1953281498297574,1.0415528516454864,0.7737749621320997,6.575712889109437,5.934430918093113,3,4.360910218750439e-16,8.466040437716654e-16,0.7640797168582574,0.23592028314174346,sample_0809,uniform,train,67.27039053851456
4.0083673514434375e-17,2.0154863372086878,shallow,203.2396988551562,52.1996387689193,255.4393376240753,4.01876273199565,1.6331694160282604,1.5121777295625758,10.182337649086284,47.898957490984365,2,4.035181556344808e-16,7.788618928601415e-16,0.7956476114664054,0.20435238853359544,sample_0810,uniform,train,181.7914949963195
3.991704866779727e-17,1.3189458251670083,shallow,52.98956499127378,30.92535226577385,83.91491725704749,3.316277306023847,1.2494783050241627,1.0613345114907995,14.1718029904455,37.958105857496555,2,-1.5340839690374817e-16,1.65114663759718e-15,0.6314677619112294,0.3685322380887722,sample_0811,uniform,train,135.03200775304788
4.047212571265055e-17,1.6359333354824455,shallow,23.30482323275049,21.501893979646393,44.80671721239678,3.7421850387747213,1.4218381591883884,1.250603596668105,18.721111078138502,12.049919280053949,2,-4.532701781281557e-16,2.3786926825901655e-15,0.5201189616788684,0.47988103832113405,sample_0812,uniform,train,96.33148851514491
4.326845650290114e-17,3.7836708072349055,medium,75.78992561710557,7.414820548991643,83.20474616609718,2.2648511350852396,1.1866546453757925,0.6432944617930593,9.505787710652916,5.118579467768261,2,1.9693726989138682e-16,3.522622109992905e-16,0.9108846443183685,0.08911535568163184,sample_0813,uniform,train,53.78255608644865
4.480589984957124e-17,2.9515455283066805,shallow,136.05441116283797,18.195211976882213,154.24962313972003,2.0633048913313554,1.7190334095580262,1.7190334095580262,nan,36.79415491121722,1,4.321959870784568e-17,9.67353899947375e-16,0.8820404769456016,0.11795952305439933,sample_0816,uniform,train,36.79415491121722
4.2077186988600536e-17,2.6557441266079715,shallow,47.0277991200415,12.55509737321113,59.58289649325252,2.888481925967148,1.1892737972193352,0.6021980443848566,11.513470371699402,15.714220460303642,2,4.1047815019218185e-16,1.8484184308711427e-15,0.789283534166003,0.21071646583399878,sample_0818,uniform,train,70.22254845938652
4.123099645677585e-17,4.713612882913565,medium,47.23807499138012,13.539939517649165,60.77801450902917,2.5604009736575954,1.270500527664645,1.105678804116626,17.94658741933965,9.691187991258829,2,-4.468051996375251e-17,1.8412987292566193e-15,0.7772230694433501,0.22277693055665176,sample_0819,uniform,train,54.2178637981689
2.8259696125116387e-17,1.9301710877732088,shallow,337.86979533497396,64.86643249680566,402.736227831779,3.926746375791618,1.4376407343653443,1.128840131957483,7.840918313565063,28.72474575647186,3,4.142059264151033e-17,1.5525735314034467e-15,0.8389356903747447,0.1610643096252569,sample_0820,uniform,train,235.40216804716172
2.8946512216481647e-17,5.950117240095887,medium,13.219584554977358,12.295827904867666,25.515412459844985,2.2424563485413085,1.381300700446558,1.381300700446558,nan,47.23463925653044,1,-1.6483094397909917e-16,1.5316174303788987e-15,0.5181019344986779,0.4818980655013236,sample_0821,uniform,train,47.23463925653044
4.1358469424192405e-17,5.556546946440972,medium,50.679548945081706,23.875798239491093,74.55534718457261,3.5148196939085,1.1559939196923088,0.7091507832654353,4.866210024238576,4.800184263143958,3,-2.1129678488641238e-16,2.5255576170851672e-15,0.679757399822941,0.32024260017706146,sample_0822,uniform,train,94.2384478252009
4.3335321473722965e-17,2.737023759259473,shallow,66.88811481591505,10.920214420552304,77.80832923646729,1.7870641379689696,1.3557233641794169,0.9858332317033152,5.134199061197377,9.709078129220005,2,-2.6455967168159388e-17,7.990467086121379e-16,0.859652372339668,0.14034762766033287,sample_0824,uniform,train,31.450517689443437
4.415458863717877e-17,3.5364873025266137,medium,56.99746665121258,25.77547089104568,82.7729375422581,2.4413998055750605,1.1240676015598803,0.7934766358061387,6.723094525588644,20.054929169593418,3,-2.702817032821721e-16,1.8026903350318184e-15,0.6886002640913117,0.31139973590869013,sample_0825,uniform,train,111.55786754785746
3.9502704879826625e-17,4.092131718743556,medium,113.46267054946173,38.10904232614404,151.57171287560564,4.090351948050423,1.1296813882252446,0.6035921779810521,5.617828762075256,148.15434056361372,2,2.9909955808520305e-16,8.906880923435602e-16,0.7485741791582189,0.251425820841782,sample_0826,uniform,train,297.6188617138118
4.174656077740928e-17,4.816803331680538,medium,66.6228247419641,26.795827990137095,93.4186527321009,3.4597952726988,1.2380193492950067,0.896747910383311,5.234500931320958,6.509515521063441,3,4.2411552032329556e-16,3.156492057170456e-15,0.7131640501498143,0.2868359498501888,sample_0827,uniform,train,103.95714681757269
4.4230771227586714e-17,6.648777691809265,deep,101.5468271189224,29.464958225290008,131.0117853442124,2.5026787119694602,1.517258342557568,0.9917414871740915,4.608687448721165,12.515056207914029,3,6.394086641308464e-16,2.7117512134242862e-17,0.7750968880557153,0.22490311194428478,sample_0828,uniform,train,69.0959050643487
4.298138462850466e-17,4.473806138627603,medium,232.8634881141561,60.76674796496999,293.6302360791256,4.082180179439358,1.5380418080573708,1.364540758707351,7.034202158027591,44.49844865715779,2,3.577150733937362e-16,1.621303171349767e-15,0.7930501000973399,0.20694989990266177,sample_0829,uniform,train,201.29266048034927
4.728033471108707e-17,4.460606045451865,medium,78.85998816536087,37.408831751159475,116.26881991652013,3.1406853045668446,1.3801162191491583,1.0450765176895565,6.977105417004964,35.092011186648826,2,3.1005655646703805e-16,1.894473928984413e-15,0.678255685591215,0.32174431440878687,sample_0830,uniform,train,105.08989504126029
4.2563069862803386e-17,5.880711900325238,medium,95.98628399751121,35.75897899365715,131.74526299116786,3.979602149759601,1.1537477324344356,0.7512167363098045,9.81631295344642,4.390282974564099,3,3.2409609447249393e-16,3.775315360411966e-15,0.7285748407056281,0.27142515929437566,sample_0831,uniform,train,183.360658308663
4.2397061681740284e-17,4.797216990529115,medium,17.761968696625342,3.2574828628949843,21.01945155952029,1.9856160430806502,0.7698941190426609,0.7698941190426609,nan,32.79249255753033,1,5.649091586760658e-16,1.6479477721014058e-15,0.8450253160187928,0.15497468398120884,sample_0832,uniform,train,32.79249255753033
4.602909717518806e-17,5.752167049611236,medium,19.412061499151193,8.518957175576483,27.93101867472759,2.441992374436965,1.2286409524597568,1.2286409524597568,nan,32.936581233376636,1,-5.3181060454235954e-17,3.11630184864574e-15,0.6950001260324787,0.3049998739675243,sample_0834,uniform,train,32.936581233376636
3.815016413969224e-17,1.502518464438909,shallow,39.522410034328175,27.387603137293056,66.91001317162117,2.9964752720679875,1.4571310864872495,1.3988961473939323,20.57279757349496,28.590353805447368,2,6.86732801030642e-16,8.495502566261227e-16,0.5906800516232895,0.4093199483767114,sample_0835,uniform,train,82.28289935859509
4.2860031530777e-17,3.652865596439879,medium,19.702964134380025,12.063971298907333,31.76693543328729,3.3285936103893796,0.982216075842896,0.7360610889674941,10.463269087622663,10.69390963866445,3,2.500224550081816e-16,2.1248999620680236e-15,0.6202349665033815,0.37976503349662066,sample_0837,uniform,train,126.89790220196764
4.4667013192399834e-17,5.673261737999127,medium,43.763008663278335,10.428924478439727,54.191933141717996,1.600342994574309,1.2768181045374545,1.0200774282616358,9.875221516502808,4.266959810204037,3,3.2104412516618564e-17,1.2128226333231272e-15,0.8075557767764651,0.1924442232235362,sample_0838,uniform,train,30.631050494491696
4.357208154377588e-17,1.9103782610740847,shallow,113.54795479546117,16.327791287943423,129.87574608340452,2.7432942879704245,1.5864836005607288,1.5864836005607288,nan,40.38338415998269,1,1.3823415352908275e-16,5.197395351543227e-16,0.8742814437619641,0.12571855623803638,sample_0839,uniform,train,40.38338415998269
3.3982875087781205e-17,1.5628848846820627,shallow,15.502941693305448,8.137446148459912,23.640387841765317,4.052247601437504,0.7380431274049646,0.7380431274049646,nan,124.29931326755046,1,1.0282637825683936e-16,1.803378372256962e-15,0.6557820369561156,0.34421796304388624,sample_0840,uniform,train,124.29931326755046
3.7010561541102795e-17,6.848899584603077,deep,15.331453627977705,7.450071794298971,22.781525422276673,2.221721796939632,1.1077053414167086,1.1077053414167086,nan,45.936471919770874,1,1.05601114570121e-16,1.5594713755763334e-16,0.6729774825783179,0.32702251742168226,sample_0841,uniform,train,45.936471919770874
3.399305881640398e-17,7.666924913366536,deep,2.902221304157756,3.037269047098929,5.93949035125667,1.9045551660452562,0.7429957475711066,0.7429957475711066,nan,28.938051104759783,1,-1.0111370453335367e-16,2.467373976279192e-15,0.48863136944800445,0.511368630551998,sample_0842,uniform,train,28.938051104759783
4.3832132606723587e-17,5.296471851973851,medium,114.41268136389881,19.08647797908186,133.49915934298048,2.023623588647172,1.3971514107233556,1.0644113696133082,6.180614856144979,10.748029342619231,3,1.3639345847974508e-16,1.4636740283286424e-15,0.8570292272025063,0.14297077279749512,sample_0843,uniform,train,43.17876398920912
3.5689785361624035e-17,6.098773409642369,deep,27.505361870394935,9.973055687770982,37.47841755816582,1.9280626033633512,1.434206190835301,1.434206190835301,nan,30.022855967018813,1,-2.0142018792628462e-16,2.5120300861715672e-15,0.7338986985698399,0.2661013014301626,sample_0844,uniform,train,30.022855967018813
4.802390332883702e-17,2.1729202792742006,shallow,116.90763421174674,48.97299050741329,165.8806247191597,2.3546736418944487,1.7108140824978575,1.5948085963975833,4.02492235949962,24.13810172038626,3,4.341165792681631e-16,2.0132253924931975e-15,0.7047696764445786,0.29523032355542345,sample_0845,uniform,train,112.13910960058115
4.373237030180255e-17,8.189780835818496,deep,171.0793817013709,40.596937549008054,211.67631925037847,3.889340588292297,1.088376729089969,0.8573523554166065,7.13582510996451,44.16964086346302,3,-4.044728837037533e-16,2.2490169644161362e-15,0.8082121907033538,0.1917878092966484,sample_0846,uniform,train,233.60196052001956
4.3938639035590504e-17,6.413031628212677,deep,15.727764686729461,17.978940048798403,33.706704735527815,3.647026383319054,1.0778696918876052,1.0576842841273477,12.043255373859681,34.48959588589143,2,1.8282356153249472e-16,1.4756112142514415e-15,0.46660641584912793,0.5333935841508736,sample_0847,uniform,train,122.63994230955572
4.432523896445746e-17,3.120292994041967,shallow,36.49368939850309,20.63170945201007,57.125398850513115,2.706648378547862,1.1562733546414576,0.6408668955906976,4.064480286580316,41.98004761281779,2,1.0130719965912562e-15,8.70680861824044e-16,0.6388347413380957,0.3611652586619052,sample_0848,uniform,train,99.19309353832897
3.98916347499921e-17,1.3820845599194889,shallow,37.935334214421346,20.33270571969103,58.268039934112345,3.5023811598313457,1.5467986739553854,1.5467986739553854,nan,63.46843862042613,1,6.147677148776813e-16,5.487471887738145e-16,0.6510487439995822,0.34895125600041826,sample_0849,uniform,train,63.46843862042613
4.846271372867917e-17,4.2032867196762975,medium,58.099598597970704,18.837810688716953,76.93740928668744,3.379229296366847,1.30254679718458,1.30254679718458,nan,88.73233383570083,1,5.85912535487128e-16,2.81677712332756e-15,0.7551540809163136,0.24484591908368922,sample_0850,uniform,train,88.73233383570083
3.934304495010694e-17,5.133338606073693,medium,31.490478290614753,14.989031325389266,46.47950961600393,1.995959514567418,1.6527934486104066,1.6527934486104066,nan,33.30763471748802,1,1.4376805802793897e-16,1.910903163647634e-15,0.6775131353746443,0.3224868646253576,sample_0851,uniform,train,33.30763471748802
4.995272624736051e-17,2.43229759482695,shallow,83.1566788510708,30.16093559603092,113.31761444710156,3.503022216410886,1.7147305409557645,1.7147305409557645,nan,83.74198237232181,1,4.879987125340995e-16,1.3481283464516934e-15,0.7338371819492338,0.2661628180507675,sample_0852,uniform,train,83.74198237232181
4.222905495198982e-17,5.7407091378321,medium,52.0263559137638,24.8231864125302,76.84954232629386,3.7863251762506622,1.3916930157092307,1.2255669014425292,11.308403954581744,10.98255925763405,2,5.812261606152429e-17,1.895408305912356e-15,0.6769897951098549,0.323010204890147,sample_0853,uniform,train,112.79452409038619
3.7758602393561434e-17,3.5736201321897716,medium,47.36938473719257,20.01865503019963,67.388039767392,2.6505008494216873,1.3948773949584847,1.3902217847531462,6.957010852370437,26.612832873115853,2,3.18421930049601e-17,2.8996132401016676e-15,0.7029345993844127,0.29706540061559017,sample_0854,uniform,train,59.6373667964224
4.176690780359455e-17,6.909647767658528,deep,97.60014751467972,13.789408357429279,111.38955587210891,1.7836245424950523,1.2774455480284712,1.111283452526076,9.123595782365635,6.189347330938627,3,2.3241994621398998e-17,7.495206422015793e-16,0.8762055540174574,0.12379444598254333,sample_0855,uniform,train,33.97988507182913
3.732788337591279e-17,2.932342043537619,shallow,92.60329180886966,18.492686893423315,111.0959787022928,3.7473192843201395,0.9773254218024601,0.6613108709172476,6.899275324264135,24.79244881232616,3,1.0961067542336451e-16,1.5669601392838877e-15,0.8335431479209653,0.16645685207903627,sample_0856,uniform,train,150.15457791940088
3.964461364521326e-17,2.0058934678201936,shallow,12.77751422111987,4.103932858869137,16.88144707998896,2.0439722111471026,0.8546866510183903,0.8546866510183903,nan,35.769557734933784,1,2.6578827474283627e-16,2.7884728140342236e-15,0.7568968560915706,0.24310314390843213,sample_0857,uniform,train,35.769557734933784
3.9879957926957464e-17,2.9931565772635915,shallow,93.06114287096425,28.734737864924735,121.79588073588886,2.895995232867342,1.4153094766638066,1.225640817260571,9.8,20.580546600530344,3,3.1964296803251687e-16,1.020929263015523e-15,0.7640746329735475,0.2359253670264535,sample_0859,uniform,train,101.35493802136261
3.90557846584563e-17,2.179465098563196,shallow,31.700139359283327,7.503876402587044,39.20401576187031,3.50053822922054,0.7357003918238849,0.6111965281214017,9.836666101886351,16.40902587736544,3,2.4647368829966857e-17,1.5632151392744196e-15,0.8085941897338683,0.1914058102661332,sample_0861,uniform,train,108.36853460325284
4.853578515735445e-17,7.3729653057883375,deep,36.427034385709064,24.53907075776084,60.96610514346977,3.612506701505253,1.0165627152016563,0.9607282270095232,6.006662967072482,28.63257016798517,3,-1.813533119975127e-17,2.214396335090131e-15,0.5974964990790601,0.40250350092094217,sample_0863,uniform,train,187.7301217520561
4.1769693196053286e-17,1.958164358558822,shallow,121.36089842635741,29.067389637947254,150.42828806430424,3.6506975760821456,1.3534520866998268,1.1567559610797291,6.791170738539857,5.5580814897265975,2,1.434837730413648e-17,2.8104616041135495e-15,0.8067691255947733,0.19323087440522949,sample_0865,uniform,train,104.64165658397424
4.583643373199706e-17,7.46866188561785,deep,31.341681433132365,11.112639779337707,42.454321212470056,1.8633867758697809,1.4749795569033506,1.1680418141879416,9.29731143933557,6.3909024244615535,2,8.085844444107151e-16,3.765744239459504e-16,0.7382447896476181,0.26175521035238236,sample_0866,uniform,train,19.940620471996542
4.772430484810476e-17,2.280679175684491,shallow,58.80414086591724,29.34002280680072,88.1441636727179,3.117450698242931,1.779182595612387,1.779182595612387,nan,82.24640200263605,1,-2.4254458199833037e-16,7.658086149395549e-16,0.6671359556403406,0.3328640443596602,sample_0868,uniform,train,82.24640200263605
4.170005203302059e-17,4.923455862063095,medium,47.81143279476859,24.705333765594553,72.51676656036312,3.8162616541942525,1.493943472581512,1.493943472581512,nan,106.1401468749789,1,3.6199755757816834e-16,2.939497041013168e-16,0.6593155633183154,0.34068443668168485,sample_0869,uniform,train,106.1401468749789
4.5961819061469826e-17,6.6005695125402735,deep,11.275913306193246,8.787309941394078,20.063223247587306,2.8009707316375834,1.0479404879279923,1.0479404879279923,nan,61.647565683695944,1,4.723878470639941e-16,8.853795910454545e-16,0.5620190318895657,0.4379809681104352,sample_0871,uniform,train,61.647565683695944
4.417463657681314e-17,3.926935879455945,medium,79.82756026195452,13.265232641050646,93.09279290300509,2.3300201490763017,1.1562156330334,0.759181732848834,5.656854249492381,5.7315435575189175,3,-3.602801081247896e-17,7.823444559375687e-16,0.857505267299566,0.14249473270043483,sample_0872,uniform,train,79.17602445523728
4.1315242254646483e-17,3.7497649400009454,medium,65.42574181041178,28.02972795123516,93.45546976164692,3.825274637838573,1.4174259088871566,1.2342181346735503,12.29471431144295,15.294292253328253,2,6.188925666799303e-16,1.5206017102525956e-16,0.7000739708149407,0.2999260291850595,sample_0874,uniform,train,146.96097231594115
4.5713196244574984e-17,2.83253166408607,shallow,199.12648372279276,12.678450351419857,211.8049340742124,2.7883548215601968,1.2990074987456848,1.1062928804745207,7.830708780180758,7.508690728566048,2,3.873367163343704e-17,9.477037148808673e-16,0.9401409112264714,0.05985908877352956,sample_0876,uniform,train,49.21576650384205
4.4642319149720065e-17,3.311648742761445,shallow,95.67063998002693,19.899615409606646,115.5702553896334,2.284601781631311,1.1768012193846908,0.6608017263140262,5.079370039680119,3.557631746277721,3,-4.635827008877387e-17,1.5370363536979678e-15,0.8278136935622671,0.17218630643773444,sample_0878,uniform,train,60.845735194138896
4.1180592228317015e-17,2.173638820723418,shallow,7.152747774298167,7.796000558520317,14.948748332818447,3.9689488654182616,0.9400662424045751,0.9400662424045751,nan,111.24475242781011,1,-2.7974681327608894e-16,2.4954258909763877e-15,0.4784847276206424,0.5215152723793601,sample_0879,uniform,train,111.24475242781011
4.4217094959811635e-17,3.369540558652118,shallow,63.40245058499182,18.764295961385116,82.16674654637676,2.613842254625688,0.9562075520532017,0.6117582963921377,7.378346698278685,30.60210868811544,3,8.558326751373513e-17,2.1618926318296355e-15,0.7716315084862956,0.22836849151370653,sample_0880,uniform,train,119.7708626496359
4.1718560068849115e-17,6.055868315294579,deep,24.453223846849575,4.9738925877337925,29.427116434583308,2.9538618044250873,0.7620685641325915,0.7620685641325915,nan,57.252439761254806,1,-3.3902997744416217e-16,2.022214927248988e-15,0.8309758756420891,0.16902412435791295,sample_0882,uniform,train,57.252439761254806
3.984052058542355e-17,2.006838326694326,shallow,50.953736868951545,15.116432552180877,66.0701694211323,1.908336235569266,1.4798050636096596,1.3120653834377018,13.5025923436946,6.736145787506181,2,-1.0697886979891072e-18,1.7475843572467939e-15,0.7712063903479892,0.22879360965201248,sample_0883,uniform,train,35.84688942137808
4.523934370705298e-17,7.781126202132951,deep,57.10325171243679,29.086897824065595,86.19014953650213,2.947833786298881,1.1583869237727338,1.0567525011797085,4.673328578219168,18.124570006754347,3,-3.5243970332351055e-16,2.8853640335165345e-15,0.6625264258098678,0.33747357419013513,sample_0884,uniform,train,138.9371223459358
4.8067468283913025e-17,5.303544496394525,medium,60.587875259979846,19.195290326252405,79.7831655862322,1.8771700671903675,1.7400355848868443,1.6958477705201749,14.514820012662922,11.028397850737152,2,5.482911644547675e-17,6.234146155738656e-16,0.7594067597442536,0.24059324025574694,sample_0885,uniform,train,28.024628135314217
3.5894428011174065e-17,7.651086183493899,deep,81.22837002679138,33.65915500463566,114.88752503142692,4.057078733000237,1.2015670538860177,0.8747285920687897,10.027960909377342,29.541155493513298,2,1.6711390870528185e-16,1.0513958329781663e-15,0.7070251535540675,0.29297484644593363,sample_0886,uniform,train,134.50920924123633
4.430408448527234e-17,5.477070731050818,medium,119.7619749065377,5.9247618154626815,125.68673672200018,3.310762907723043,0.7440152008394191,0.7323658530463364,5.031898250163651,5.429351622046936,2,-8.773911076967607e-18,1.6465187750706036e-15,0.9528608827790068,0.04713911722099483,sample_0887,uniform,train,89.35147750486476
4.708538507187582e-17,6.834855646972587,deep,20.76440757118198,15.286406983959372,36.05081455514128,2.2349652738475605,1.7339423678725865,1.7339423678725865,nan,27.378181136500782,1,-2.5042714298415104e-16,2.0202214933039215e-15,0.5759761000523836,0.4240238999476184,sample_0888,uniform,train,27.378181136500782
4.826891285530831e-17,1.4519440620028943,shallow,31.516625147158358,17.752866487206013,49.2694916343642,3.2875359163958735,0.9489265963027789,0.6694494066151095,24.473659309551568,12.285174577630555,2,-4.577171735736384e-16,3.4611734549232406e-15,0.6396783100797477,0.36032168992025576,sample_0889,uniform,train,99.57756299879652
3.676849928046906e-17,6.710888815228898,deep,5.666363246774417,5.085098595530126,10.751461842304519,2.8217199656100744,0.8094090024925495,0.8094090024925495,nan,55.32929724524035,1,3.2959193029752505e-16,2.3130804086333407e-15,0.5270318892337587,0.4729681107662437,sample_0890,uniform,train,55.32929724524035
4.4430566425212945e-17,5.124651031726179,medium,124.8171865333992,29.743544342580186,154.56073087597912,3.1938051481005107,1.1576648897114268,0.6610532580356245,7.843468620451032,7.402403372600857,3,4.7462510825490167e-17,1.7009547686610706e-15,0.8075607939092472,0.1924392060907545,sample_0892,uniform,train,110.39095264070686
4.3263693247905306e-17,2.8699939712519056,shallow,20.049148240379782,15.911795814687254,35.96094405506692,3.4196028101296956,1.0470889809665953,0.8169214504425869,3.84187454245971,3.891387521255915,3,2.3694926344391725e-16,3.309587981271236e-15,0.5575256369710029,0.44247436302900045,sample_0893,uniform,train,123.92788363730563
3.6558262035095384e-17,2.1660953075307265,shallow,112.57825042920759,26.751534909770477,139.3297853389778,3.4938143428260577,1.0265358657121546,0.6282262716028852,7.323933369440223,50.36289349291939,3,6.810427087644014e-17,1.7849016052884387e-15,0.8079984488263873,0.19200155117361453,sample_0894,uniform,train,201.63599635476103
3.37998244464891e-17,2.519463945020407,shallow,18.94121283594931,14.21717799155802,33.158390827507304,2.2129674887399826,1.4796007988177813,1.4796007988177813,nan,45.395594735414214,1,3.342696231687339e-16,8.035779760729369e-16,0.571234380295566,0.4287656197044349,sample_0897,uniform,train,45.395594735414214
4.52235835137844e-17,6.908726711815462,deep,126.40051722694673,39.72011108963066,166.12062831657707,3.04137843658345,1.3345072562137625,1.1646166756096359,8.0049984384758,34.32347001701654,3,-4.1761339932251644e-17,1.9675440778297968e-15,0.7608959736539433,0.23910402634605868,sample_0900,uniform,train,138.2695829330118
3.9666028296223584e-17,1.7553122322773613,shallow,86.34263806149791,21.61491048594143,107.95754854743915,2.9551404912902157,1.5903565250842444,1.5903565250842444,nan,55.77012794963132,1,3.406834245890933e-16,1.777055344776795e-15,0.7997832409426829,0.2002167590573189,sample_0901,uniform,train,55.77012794963132
4.416490932260285e-17,3.618208904415212,medium,93.86016909976107,43.69392857470263,137.55409767446346,3.440690049634958,1.573239350789839,1.4596388988520919,13.02459212413195,8.788791140653373,3,3.841584845572752e-16,1.7046318994854885e-15,0.682350949092707,0.31764905090729467,sample_0903,uniform,train,144.2140603650273
4.038408700358248e-17,3.19555761696298,shallow,12.215661150209835,5.180163288080316,17.395824438290102,3.4467799400015733,0.6549765716050988,0.6549765716050988,nan,96.32341835327277,1,6.052721094041297e-17,2.808134403563141e-15,0.7022180060245857,0.2977819939754171,sample_0904,uniform,train,96.32341835327277
3.58767786484708e-17,2.3858515258854442,shallow,9.331620485929779,4.926707040945464,14.258327526875222,2.1108068154436515,0.8817122009772705,0.8817122009772705,nan,39.39436211217076,1,1.556179730724712e-16,1.4950057804903411e-15,0.6544680972113176,0.34553190278868384,sample_0905,uniform,train,39.39436211217076
4.0778868608534326e-17,2.0358988079007077,shallow,26.334479398895844,15.141286019613196,41.47576541850899,2.673132492415634,1.4781833626289673,1.4781833626289673,nan,53.18534141588585,1,-1.4730342079869132e-16,1.156377324923421e-15,0.6349365498905009,0.3650634501095003,sample_0906,uniform,train,53.18534141588585
3.9703101998375324e-17,4.783879771115221,medium,56.30859391316338,25.66865251016453,81.9772464233278,3.548493116945499,1.1471655842899102,0.869792512041675,6.099180272790763,7.793276179607104,3,3.109958895994441e-16,1.3434718638155585e-15,0.6868807671629718,0.31311923283702964,sample_0907,uniform,train,193.05121429858863
4.328540729443505e-17,3.0135069175666107,shallow,60.187824064232835,25.576253052569452,85.76407711680223,2.748785646554247,1.5592466654311956,1.518683717891171,5.462600113499064,11.853105617143582,2,4.0754816859218726e-16,7.0421246948597055e-16,0.7017836148608344,0.2982163851391663,sample_0908,uniform,train,46.95050327102465
4.6941217783964437e-17,5.808518159763227,medium,58.14095387478072,19.80393762227106,77.94489149705156,3.6102177474816406,1.0716388600002773,0.936426307129316,10.017983829094556,20.674543109633408,2,1.0122745020532638e-16,2.8715282998745094e-15,0.7459238541242954,0.2540761458757074,sample_0909,uniform,train,132.54851503981
5.266372340477202e-17,5.428021216837002,medium,44.68470673816861,12.087524312347957,56.772231050516496,3.4398901695109227,1.2079359899788793,1.0153415177255072,15.569200364822851,7.70548908068173,2,-1.1831860278858699e-16,1.2202782144489898e-15,0.787087382534037,0.21291261746596427,sample_0910,uniform,train,65.32014125285554
3.878644552563903e-17,2.02281913946259,shallow,51.61850063422711,18.23093071558394,69.8494313498109,2.5168236159931845,1.2479164591739134,1.0372098207935867,10.906878563548783,32.86982875888861,2,1.1291205479808323e-16,2.1870856388702027e-15,0.7389967196113308,0.2610032803886713,sample_0912,uniform,train,71.75443289082511
3.7586220189139615e-17,8.160958457420325,deep,18.847695664414573,5.608243678482609,24.45593934289713,4.14046357281919,0.6218419648098759,0.6218419648098759,nan,114.22611143280027,1,2.6362891852723333e-16,2.1790496138716105e-15,0.7706796864414293,0.2293203135585729,sample_0915,uniform,train,114.22611143280027
4.367882537213943e-17,1.81585184094848,shallow,56.88401685795995,15.46392415316544,72.34794101112539,2.2756202565777937,1.0744463711746963,1.0514674082777256,15.74166446091391,42.087890216687775,2,-2.2998867602620177e-17,4.910594039233512e-17,0.7862561955869973,0.21374380441300267,sample_0916,uniform,train,91.449348589102
4.082623033210465e-17,5.869464579344032,medium,109.8177447989668,19.92590954737209,129.74365434633864,3.3414252322095597,1.4900890701242107,1.4900890701242107,nan,74.99286612042208,1,-4.7684804154236e-17,1.889396788399866e-15,0.8464209317383532,0.15357906826164866,sample_0917,uniform,train,74.99286612042208
4.296015204772631e-17,1.412403239481214,shallow,100.92967613569223,31.298712824981198,132.22838896067316,2.365852595554578,1.455120192966567,1.101716334920677,7.222188034107115,8.581626258301702,3,1.9904289646487533e-16,2.0688367711187906e-15,0.7632980854490358,0.23670191455096634,sample_0918,uniform,train,86.40678154424603
4.275198329011849e-17,3.9180447062697947,medium,51.216521471089415,24.17448125442675,75.39100272551597,3.200404900430112,1.573644910527733,1.573644910527733,nan,68.66481651269955,1,-3.9555138880075684e-17,2.5446874523436584e-15,0.6793452748938602,0.32065472510614235,sample_0919,uniform,train,68.66481651269955
4.574447383230884e-17,6.5833799588014275,deep,39.26600550132121,13.173037032964173,52.43904253428522,1.7933239061759703,1.301357784344801,0.8605708698547564,9.273618495495704,13.524687308581171,2,-7.657076564762655e-17,3.082597709135045e-15,0.7487933341965324,0.2512066658034707,sample_0921,uniform,train,33.32025743554716
3.080322152719065e-17,3.8811198354313867,medium,48.33998301330198,27.743685047971336,76.08366806127316,2.680469756284289,1.6274068043735008,1.48108802896274,7.722693830523129,11.105958952060744,2,-7.754964342002562e-17,2.1012671920243287e-15,0.6353529508379104,0.3646470491620917,sample_0922,uniform,train,75.6003468743343
4.351527450765472e-17,5.6891493603804335,medium,62.15818113438913,27.613503431127068,89.77168456551603,2.9886886615276897,1.3060920939770044,1.157576323380662,6.615134163416492,40.989611264708394,2,3.03593103915102e-17,1.939174597243717e-15,0.6924029713291794,0.3075970286708225,sample_0923,uniform,train,112.45359276683229
4.46219116679724e-17,3.827555501146795,medium,184.71371730180743,25.8714022051179,210.58511950692503,3.597453216948634,1.0377222574924936,0.7897849612247098,6.241794613730895,24.96495228196672,3,2.2903936827792615e-16,1.4677489595625459e-15,0.8771451550532429,0.12285484494675858,sample_0924,uniform,train,157.4044109530993
4.120373091191281e-17,4.59598872113137,medium,47.49783976195898,18.99223587209763,66.4900756340565,3.296004909302849,1.0824419080280705,0.9205855560267276,19.363883907935413,32.15536212233018,2,-6.032046173515616e-17,1.7098316799535291e-15,0.7143598395552191,0.28564016044478263,sample_0925,uniform,train,106.68756072728246
4.665378739469773e-17,7.741990163450129,deep,15.106752299235634,13.812384618412546,28.919136917648057,3.2907862081154455,1.0956442387900085,1.0956442387900085,nan,96.92887251810534,1,-3.977787541100786e-16,4.2383222662436765e-15,0.5223790855949321,0.4776209144050722,sample_0926,uniform,train,96.92887251810534
3.816410691717806e-17,3.9691189013833497,medium,24.269891591857377,10.676866710803196,34.94675830266052,2.24654619312857,1.3322096755626283,1.0741966256665185,9.271461589199408,4.37079584004086,2,1.1802635404846126e-17,1.5249112584485543e-15,0.6944819139350529,0.3055180860649487,sample_0927,uniform,train,51.864349672763694
4.6574243575647686e-17,4.800859028835468,medium,157.91246374570514,47.32240372994808,205.2348674756522,3.869807116685893,1.2679867159127034,0.6933319999013038,9.000000000000002,18.212036609210504,3,-1.2863054740568133e-16,4.916175780409439e-15,0.7694231769094445,0.23057682309056046,sample_0928,uniform,train,210.32482484399605
4.0526036332240846e-17,1.8789244762082826,shallow,6.215174215544745,8.13440811439048,14.34958232993519,3.5135844451143865,0.9070585054947911,0.9070585054947911,nan,90.66730465425529,1,1.0421611697175782e-16,2.352039186408654e-15,0.433125792280312,0.5668742077196904,sample_0929,uniform,train,90.66730465425529
4.332126398096169e-17,6.094136547645448,deep,68.74687067831107,10.598390437264513,79.34526111557548,3.48821315483264,0.8753984376907752,0.845340101581185,13.62057267518514,28.383844156487243,2,3.3565558602316827e-17,1.2537104498467254e-15,0.866426925965665,0.13357307403433635,sample_0930,uniform,train,105.79079034787854
4.2292961134094216e-17,5.938400870825151,medium,90.57750904924508,37.666040528358124,128.24354957760295,3.413215018759278,1.4561572052083716,1.4325775179989049,12.284950142348972,48.020800975895725,2,-2.6669946542925193e-16,1.9946062450404084e-15,0.7062929039907357,0.29370709600926626,sample_0931,uniform,train,111.34092793444168
4.615507721068349e-17,1.404585805486384,shallow,249.57340121323517,5.744980315232628,255.31838152846777,2.5664554954698704,0.911148267700061,0.911148267700061,nan,50.20369775866593,1,4.0402947049536764e-17,1.2871224285604553e-16,0.9774987594671399,0.022501240532860216,sample_0934,uniform,train,50.20369775866593
4.599874520131686e-17,2.582952041794252,shallow,44.22283608408637,4.7003654159777,48.92320150006399,2.54023141016312,0.9065764770020217,0.6495688972809556,12.504399225872467,5.1075809791931,2,3.8530744507756964e-16,1.5975998817965498e-15,0.903923593063069,0.09607640693693262,sample_0935,uniform,train,41.43336869352626
3.956499196899922e-17,5.0463539061958285,medium,112.88263325008472,39.85551121998492,152.73814447006933,3.2097780149440953,1.4780581638107875,1.3809984063477507,6.222539674441618,46.79418862405839,2,7.02888336466416e-17,2.0468940801864264e-15,0.7390598703535074,0.26094012964649466,sample_0936,uniform,train,143.617351249519
4.522421038248308e-17,5.970261151061512,medium,58.8657950650034,30.14154027019047,89.00733533519369,4.117826147738839,1.1074872536020426,0.681973632918887,8.411896337925235,31.278853282574122,3,-9.108979732589701e-18,2.0356569145282937e-15,0.6613589188275333,0.33864108117246877,sample_0939,uniform,train,239.45622458872907
4.285893978135975e-17,4.124101768924696,medium,31.0568031497182,8.284390243955352,39.34119339367351,2.988857495154438,0.9186114137340984,0.9186114137340984,nan,73.0417859309677,1,-6.311510284340691e-17,1.1288147906603083e-15,0.7894219892859802,0.210578010714021,sample_0940,uniform,train,73.0417859309677
4.748409780355851e-17,1.6495431251503037,shallow,48.07919333053968,31.580558768956013,79.6597520994956,3.46324598035748,1.5257263193258879,1.2775288075072497,20.160357139693733,22.80402622895073,2,7.256550494454488e-16,1.11496508122544e-15,0.6035569037484377,0.3964430962515634,sample_0941,uniform,train,103.69999839993415
4.2936297397531704e-17,1.8382334582917879,shallow,55.53472129621714,28.915272868778317,84.44999416499532,2.954006083897409,1.1302762321826951,0.8913840447342887,5.388877434122991,14.030807681066001,3,-1.6179948355752379e-16,1.682753782959103e-15,0.6576047973160949,0.3423952026839068,sample_0943,uniform,train,133.63750920161226
4.191650755585332e-17,6.130378636222713,deep,61.692874045803634,30.176888230001456,91.86976227580492,3.117725251685422,1.1155411230294288,0.6849168774416943,6.148170459575759,30.388339457337114,2,1.20888359697596e-16,1.894888654861269e-15,0.6715253475958024,0.3284746524041995,sample_0944,uniform,train,108.4172368513873
4.1694781130286476e-17,3.7293870986664177,medium,113.14083626983512,32.954014297030874,146.0948505668657,2.8154551062199853,1.4425873519453238,1.2783041339814218,8.740709353364867,6.980446384527781,3,-1.498794917452467e-16,2.0913356986323382e-15,0.7744341147606161,0.225565885239386,sample_0945,uniform,train,100.35178947004682
3.755462232277845e-17,1.9185839109228684,shallow,13.488207546224034,11.017999226962138,24.506206773186115,3.7255853359621574,0.9798202162470637,0.9798202162470637,nan,106.31266334489872,1,-4.288672725773947e-16,2.319551915435734e-15,0.550399646549232,0.44960035345077026,sample_0946,uniform,train,106.31266334489872
3.613947229451818e-17,6.3359589517510635,deep,33.9702362110872,18.362950944565156,52.33318715565224,2.998796087840504,1.2832990786261984,1.0277995979099925,5.80689245638319,13.015422631516813,2,8.570577669669854e-17,2.1723660243256807e-15,0.6491146069520103,0.3508853930479919,sample_0947,uniform,train,92.09457652312625
3.6789385126620115e-17,7.9291228082196685,deep,70.61118316596446,29.16447556901571,99.77565873497991,4.027025031961933,1.4989150204761652,1.2677835051408513,6.899275324264137,9.540204039839438,3,5.245179752753086e-16,2.5993123156551293e-15,0.7076994936562538,0.29230050634374877,sample_0948,uniform,train,153.9478852572036
4.0506486353390996e-17,2.871352073221095,shallow,54.005708051027085,20.62283470193839,74.62854275296537,3.487259017376349,1.5073335949367417,1.5073335949367417,nan,68.37416212993908,1,-5.314412835207693e-17,1.3805535105550574e-15,0.7236602251473169,0.2763397748526845,sample_0949,uniform,train,68.37416212993908
4.144002917344779e-17,7.763663653150203,deep,84.72703523341711,25.870697353599503,110.59773258701638,2.335360041927557,1.276671286785413,0.8502677905598541,8.079603950689666,27.527816211734734,2,-1.754076075451021e-16,2.1201076849957024e-15,0.7660829318246226,0.23391706817537952,sample_0950,uniform,train,80.87974745753289
4.076118834895531e-17,2.4684081900316897,shallow,72.52774752205676,23.809246425820053,96.33699394787662,2.756214487468759,1.2481429117461194,0.9634500246769038,10.170545708072897,6.852181168054024,3,1.4692132104781814e-16,1.9545329084931113e-15,0.752854584203635,0.24714541579636695,sample_0951,uniform,train,69.22394737759475
4.310306145820812e-17,4.684202061325419,medium,40.05595197291213,23.504693969177254,63.56064594208931,2.1426928224484643,1.443389195696131,1.1111331211171773,16.073580808270446,5.86142643077731,2,4.567347399657651e-16,1.2296870142701672e-15,0.6302005176191489,0.3697994823808524,sample_0954,uniform,train,47.06817557208726
4.785072294983985e-17,5.768409775551296,medium,54.41567206912122,17.689159547944733,72.10483161706581,3.445592105480891,0.9254947744491879,0.647604046430705,16.74873129523547,58.57004803151813,2,-2.711604262688194e-16,1.970860259500082e-15,0.7546744212386746,0.24532557876132746,sample_0955,uniform,train,146.3762092069514
4.079766798842726e-17,5.416194195288412,medium,60.97454932328284,15.762578258695545,76.73712758197823,2.810833213506559,1.3108335715195047,1.029441503506563,12.839003076563229,18.31065912225838,2,-3.577990511498897e-16,1.9907793398341756e-15,0.7945899363791505,0.20541006362085149,sample_0956,uniform,train,57.49962252935296
3.380052596598517e-17,6.173327772349676,deep,14.377720287531789,12.06224602303677,26.439966310568494,2.2352811962336006,1.3582880681632785,1.3582880681632785,nan,46.782680674118275,1,-3.6706210282878333e-16,2.48582779137422e-15,0.5437873905983297,0.45621260940167274,sample_0957,uniform,train,46.782680674118275
4.950527167533007e-17,5.097885154313728,medium,72.30371837477571,29.064988183019114,101.36870655779475,2.513100045022925,1.7585925298920584,1.7465754353525411,8.459314393022638,23.705613356951684,2,2.8111553847290426e-16,7.359962436955216e-16,0.713274548231038,0.28672545176896275,sample_0958,uniform,train,60.35178496333815
3.940824314478884e-17,5.481241636273198,medium,59.11962434562543,21.73455452432752,80.85417886995282,3.1329866355590443,1.5704864703170998,1.5704864703170998,nan,57.32942591550932,1,-7.046745784129521e-17,1.6697110981927138e-15,0.7311882350659253,0.2688117649340764,sample_0959,uniform,train,57.32942591550932
4.768815665984874e-17,1.456399257978247,shallow,42.06967726290453,15.773883494436387,57.84356075734088,3.554180699217223,1.1257605043697296,1.1106951011987727,16.517869111964778,31.441799213704424,2,3.809068494786348e-16,5.52774115053881e-16,0.7273009599009773,0.27269904009902324,sample_0961,uniform,train,104.73419400681988
4.2693112729827744e-17,1.56571896712088,shallow,18.574132533970193,5.047279748885336,23.62141228285552,2.654711224858042,0.8470947593660909,0.8470947593660909,nan,40.575367613164836,1,5.2200858936030284e-17,3.7600563804763164e-16,0.7863260804033866,0.21367391959661378,sample_0964,uniform,train,40.575367613164836
4.002408761968614e-17,2.7210091650221893,shallow,120.54895041609782,34.11534513418069,154.66429555027827,3.863033240388735,1.3390145322637181,1.2557680966725493,5.53534100123922,13.084204427677546,3,2.2925385421580005e-16,1.607933858498007e-15,0.779423266289082,0.22057673371091957,sample_0965,uniform,train,148.73558904348658
3.909424954387514e-17,5.699508139550011,medium,79.8874412931311,29.742192564908713,109.62963385803965,2.8596337671976246,1.4272499473471116,1.1524856344912082,4.51220566907139,17.269266110705424,3,2.014524254427413e-16,1.4906993982707562e-15,0.7287029836894104,0.2712970163105911,sample_0966,uniform,train,119.89331520829681
4.5312215935513024e-17,6.819226819366047,deep,24.712499225568056,10.756663342957438,35.469162568525455,2.633369164679661,1.031449142124404,1.0221888427670491,7.022819946431776,11.757153787222407,2,3.086015868686396e-17,1.101797946069471e-15,0.6967319619634149,0.30326803803658625,sample_0967,uniform,train,57.2888534771046
4.533205707632344e-17,2.663128442449384,shallow,196.14589932183978,52.68063705900599,248.82653638084523,4.090877728339711,1.661886832983705,1.4064323280693785,6.678323142825602,5.399632499646227,3,2.0376301960651927e-17,2.1702366919224076e-15,0.7882836861966591,0.21171631380334308,sample_0970,uniform,train,146.6442738886475
4.2782825788656324e-17,7.120701691069426,deep,58.472110089267126,14.235027813841004,72.70713790310806,3.0524852012923653,1.0867834794077278,0.7497875868871365,6.016643582596532,8.847806839744713,3,1.4014356736034179e-16,9.284034806481356e-16,0.8042141635005492,0.19578583649945172,sample_0971,uniform,train,89.51438902161085
4.724084223017347e-17,3.9065456301600214,medium,66.86916749145807,27.87374104518036,94.74290853663827,2.841740140737414,1.318092228929927,0.9027232874474085,7.467261881037786,29.499864793830998,2,2.7978764738510555e-16,1.724929408955443e-15,0.7057960170770874,0.29420398292291433,sample_0972,uniform,train,79.84274076285712
4.190540377495501e-17,2.7805677886202473,shallow,74.14988980600654,13.056010250953717,87.20590005696009,2.2885909586580127,0.9752819032402931,0.6077619538074208,7.610519036176182,12.540121801724128,3,-2.3064316198917047e-16,1.9351202112792734e-15,0.8502852416817465,0.14971475831825543,sample_0973,uniform,train,54.1974906145242
4.416912523082185e-17,5.194906634183986,medium,37.9496926299559,12.317619188299012,50.26731181825488,2.0126097377201084,1.4215365021706043,1.0701973571894228,11.813551540497889,6.158212392622463,2,1.8153713513433812e-16,5.654113658029847e-16,0.7549576704472634,0.24504232955273716,sample_0975,uniform,train,40.30637322339186
4.405076959785969e-17,3.5211521263806365,medium,48.68486042486659,9.74806472178971,58.4329251466563,2.661051890182421,0.9770257826016682,0.8606183934169379,3.6331804249169886,10.889928989762865,3,2.5796217455206615e-16,0.0,0.8331751371795303,0.16682486282046965,sample_0976,uniform,train,59.36292357839366
4.7553823054378367e-17,6.194395723708675,deep,41.63487748140641,18.506687924970436,60.14156540637669,2.6791106466688297,1.4464014127996294,1.2162472203471435,9.232551110067034,18.3712654753984,2,7.754350681595914e-17,2.5991907728202864e-15,0.6922812401053988,0.30771875989460373,sample_0978,uniform,train,51.30733865766858
4.339484171640777e-17,3.836767439195777,medium,140.81362875489566,35.12633942346921,175.9399681783645,3.604384433269974,1.6264332223478557,1.4834251311020081,9.572878355019458,8.400435599671306,2,-8.816054096705124e-17,2.140432636494943e-15,0.8003504275511836,0.19964957244881854,sample_0981,uniform,train,101.90210741586456
4.602073197817784e-17,8.173898577651794,deep,33.58317898837746,16.987463191538613,50.570642179915986,2.520305739965578,1.636884861765295,1.636884861765295,nan,41.7821112202677,1,6.746535347250698e-16,1.7563123215644338e-15,0.6640844873770447,0.33591551262295705,sample_0982,uniform,train,41.7821112202677
3.739872138756941e-17,8.125875590078087,deep,13.266378407302046,2.849503154984366,16.11588156228639,2.285329985559375,0.6325452308453544,0.6325452308453544,nan,49.99601196236065,1,6.902094947086515e-16,1.3777999302541996e-15,0.823186640831823,0.1768133591681783,sample_0983,uniform,train,49.99601196236065
4.9214946990350637e-17,6.6826581577536075,deep,62.475523086638795,25.18508134221747,87.66060442885608,3.887809933903475,1.159525930842711,0.7902336695282421,5.63205113613149,11.935942789196782,3,-1.3533123435281444e-16,2.1479868431576096e-15,0.7126978360883071,0.28730216391169505,sample_0984,uniform,train,136.05333372432074
5.666179501328247e-17,2.2472565170987298,shallow,63.34889361675874,18.978608090896632,82.32750170765519,2.7049877889561786,1.3617079941798924,1.094583338990625,7.94480962641648,29.951579692724774,2,-6.127166698232729e-17,2.2008246802171313e-15,0.7694742619751848,0.23052573802481746,sample_0985,uniform,train,74.0526790207991
2.857985994861866e-17,4.10039121261361,medium,4.5931318813685635,6.879972980465479,11.473104861834027,1.9544849261294612,1.175886071268332,1.175886071268332,nan,31.274155068344083,1,7.230683118725261e-16,1.3160372293928882e-15,0.4003390482944066,0.5996609517055947,sample_0987,uniform,train,31.274155068344083
4.460028311301147e-17,6.895158654920185,deep,59.01797036317906,33.13731205539342,92.15528241857226,3.5678600757742442,1.4057148684633893,1.1767249299710842,9.905553997631834,38.49985276947461,2,-4.37027065488948e-17,2.467288575065003e-15,0.6404187455594519,0.3595812544405505,sample_0988,uniform,train,130.01547694917977
4.726517903754184e-17,5.829816027631431,medium,50.25519890532714,20.667947792375003,70.92314669770208,2.4616896864788145,1.2971009053387825,1.150655477216574,10.584894897919398,39.30049388369475,2,2.434551773846168e-16,9.01663972849092e-16,0.70858670610783,0.29141329389217085,sample_0989,uniform,train,88.42206932560015
4.540469990365151e-17,4.120594698449516,medium,81.23435236507231,33.27882464142695,114.51317700649898,3.5510580578301667,1.2823041725923914,1.0448109376143484,7.730459236035076,10.549901083902158,3,3.8573623623784323e-16,2.48195973366375e-15,0.7093886877355783,0.29061131226442416,sample_0990,uniform,train,173.79122575276403
4.2835582628887266e-17,1.323077365223657,shallow,128.67339831761737,32.15246966161728,160.82586797923437,4.077299298771047,1.3968780693323415,1.232054107472194,7.426977851050855,20.027788800713218,2,1.1203010211834357e-16,1.7230540735040171e-15,0.800078991858645,0.19992100814135674,sample_0991,uniform,train,157.4124542400782
4.2574844463327866e-17,3.1204302329750746,shallow,41.940378996180335,9.527609838963023,51.467988835143274,3.0186401600718944,0.6984964097155576,0.6537111962053049,3.7735924528226414,22.69707043730708,3,2.7850796384850416e-16,1.6566633012283444e-15,0.8148828027945535,0.1851171972054482,sample_0992,uniform,train,127.29599847331426
4.5870044171275844e-17,2.668040169285786,shallow,42.88160652576222,23.362892665928484,66.24449919169045,1.9018676169420294,1.4644228951310316,0.941222393817276,7.0597450378891144,8.009972891891712,3,2.554242187991633e-16,3.8613830279469066e-15,0.647323280408182,0.3526767195918219,sample_0993,uniform,train,45.95935161652209
3.939520857095746e-17,6.538240892388535,deep,15.906510809963047,5.039103483811544,20.945614293774565,3.109327131964762,0.7926813741350971,0.7926813741350971,nan,69.56834767004153,1,-1.7412637145105697e-16,1.2297168185207704e-15,0.759419637298046,0.2405803627019553,sample_0994,uniform,train,69.56834767004153
4.2644405294448764e-17,4.536931598161079,medium,30.350351978262584,4.444774277867241,34.795126256129805,2.6344559137692114,0.8974730354883791,0.8974730354883791,nan,31.790565191126287,1,-1.1878851722461918e-16,5.615707524544601e-16,0.8722587110289852,0.12774128897101536,sample_0996,uniform,train,31.790565191126287
4.467722702169991e-17,7.916138666788001,deep,56.59227986393945,12.744142464901065,69.33642232884046,2.277520570147235,1.1126706954177847,0.8394448470794145,9.284395510748128,23.225582393851443,2,8.095386601544221e-18,8.966786472504242e-16,0.8161984417877863,0.1838015582122146,sample_0997,uniform,train,53.074907152432935
4.18336520578197e-17,4.869546156553666,medium,44.43596999548739,16.517712824789665,60.95368282027693,2.053617597527796,1.2019753343342587,1.0542570140928509,4.354308211415447,13.594479435143425,3,2.9793823943470404e-16,2.039991236044769e-15,0.7290120619373841,0.27098793806261795,sample_0998,uniform,train,56.10207510445182
3.563055057162503e-17,2.6380284277751356,shallow,13.1720782430077,12.488483259203825,25.660561502211472,3.38007018210561,1.1619173370190665,1.1619173370190665,nan,80.48196535945469,1,1.5724080984847103e-16,2.07675522522821e-15,0.5133199537302606,0.48668004626974143,sample_1001,uniform,train,80.48196535945469
4.0861401491654584e-17,6.073131273761262,deep,20.398823024786342,11.147499169936015,31.546322194722293,2.38473547559439,0.9849331033315569,0.8545045351157596,6.603029607687669,9.319130196267446,3,3.2389100525818395e-17,2.0271410982135872e-15,0.6466307831027944,0.35336921689720757,sample_1004,uniform,train,66.00203518044285
4.433014977941082e-17,5.531810057471183,medium,46.451565023803674,15.98482954092941,62.43639456473302,2.3051126058423375,1.1906226947383929,0.753752615796677,14.366627996854376,7.18845020815782,2,-1.3385698434580968e-16,9.9577321548491e-16,0.7439821813484675,0.2560178186515335,sample_1005,uniform,train,38.943903080508704
5.212092443159123e-17,4.339826438020287,medium,38.171625224197044,18.88204757054145,57.05367279473832,3.6429213672063687,1.044050527264937,0.9186781065928041,10.380751417888785,3.8691768564117557,3,2.6466428188529807e-17,3.051214089012672e-15,0.6690476415344353,0.3309523584655678,sample_1006,uniform,train,128.74737099270055
4.464487270858077e-17,6.8103004319666365,deep,87.62109591750573,30.48688919449232,118.10798511199779,3.2908220268322754,1.7151274948673119,1.7151274948673119,nan,81.99290729460249,1,3.0832923904864337e-16,2.1657755369467524e-15,0.7418727517400082,0.25812724825999395,sample_1007,uniform,train,81.99290729460249
4.103669832644602e-17,4.906159376728329,medium,73.2273625740138,6.40109418703049,79.62845676104422,2.9909141524164378,1.0927657106884356,0.6252777346328505,13.949910393977449,3.356037833987737,2,1.3490340835677272e-16,8.365524611058135e-16,0.9196129819991443,0.08038701800085657,sample_1009,uniform,train,58.30013418020462
3.6991793154763625e-17,3.5239003225460417,medium,10.967821780400316,8.518463211909113,19.486284992309383,3.07572293994163,1.11334851013972,1.11334851013972,nan,51.34146581847784,1,3.6034332027706215e-16,2.3701427872287803e-15,0.5628482691661836,0.43715173083381875,sample_1011,uniform,train,51.34146581847784
4.033171794757398e-17,6.071012626660326,deep,87.42016731514045,19.578580763734347,106.99874807887468,2.3977570895950118,1.342640965968321,1.198714849212041,7.602631123499284,7.097627746537231,3,1.7896558930952972e-17,1.0293029219522231e-15,0.8170204687880854,0.18297953121191562,sample_1013,uniform,train,46.32408974060726
4.2160233478333e-17,5.750415607153418,medium,80.09499140521659,24.37827125039398,104.47326265561041,3.495969462096088,1.6567755706960625,1.6567755706960625,nan,80.8674630401647,1,4.427521077751873e-16,1.496262277004971e-15,0.7666554041606294,0.23334459583937212,sample_1014,uniform,train,80.8674630401647
4.101728401524209e-17,3.3663682466913496,shallow,7.9285691919550345,4.568238169743517,12.496807361698524,2.398443315810904,0.8751033269828159,0.8751033269828159,nan,39.3945952022801,1,6.343978574997686e-16,2.203245214060947e-15,0.6344475802880113,0.36555241971199093,sample_1017,uniform,train,39.3945952022801
3.775700561645191e-17,6.114345164511806,deep,13.22192162075429,8.229498946562355,21.451420567316575,2.596553045405004,1.166154728555931,1.166154728555931,nan,33.63850896786105,1,-1.9363646467380138e-16,3.3123341809944487e-15,0.6163657823621824,0.38363421763782096,sample_1019,uniform,train,33.63850896786105
3.975467715752722e-17,5.886229719576803,medium,10.264346514173385,9.083915524370841,19.348262038544192,3.0549626226482496,1.0453861544208514,1.0453861544208514,nan,55.53434293790442,1,-4.097245421244152e-17,1.744383029409511e-15,0.5305048326162579,0.4694951673837438,sample_1021,uniform,train,55.53434293790442
4.313603914941655e-17,3.9055115403665943,medium,36.48563840465129,7.879459844501099,44.36509824915231,2.005693711052822,0.9559513787316412,0.9127774394517014,4.720169488482378,10.714412391190548,2,-2.382525696706693e-17,1.7617384840369294e-15,0.8223950773139204,0.17760492268608136,sample_1024,uniform,train,44.511746697584655
5.632324224369102e-17,6.360490278364436,deep,26.58557737751236,9.926589445782712,36.51216682329498,2.4459933279136368,0.8868554529666172,0.7361367528631576,8.373768566183331,15.320203823516144,3,-4.201182612648697e-16,2.4812057648578973e-15,0.7281292700643174,0.2718707299356851,sample_1025,uniform,train,67.19245977364605
4.2522623970808344e-17,7.193193713560601,deep,18.448426751031473,10.39220072331591,28.840627474347276,2.787353317235477,0.878159056183268,0.7698522604407965,5.385164807134505,7.431171047753867,3,-3.6991765098691206e-16,3.6955302189182755e-15,0.6396680088684166,0.3603319911315871,sample_1026,uniform,train,88.0219118259193
4.1096140190641343e-17,2.1396695577689218,shallow,25.116616056694458,11.20361855293765,36.32023460963209,2.8192047552865787,0.8734495278269883,0.657451228794083,7.863841300535,4.265792584135893,3,1.802105296261734e-16,5.379900610064007e-16,0.6915323187376536,0.30846768126234686,sample_1027,uniform,train,68.11666863454496
4.7501749708790235e-17,1.7403859603551448,shallow,86.17273570521378,14.549798194709592,100.72253389992326,2.585525434511568,1.1630873546256688,1.1072147833747534,6.76756972627545,21.961143609269158,2,-1.174624439493771e-16,1.0934407602597002e-15,0.8555457489863589,0.14445425101364212,sample_1030,uniform,train,76.36438000499638
3.974155252194353e-17,3.6564273045580906,medium,16.94469036152535,11.147468392551847,28.09215875407715,2.4894856012117206,1.1772431444710487,0.9000270037397277,5.261178575186362,5.678712484031909,2,-2.753008422765894e-16,1.6440629653533984e-15,0.6031822085964142,0.39681779140358736,sample_1031,uniform,train,37.37923156583701
4.5767121275376666e-17,4.806714231178752,medium,84.11319771826896,15.972080928994014,100.08527864726277,1.9667007441035453,1.2886580894067732,1.1229235648888327,4.147288270665545,10.176893428707803,3,-9.851734041423253e-17,2.094315066933794e-15,0.8404152823984706,0.15958471760153145,sample_1032,uniform,train,44.342060970770596
4.523861164685169e-17,3.59687173357663,medium,118.02878274565825,6.072322368334297,124.1011051139924,2.038995003198956,0.8547938592202993,0.6836255240504859,4.560701700396551,7.578346942970466,3,-1.0957569290802368e-16,1.1379461013066942e-15,0.9510695544350193,0.048930445564981856,sample_1033,uniform,train,35.107045387610135
3.255986254828739e-17,5.115343644280432,medium,12.6180028416224,9.611546449254819,22.2295492908772,2.060343694328866,1.2964900895104527,1.2964900895104527,nan,36.63596435820368,1,4.1656855183589606e-16,9.589165211528157e-16,0.5676229723110361,0.43237702768896485,sample_1034,uniform,train,36.63596435820368
4.518012570117284e-17,4.242211164227724,medium,32.086790902523,10.905150328641806,42.991941231164745,2.359749148971332,0.9160765709160882,0.750762808760551,3.475629439396553,10.809510149193487,3,7.576296083246085e-17,1.4048245045475528e-15,0.7463443143912601,0.2536556856087413,sample_1035,uniform,train,61.13568191627285
4.65226474147471e-17,4.031047109607382,medium,106.53469899129738,46.85526966802082,153.38996865931776,3.422995751369393,1.395984309256651,0.9795527721071011,6.23538290724796,28.654659430184818,3,-5.0284651629147624e-17,2.82568066609571e-15,0.6945349811493418,0.30546501885066113,sample_1036,uniform,train,149.8772206960517
4.2265761700743855e-17,5.755357300982464,medium,14.662375034264482,4.5441029855832635,19.20647801984773,2.589213662674317,0.9634636840353412,0.9634636840353412,nan,29.08999530043793,1,3.0858882778654536e-16,8.323864238972535e-16,0.7634077949696227,0.23659220503037806,sample_1037,uniform,train,29.08999530043793
4.713773513924841e-17,6.705987088054971,deep,21.49209105752969,11.431131970087815,32.92322302761741,2.2572938711069903,1.1237608275517725,0.9411107524334917,6.814690014960329,6.542238334985199,3,-1.1469032137985256e-16,2.9135443163371027e-15,0.6527942613486293,0.3472057386513736,sample_1038,uniform,train,44.96158481283441
4.0520460301752874e-17,3.1349578158695848,shallow,21.547817808288173,8.951258574213604,30.49907638250174,2.88819559021705,0.8304237938002829,0.7305405082232117,12.028299963003915,13.310431456213765,3,1.289279406511004e-16,1.1648594318871906e-15,0.7065072246138844,0.29349277538611684,sample_1039,uniform,train,86.44772003373309
5.158259167543094e-17,6.633711261256873,deep,41.61529732741531,15.597631213542353,57.212928540957535,3.7633611197473,0.9461727586238693,0.8780732908858881,14.90771612286738,16.301240938724586,2,-5.277775099382527e-16,2.2975647195111845e-15,0.7273757590930483,0.27262424090695403,sample_1040,uniform,train,128.54762942253436
3.5846908595698124e-17,2.647850888905184,shallow,21.89562737777459,14.831284718070972,36.72691209584548,2.0272508044693653,1.321790807835955,1.1306445376678136,27.476535443901952,8.804340246931357,2,7.728197143775753e-17,2.321598071427768e-15,0.5961739261017648,0.4038260738982376,sample_1041,uniform,train,43.7031852192695
4.142921224316027e-17,4.891361297974862,medium,57.81400197069872,24.71484104580114,82.52884301649969,3.077252690356404,1.6055025125997395,1.471356725064227,11.7881296226331,2.4557468520330303,2,2.1931058365445322e-17,2.023262859388933e-15,0.7005308672404407,0.29946913275956133,sample_1042,uniform,train,50.63183123132192
4.728111380045263e-17,2.367133441235761,shallow,33.69139167853242,17.626999037365813,51.318390715898154,3.0810034001871593,1.3887309847253244,1.0939542981276629,3.2062439083762797,4.869876921004741,3,-1.2909223145139512e-16,1.5230349167866166e-15,0.6565169173961453,0.3434830826038562,sample_1044,uniform,train,93.87392914696072
3.891260406704018e-17,4.642838428791157,medium,73.55019414708586,37.59232219669278,111.1425163437785,3.469613874806515,1.5079247122177715,1.47261140855617,7.1582120672693135,34.57810145465438,2,1.9724633847496288e-16,1.2786155274050078e-15,0.6617647014539907,0.33823529854601053,sample_1045,uniform,train,123.56705820316418
4.045233077262819e-17,3.6420636256922077,medium,75.34479399124211,25.80821862514119,101.15301261638314,3.161628509828477,1.2661214396646296,1.2307318871129242,3.6496575181789335,13.118344891633539,3,8.448594824156918e-17,1.6507421636256754e-15,0.7448596145819485,0.2551403854180532,sample_1046,uniform,train,108.2910893598281
3.8408616261421893e-17,6.377821516901272,deep,16.014961706242467,6.047657798319368,22.06261950456179,2.960128548110348,0.763573458402033,0.763573458402033,nan,81.57619711115477,1,7.075542154072986e-17,1.9726008761701004e-15,0.7258866837154637,0.2741133162845382,sample_1047,uniform,train,81.57619711115477
3.3370270296696184e-17,1.3974180746995928,shallow,46.135237634891496,31.947927694219892,78.08316532911127,3.591970911195428,1.3966042551991542,1.3243399367967081,15.332318807016765,37.623160704334126,2,6.599311864266466e-17,1.5469693700311966e-15,0.5908474309466958,0.4091525690533058,sample_1048,uniform,train,132.04315683713023
4.807054779202448e-17,3.832071868233721,medium,107.88567378680901,37.02522632055516,144.9109001073635,2.826925429751278,1.626942841262391,1.5939170339301993,12.91355876588634,48.943752083637115,2,3.914676491107654e-17,4.707175414853661e-15,0.7444966093432396,0.25550339065676514,sample_1049,uniform,train,107.2267275118333
4.16685017907773e-17,7.309017817462589,deep,36.837275364407944,11.767108585222074,48.60438394962997,1.8580647739960585,1.2912213905549497,1.024311902551803,11.649892703368561,17.44853922078885,2,2.8480070324163346e-16,9.867758989294195e-16,0.7579002627125858,0.24209973728741516,sample_1050,uniform,train,43.935688458512345
3.930364901090483e-17,6.8337007459549195,deep,9.428814158084508,3.081300107103601,12.510114265188097,2.5371437803286114,0.7035286989829357,0.6447140124119165,20.79326814139615,2.9704153999285325,2,6.657114771756608e-16,9.58457166080202e-16,0.7536952867266828,0.2463047132733181,sample_1051,uniform,train,46.45992695214267
4.2298412968103517e-17,5.381183786884243,medium,64.2584024011641,34.2140543324015,98.47245673356538,3.7117951202844437,1.1420441980673355,0.9565151496565292,5.582114294781143,42.61214414924212,3,9.177550140346713e-17,2.309007848341102e-15,0.6525520387393864,0.34744796126061595,sample_1052,uniform,train,186.65920954084072
4.1031437232178917e-17,5.217253707441519,medium,11.49411849268488,9.529239866709538,21.023358359394365,3.5560319729532313,0.9642228164513079,0.9642228164513079,nan,86.45398938814036,1,1.7033453766683717e-16,2.534833125659696e-15,0.546730845576282,0.45326915442372046,sample_1053,uniform,train,86.45398938814036
4.20445611410546e-17,3.53080870442081,medium,74.04272964887264,19.73442964476452,93.77715929363691,3.775453229263178,0.9728047057298386,0.6520459065740596,17.780888616714293,64.22166890742587,2,2.2182660847382467e-16,2.614039982482898e-15,0.7895603812974177,0.21043961870258493,sample_1054,uniform,train,138.09133866587587
4.7444252484048104e-17,8.108331006189738,deep,32.64156264539265,9.718422521756265,42.359985167148885,1.8047258090069214,1.1533061518701944,1.120925345846642,9.981983770774224,9.516053490383767,2,5.607092224461942e-16,7.967609010113451e-16,0.7705754030978017,0.22942459690219907,sample_1055,uniform,train,33.306552029130195
4.2774549146529036e-17,5.9561668264579595,medium,55.526553581739414,10.077138215676452,65.60369179741583,3.016112206886372,0.8067266303481107,0.7180814184457056,8.357032966310472,29.837316298301293,2,1.5873577300687635e-16,4.873875575164506e-16,0.846393732736953,0.1536062672630475,sample_1056,uniform,train,106.994717434454
4.411630128704923e-17,6.1590366125203095,deep,71.49675179019899,27.066780100432002,98.56353189063083,2.730979281683456,1.3539052396809685,1.0648712634576114,10.447966309287182,3.565246436920693,3,6.590053097241671e-17,1.6220209694131256e-15,0.7253874776883403,0.27461252231166133,sample_1057,uniform,train,62.54620850050716
4.324684375453557e-17,5.903306774117356,medium,86.58668095550996,47.62346614725723,134.21014710276688,3.658733614741864,1.396723422415418,0.758763946475773,10.562196741208716,44.05631989911555,3,8.298802331917062e-16,2.32947217839685e-15,0.6451574849195951,0.35484251508040726,sample_1058,uniform,train,160.959497315689
4.359327366696768e-17,8.00519904121726,deep,62.455472721665835,7.804287388172147,70.25976010983786,3.306497533448897,0.8911734538226982,0.7578943709966677,9.635351576356728,8.50621548149252,2,3.715223504259414e-18,1.795072106711593e-15,0.8889223735467998,0.11107762645320193,sample_1059,uniform,train,87.78042130011802
4.385719768933486e-17,6.810044812342911,deep,147.27568141918812,39.89281326555125,187.16849468473907,3.6160711767617237,1.721231575840138,1.6121487681060098,6.122091146005586,6.507988285968277,3,2.430788423388493e-16,1.5564720021515152e-15,0.786861494330308,0.21313850566969345,sample_1060,uniform,train,95.59501188156553
4.1311835992215105e-17,3.022454038957412,shallow,35.9744486284567,13.822614808365095,49.797063436821674,3.5293229739857663,0.969090490753724,0.6504625789985904,5.051732376126036,8.946967675959902,3,-8.949754309760327e-17,2.425690527564303e-15,0.7224210856147784,0.2775789143852241,sample_1062,uniform,train,148.0570696194293
4.5862778694775546e-17,5.560801203344701,medium,120.43203805072906,45.084399859751294,165.5164379104802,3.6095640999380416,1.5523050128701508,1.416221837931631,5.8991524815010505,7.651155113466735,3,3.6488295844820547e-16,9.873631361811423e-16,0.7276137619386475,0.2723862380613535,sample_1063,uniform,train,144.41511935179898
4.1703151392168763e-17,7.799605731088673,deep,31.674678475838586,18.22218688937072,49.89686536520927,2.463222494508072,1.5629617342401452,1.5313517984078922,12.190159966136624,7.046434596500898,2,7.134382463970126e-19,7.120113964669292e-16,0.6348029729724033,0.36519702702759743,sample_1064,uniform,train,51.675829737804236
4.678598664826069e-17,7.763405870147443,deep,73.66680891964633,17.911115088102356,91.5779240077487,2.5701574701058005,1.1093470935649414,0.8196156838174005,5.219195340279956,19.859936522110853,3,7.368488700283118e-16,2.327666007257313e-16,0.8044166726624327,0.19558332733756706,sample_1065,uniform,train,78.7207222517541
4.39897139161955e-17,7.679423810045051,deep,72.7373359950761,10.589779827964527,83.32711582304049,2.9324523852462225,0.8268446807608516,0.7899059778154252,6.46838465151849,7.396090456710973,3,-1.331286066276731e-17,1.6201583177452279e-15,0.8729131600996053,0.12708683990039632,sample_1066,uniform,train,97.62688973877188
4.2850127007850467e-17,6.2313264898748315,deep,29.670033969448397,8.719458098202027,38.389492067650366,1.6800895875071853,1.3380594210520311,1.152931112902757,3.878143885933063,4.72604181443494,2,-4.85265201179816e-16,1.5269745063807533e-15,0.7728686255385602,0.22713137446144135,sample_1067,uniform,train,24.590921089360414
3.6753762651754756e-17,6.916968608224709,deep,41.82112312087086,20.844759065270946,62.66588218614171,2.186884800777034,1.30696222077665,0.8814810531443769,14.24780684877501,8.184748696628292,3,-2.189955602572594e-17,1.5307096298857586e-15,0.6673667019742271,0.33263329802577446,sample_1070,uniform,train,71.44632300921154
4.482523790483418e-17,3.398279259700563,shallow,40.8785807165628,21.72052496879869,62.59910568536142,3.5362721723233235,1.3084033179625973,1.1494347751512324,4.935585071701227,16.031920066463474,2,-1.0535609372774077e-16,1.0783150838685946e-15,0.6530218006951832,0.3469781993048178,sample_1071,uniform,train,108.44232498679999
4.220075285690823e-17,6.496943544980451,deep,54.30828861438601,33.429871588150895,87.73816020253666,2.899617484933658,1.2202468312814558,0.8741468658692422,9.35093578204877,51.56919114285262,3,-5.79571583500639e-16,2.7534715749766705e-15,0.618981392919792,0.3810186070802107,sample_1073,uniform,train,171.49279964699906
3.7827784314486654e-17,5.43585126212556,medium,275.5438922698194,48.90174597547778,324.44563824529604,4.542752586151466,1.2142622973863526,0.7537919212493511,13.152946437965909,28.492907956846043,2,4.769027701740109e-16,3.591634311833622e-15,0.8492759950790135,0.1507240049209901,sample_1074,uniform,train,204.57707281529116
3.629665459732257e-17,3.232420013507135,shallow,19.98142401786544,11.761347571948685,31.74277158981406,2.098064313771501,1.177929890661472,0.9984882440795453,9.90757286120067,14.984838446768185,2,6.743904892801215e-17,2.070556531960172e-15,0.6294795009102885,0.3705204990897135,sample_1075,uniform,train,53.670052112896
4.6141686849561394e-17,5.5110483431479285,medium,64.82173278585167,33.55143224921073,98.37316503506221,3.7338650719038076,1.7095483003807401,1.7095483003807401,nan,91.30013501957741,1,4.711007968812738e-16,1.8057331374538174e-15,0.6589371477754922,0.34106285222450966,sample_1077,uniform,train,91.30013501957741
4.0587080944022615e-17,6.39974431734467,deep,30.744574040174612,18.449129044165403,49.193703084339944,2.530638440557002,1.2474998913445077,0.8844252253942269,9.907572861200672,4.327946052906557,3,-3.4552128399817905e-16,1.4443774125763882e-15,0.624969703692863,0.3750302963071385,sample_1079,uniform,train,54.64366730447907
4.476313189291863e-17,1.5947367054687056,shallow,41.30250322354359,22.372205355237096,63.67470857878049,3.001529794336948,1.547499513705192,1.547499513705192,nan,60.14752025223067,1,-4.43770651869817e-16,3.0687105869086628e-15,0.6486484845461482,0.35135151545385485,sample_1080,uniform,train,60.14752025223067
4.8069514719751665e-17,4.217419549860122,medium,42.98138679044683,16.784252298603402,59.765639089050005,2.536303118521865,1.3743955796644443,0.9977627336257398,24.090662091358137,7.581251677688758,2,-3.4919894544261776e-17,3.7449773009361e-15,0.7191655179392482,0.2808344820607555,sample_1082,uniform,train,42.55176138591189
4.092126494589555e-17,5.960096948476513,medium,65.5362727070028,16.083721276424665,81.61999398342738,1.9157300999663192,1.4136431388376678,1.2958484817486338,10.156771140475696,11.436549825628711,2,5.48589142481638e-17,1.0011323282993982e-15,0.8029438561378683,0.19705614386213263,sample_1088,uniform,train,40.886975612804925
4.300873699428826e-17,2.0522248297577224,shallow,3.920189390844005,5.0432283769305615,8.96341776777456,2.5633223992075957,1.124799784347346,1.124799784347346,nan,25.48723265708944,1,4.82265125663747e-16,6.936248090826739e-16,0.43735430975201667,0.562645690247984,sample_1089,uniform,train,25.48723265708944
4.539126160333402e-17,5.907560723150169,medium,53.70053196576988,22.813669899218716,76.51420186498854,2.885329980126433,1.2648917396808197,1.1139274009110316,7.0,9.905342313748445,3,5.193196179243639e-16,8.35777472151491e-16,0.7018374452957895,0.2981625547042114,sample_1090,uniform,train,80.21874280807589
3.9348395306372295e-17,6.6041715366495986,deep,106.97477402157584,35.68682745591411,142.66160147748957,3.7915525366753937,1.2499424754170836,0.6402100426690728,4.440720662234905,17.802459728444898,3,1.581510275010518e-16,2.6895329460534385e-15,0.749849804808586,0.2501501951914167,sample_1091,uniform,train,167.92336264476697
4.4298433868660265e-17,6.311571961736131,deep,53.964106928763975,6.381697697480344,60.34580462624425,1.9120027497950014,1.009300309685242,0.8989333888870956,5.844655678480983,6.521417006115232,2,1.0237231213148724e-16,1.1038610204981737e-15,0.8942478646692054,0.10575213533079578,sample_1094,uniform,train,35.800275917196274
4.013098685543607e-17,7.1629640540045685,deep,25.503465501565053,6.893811570533706,32.39727707209872,2.2321122309718766,0.8464190037254751,0.6372727635900645,16.555361669259902,24.562149147720177,2,2.529919037887883e-16,1.288515254939654e-15,0.7872101548783933,0.21278984512160795,sample_1095,uniform,train,70.13879625091292
3.219632196904978e-17,7.2018901847868815,deep,30.395942415084367,18.376936239084383,48.772878654168736,2.3452897680080333,1.4863223003309587,1.4863223003309587,nan,54.03537077213426,1,5.904948832529317e-16,2.9136797144917684e-16,0.6232140331640309,0.37678596683596943,sample_1097,uniform,train,54.03537077213426
4.415923201238552e-17,6.098792025017932,deep,29.279296561919846,3.540503727984978,32.81980028990474,2.3276846013328685,0.7911663588909214,0.7287237696233344,3.0789608636681303,5.6670737259312745,2,1.6426207147561599e-18,2.5303225951532062e-15,0.8921229350358374,0.10787706496416509,sample_1098,uniform,train,28.343702563772993
3.5028121733331975e-17,8.105168956528729,deep,9.601134315566775,7.879113210493103,17.480247526059852,2.236115047629141,1.1098157855504485,1.1098157855504485,nan,46.83505577264671,1,5.163061986178563e-16,1.4735016842813235e-15,0.5492561991043456,0.45074380089565586,sample_1099,uniform,train,46.83505577264671
4.189498788621343e-17,3.905646809298689,medium,47.87384850280344,23.037146829755628,70.910995332559,1.9958849539513972,1.5792763751798546,1.4588668919233783,5.295280917949491,16.230495154345824,2,-2.439030529471592e-16,1.002020536346713e-15,0.6751258853198189,0.32487411468018207,sample_1100,uniform,train,49.53439731367069
3.610334679079144e-17,6.439555449257171,deep,21.08796330253895,10.447031895313422,31.534995197852297,2.697047917299012,1.2540968303216424,1.2540968303216424,nan,41.80049031468552,1,-7.226387616618405e-17,2.365847427174863e-15,0.6687162363663576,0.33128376363364476,sample_1101,uniform,train,41.80049031468552
4.109263241668352e-17,6.128204874047909,deep,64.93081296756864,25.43505130389165,90.3658642714601,3.2142237342282582,1.3441887078648878,1.2814869502722166,4.77493455452533,6.427946259318058,3,-2.313457153429043e-16,2.1623126598672916e-15,0.7185325287490831,0.2814674712509191,sample_1102,uniform,train,101.2497770426529
4.350586072766288e-17,5.231879751172466,medium,46.32765229760554,19.037488147810368,65.36514044541582,1.9839517313964323,1.4252118643372846,1.0633206034922549,9.402127418834526,6.789927938362587,3,4.689443481108267e-16,1.3587952441436465e-15,0.7087516676613305,0.2912483323386709,sample_1103,uniform,train,41.91728684745261
3.4011378611224435e-17,5.44604639051447,medium,85.45112136924975,18.865118072132752,104.31623944138232,2.007777222916097,1.1728819829329964,0.8050113806651703,8.138795979750324,4.484767534952353,3,-3.1642374862496573e-16,1.7028574351536377e-15,0.8191545422538615,0.18084545774614022,sample_1104,uniform,train,53.44431983715984
4.306669351517046e-17,7.48411904571512,deep,45.951034106048056,26.750963666363766,72.70199777241167,3.0323825045225257,1.2564358498355042,0.9685771234183489,12.01499063670047,3.02183628089335,3,-1.194187262372866e-16,2.052405423255693e-15,0.632046374432439,0.36795362556756306,sample_1106,uniform,train,93.33332583809538
3.9561848286362406e-17,5.596147538211476,medium,37.830318604069966,19.549402034448747,57.379720638518556,2.151600622037026,1.1971778928056107,1.0019122079797715,4.512205669071392,16.96115253665809,3,-5.393924913200604e-16,2.7242970186628278e-15,0.6592977132529776,0.3407022867470252,sample_1107,uniform,train,75.47758112395836
4.6741250783956636e-17,5.906655905590728,medium,53.3697198953953,21.79781868604559,75.16753858144072,3.091661515700964,1.1695667243512669,1.0279286486977313,6.539113089708725,52.930026237547985,2,-9.075998492275344e-17,2.221404958241525e-15,0.710010210558798,0.28998978944120424,sample_1108,uniform,train,111.80477514521945
4.0607016576792184e-17,5.281957410097896,medium,55.537447353353954,15.848801766226327,71.38624911958016,2.175784153472662,1.0964306606773755,0.6488989698084587,12.537942414925984,10.998710801856367,3,4.856987440958418e-16,1.741861777185203e-15,0.7779852287843609,0.22201477121564078,sample_1109,uniform,train,72.61643394080905
4.280273895006116e-17,6.22045701264706,deep,26.191249572086594,2.9250891026337684,29.11633867472034,2.7964649002590587,0.6506870216767704,0.6506870216767704,nan,43.0167217411722,1,1.4125694292711585e-16,8.083684004709218e-16,0.8995378802495729,0.10046211975042785,sample_1110,uniform,train,43.0167217411722
3.50146620367065e-17,2.3708706791018566,shallow,23.13477025531704,12.06727532124246,35.20204557655941,2.5265283475988447,1.418236271232517,1.418236271232517,nan,27.648954162968952,1,-8.058415910772677e-16,2.674472774130618e-15,0.6571995995233353,0.3428004004766673,sample_1111,uniform,train,27.648954162968952
4.521134960864499e-17,2.2459084303457106,shallow,78.69466932897767,28.670236297905163,107.36490562688255,2.558375654362453,1.722665519148149,1.7114285154448257,7.668115805072326,15.543521887528826,2,-6.76388868307591e-16,2.6472066700431804e-15,0.732964546184761,0.2670354538152416,sample_1113,uniform,train,58.47803685767793
4.296502985028556e-17,4.145172986442576,medium,40.439581108149895,30.389292594851003,70.82887370300071,2.1778361368007477,1.6766007725578593,1.576450504461818,11.338430226446691,21.993118944662218,2,-6.344113174083459e-17,2.6584331379598e-15,0.570947679864584,0.4290523201354188,sample_1114,uniform,train,62.465366170395654
4.075791264886469e-17,7.3285098476547,deep,33.66861722039133,7.809087527768186,41.47770474815949,2.1101065302580326,1.2977459120229944,1.2977459120229944,nan,24.298306648652254,1,-9.629908574230276e-17,7.280553842879711e-16,0.811728069930999,0.18827193006900178,sample_1116,uniform,train,24.298306648652254
4.651134391307906e-17,1.6331580431955934,shallow,52.819282559053384,14.89640517064522,67.71568772969849,2.7546776045764294,1.2155641758646303,0.7797211148718564,10.594338110519223,5.875491338348541,3,-1.8602649621881702e-16,1.7313499328014364e-15,0.780015448855703,0.21998455114429874,sample_1117,uniform,train,55.193324973858886
4.348642068433877e-17,6.435385924104745,deep,49.159197630088784,21.645503067158906,70.80470069724758,4.076504436395627,1.251439354772823,1.251439354772823,nan,122.31110511810805,1,-5.598054114697218e-17,1.5052872099515592e-15,0.6942928526777851,0.30570714732221643,sample_1118,uniform,train,122.31110511810805
4.27582152919321e-17,3.717021252322247,medium,191.5247675902017,52.77429699046112,244.29906458066253,3.9255817733894625,1.0579438931774348,0.6854967143311059,7.782030583337486,17.086976296788364,3,-4.15260453047306e-17,1.1343132542160942e-15,0.7839766718671334,0.2160233281328678,sample_1119,uniform,train,235.940225096225
4.4503526292862913e-17,3.4218097576944206,shallow,20.59905980381273,5.890066840308142,26.489126644120827,2.19646970905825,1.105932718442399,0.7351965043762467,9.98799279134702,3.0124463478058083,2,3.162040715205352e-16,1.6764962311380196e-15,0.7776420899246455,0.22235791007535627,sample_1120,uniform,train,47.40031216443817
4.4810841942656684e-17,3.557280060540729,medium,84.58333941640737,19.154010414841643,103.73734983124878,2.2971953176569815,1.3272565884194572,1.054735488709245,6.01664358259653,8.469585909873516,3,-3.599121154098133e-17,2.260315143795981e-15,0.8153605191765594,0.18463948082344286,sample_1121,uniform,train,48.490039704235464
4.788102348135506e-17,4.89856164468374,medium,61.48808619841069,28.943619095878248,90.43170529428879,2.380157705629585,1.4747473038262242,1.1930187073148981,9.84276383949143,20.078628258834147,2,4.837296792044998e-16,1.6500183649532997e-15,0.6799394747485091,0.32006052525149253,sample_1122,uniform,train,76.56007474084267
4.2036640296569166e-17,3.426445052476282,shallow,69.95412738829836,26.11057028653345,96.06469767483154,1.9601937244230305,1.3986452742755073,1.0700021175526824,9.262828941527529,19.750011055401462,3,-1.391221365581058e-16,2.847653299171415e-15,0.7281980694415487,0.2718019305584541,sample_1123,uniform,train,77.8258914785709
3.86452990836954e-17,6.472839937649618,deep,23.64334658991653,17.511650110459037,41.15499670037546,2.9780722489140197,1.168759906956648,0.7926868054669252,4.604345773288536,3.450343280899857,3,-4.0527633852891583e-16,2.5034310520130495e-15,0.5744951642700734,0.42550483572992914,sample_1125,uniform,train,100.10886000016453
4.4519509229533626e-17,5.135892179177295,medium,36.22684584706868,18.368530774024915,54.5953766210935,2.8239293789246322,1.2454168192685795,0.76427483494814,4.907137658554118,7.344955276314324,3,5.508936010458368e-18,1.7569852112816557e-15,0.6635515329162883,0.33644846708371345,sample_1127,uniform,train,75.84671062668752
4.042050822992451e-17,3.029210578502509,shallow,58.93804229810736,31.001223563748265,89.93926586185549,4.489975942615318,1.371381202812244,1.371381202812244,nan,146.46192754275214,1,5.678328356704238e-17,1.5405488597831997e-15,0.6553093549666589,0.3446906450333427,sample_1128,uniform,train,146.46192754275214
4.5025394032894487e-17,5.521629357060226,medium,76.11394126764141,20.322078988046748,96.43602025568804,2.7955670200565423,0.9813244361214464,0.7195619613168212,7.238784428341544,16.749519997803965,3,2.111296382877338e-16,1.2525637698336313e-15,0.7892687925718505,0.2107312074281508,sample_1129,uniform,train,106.20125940360364
4.2387560281109855e-17,2.2489377167770197,shallow,78.63795856769663,29.677442146496002,108.31540071419249,2.580961930417374,1.3662969336842337,1.3550948439240953,14.926486525636234,51.21134529370219,2,4.2712743427260597e-16,1.2791886708596616e-15,0.7260090259481702,0.2739909740518311,sample_1130,uniform,train,113.0255253550701
4.07953847248161e-17,5.84181085632315,medium,66.45867541938844,27.63833969016194,94.09701510955023,2.692512346768598,1.5615933236735904,1.558301971749151,8.40476055578028,16.40294889496585,2,4.3494691975464297e-16,1.6235019571084857e-15,0.7062782527375124,0.2937217472624892,sample_1131,uniform,train,66.50552999443826
3.705529284372548e-17,3.6260846852923314,medium,14.501122440681538,13.471563566367571,27.972686007049045,3.4769895791196994,1.1687564588534265,1.1687564588534265,nan,75.75175519750196,1,-1.59056438697012e-16,2.286117471961544e-15,0.5184029319539529,0.48159706804604935,sample_1132,uniform,train,75.75175519750196
3.125791666247873e-17,7.448418328341221,deep,88.90458991432682,20.053347973335963,108.95793788766262,2.0688562914205137,1.09917918502017,0.7025278534295399,6.931089380465383,10.833089836246856,3,2.9582137305207823e-16,1.4672828675488815e-15,0.8159533085693019,0.1840466914306995,sample_1134,uniform,train,79.0026279860651
4.5423416171782273e-17,5.821055707285211,medium,46.72610476431986,23.081281849030635,69.8073866133503,2.831514957966161,1.4569521365989626,1.3414740447503521,7.563068160475616,10.02859646236506,2,4.15380171919718e-16,2.6973338225559118e-15,0.6693575999790219,0.33064240002098083,sample_1136,uniform,train,73.40984850893533
4.6080789053855244e-17,5.890186379409484,medium,124.10991799511947,29.916296230152255,154.02621422527125,3.847715356074039,1.3674381348117233,1.146129048056427,5.141984052872976,4.717823018803525,3,-6.312945358115311e-17,3.1369274558044294e-15,0.8057713981959094,0.1942286018040938,sample_1137,uniform,train,133.68262935298964
4.560407660173092e-17,5.029767455852716,medium,61.51270700504507,5.4115956289239495,66.92430263396888,2.211754729678751,0.9060436497433064,0.9060436497433064,nan,45.32100201710663,1,7.078611253787139e-18,2.149964935434208e-15,0.919138557804306,0.08086144219569615,sample_1142,uniform,train,45.32100201710663
4.876870419406748e-17,2.0433834145672627,shallow,55.57671998245979,22.351802482562277,77.92852246502197,3.4569117643524914,1.1375202778398696,1.0712260394678699,4.608687448721167,18.231056515950428,2,5.007496689887083e-16,1.2765028754531255e-15,0.7131755899440448,0.2868244100559565,sample_1144,uniform,train,136.27860488005814
4.207571514325161e-17,5.753400088503131,medium,84.53835899267264,26.190727079706598,110.72908607237905,2.8168046549604835,1.2956623332583943,0.8248725426048149,12.74205634895718,16.28209961965024,3,1.2080349707308164e-16,1.7325758340480194e-15,0.7634702135752606,0.23652978642474118,sample_1145,uniform,train,93.61022797397615
4.2136756368754034e-17,5.548374238302074,medium,71.64819740007728,22.413608369398144,94.06180576947534,2.9828263384478895,1.6348293918909391,1.6348293918909391,nan,77.7767429451439,1,1.0070403950063277e-16,8.687098226954153e-16,0.7617140327464172,0.2382859672535836,sample_1146,uniform,train,77.7767429451439
4.2570313611898417e-17,5.1249766303000674,medium,26.961394091616363,3.1830772272200036,30.144471318836274,1.9715098414591328,0.8052548143954188,0.8052548143954188,nan,32.09855318048999,1,-1.0219347245002824e-16,3.064261922918308e-15,0.8944059362145484,0.10559406378545458,sample_1147,uniform,train,32.09855318048999
4.30415738818593e-17,1.7635816545322975,shallow,49.51830400711884,21.325187619481493,70.84349162660021,3.063733254649961,1.283720316103311,1.2421350570187486,5.646237685397242,24.630706679162017,2,8.232736606996703e-17,1.7552068073297598e-15,0.6989816971207243,0.3010183028792774,sample_1148,uniform,train,99.40731392244358
4.036348169190595e-17,2.8561848055315417,shallow,16.226335303812846,12.842887727577747,29.069223031390568,1.9542707033673614,1.5508593287241639,1.5508593287241639,nan,31.26387271492224,1,-9.500448811643658e-17,8.555094755972177e-16,0.5581963881969169,0.441803611803084,sample_1149,uniform,train,31.26387271492224
4.519127770883217e-17,5.8180038827100145,medium,35.99770191200404,5.551133238562854,41.54883515056687,2.6299224902661784,1.0835540749542358,1.0835540749542358,nan,29.260145071400487,1,-1.0028243700359842e-16,4.916648945529865e-16,0.8663949730853743,0.1336050269146262,sample_1150,uniform,train,29.260145071400487
4.0552370667163006e-17,6.507330212338654,deep,29.890579601735656,19.82671135038036,49.71729095211586,2.7472767269121348,1.2954998006509082,1.2367411054744286,20.16035713969373,35.9837554924376,2,-3.38505626503461e-16,3.144165719282205e-15,0.6012109475257638,0.3987890524742394,sample_1151,uniform,train,83.78650798618494
4.304205285554813e-17,7.8554633184984,deep,36.37484654735666,8.178021415944249,44.55286796330089,3.6538751456115883,0.8555837024263313,0.7453668161764175,5.0039984012787215,9.373212084269197,2,6.36607139653981e-17,4.385783929667152e-16,0.8164423124751333,0.18355768752486715,sample_1152,uniform,train,95.37900034059452
3.962956493524348e-17,7.978847433556826,deep,25.26220782080445,11.303622524395571,36.56583034519995,3.58882870343591,0.6962213707057554,0.6298463883122652,9.545679651025383,21.90757606684609,3,-2.82562810743124e-16,1.9431877494705224e-15,0.6908692509459355,0.3091307490540664,sample_1153,uniform,train,174.5299795894594
4.4713600908479553e-17,5.328985139345203,medium,170.0270400604395,50.32758742695691,220.354627487396,4.120857664402665,1.3160476723428334,1.018157784473026,5.685068161420758,5.483515308427241,3,-5.76709490400349e-17,1.934725157884172e-15,0.7716063964672801,0.22839360353272176,sample_1155,uniform,train,170.95859116890503
4.033942144951079e-17,3.7048066733890543,medium,44.67776082195399,25.874686934142535,70.55244775609651,2.5156963559014334,1.640675188923554,1.3665125087662182,6.082762530298219,3.1126874631797024,3,7.833420783285498e-16,1.5106692078561543e-16,0.6332559995141109,0.36674400048588923,sample_1156,uniform,train,49.62817445757329
4.805550093364145e-17,3.2817380033527686,shallow,50.60442347017179,14.98279586937706,65.58721933954868,3.292111213136886,0.9748318388402134,0.7465005985049793,5.506359959174481,20.058567445974347,2,5.499551740558409e-16,2.545885381101027e-15,0.7715592150383732,0.2284407849616294,sample_1157,uniform,train,91.3846096505876
4.022072229850549e-17,1.9567539146814714,shallow,17.167547297509778,3.7086739299839784,20.876221227493716,2.8445810821997024,0.6858112637983436,0.6858112637983436,nan,52.341609599981204,1,2.6937180151249524e-16,1.9357966011173255e-15,0.8223493663163685,0.17765063368363343,sample_1158,uniform,train,52.341609599981204
4.402394792195136e-17,3.9000762266661377,medium,58.535263939330406,8.617039041459886,67.15230298079022,1.9241641713185038,1.286270323993243,1.286270323993243,nan,29.8411104613506,1,7.172571020559158e-17,1.0052009670691294e-15,0.8716791731785456,0.1283208268214554,sample_1159,uniform,train,29.8411104613506
4.330769728636959e-17,1.464740289209919,shallow,50.496419740526456,12.314987357378673,62.811407097905054,2.886661163387734,1.5218741336140233,1.5218741336140233,nan,37.08876242049321,1,-2.6519871596498853e-16,1.1877935983589657e-15,0.8039370883988788,0.19606291160112244,sample_1160,uniform,train,37.08876242049321
3.695814141908466e-17,3.9802173489946338,medium,28.18718460291614,17.975393656150498,46.162578259066535,2.112081363258337,1.7078083718801698,1.7078083718801698,nan,39.46576654627702,1,-1.479928159652481e-17,2.231866168891449e-15,0.6106068089335988,0.38939319106640347,sample_1161,uniform,train,39.46576654627702
3.687656135157425e-17,7.381977167109799,deep,61.37361319939945,25.46658645607133,86.84019965547061,2.938142907408386,1.5209639689462344,1.3657801498875126,15.866946776238962,26.430516523593152,2,1.3500879469347056e-16,1.9228138991629388e-15,0.7067419633175974,0.29325803668240447,sample_1163,uniform,train,63.49298853860918
3.92397242430912e-17,6.452300811132,deep,38.22030214751402,10.839870507764596,49.06017265527852,2.01869570088215,1.389589174251392,1.389589174251392,nan,34.458882063200896,1,7.41644065761223e-17,1.9190089922784596e-15,0.779049483092306,0.22095051690769588,sample_1164,uniform,train,34.458882063200896
4.164163829751459e-17,2.1237153213336333,shallow,92.50225268451985,23.56204265347011,116.0642953379897,2.058641140870976,1.2991601940668247,0.9597913729503225,5.6603886792339635,17.190810064343157,3,-2.3507207695797535e-17,2.173301190174654e-15,0.796991464215114,0.20300853578488817,sample_1165,uniform,train,74.63749112997735
4.729778127229812e-17,4.441131100710348,medium,62.703970622138556,24.036035837551236,86.74000645968967,3.8790006906480237,1.2533274812277684,1.0954435658567634,8.449852069711046,19.504985426580607,2,-1.738740885046465e-17,1.4335366554970672e-15,0.7228956185434309,0.2771043814565705,sample_1166,uniform,train,134.5202761687271
4.717961861944237e-17,2.1004350322646426,shallow,26.83874140942722,18.440217601550263,45.27895901097742,2.225746463762071,1.4729654804102017,1.4103570328779562,18.627936010197157,16.00521863371773,2,1.4905696655826362e-16,1.4907931050456452e-15,0.5927420151801733,0.40725798481982817,sample_1169,uniform,train,50.115090995015535
4.0165107677878514e-17,5.331368906358902,medium,39.1966076997087,19.50132445764068,58.69793215734928,2.4361796413273424,1.0413266721047083,0.8833824841311202,9.123595782365634,25.25818649967599,3,1.9519185294690576e-16,1.7552355406495322e-15,0.667768118213021,0.33223188178698077,sample_1171,uniform,train,99.18944568985765
4.649397469324507e-17,4.190952579067476,medium,76.92403132844338,30.459017167055276,107.38304849549846,4.230632352345772,1.612698697010523,1.612698697010523,nan,112.4474729153841,1,-5.871664523073802e-16,1.819647095809715e-15,0.7163517185086067,0.2836482814913951,sample_1172,uniform,train,112.4474729153841
2.817336300827605e-17,7.169775932616028,deep,203.73382857908956,31.89155475507449,235.6253833341637,3.3179477577258227,1.237344359350844,1.064670863556982,7.002856560004639,11.919765626289923,3,3.3289156519579733e-16,1.492702735267034e-15,0.8646514466998423,0.13534855330015916,sample_1173,uniform,train,135.17305824270022
4.117698737501317e-17,7.233336767800761,deep,25.069626989288324,15.897888871431832,40.96751586072013,3.672907611236245,1.1736670187372293,1.1736670187372293,nan,120.30212757269362,1,-4.6696706123383777e-17,6.937620901162546e-16,0.6119391538046663,0.3880608461953343,sample_1174,uniform,train,120.30212757269362
4.4075765377463347e-17,6.4211022916447185,deep,42.544826200794,18.376931723270676,60.92175792406453,3.1057522097494568,1.180669081163926,0.6676859516971906,14.429137188342201,5.94818912969103,3,2.565310922203553e-16,2.3909562986081086e-15,0.6983519131838526,0.30164808681614974,sample_1176,uniform,train,79.53334181514663
4.1882191139930246e-17,2.196161926882481,shallow,33.08669214087414,14.220481270063058,47.30717341093706,4.224757738288393,0.9924383012787332,0.9924383012787332,nan,134.1574527278405,1,8.80411292826977e-17,2.9288546214681784e-15,0.6994011638248662,0.30059883617513683,sample_1177,uniform,train,134.1574527278405
3.860472954403364e-17,6.2921141993856935,deep,141.64213286290794,35.2692016751891,176.91133453809678,3.726914411101182,1.7404892192910209,1.6941103896603389,15.653753543479594,5.9644771158744625,2,1.7303197978235482e-16,1.4860597423995068e-15,0.8006391067747339,0.19936089322526757,sample_1178,uniform,train,98.46434270268374
3.920414275706354e-17,5.170077497135199,medium,27.7108754601353,8.647866973481268,36.35874243361649,2.172078436167401,1.29335997718207,1.29335997718207,nan,30.91189611247799,1,-5.67413587809246e-16,2.0519683097133343e-15,0.7621516478665235,0.23784835213347866,sample_1179,uniform,train,30.91189611247799
4.5645862023905303e-17,4.466321230461881,medium,58.224240326111556,24.2698572510526,82.49409757716397,2.6643588030872736,1.1599930109760714,0.7886066953516235,5.535341001239218,10.959924036670317,3,-2.3287098771924194e-16,2.2394464176642633e-15,0.7057988636295986,0.2942011363704036,sample_1180,uniform,train,65.05507813248823
3.5230246349339004e-17,5.592557149012447,medium,15.696407352636758,14.550615223330896,30.247022575967605,2.307342009547119,1.2072146353503999,1.1865635087188604,20.83266665599966,11.432411447880051,2,2.1045900801042456e-16,1.5856646565243774e-15,0.5189405771498363,0.4810594228501653,sample_1181,uniform,train,62.88704969270379
3.8207654860428066e-17,8.039699471910005,deep,35.66815406017943,10.12846453851452,45.79661859869388,1.6275458478417022,1.2766716580410387,0.9867594132134192,9.114823092084675,10.845658529348709,2,2.0314445837340938e-16,1.5127299537915136e-15,0.7788381577411195,0.22116184225888202,sample_1182,uniform,train,28.90443422158186
4.161046005401936e-17,3.619195012707747,medium,80.5474744263658,26.333391926500433,106.88086635286612,2.527458797424898,1.5296862074575217,1.3517278743257046,15.161794089091174,25.32074728665067,2,2.75190754892845e-16,9.971982264078732e-16,0.7536192133813653,0.24638078661863574,sample_1183,uniform,train,62.94566791809518
3.861656593930529e-17,2.6834212619130806,shallow,31.267518581988227,20.422948386543606,51.69046696853175,3.656741382874946,0.984792104720217,0.7480114686481891,18.095303258028032,72.91442482891898,2,-1.2155049005597388e-16,1.58080240718577e-15,0.6048991316140236,0.39510086838597797,sample_1184,uniform,train,177.88594917912616
3.8828057198228014e-17,2.5789421857296837,shallow,8.234261140654327,3.391031832987769,11.62529297364208,2.2468433371682166,0.906661861244406,0.906661861244406,nan,23.476359028873933,1,-6.237902997126637e-17,1.3370090869961703e-15,0.7083056882371732,0.2916943117628282,sample_1186,uniform,train,23.476359028873933
4.5022869068732263e-17,6.154839928593494,deep,148.5731088113173,49.81448205769634,198.38759086901308,3.8342147245582723,1.5019016440114494,1.3386047765703772,7.280109889280519,2.4554090166781113,3,-2.7998965603169144e-17,2.7936391155574256e-15,0.7489032361374549,0.25109676386254787,sample_1187,uniform,train,167.9490755813328
3.6541730853070196e-17,1.7346464505870327,shallow,41.38193846564453,17.692558749682497,59.074497215326915,2.844043683312869,1.6276504871827329,1.6276504871827329,nan,37.66340146181685,1,3.1021827604308603e-16,1.924465599888676e-15,0.7005042855431695,0.29949571445683254,sample_1188,uniform,train,37.66340146181685
3.989357507821784e-17,4.045365140263867,medium,18.302702459581464,7.32211129680971,25.624813756391095,2.5731367807217405,1.0226372825064312,1.0226372825064312,nan,45.24146295263998,1,-2.405634528612643e-17,3.08481771242516e-15,0.7142569945514855,0.2857430054485176,sample_1189,uniform,train,45.24146295263998
4.275544798185244e-17,5.854139853818594,medium,82.24995251315674,27.546474901043823,109.79642741420047,3.255636564539541,1.555143872640303,1.4914230206939587,6.651315659326357,17.565524032279114,2,2.1054323874542088e-16,9.060038231585334e-16,0.7491131947569998,0.2508868052430011,sample_1190,uniform,train,70.915133727283
3.100881742739174e-17,2.2860081183798235,shallow,260.72972465586406,43.07673397226498,303.8064586281285,4.175196121202964,1.3923989608230607,1.258261340383792,11.50651989091402,67.03011904419527,2,1.9185808408807273e-16,1.80087648236923e-15,0.8582099466654456,0.14179005333455622,sample_1191,uniform,train,206.81492567508718
4.080827906349573e-17,6.099940858588005,deep,38.84820634815382,11.827271852204394,50.67547820035813,3.5408457132457096,1.1101089513313618,0.8456210668288819,6.9656299069072,3.068865713708003,3,3.5256271062837145e-16,1.7526789114618527e-15,0.7666075926221705,0.2333924073778313,sample_1192,uniform,train,96.60468166374109
3.367175920072803e-17,1.770662867484559,shallow,262.9827132557499,57.46238333753757,320.44509659328696,3.9457648013979374,1.5045731723249431,1.3514492226955408,5.695612346359257,3.4352455333795064,3,-4.296477286123336e-16,1.5743269213757713e-15,0.8206794738055578,0.17932052619444372,sample_1193,uniform,train,214.68927744175812
4.2976590775425065e-17,1.703803230584657,shallow,18.48949354104805,3.9788571743465884,22.46835071539462,2.55680084208677,0.9381212148905358,0.9381212148905358,nan,33.38183126125297,1,2.3033966949956964e-16,7.115436178254201e-16,0.8229128063405036,0.17708719365949713,sample_1194,uniform,train,33.38183126125297
3.4037436746072284e-17,6.46532732326271,deep,26.20078862524926,18.515320379675064,44.71610900492421,2.6832421255182872,1.6010207088882953,1.6010207088882953,nan,57.83137226488137,1,-8.726491149582128e-16,2.4629630460621558e-15,0.5859362365890106,0.4140637634109919,sample_1195,uniform,train,57.83137226488137
4.857431443612638e-17,2.9991000875847575,shallow,21.426905272147057,11.42568648481477,32.85259175696171,2.4497091515114002,1.0494655949832827,1.0434558542246695,8.114185110040317,28.788521297625447,2,9.041047683406324e-16,3.622725084227074e-15,0.6522135431706552,0.3477864568293484,sample_1196,uniform,train,65.09565684880813
3.9947222487445613e-17,4.552948162873023,medium,20.398694110081692,8.445125890694376,28.84382000077604,3.2709660147613024,0.9269741540254078,0.9269741540254078,nan,73.77164393579663,1,3.7668600112209815e-17,9.23780296447796e-16,0.707211947291755,0.292788052708246,sample_1197,uniform,train,73.77164393579663
3.5733868350347766e-17,7.0050961727548104,deep,45.33688987828889,24.69291166303762,70.02980154132636,3.487716881657547,1.5964886792207835,1.5964886792207835,nan,86.96691475372332,1,-2.7832322962773256e-16,2.1307210819606004e-15,0.6473942361743584,0.3526057638256437,sample_1198,uniform,train,86.96691475372332
4.093547873914887e-17,5.302980516748359,medium,25.285751830388367,13.300891346338146,38.586643176726405,2.0592975437784586,1.2322022142066575,1.0955427374737825,17.29508600730277,21.26885015877426,2,1.9152787117835138e-16,2.8081677565767484e-15,0.6552980448332834,0.3447019551667194,sample_1199,uniform,train,45.62220209999427
4.152298631169688e-17,7.135885368828308,deep,28.182268100407164,14.248696702372909,42.43096480278,3.381821391508281,0.9261033619788981,0.8593294504727134,9.47417542586161,49.291961520627616,2,2.488081392852673e-16,1.8001792900359947e-15,0.6641910744051881,0.33580892559481373,sample_1201,uniform,train,147.03475941477484
3.605547498277344e-17,2.147211024943496,shallow,31.852555211371353,20.470164478256496,52.32271968962777,3.2784096444020996,1.4625300506913192,1.4625300506913192,nan,70.6179722512467,1,3.165012271335166e-16,1.5617004447995053e-15,0.6087710157330691,0.3912289842669324,sample_1203,uniform,train,70.6179722512467
4.2376848528666977e-17,4.6548325289073995,medium,18.02965011754252,4.308475444012926,22.338125561555408,1.8221214000753723,0.7150899315185251,0.6410620676784569,17.73696704625681,22.291651843496933,2,-1.4531485627908765e-16,1.669947351876547e-15,0.8071245757778395,0.19287542422216225,sample_1204,uniform,train,47.632464348578694
4.343696835927507e-17,4.814810286104881,medium,69.02260603538826,8.670756999021217,77.69336303440934,2.4922558303294005,1.0540999607778512,0.9262626928132076,15.606408939919524,8.028635408379598,2,-6.249603703327955e-17,1.760504003067051e-15,0.8883977130043795,0.1116022869956222,sample_1205,uniform,train,41.75975497383918
4.4169157468141004e-17,6.746777318247604,deep,31.006451411307562,15.447903707258998,46.45435511856655,3.4832191064093787,1.1833865693239234,1.1441860646969468,10.480458005259122,11.461844417467006,2,6.038684480571394e-16,1.5295503165345103e-16,0.6674605929232913,0.33253940707670887,sample_1206,uniform,train,81.47269297493098
4.107219127293735e-17,1.4934219318005388,shallow,37.38683211069992,23.480492467787723,60.86732457848753,3.27092843144489,1.2044186616756876,1.0139679439049172,21.428952377566198,59.65488940224739,2,2.278247353953005e-16,1.809412928948424e-15,0.6142348521083778,0.38576514789162397,sample_1207,uniform,train,129.72843965000774
4.399847065274355e-17,5.94346809110891,medium,105.17820942710641,34.858599760870085,140.03680918797625,3.5960494187582586,1.3043477067637035,1.0633427509311186,10.31309846748299,19.453619335136743,3,1.7930636342594384e-16,1.7758899175016901e-15,0.7510754496406874,0.24892455035931432,sample_1208,uniform,train,165.31613345864912
4.4457803323394056e-17,4.176375305773525,medium,101.22451352675236,18.52795502463741,119.75246855138955,2.701144309684477,1.2719502409130479,0.8836080310553293,4.3908996800200315,5.3818032996135905,3,-2.6183858336010234e-17,1.8096957584956263e-15,0.8452812267774984,0.1547187732225034,sample_1209,uniform,train,63.31327018664924
4.241804276439006e-17,8.103467043965482,deep,61.06821510751426,17.841833740032598,78.91004884754668,3.0030145140044007,1.0786629561160963,0.7140134646862301,11.443775600735975,4.3009984273088095,3,-2.0573451310374298e-16,2.3411607773116932e-15,0.7738965568947672,0.22610344310523517,sample_1210,uniform,train,86.70383345517895
4.3170104320313364e-17,7.5418531736080805,deep,73.17310332013697,24.192753898568697,97.3658572187054,3.612011839343694,1.1238845998129403,0.8137832956295183,6.931089380465383,26.048896405767078,3,-1.4692343234630488e-16,2.773110074739484e-15,0.7515273362794299,0.24847266372057283,sample_1212,uniform,train,150.98242231015595
4.254443387075188e-17,6.227734926965001,deep,21.93177135569642,6.271599439808436,28.203370795504846,2.5039612100464486,1.0823419238818754,1.0823419238818754,nan,41.671185769226845,1,-7.913149022098212e-18,3.4641116792530877e-16,0.7776294370881364,0.22237056291186394,sample_1213,uniform,train,41.671185769226845
4.490370058071499e-17,4.450026284416197,medium,90.26482432955031,16.744034829221143,107.00885915877129,2.232174497591086,1.2474543394540936,0.8118006573883203,10.039920318408907,23.520234288172514,2,-1.1452504456393669e-16,1.5272084060100687e-15,0.8435266485331134,0.15647335146688807,sample_1214,uniform,train,70.10812365220518
4.607305375451896e-17,2.515412953487872,shallow,70.18133916658608,17.09430032457857,87.27563949116454,2.4984267095491615,1.0576496653858163,0.6397543151495243,7.868926229162402,21.529616242135145,3,6.499745818596218e-16,1.3026182149387203e-15,0.8041343446551427,0.19586565534485864,sample_1216,uniform,train,78.59769146113507
3.669574489564902e-17,4.841598104329554,medium,29.420071568787954,12.054032492201028,41.47410406098883,2.3044355970553276,1.4424395649505355,1.4424395649505355,nan,36.72815461420094,1,-4.0741299728569967e-16,3.683423467418943e-15,0.7093600268139588,0.29063997318604484,sample_1217,uniform,train,36.72815461420094
3.351470214355577e-17,2.3724218904943895,shallow,110.43407549679758,29.254353752013706,139.68842924881127,2.8889433992637996,1.6399404198942071,1.508293880030068,13.518875692896952,34.692536865709634,2,1.0529462686351966e-15,5.086625567923671e-17,0.7905742522173672,0.20942574778263287,sample_1218,uniform,train,77.73696520212806
3.5651943041782606e-17,2.8893387664478776,shallow,42.03697047748939,23.650537455354065,65.68750793284336,2.878718389036363,1.57627112149701,1.57627112149701,nan,72.54162642259179,1,-2.413190543592593e-16,1.4602969780141784e-15,0.6399538024865632,0.3600461975134383,sample_1219,uniform,train,72.54162642259179
3.6205580643749456e-17,5.384669373326008,medium,53.11622343835194,22.26811306452746,75.38433650287926,2.3830198125222277,1.3924632929963743,1.3152994550070134,8.15107354892593,16.43125446046137,2,4.2275134204904645e-16,1.7437363279120704e-15,0.7046055706323447,0.29539442936765703,sample_1220,uniform,train,73.11670053945902
4.000789418274294e-17,4.116927181151791,medium,49.52368594125386,16.336420670559278,65.86010661181305,2.565606152505522,1.3462044236153676,1.1510294477182241,15.937377450509224,13.155852584968665,2,-6.87309396614815e-17,1.2946399979850377e-15,0.7519527144581178,0.24804728554188343,sample_1221,uniform,train,38.9634515800422
4.870651576303636e-17,4.849727345353781,medium,24.52577870965418,16.379460216359217,40.90523892601334,3.913044380232351,1.1255086340692504,1.1255086340692504,nan,100.5471686588797,1,9.004564741718055e-17,1.3896366419866802e-15,0.5995754909050836,0.40042450909491784,sample_1223,uniform,train,100.5471686588797
4.0865831877898106e-17,5.325110026021758,medium,65.51761170032539,26.356140457152367,91.8737521574776,3.5132323202075546,1.570442751680079,1.570442751680079,nan,112.4784656093409,1,-4.736418156876091e-17,1.740128293356206e-15,0.7131265477001956,0.2868734522998062,sample_1224,uniform,train,112.4784656093409
3.927340535111038e-17,5.710920800480416,medium,100.75275781628561,18.77819368072422,119.53095149700965,2.7392550372412123,1.0368704996098577,0.6608331370780638,11.93817406473871,16.42493912411975,3,1.9311687463497085e-16,1.4563840417984093e-15,0.8429009938802853,0.1570990061197162,sample_1225,uniform,train,77.50360192309299
4.733204407280095e-17,2.358708838856953,shallow,31.489809228823685,18.060677782101862,49.550487010925416,3.8008059110777306,1.1844494928351579,1.1844494928351579,nan,102.36360117093346,1,-1.3463322772812146e-16,2.6528580049401928e-15,0.6355095808015061,0.36449041919849656,sample_1227,uniform,train,102.36360117093346
3.790857917757277e-17,7.352151927103444,deep,25.20672242861609,24.238388392364214,49.44511082098016,3.899073914734014,1.2150968898773236,1.1346163296923248,7.623647421018369,4.054018748196277,3,-3.1331626443453776e-16,2.8740667134215757e-15,0.5097920099699842,0.49020799003001875,sample_1229,uniform,train,153.39166246586095
3.1757534099292187e-17,1.4838973356814151,shallow,27.52675569830479,18.15492119521764,45.68167689352234,3.2799276644055833,1.167879513240527,0.7708802218088342,15.494515158597254,30.647481930967075,2,8.039494218444746e-17,2.0220482681517144e-15,0.602577610328663,0.397422389671339,sample_1231,uniform,train,109.33483892860947
4.271469605728313e-17,5.693797459391759,medium,79.78571238510277,30.78901802351809,110.57473040862062,1.990952874340695,1.5087309845285457,1.2696495756065924,8.471127433818946,21.742919116860595,3,-1.464473030308379e-16,2.1205487179062803e-15,0.7215546634412823,0.2784453365587199,sample_1233,uniform,train,81.8508700895213
3.330782273988215e-17,4.596567268011803,medium,21.60535892332367,18.891783638907526,40.49714256223114,3.031090067508943,1.1219242102649665,0.6670139734437971,16.20123452086291,38.48980367243869,2,1.2837068065119847e-16,1.4036402388997664e-15,0.5335032932292236,0.4664967067707778,sample_1234,uniform,train,80.72591618875455
4.741385375805816e-17,5.6414943460642375,medium,105.088925435311,38.78030627395235,143.86923170926303,3.110809520109727,1.3502894457275,0.9231915395003141,7.485986908885162,8.853597758899344,3,5.770581088922566e-16,2.1730762027438757e-15,0.7304475334078318,0.2695524665921704,sample_1235,uniform,train,112.99516831715519
3.7616376707391384e-17,2.2796241305805314,shallow,45.8890578620023,19.730214911147364,65.61927277314956,2.1338665419547653,1.2273991876633452,0.7759691210015803,5.07937003968012,12.066642063650555,3,9.445603616575676e-17,1.6242394324069158e-15,0.6993228654124833,0.30067713458751827,sample_1236,uniform,train,53.47688812188553
4.4724218843193076e-17,8.042764593475706,deep,78.25607525346805,20.620257914317648,98.87633316778563,1.6626522749145292,1.7004682784571568,1.568969613203429,10.516653460107927,8.02343197853121,3,9.102592818420798e-17,7.186176034201866e-16,0.7914540592911494,0.2085459407088513,sample_1237,uniform,train,27.927194690264937
4.3866269562732106e-17,6.917136144405636,deep,53.9955322955642,23.83295755889816,77.82848985446215,3.7836337261579494,1.354360566635955,1.354360566635955,nan,120.04311788320116,1,1.0687756214092942e-16,2.7388790547862438e-15,0.6937759218575982,0.3062240781424046,sample_1238,uniform,train,120.04311788320116
4.9098187298074305e-17,3.7331026361608806,medium,43.28925349988221,17.09257157390057,60.381825073782636,3.891419805041687,0.9627800879035647,0.9144445290501557,5.617828762075254,22.117150082178682,2,-3.7846235472883327e-16,2.3534987055852105e-15,0.7169252245520167,0.2830747754479857,sample_1240,uniform,train,112.95603046332883
3.721044997157529e-17,1.7620188601544098,shallow,17.68743487477573,11.152448489214473,28.839883363990182,2.796397881331345,1.283744418821196,1.283744418821196,nan,40.43660426190104,1,9.717017829243315e-16,6.775313542980738e-16,0.6132977256371456,0.38670227436285515,sample_1241,uniform,train,40.43660426190104
4.169175450299361e-17,1.7423717278924027,shallow,13.390915760924091,3.4070251693290152,16.797940930253088,2.2723347251422545,0.8301516641213778,0.8301516641213778,nan,28.646227101322083,1,-3.304397814382587e-18,1.1367962360887396e-15,0.7971760239260668,0.20282397607393438,sample_1242,uniform,train,28.646227101322083
3.9515857105704935e-17,2.689229743037422,shallow,102.00731667381544,45.494473197773814,147.50178987158884,3.7323837110910825,1.2529611336166027,0.8078059751413628,5.11468474101777,28.201716230487108,3,2.775883879214085e-16,2.7939646501892238e-15,0.6915666363277375,0.30843336367226526,sample_1243,uniform,train,171.59988685299507
4.041197136617421e-17,2.5204430967161935,shallow,49.00189066144007,15.600508053485223,64.60239871492523,2.5765107458215875,1.2191515645326894,1.0483001308654427,10.23132444994293,6.7218703539567235,3,-6.56606812476167e-17,1.0173802268215876e-15,0.7585150340573819,0.24148496594261917,sample_1245,uniform,train,48.51882490877193
4.479680306093424e-17,7.97166418403889,deep,88.73887576375745,25.927526734329113,114.66640249808633,2.6740684320158405,1.3314430424888057,0.9742880276984163,7.391887445030533,6.875487079080037,3,4.130999334384463e-16,2.044880607506164e-15,0.7738873273297155,0.22611267267028648,sample_1246,uniform,train,71.97505973633554
4.282476557828125e-17,4.344659597160638,medium,53.82985272339263,18.51399609743547,72.34384882082797,4.145599021402161,1.0525015609733892,0.7973553898444107,9.875221516502807,49.0050119195146,2,1.8824943502444636e-16,1.7188051338819328e-15,0.7440833408893069,0.2559166591106948,sample_1247,uniform,train,206.62912886964466
4.175640705748738e-17,3.552985578616006,medium,29.01494015189822,14.5630218228253,43.57796197472341,3.965155428673254,0.9999712039100226,0.9999712039100226,nan,134.2991731465452,1,-3.456635724517922e-16,2.5680521945273023e-15,0.6658168220149395,0.33418317798506303,sample_1248,uniform,train,134.2991731465452
3.661374124571426e-17,4.1891572149667935,medium,51.5231220349938,16.239366006342507,67.76248804133617,3.727766783046515,0.9687352709356661,0.6859034434058947,4.955804677345546,11.244347374768315,3,1.2532293978267434e-16,1.9922987436952587e-15,0.7603487345913847,0.23965126540861725,sample_1249,uniform,train,208.32457051512603
4.197722921862265e-17,6.431425186362164,deep,49.07688610230535,16.399861052106683,65.47674715441191,2.2313725555289756,1.2726818820918315,1.0301345077054982,4.857983120596444,17.29760888381213,2,5.113113443773679e-16,1.899070802414457e-15,0.7495315243221957,0.25046847567780617,sample_1251,uniform,train,44.26411718548259
4.223850608590311e-17,4.910894200478676,medium,21.98842619185251,9.808734638070272,31.79716082992273,2.0733566305436497,0.9737746547387693,0.8826476373220437,10.796295661012625,19.17931601677039,2,2.6186927592211762e-17,1.620092706331493e-15,0.6915216836328448,0.30847831636715684,sample_1252,uniform,train,49.52213727411355
4.362688685782814e-17,5.290877658343337,medium,37.65229457550026,4.734797785819343,42.38709236131951,2.3815497735686737,0.6817372261130213,0.6018829420844055,19.518196638009364,18.88499017782212,2,-9.259616715995302e-17,2.1163522995404654e-15,0.8882962354327467,0.11170376456725538,sample_1253,uniform,train,46.036577822800474
3.6463056424968205e-17,8.192917478310534,deep,54.36719136398584,22.062702935093647,76.42989429907935,3.4288707657660638,1.0165483285594057,0.6398695559625577,4.565084884205333,22.7889916767849,3,1.4454088711183452e-16,1.7663653866396259e-15,0.7113341168736999,0.28866588312630187,sample_1254,uniform,train,166.50209441567347
4.088084045180024e-17,7.135600467266637,deep,26.987740139633424,7.281379811257357,34.26911995089073,2.218792453436369,0.8739492832653319,0.7707901651986016,17.749366185867032,22.075060389949176,2,8.160673025676833e-17,1.3736406511624787e-15,0.7875235832816287,0.2124764167183726,sample_1255,uniform,train,65.76884105844285
4.4358848390590595e-17,1.68236487993597,shallow,52.705521399332035,6.086683060815043,58.79220446014704,2.207335113598192,0.9119284482502874,0.81719927708207,15.422062118925604,11.859385275642742,2,7.861937794411413e-17,6.344972768063469e-16,0.8964712564071154,0.10352874359288516,sample_1256,uniform,train,30.009800568389345
4.847368987446165e-17,7.9610994458911,deep,70.19608852214569,34.455739739280524,104.65182826142603,2.9116534400025493,1.5304000785228091,1.4055659415900377,9.68916921103146,5.910870312862634,3,-5.690284233668378e-17,1.6973968528890038e-15,0.6707583583422163,0.32924164165778536,sample_1257,uniform,train,71.46922564436295
4.043625849886896e-17,5.545562515404651,medium,16.35398022593821,6.881563778072816,23.23554400401098,3.384112726376489,0.8416925025613519,0.8416925025613519,nan,73.30308545852687,1,1.1661828335842557e-16,1.9494744515939496e-15,0.7038346174772212,0.29616538252278074,sample_1258,uniform,train,73.30308545852687
4.4943683560003626e-17,3.762065077844244,medium,26.398282466936937,8.740095149946285,35.138377616883155,2.2637662223440427,1.3262438876518625,1.0623177244556836,20.44015655517345,5.51175537985683,2,3.5645052525396273e-16,1.921020959851505e-15,0.7512664003659972,0.24873359963400465,sample_1260,uniform,train,25.014801837525994
4.3267015230595764e-17,6.616224322504554,deep,116.90578891666125,36.74462938235132,153.65041829901236,3.451397518142213,1.5173467423562077,1.2985699072387584,8.609297300012352,4.374097784440861,3,3.565856736428431e-16,1.3873234000131598e-15,0.760855650188703,0.23914434981129828,sample_1261,uniform,train,135.63962327907737
4.713620887113473e-17,5.332172248195816,medium,42.028182547364125,24.85071218710457,66.8788947344685,3.3318639535157777,1.3108726902004066,0.6996894165643425,8.411896337925237,12.638431981506388,3,4.149898162555723e-17,2.8685662258164066e-15,0.6284222057531006,0.37157779424690224,sample_1263,uniform,train,114.93566938746834
4.124616243420281e-17,5.555287053417942,medium,31.1661311132137,9.16941240633146,40.33554351954508,2.0998851813548547,1.4464772460208013,1.4464772460208013,nan,26.6123284335592,1,-2.541588038748828e-16,2.1138956079740382e-15,0.7726716536771538,0.22732834632284823,sample_1264,uniform,train,26.6123284335592
3.3716415411927573e-17,8.057455520736749,deep,50.8920667748522,22.191330641469424,73.08339741632159,2.7101494807411286,1.160448421740911,0.7219856071536908,13.219682295728592,19.25804911656466,3,1.5325614107995243e-16,5.3472952610818115e-16,0.6963560613492575,0.303643938650743,sample_1265,uniform,train,106.32739631052313
4.30352028770604e-17,2.376638984680998,shallow,89.77092093462235,9.849000506396676,99.61992144101887,2.8104324411773733,0.9640615053403992,0.7963080368345509,3.026549190084311,5.99511067907016,3,1.8120697816119175e-16,1.5513267104845167e-15,0.9011342273319525,0.09886577266804904,sample_1267,uniform,train,80.74962949225015
4.29429229676894e-17,4.9450215752859075,medium,25.48294625711859,9.312866687291201,34.795812944409725,3.0367916148683407,1.1912390022770167,1.1912390022770167,nan,46.17671561712266,1,1.4286600579450668e-16,1.9399334053511253e-15,0.732356686071123,0.2676433139288789,sample_1268,uniform,train,46.17671561712266
5.189154039432953e-17,5.6737309819161394,medium,76.92846079705892,34.32472412758392,111.25318492464264,3.1944673247867965,1.7573082533435453,1.7573082533435453,nan,87.66060272955836,1,-1.5989756439811877e-16,1.7882810828974306e-15,0.6914719866147331,0.3085280133852687,sample_1269,uniform,train,87.66060272955836
3.8051943091633746e-17,2.3935688940360165,shallow,94.10197783631727,27.311571822522108,121.4135496588392,3.6462741900402773,1.1642513462282766,0.7759119221038661,7.657675887630659,23.269049398605432,3,8.997615320322379e-17,1.4923243585905207e-15,0.7750533453698957,0.22494665463010585,sample_1270,uniform,train,147.2709126871571
4.658773047532739e-17,2.4126696332284627,shallow,36.18188534742635,29.197553148198903,65.37943849562511,2.722167004884435,1.4924845004629574,1.03943150539456,2.5768197453450252,6.127889776645457,3,-6.353985333367247e-16,2.2279368587811825e-15,0.5534138282611203,0.44658617173888193,sample_1272,uniform,train,78.11318292909347
4.614833673835412e-17,8.202668841121056,deep,190.86327209243146,53.5522971467166,244.41556923914763,4.295249134879731,1.6564773191324578,1.5253165145691225,10.524257693538297,2.975549750512307,2,2.677464043993493e-16,1.7442654851456011e-15,0.7808965389830871,0.2191034610169147,sample_1273,uniform,train,145.72268710230597
4.3720794201469426e-17,7.483005282995824,deep,176.64694591034697,42.84709050582591,219.49403641617232,4.034319764484206,1.7343321331375021,1.7343321331375021,nan,138.97764353266692,1,8.071487739962865e-17,2.5573759105972704e-15,0.804791550579602,0.19520844942040047,sample_1274,uniform,train,138.97764353266692
4.50837248951109e-17,5.68255722776845,medium,58.93227473483787,11.569140915535401,70.50141565037316,1.8915549986502904,0.9568771923344364,0.6825707569629573,4.56508488420533,10.865631519041779,3,6.989058619153248e-17,1.5369587433644922e-15,0.835902005529813,0.16409799447018858,sample_1275,uniform,train,56.107052072211296
4.4571212230689315e-17,6.337178341667006,deep,24.582068550948765,19.209830422434504,43.79189897338317,1.8842046334139992,1.540065348085296,1.3045556612949913,10.488088481701515,5.6788491529672065,2,4.695411566428969e-16,2.2715613010268357e-15,0.5613382640905755,0.43866173590942675,sample_1277,uniform,train,33.699151141409956
4.2134684710297274e-17,2.7399949746345076,shallow,39.36915468106049,19.30576953338087,58.67492421444131,2.8137006670889213,1.623747111000343,1.623747111000343,nan,39.473704001891,1,1.7517470549910025e-16,9.082364552742173e-16,0.6709706950310946,0.32902930496890626,sample_1278,uniform,train,39.473704001891
3.317152096497613e-17,2.9388432770346484,shallow,27.020077335502908,17.98903864010857,45.00911597561138,2.979044474793349,1.0766078795675287,0.719532434574857,10.129165809680481,48.33860228123476,2,-9.554130950057599e-17,2.2101296781815497e-15,0.6003245509230618,0.3996754490769404,sample_1279,uniform,train,123.04349788401618
4.469044114715021e-17,3.9190620711800737,medium,46.118927788551815,22.33864119166898,68.45756898022076,3.3617759439772414,1.2719584396811956,1.0907841101858007,18.68047108613699,6.040273240024195,2,1.3674440870013637e-16,5.708623757600381e-16,0.6736863209658646,0.326313679034136,sample_1280,uniform,train,98.85660766566626
4.210840917589235e-17,5.887395730207302,medium,56.029660391754824,17.89171704435545,73.9213774361101,3.929256564236011,0.9425858489827589,0.7471695444389693,4.358898943540674,11.76658751364863,3,2.455261920076652e-16,2.258853239686198e-15,0.7579628834727951,0.24203711652720722,sample_1281,uniform,train,200.9467075099707
4.035081779262555e-17,2.5255199248371625,shallow,9.90685194610126,2.639367109205369,12.546219055306613,1.7580005181029557,0.8236240900334708,0.8236240900334708,nan,22.75860328365812,1,-1.0373049979214084e-16,1.2034727807909399e-15,0.7896284850782201,0.21037151492178108,sample_1282,uniform,train,22.75860328365812
4.469569766694707e-17,3.1034686816906305,shallow,145.1659248052942,44.98777074329097,190.15369554858495,3.415957290986777,1.4974348008234413,1.0181532970543272,7.820485918406862,11.106264929907908,3,2.0577580766423443e-16,1.1583695360227787e-15,0.763413639616611,0.23658636038339018,sample_1283,uniform,train,109.54351935711124
4.569422266270822e-17,2.5001349750809245,shallow,12.805641604118055,10.845551740286512,23.65119334440452,3.571844224456673,1.0219581402390732,1.0219581402390732,nan,86.48257849787399,1,4.83162321794529e-16,2.0278737721770684e-15,0.5414374411322318,0.4585625588677702,sample_1287,uniform,train,86.48257849787399
3.666321119756013e-17,6.261009409102806,deep,19.955604788346523,12.829487458117258,32.785092246463755,3.1215051318440157,1.3741343299997615,1.3741343299997615,nan,56.73146334296498,1,1.669709615887535e-16,8.127276992450055e-16,0.6086792325709854,0.3913207674290154,sample_1289,uniform,train,56.73146334296498
4.1517358807225044e-17,5.271669578615729,medium,133.90738159024164,44.821069291947985,178.72845088218926,2.9449903662574655,1.4220221940949103,1.0314728901297754,6.931089380465383,4.422226496748096,3,1.834327317740647e-16,2.027527198098503e-15,0.749222526851688,0.25077747314831406,sample_1290,uniform,train,117.85669191921959
3.6916928362389153e-17,7.170399752369026,deep,40.20894811880985,16.292688166353685,56.50163628516346,2.2937071696407063,1.099675179272075,0.7456568917851355,13.685028315644804,42.2006937172546,2,-2.664082865231387e-16,1.383317476668099e-15,0.711642188836364,0.28835781116363735,sample_1291,uniform,train,92.7485248081272
4.170358472873788e-17,3.2494201149309148,shallow,26.200694423105404,8.864980173980342,35.065674597085675,2.699310150838421,1.0660773570837954,1.0660773570837954,nan,45.85952071498799,1,-1.0800443717304432e-16,2.0263198809788582e-15,0.7471892306125192,0.25281076938748287,sample_1293,uniform,train,45.85952071498799
4.036789879766275e-17,4.68043443414589,medium,14.179242696543971,5.488680119381187,19.667922815925145,3.055156482720107,0.8296741902504952,0.8296741902504952,nan,66.29385015256693,1,2.2027349585359093e-16,6.773809527417145e-16,0.720932394805974,0.2790676051940266,sample_1294,uniform,train,66.29385015256693
3.619603046554112e-17,1.8742036244499232,shallow,34.416631224530576,17.92786978464168,52.344501009172156,2.0647376418763095,1.3122713930845218,1.1047584740927865,13.733171520082317,28.2104873396661,2,-3.496599772823806e-16,1.9004094238854845e-15,0.6575023271021317,0.34249767289787014,sample_1296,uniform,train,65.08134462370063
4.227160869536284e-17,4.526892451179082,medium,52.227145044063015,34.97271403757583,87.1998590816387,3.584603859266501,1.2541217778394835,1.079587659746865,17.922053453775884,5.743602762834379,3,3.542084608985883e-16,1.5482034170264623e-15,0.5989361174903579,0.40106388250964364,sample_1297,uniform,train,180.20794427633692
3.565042181534915e-17,6.7476453995006604,deep,18.228107406266393,15.721937374725165,33.95004478099152,2.6557054276015752,1.5126041086105082,1.5126041086105082,nan,43.012247552686944,1,4.3063938252855947e-16,1.1510986426941666e-15,0.5369096719563748,0.4630903280436263,sample_1298,uniform,train,43.012247552686944
4.4464204415250895e-17,4.447165642576188,medium,72.85776936633178,16.37212637155786,89.22989573788954,3.920012739485744,1.1684916230804117,0.9983720367448248,8.022468448052633,13.617072142590397,2,3.441827921322272e-16,1.1944585330133648e-15,0.8165174772852986,0.1834825227147026,sample_1300,uniform,train,110.45246170155929
3.680885383418849e-17,6.142244261624318,deep,13.687781032907669,13.462952570168762,27.150733603076393,3.0468929862716596,1.1564357588529468,1.1564357588529468,nan,73.92564917291702,1,-1.1179040422841815e-16,1.3739405414510965e-15,0.5041403754687769,0.49585962453122456,sample_1301,uniform,train,73.92564917291702
4.368325967727315e-17,2.128771917881327,shallow,46.42545519300153,24.953988325317827,71.37944351831926,2.749587472533004,1.4268642854561524,0.8166428936359769,15.193419628246959,3.7741570143184364,3,-9.50336004190954e-18,1.343850058217324e-15,0.6504037143563135,0.3495962856436879,sample_1302,uniform,train,72.10083782666055
3.457620271120472e-17,7.010908420933539,deep,90.9106482073732,33.4865699675678,124.39721817494073,4.08229344849578,1.0469958028401356,0.6306356865974558,10.930690737551766,10.4458104559462,2,2.9340850646130906e-16,2.170516700856817e-15,0.730809334333545,0.2691906656664572,sample_1303,uniform,train,152.54635777554046
4.1740185686768985e-17,4.982157478339583,medium,95.37078780640428,28.75933412893872,124.1301219353428,3.166722309035906,1.579347425336146,1.5200107676475683,12.485191228010889,15.23579617666275,2,-1.5230629482485762e-16,1.6027694399306127e-15,0.7683130115354374,0.23168698846456423,sample_1304,uniform,train,75.59726929362034
3.791238874626041e-17,8.335837509527469,deep,78.94780030829966,26.586040825989002,105.53384113428845,3.364754287700684,1.136546585970932,0.7063332803883056,6.14817045957576,15.343536172525168,3,-1.7764156036021663e-17,2.019852764164882e-15,0.7480804210266648,0.2519195789733372,sample_1305,uniform,train,143.7132353101094
4.099949998277516e-17,1.7606425300883646,shallow,13.106841697718902,4.66557842997207,17.772420127690953,2.7354094170775527,0.8032045760597698,0.7339473383914266,22.822795621921518,12.153101620799463,2,4.9974806243003653e-17,1.0994521338688071e-15,0.7374820988671835,0.26251790113281753,sample_1306,uniform,train,43.63902969729504
4.164979161608345e-17,2.9720020999585746,shallow,22.52083783110113,6.169747963610462,28.690585794711527,2.541136760700585,0.9675943128383049,0.9675943128383049,nan,32.42900849949004,1,8.740418401942981e-17,2.228913925842412e-15,0.7849556642810809,0.21504433571892134,sample_1307,uniform,train,32.42900849949004
4.668105629532187e-17,6.399496127097344,deep,19.789912598635702,5.9660673004816935,25.755979899117367,3.2031033702363194,0.8525731794080496,0.648233865536786,11.034491379306976,7.853635839809403,2,-3.396025055727092e-16,1.103499441361887e-15,0.7683618591158274,0.23163814088417367,sample_1308,uniform,train,98.75520001804773
3.97136727376473e-17,5.277466738017278,medium,230.11793942974407,55.84050437615129,285.95844380589494,3.532163392653191,1.4897436903913555,1.221121777517347,4.634652090502587,20.567988086405254,3,-9.575516952805913e-17,1.4411701968157183e-15,0.8047251074913013,0.1952748925087001,sample_1310,uniform,train,185.26806669217433
5.291158467144096e-17,2.8033846994191145,shallow,13.470861999886324,8.547947240896415,22.018809240782733,2.533272173867862,1.0993944259060173,1.0161013103159338,3.4058772731852778,9.210249891563764,2,1.1155876333031037e-15,2.420235563115906e-16,0.6117888507311241,0.3882111492688761,sample_1311,uniform,train,40.39314260623221
3.7894354399057315e-17,4.08892901065459,medium,18.773763553770554,12.827973781895789,31.60173733566631,2.346650782950896,1.3335767602710866,1.3335767602710866,nan,46.69562115269168,1,2.523171853577904e-16,1.0117932052146252e-15,0.5940737800064597,0.4059262199935412,sample_1312,uniform,train,46.69562115269168
4.086452851757088e-17,4.706093757054581,medium,32.0781474313968,17.6759717146204,49.75411914601715,3.872354775561824,1.1737072175172518,0.6096890196129442,8.02745289615579,10.27690032415495,3,7.206290291387411e-16,9.28270435033994e-16,0.644733501104796,0.35526649889520495,sample_1313,uniform,train,125.16361669609125
4.450055249661923e-17,5.5876475364200475,medium,63.379932627016345,30.981638748164233,94.36157137518039,3.5635856873295237,1.562915560630659,1.5299530705379245,21.384106247397856,9.16955948057224,2,3.7581624879057935e-16,1.9954502901162245e-15,0.6716710171667082,0.3283289828332938,sample_1314,uniform,train,98.44095928809844
5.102284041988236e-17,4.45459878973509,medium,30.101433473129617,15.967296881740792,46.068730354870205,1.9530724775960138,1.4591586946535144,1.2662474675899569,8.126499861564017,7.183663764407222,2,-1.033192975976675e-16,4.434266691472495e-15,0.6534027146234868,0.3465972853765177,sample_1315,uniform,train,38.390065095271225
4.1104262581724025e-17,6.300779695868038,deep,29.434884934411617,8.115563171769992,37.55044810618151,3.6334562510764865,0.8568478469049483,0.6974842423433807,11.954915307102763,13.770159837045691,2,7.216076113039298e-17,2.5545173004692516e-15,0.7838757303555608,0.21612426964444179,sample_1316,uniform,train,88.3883919400546
3.957543932848661e-17,7.415979133425581,deep,42.471262296637015,25.71334376025991,68.18460605689671,4.4870086037878885,1.1600954488517374,1.094959915408354,13.25745073534124,43.24266463115021,2,-1.0026965069997173e-16,3.12626020820823e-15,0.6228863779193331,0.37711362208067,sample_1317,uniform,train,189.8319901771301
4.075371907286279e-17,7.913410273754684,deep,102.17564434918488,35.1202028003538,137.29584714953842,2.8264529033268286,1.212780511876821,0.6309428107850247,5.912698199637795,34.76978744730162,3,2.0026230135913134e-16,1.9148489753291196e-15,0.7442005455408881,0.2557994544591138,sample_1318,uniform,train,135.88509153440523
4.3074848776677925e-17,2.1753977743131934,shallow,105.19086466967165,30.430037641039448,135.62090231071093,3.7879053563805245,1.4803156424658155,1.4803156424658155,nan,121.34674846307014,1,3.2852433998644877e-16,1.2574039375710308e-15,0.7756242797196313,0.2243757202803699,sample_1320,uniform,train,121.34674846307014
4.563659728773379e-17,6.008744438885827,deep,99.5052849703624,7.561590883752364,107.06687585411457,2.527072239083331,1.0857084733842086,1.0718261924529617,12.240914998479484,2.5967249131201537,2,9.839987967197818e-17,1.7752472956697598e-15,0.9293750674666614,0.07062493253334032,sample_1321,uniform,train,31.446594703272027
3.2378287074034527e-17,3.760307907165581,medium,32.610063258348134,17.93247659064175,50.54253984898983,2.311174799476274,1.5594852769060585,1.5594852769060585,nan,51.71148261232566,1,2.5914090270280164e-16,9.840817586890839e-16,0.6452003274030143,0.35479967259698675,sample_1322,uniform,train,51.71148261232566
4.323907528646065e-17,3.988644285595638,medium,60.67515026979158,8.78286134818581,69.45801161797733,2.558719817291905,1.2407126564364357,1.2407126564364357,nan,31.163832532658187,1,2.364715612174062e-16,7.92810803803015e-16,0.8735515004879214,0.12644849951207937,sample_1323,uniform,train,31.163832532658187
4.093411554701681e-17,3.5710635305922795,medium,12.85304360229072,4.717997734193509,17.57104133648421,2.260738438745741,1.0148699888558503,1.0148699888558503,nan,29.866506787326045,1,1.7569338879180978e-17,1.0615049191748506e-15,0.7314901465516946,0.2685098534483064,sample_1324,uniform,train,29.866506787326045
3.840336546820258e-17,2.2536714244980725,shallow,24.45532218175905,16.603013871896643,41.05833605365561,3.6005765675298584,1.1446870041162394,0.8732683816370737,8.774964387392123,4.5636250535422525,3,1.495119482318725e-16,2.0766825080243476e-15,0.5956238009694425,0.40437619903055966,sample_1325,uniform,train,89.8145619442446
3.9224215450895136e-17,2.1080409356518133,shallow,38.732561746672175,23.33311948289421,62.06568122956627,3.239127432543882,1.2000694651998476,0.9133413263861347,15.317963311093287,11.526456879080657,2,-5.74343835328613e-16,1.8317181970679626e-15,0.6240576270066156,0.3759423729933862,sample_1326,uniform,train,84.89121484110865
4.639973453208633e-17,5.238636846749246,medium,119.81145318184915,31.503770874860237,151.31522405670904,3.9805835894940635,1.0077772020070446,0.6313056459115814,8.641759080187322,66.99371614238244,3,9.886047472895694e-17,2.253973552833173e-15,0.7918003884192572,0.2081996115807451,sample_1329,uniform,train,259.3399315849557
4.2374600140750137e-17,4.108593426446399,medium,124.93824197204556,48.41107362712032,173.3493155991654,3.3548463614781414,1.573991871607663,1.375004388344923,6.3023805026354935,29.529086033844294,3,1.9880579631742716e-16,2.705278667993333e-15,0.720731094554417,0.2792689054455857,sample_1330,uniform,train,135.17902926872728
4.571380581799967e-17,4.9735327157721105,medium,73.99145210662022,15.02012184233252,89.01157394895269,2.9029544415118202,1.3292959138752385,1.1728984623549925,9.370165420097983,9.878451306322306,2,5.02760872951003e-16,5.388247003846074e-16,0.8312565301794757,0.1687434698205249,sample_1331,uniform,train,60.22387058746252
4.438847612189319e-17,8.11652656686572,deep,119.48833359169983,15.885128341636129,135.37346193333565,3.6022665634226456,1.1268026703927003,0.9392712539357557,8.973293709669822,5.840847975925894,3,8.328653996790017e-17,2.283210354831971e-15,0.8826569985374355,0.11734300146256675,sample_1332,uniform,train,116.50931015388338
4.0783577796209095e-17,2.2528334109986528,shallow,31.7555565110134,22.686565869405715,54.44212238041901,3.9398479705826652,0.9790317604798963,0.9662200367289131,14.092551223962255,96.85930502855048,2,2.2846130796554984e-16,1.9577012376422115e-15,0.5832902010894931,0.4167097989105088,sample_1333,uniform,train,199.4785447492843
3.8074500898298906e-17,2.578492302354146,shallow,86.9325671088243,32.69844074931686,119.63100785814093,4.111284444559526,1.1148098347165618,0.698053288312253,12.083045973594574,15.98208087592407,3,2.2107697366585436e-16,1.9006249258791914e-15,0.7266725296831854,0.27332747031681653,sample_1334,uniform,train,285.5278512068316
4.2204890110351276e-17,1.8568799244465741,shallow,37.16399619561526,10.86522641450111,48.02922261011629,3.7981509056724,1.080471323008748,1.080471323008748,nan,89.17665761101273,1,6.614021366712636e-18,1.6643212908504271e-15,0.7737788407965506,0.2262211592034511,sample_1335,uniform,train,89.17665761101273
4.32416801334121e-17,4.580032938052009,medium,59.88600154284297,33.580122065877845,93.46612360872068,3.0715445783789472,1.1967027589020782,0.8708824601423508,8.749857141690944,7.2863937586745395,3,2.2104963546937781e-16,1.4444069635281507e-15,0.6407241386573929,0.3592758613426086,sample_1337,uniform,train,130.27268090332262
4.1389559910782924e-17,7.566844831770513,deep,25.68611515226538,13.078160351361491,38.764275503626735,2.663212107397464,1.1901288764796487,0.6444919536028424,9.037698822156003,15.487046135020025,2,-3.840097575948305e-16,3.528493048219678e-15,0.6626233772861877,0.33737662271381585,sample_1338,uniform,train,64.56157506223883
4.069510070591865e-17,7.1951899902802925,deep,4.117165262501048,2.1244208167254848,6.2415860792265265,2.480105690159893,0.7036023370928605,0.7036023370928605,nan,28.247354128153834,1,1.6858600550062033e-18,1.06725086591715e-15,0.6596344599338215,0.34036554006617953,sample_1339,uniform,train,28.247354128153834
3.906358287686122e-17,2.1386041075346736,shallow,74.84769094533569,38.074662935927684,112.92235388126316,3.0919091373096443,1.1110329440947175,0.6815021026488111,5.949789912257408,52.459550463619,3,1.0655653018964815e-16,1.824770617048034e-15,0.6628243954605955,0.3371756045394063,sample_1340,uniform,train,188.1961194033459
4.0968985293938437e-17,8.3631352512431,deep,43.106088175954824,12.52308077992709,55.629168955881795,2.7054921307105,1.0441575685342122,0.9381381603661585,6.359245238233859,31.497088087465638,2,2.422091178359726e-16,2.139451486938544e-15,0.774882835480452,0.22511716451955008,sample_1341,uniform,train,69.89169690930798
3.955098093521898e-17,2.510159207731694,shallow,84.92105206508984,28.69956679950302,113.62061886459266,3.5640378431988204,1.3626311776255682,1.178537668468143,14.384714109081212,13.461793566186719,2,-1.7177870419786872e-16,1.7822881244201237e-15,0.7474088146474055,0.2525911853525963,sample_1342,uniform,train,102.48882528739675
4.077514384594265e-17,1.3209679518322406,shallow,11.216666089654034,11.487391348099292,22.70405743775328,3.112737097358128,1.1082323434175478,1.1082323434175478,nan,81.13518186751746,1,4.234015470758607e-16,1.955990514328122e-15,0.4940379542470008,0.5059620457530012,sample_1343,uniform,train,81.13518186751746
4.008012650556891e-17,2.659160660187382,shallow,146.05700280440408,35.587360449612,181.6443632540156,3.079406337874944,1.3110736833184833,1.0720586853741798,7.413501197140256,17.59098428967065,3,-3.2602178727507376e-16,2.6990900179426885e-15,0.8040822197171881,0.19591778028281467,sample_1345,uniform,train,102.26758433907634
4.380509906327992e-17,7.194901902961597,deep,66.58305977400452,26.992178042754034,93.57523781675829,3.3108795438878875,1.4539873015854485,1.1359759362844501,8.867919710958144,26.245392752885667,2,-1.2712909327921264e-16,2.885445400818238e-15,0.7115457179429175,0.28845428205708534,sample_1346,uniform,train,90.16242128145761
3.973906115884891e-17,6.732458622122629,deep,116.69850105266899,27.789659702040254,144.4881607547092,3.4045549134150135,1.2063449283226642,1.0410586948930036,10.297572529484802,18.061943480360377,3,5.842654707803234e-16,1.9670614728534205e-16,0.8076682576836351,0.192331742316365,sample_1347,uniform,train,135.1591719462147
3.894705382569788e-17,4.9801144466966125,medium,182.80115551557043,44.938151983287405,227.73930749885744,3.6258771438735273,1.2614412873000045,0.6761212726142515,9.314504817756015,19.60662959069413,3,2.8761481298936476e-16,1.7159905725541725e-15,0.8026772256541068,0.19732277434589485,sample_1348,uniform,train,171.16253216738025
3.993138974293319e-17,4.77921892847489,medium,149.26315916405198,44.461290179372234,193.7244493434239,3.3384139555568706,1.478824430077867,1.3897208268678325,6.308724118235,27.660588509587456,3,7.315891813291054e-17,1.5771544449467529e-15,0.77049210706206,0.22950789293794163,sample_1349,uniform,train,161.90342392806934
5.102451624262103e-17,7.276467029732406,deep,70.05298068843727,30.715105819801945,100.7680865082391,4.415898236558191,1.0791800735878314,1.0431733282067408,16.25423021862309,119.38596956602845,2,5.4512664870044835e-16,1.2339718165418445e-15,0.6951901451726935,0.3048098548273077,sample_1350,uniform,train,266.75742624557745
3.8425323892249587e-17,3.319785961668787,shallow,54.260188785710966,18.332878432881948,72.59306721859284,2.0674700137143276,1.2643523964214103,0.9774505210198065,5.885575587824864,22.410894217983266,2,-2.459119698767438e-16,1.076682718175496e-15,0.7474568972588284,0.2525431027411727,sample_1351,uniform,train,59.42832451400626
3.800922728324256e-17,8.064038940756362,deep,132.61789088359046,27.286810653479847,159.9047015370702,3.6004970332804804,1.0804914971437956,0.7822439319413286,4.386342439892265,7.95570811641037,3,6.935835810465479e-16,7.109661981718554e-16,0.8293557951005341,0.17064420489946652,sample_1354,uniform,train,154.67206256090412
4.587043408033958e-17,6.48062795302692,deep,147.05532409548903,55.95844459342406,203.01376868891273,3.593985188296412,1.7406883896373981,1.6922799110386415,6.919537556802478,61.34311858638214,2,5.576066322465559e-16,1.7499865658099703e-15,0.7243613329538678,0.27563866704613393,sample_1355,uniform,train,138.4889184451419
4.328976213174008e-17,6.872629456399782,deep,107.91283557983758,34.20577276706176,142.11860834689907,3.5833547031160657,1.3756700003689037,1.2292687036837138,13.760813929415658,8.444646277985507,2,3.5126964502581493e-16,1.899865490729944e-15,0.7593153129985047,0.24068468700149714,sample_1357,uniform,train,126.53158653867658
3.817230190167414e-17,6.639719348217419,deep,57.8819359114226,20.729738971178467,78.61167488260095,2.323580171558442,1.7487274764547593,1.7487274764547593,nan,52.548653779597636,1,5.504933804586912e-16,1.4913758239536637e-15,0.7363020314458859,0.26369796855411565,sample_1358,uniform,train,52.548653779597636
3.3929315048274476e-17,6.857716066940033,deep,25.331684182196913,12.34294581086993,37.674629993066816,2.071919894529816,1.4958416048673886,1.4958416048673886,nan,37.256966461010336,1,6.654586320477058e-16,7.072492177337175e-16,0.6723804370967584,0.32761956290324223,sample_1359,uniform,train,37.256966461010336
4.959591841633576e-17,1.3530874569354832,shallow,67.55981991982121,28.8438887258712,96.40370864569215,3.313414005292981,1.7943989582061186,1.7943989582061186,nan,64.13601921322523,1,2.4676629075074447e-16,2.690229475565157e-15,0.7008010466497769,0.2991989533502257,sample_1361,uniform,train,64.13601921322523
3.953921131925412e-17,1.6204231367575312,shallow,11.872776717705968,5.106127443737319,16.978904161443268,2.7373104904144125,0.7611876145430205,0.7142562068022363,8.414273587185054,11.226096695017413,2,4.98568955219123e-16,1.0985247714665917e-15,0.6992663722472381,0.300733627752763,sample_1362,uniform,train,51.96216142768935
3.602255228277534e-17,3.9038720507467035,medium,19.7817923958146,12.692076418863264,32.47386881467781,2.628005445359711,1.1168680771433714,0.7939489119769967,3.2062439083762797,19.807800729952152,2,6.480187333555834e-16,1.6957345715616766e-15,0.6091603223719824,0.3908396776280193,sample_1363,uniform,train,49.75615147651859
3.7142098551427424e-17,2.070215438504076,shallow,104.02288764777613,32.20296388362115,136.22585153139713,3.9829541799564154,1.1285836956509676,0.8625154961478583,3.6986484017813854,28.867406333795287,3,-3.1035224991314493e-16,1.147501741482554e-15,0.7636060738721174,0.23639392612788376,sample_1364,uniform,train,256.27224180957757
4.02310327369027e-17,3.8610920455138267,medium,24.16456790824866,18.196158577984075,42.360726486232636,3.6093494661565018,0.9645127112365754,0.804841583345802,10.442221985765292,14.186205244800052,3,-9.093304306631734e-17,2.348306822328555e-15,0.5704474382917445,0.4295525617082578,sample_1365,uniform,train,161.2711974979572
4.5311998831889235e-17,2.0462312387522354,shallow,56.96849674817341,15.227129931717677,72.19562667989098,2.4071688111124185,1.160040529703142,0.8560748262557827,3.9698866482558426,8.334311339318823,3,-5.104779910130375e-17,1.4762862415003e-15,0.7890851477855672,0.21091485221443432,sample_1367,uniform,train,55.13518361011746
3.996076100082081e-17,2.853991819345894,shallow,49.18098075704016,14.048579744591029,63.22956050163111,2.4001652374118976,1.6789842927162129,1.6789842927162129,nan,26.12972874667324,1,5.294642664677191e-16,1.208032184443862e-15,0.7778162676897217,0.2221837323102795,sample_1368,uniform,train,26.12972874667324
4.913045765426962e-17,2.784302132805176,shallow,143.93888046318787,44.43543695995074,188.3743174231384,3.811666160027375,1.4586556038781995,1.1310760580570376,9.777525249264253,91.18294204088046,2,6.539043557796583e-17,1.169311459750909e-15,0.7641109596690041,0.2358890403309971,sample_1369,uniform,train,197.69194567268693
3.821219302320256e-17,3.469680857917223,shallow,31.428747481910573,19.75231135550075,51.181058837411165,3.178433674104532,1.4570960253957352,1.4570960253957352,nan,72.0606981244496,1,1.742277598264582e-16,3.1236578370505078e-15,0.6140698960869778,0.3859301039130253,sample_1370,uniform,train,72.0606981244496
4.054116394465005e-17,5.594369566640275,medium,100.97797712682241,26.987019174262084,127.9649963010844,2.3245990754995027,1.3607776822424622,0.8966912192164082,3.6110940170535586,13.882210093897008,3,-9.263132153285744e-18,7.496055335469943e-16,0.7891062403443113,0.21089375965568946,sample_1371,uniform,train,73.68589333411575
4.633612501319571e-17,7.725467805825116,deep,84.32129358726907,30.881811568552433,115.20310515582136,3.5312736044800626,1.4724977258562426,1.2612056004061385,5.444263035526481,6.836928792591755,2,2.635850674892267e-16,1.2027091916126024e-15,0.7319359445495659,0.2680640554504354,sample_1373,uniform,train,99.95508426563627
4.227152298197132e-17,2.5307673201165404,shallow,39.67606600184991,19.68222206389727,59.35828806574702,2.7108852312885214,1.1658959157792614,0.7492567843710506,4.529900661162451,5.940469621535088,3,7.480293709802627e-16,2.7531931015902753e-15,0.668416615349545,0.3315833846504578,sample_1374,uniform,train,94.97478062365423
4.4467039951616777e-17,7.200616900961005,deep,34.18775147881457,19.568991826023204,53.756743304837705,1.9563843718666933,1.394542742054318,0.9057227432684279,4.409081537009721,4.547425609057763,3,4.952635031826195e-16,1.2556854405117e-15,0.635971403344628,0.3640285966553733,sample_1376,uniform,train,34.22060776854431
4.025458229942084e-17,7.081973582535166,deep,25.98376109815636,13.405226999548354,39.38898809770467,2.185033995575664,0.9674830402765643,0.8029971687555417,14.934523762075576,20.24038115096297,3,9.517921506747185e-18,1.1725428871095545e-15,0.6596706935883566,0.3403293064116446,sample_1377,uniform,train,90.15757163445059
3.412252665385872e-17,7.237539546942299,deep,114.27538589864992,26.62266651787136,140.89805241652098,4.074101599026363,1.147355576993198,0.8670658736557405,5.63560112144215,82.77327868505056,2,-4.122285415182444e-16,2.0676121256838754e-15,0.8110501453975426,0.1889498546024595,sample_1379,uniform,train,240.67095029939526
4.4726212033404563e-17,4.0933797204430995,medium,197.1794285050954,48.82681138172383,246.00623988681878,4.305028669203853,1.3202090623092044,0.9942926621182391,7.525955088890712,30.088277706276454,3,2.699641674990193e-16,1.7907533417605253e-15,0.8015220613745921,0.1984779386254097,sample_1380,uniform,train,238.127429121289
5.0300970573413664e-17,4.00088054717499,medium,62.006476088956205,30.82087833039317,92.82735441934916,2.3079119591855686,1.413353830733461,1.0859918186306274,7.3457470688827815,44.85661872537585,2,1.1410016833546855e-16,2.296336269210726e-15,0.6679763360360448,0.3320236639639575,sample_1381,uniform,train,96.34939669598455
4.0019670428511166e-17,7.308397683675074,deep,12.0044631564212,5.560448567076871,17.564911723498067,1.8215032503326196,1.431319385284644,1.431319385284644,nan,15.177580300348765,1,1.8059812736896587e-16,2.5282746468686597e-16,0.6834343004617447,0.31656569953825553,sample_1382,uniform,train,15.177580300348765
4.8030145502038907e-17,4.937478456280509,medium,146.16726512499628,55.5467570798184,201.7140222048143,4.090535262519002,1.1762078503421636,0.7852632542872913,8.657944328765344,61.46944457757909,3,-3.1990600847029914e-16,1.796487875640617e-15,0.7246261986515864,0.27537380134841544,sample_1383,uniform,train,280.8807605385415
5.0454356029186977e-17,4.403501729023134,medium,117.62779837659302,40.253444058193345,157.8812424347861,3.6324313776933854,1.0557051373504012,0.6015461001389913,9.570788891204321,8.601012107155013,3,-1.7347742981701833e-17,1.7551905639512681e-15,0.7450397308925408,0.25496026910746095,sample_1385,uniform,train,210.8679559886338
3.942773799096489e-17,7.084968670764483,deep,52.9919452697324,24.780132762468398,77.7720780322006,4.253751369413832,0.9515702559200554,0.9153883444164261,5.5533773507659285,133.27762511497255,2,8.070097746146056e-18,2.5581413155818515e-15,0.6813749434313908,0.3186250565686117,sample_1386,uniform,train,292.7261418496168
4.668404733770298e-17,3.0112550273115426,shallow,124.53635633819408,7.478310303191623,132.01466664138562,1.9490792330174802,1.175914198853793,1.175914198853793,nan,31.015378958060413,1,-1.1602462223308654e-16,6.727876851083817e-16,0.9433524282305226,0.05664757176947814,sample_1387,uniform,train,31.015378958060413
4.151650034622765e-17,5.82334774868348,medium,81.94608677948953,22.67351602154144,104.61960280103077,2.9834431988892587,1.192093298834746,1.1073476727668403,11.391224692718515,18.632932650271815,3,9.799314308032528e-17,2.0035452385331018e-15,0.7832766000396454,0.21672339996035667,sample_1388,uniform,train,91.94633038718058
3.190148926238824e-17,5.228783195471558,medium,21.10837362103013,16.447816604482362,37.55619022551241,2.160110406581967,1.6091112044502665,1.6091112044502665,nan,42.2198277227109,1,3.5782062748682775e-16,2.175737584716546e-15,0.5620477874427992,0.43795221255720307,sample_1390,uniform,train,42.2198277227109
4.217771781822593e-17,8.114002702749998,deep,37.7003996317595,21.628678329977596,59.32907796173704,2.1677631000989925,1.3050288253447495,0.8314367317522976,4.354308211415449,10.015895018679121,3,-4.442341108376564e-18,9.581038643052552e-16,0.6354455677884212,0.36455443221157974,sample_1391,uniform,train,56.262595698458284
3.613021424847298e-17,3.629163521897094,medium,36.82458113200524,8.746816794022658,45.57139792602777,2.3529059735701967,1.0821778604268726,0.720501709981248,9.271461589199406,16.768188991218526,2,-1.0338195340754575e-16,2.8455139666048275e-15,0.8080634522508943,0.1919365477491086,sample_1392,uniform,train,53.57470145759203
4.639949854410334e-17,1.4140677369503114,shallow,65.03739425201253,32.607134379449434,97.64452863146172,3.841021932081602,1.3224912129237993,1.0417859172171344,13.98427688513067,5.21279197928776,2,-2.2320134561807842e-17,2.4741225498690554e-15,0.6660628625438112,0.33393713745619125,sample_1394,uniform,train,103.52837958384356
3.304713136405464e-17,4.325452016197819,medium,13.22059012870857,11.22896233456499,24.449552463273495,2.4149233587035264,1.3790271473150923,1.3790271473150923,nan,45.09172655536637,1,5.466651171030325e-17,2.688196569509292e-15,0.5407293302635158,0.45927066973648684,sample_1395,uniform,train,45.09172655536637
4.227162293241325e-17,1.8924719921690176,shallow,49.89345243133653,23.377865063698643,73.27131749503506,2.8876868597491563,1.302184666600318,1.1136782524231903,8.733842224359222,5.327434323754475,3,-3.2492304315391585e-16,1.4546129919287596e-15,0.6809411122533364,0.31905888774666497,sample_1396,uniform,train,74.72053018830425
4.1637491042778707e-17,4.5357137850063465,medium,90.22650180742603,29.179754386033817,119.40625619345968,3.6477990478786397,1.137039720284273,0.7767642178624978,2.8284271247461903,4.161567954657867,3,5.541594632686852e-16,1.3983986118205548e-15,0.7556262517873671,0.24437374821263427,sample_1397,uniform,train,185.01527976202064
4.929501417021641e-17,3.0296036107822113,shallow,61.25765275324192,21.581807687028277,82.83946044026999,2.8617843000584164,1.1356822949074208,1.1213969121311134,5.67097875150313,50.85790033428075,2,-2.719166188070099e-16,2.5303171451770312e-15,0.7394743088339009,0.2605256911661017,sample_1398,uniform,train,123.53612924099124
4.21994552596495e-17,7.722867484975663,deep,47.033115512184764,15.346059022842717,62.37917453502728,2.2910550286113707,1.7170586653111708,1.7170586653111708,nan,26.51426539817226,1,-2.8671093011820564e-16,3.189397222643787e-15,0.7539874623665408,0.24601253763346237,sample_1399,uniform,train,26.51426539817226
3.770594454707031e-17,2.250121593625635,shallow,155.16257837247593,54.06240968465536,209.224988057131,3.9783987580135713,1.2418556702155077,0.6809735572864759,9.545679651025381,5.77867835026744,3,4.5920509092677187e-17,1.4603101628253606e-15,0.7416063435506434,0.25839365644935813,sample_1400,uniform,train,215.09293669638427
4.277654710712916e-17,8.121051506346538,deep,88.99570810150314,13.542904048204102,102.53861214970703,1.6449668863952012,1.2359094705404983,0.7007357415293942,10.886689120205462,7.245304217397167,3,-1.3180613916245508e-16,2.026882808852442e-15,0.8679238604436037,0.13207613955639827,sample_1401,uniform,train,35.34680208272891
4.0377731070849927e-17,1.3461466743898944,shallow,28.851415127247588,6.197026123417286,35.04844125066484,3.8736331199142806,0.7948249891018729,0.7948249891018729,nan,82.86319378865532,1,1.751102573439804e-17,1.0643410176393407e-15,0.8231868265097325,0.17681317349026854,sample_1402,uniform,train,82.86319378865532
4.158172500045628e-17,3.9024562763257085,medium,72.77675696910858,26.385111386522972,99.16186835563138,3.5166180472268795,1.529384062466311,1.4058388270591649,7.618398781896364,15.207655518664552,2,6.255207222727504e-16,1.648061214808103e-15,0.733918775189915,0.26608122481008667,sample_1403,uniform,train,88.88951667895374
4.1678435925992755e-17,6.924058493739883,deep,24.88429811738935,5.97802490954982,30.862323026939134,2.5829385162780785,0.9573678616602969,0.6095019751452144,18.234034112066368,9.790437294809193,2,2.3535856687546173e-16,1.1511491457397438e-15,0.8063002287827886,0.19369977121721252,sample_1405,uniform,train,34.15532311910038
4.5902081252184805e-17,2.12491963490893,shallow,115.3496803544634,2.9968948916053435,118.34657524606874,1.5022880634100457,1.0415989633952782,1.0415989633952782,nan,14.201959141968437,1,1.0438857795556854e-16,6.003914640391786e-17,0.9746769614129168,0.025323038587083194,sample_1406,uniform,train,14.201959141968437
4.5585972753024463e-17,4.205544002996624,medium,63.947117754800544,27.95375571000148,91.90087346480193,3.257167625584372,1.5372978606737648,1.4493183580420372,13.477388471065158,21.887276213642263,2,2.972778476678659e-16,1.005110747768801e-15,0.6958270943887417,0.30417290561125926,sample_1407,uniform,train,86.09969214681894
4.384834842154123e-17,2.4451161089501476,shallow,58.314825266912344,7.6485519950921494,65.96337726200431,2.4034613051263785,1.0782366103209096,1.0782366103209096,nan,42.034256169495244,1,1.6611393364785583e-16,2.706408764527541e-15,0.8840485082394708,0.11595149176053188,sample_1409,uniform,train,42.034256169495244
4.871624165311271e-17,5.454698548011092,medium,43.36425072307534,30.09374169843688,73.45799242151202,3.734236414803667,1.2160288050773058,0.8049860215148759,11.860860002546193,16.15921370343534,3,3.0231524869034157e-16,2.708377393044101e-15,0.5903271964505282,0.4096728035494745,sample_1410,uniform,train,174.16936536886323
3.4285017431888975e-17,7.8938902153133625,deep,9.68621669452371,7.860225081281571,17.546441775805224,3.8521631922680064,0.7818711435381503,0.7818711435381503,nan,126.5545269944583,1,-4.3644176410390457e-16,3.1889793472694007e-15,0.5520331026818227,0.44796689731818046,sample_1411,uniform,train,126.5545269944583
4.2167523872444684e-17,1.6177945677775498,shallow,19.80951024275004,6.519296239685706,26.328806482435716,2.2175176051908574,0.9749847246867853,0.6657071504425592,12.569805089976537,8.705056879794492,2,4.624913362118424e-16,1.1132250855980552e-15,0.7523892226548597,0.2476107773451414,sample_1412,uniform,train,54.381243493681666
4.011474165866173e-17,6.977234705803697,deep,34.14970128531133,14.099143933284413,48.24884521859566,2.30467700329425,1.215161578285277,1.1227848124314563,14.064138793399332,13.30576082504087,2,-2.7037558725275968e-16,1.6935620788892707e-15,0.7077827693200343,0.29221723067996747,sample_1413,uniform,train,64.5823128434967
3.5567078490665207e-17,1.4657397234619947,shallow,13.672051056373508,3.4173630921030007,17.089414148476482,3.4797941250182673,0.6555766475313294,0.6555766475313294,nan,80.30326390673632,1,-3.5362760307330503e-16,1.5591729686871206e-15,0.8000304128384863,0.1999695871615153,sample_1414,uniform,train,80.30326390673632
4.224582315574885e-17,4.4268044936991515,medium,90.87500917076117,11.486231638477227,102.36124080923824,3.36622309865815,0.8686176360894912,0.6187545939687787,9.852918349402882,2.3538168868333345,3,1.4916398756595793e-16,1.579196101058144e-15,0.887787295780412,0.11221270421958952,sample_1416,uniform,train,104.57466737540345
3.9408624967054867e-17,3.293163233993166,shallow,45.87854023470616,11.007462824209782,56.886003058915854,2.7484861631939257,1.3588890292719502,1.3588890292719502,nan,36.17813883426555,1,2.655084455490801e-16,1.498877117502954e-15,0.8064996267568763,0.19350037324312525,sample_1417,uniform,train,36.17813883426555
4.466454779194357e-17,5.088931098586775,medium,80.46675878618694,28.487598102354195,108.95435688854091,3.3071163902045733,1.1948437362090885,0.8210496359138035,25.010397837699422,55.91589761654581,2,-4.150989663512876e-16,2.0542635297585933e-15,0.7385364026195257,0.26146359738047636,sample_1418,uniform,train,127.47667939597537
4.050143566765738e-17,7.877682435704151,deep,89.80603194119216,38.054338913586484,127.8603708547784,3.0030903074733737,1.5934703422240848,1.4092352267428674,3.3286633954186486,3.8797848311667082,3,1.729875238818187e-16,1.9450120146960378e-15,0.7023758130906119,0.29762418690938997,sample_1419,uniform,train,112.09672640496653
4.272833641073095e-17,4.655199890478988,medium,20.198674150229625,14.623688264546011,34.82236241477552,2.5654431007018856,1.6416424052650718,1.6416424052650718,nan,35.406805890551176,1,1.0215203631622361e-16,3.3667891340614636e-15,0.5800489326266705,0.419951067373333,sample_1420,uniform,train,35.406805890551176
4.270950747809452e-17,2.1431695832304003,shallow,23.5410342513183,11.310644423086906,34.851678674405164,3.5591035203216506,0.9012421108317439,0.9012421108317439,nan,118.60355600506858,1,2.8627021810499205e-16,1.2232571218130471e-15,0.6754634251981291,0.3245365748018722,sample_1421,uniform,train,118.60355600506858
4.5888307165118846e-17,3.2529053772354057,shallow,57.0562828298683,29.679232954717406,86.73551578458549,3.322176271694759,1.7398975825207266,1.70191305742367,18.38477631085024,11.941420550550959,2,-3.626024824830079e-16,2.539539265929826e-15,0.6578191449460229,0.3421808550539796,sample_1422,uniform,train,59.4106025974996
4.4774900751638864e-17,6.024609954451604,deep,155.1961575610802,32.370986623929326,187.5671441850092,3.8773382039413313,1.0561235689929742,0.7020581423083065,15.781001235663094,12.02943936989037,3,3.5715530239182555e-16,1.8183382523990386e-15,0.8274165405429458,0.17258345945705608,sample_1423,uniform,train,194.59174371796797
3.882989952550672e-17,7.3471128318662675,deep,126.3464462863864,23.43295094580414,149.77939723219023,2.2559895161789543,1.207453820732185,0.6322583344489386,8.692525524840292,36.196987236304395,2,-7.267087095362483e-17,2.0161695685682836e-15,0.8435502386921899,0.15644976130781213,sample_1424,uniform,train,84.2919774403281
4.331992882201751e-17,4.999047800507534,medium,29.095399486791877,6.705012774615549,35.800412261407395,1.6800756258308882,0.8619038978494636,0.7784660408106541,11.581018953442744,8.069541809029822,3,1.4875426547009971e-16,8.435116905722779e-16,0.8127112971309697,0.18728870286903113,sample_1425,uniform,train,34.68231836712778
4.569180787338638e-17,3.263495530842755,shallow,56.487249803584334,30.11549385078718,86.6027436543714,2.878429642460428,1.0787887800124925,0.7221434249673245,4.77493455452533,2.154528246856518,3,2.247231957572971e-16,1.353762553624347e-15,0.6522570466014683,0.34774295339853306,sample_1426,uniform,train,114.52633270903817
5.048424733973821e-17,1.5946143084116993,shallow,137.10527656803646,34.72581468057406,171.83109124861028,3.361488571536348,1.3318377503148218,1.0509351551758757,8.248636250920516,51.80040222213369,2,-2.795909141092436e-16,1.405941895631114e-15,0.7979072679557654,0.202092732044236,sample_1427,uniform,train,158.9816753643899
5.0422372368928326e-17,7.579132397689306,deep,35.09177121644839,18.70642987364029,53.79820109008848,2.0129044722680667,1.2392771555774091,1.061192093956446,8.874683092933516,12.11519858483714,3,-2.571504302426852e-16,3.6981155871675044e-15,0.652285215962612,0.3477147840373917,sample_1428,uniform,train,58.32117176895436
3.08104746475771e-17,1.6141264909254265,shallow,20.242950444407747,6.023246670153255,26.266197114560992,2.194141608053994,1.1225659778639423,0.7127271525758686,16.201234520862908,2.535602128337376,2,2.9719629871907616e-16,3.7195954077742293e-16,0.7706844792231388,0.22931552077686165,sample_1430,uniform,train,46.782473592753874
4.249841352908259e-17,7.202487017206699,deep,19.384827349502874,8.537355034457153,27.922182383960013,3.3036540702865493,0.8792692942296587,0.8792692942296587,nan,82.56178220653366,1,2.375686909690796e-16,5.089449857388467e-16,0.6942447077717876,0.30575529222821296,sample_1431,uniform,train,82.56178220653366
3.7739555717949364e-17,5.715285086861407,medium,54.45868010923153,10.873820046853847,65.33250015608526,3.9000859033383484,0.7246983023361493,0.6324135561655397,10.184301645179215,42.491089960223526,2,1.8015559835396383e-16,1.7945058144158055e-15,0.8335618563368127,0.16643814366318918,sample_1433,uniform,train,161.72364484687293
3.998747645454477e-17,4.265299150522724,medium,65.34387538775539,21.12679007278925,86.47066546054458,3.404426240963487,1.135359097578035,0.8113962230254987,14.209855734665291,35.18358318801261,2,2.3393016428505754e-16,6.98458051848421e-16,0.7556767955899557,0.24432320441004501,sample_1434,uniform,train,131.867124509675
3.997812638850995e-17,5.250086722565621,medium,66.99228114577156,29.125210230497572,96.11749137626892,4.088349548765816,1.0454351585607642,0.771717927601487,8.002499609497024,2.5297874149678052,3,-1.029492673536507e-16,2.217731837107218e-15,0.6969832460932467,0.3030167539067555,sample_1435,uniform,train,146.42044064522872
3.936209798558108e-17,5.847379687306664,medium,53.78144449011032,21.58224816988593,75.36369265999606,2.3167635910448903,1.3033658715365042,1.1639379060033141,8.692525524840292,33.186274655725846,2,5.321472745694406e-18,2.4513277518272247e-15,0.7136253889886441,0.2863746110113583,sample_1436,uniform,train,85.27380513922309
4.364350584919679e-17,3.4692088626885234,shallow,49.83706516388491,6.591264358733736,56.4283295226186,3.2101459595230932,0.9351617931022662,0.9351617931022662,nan,62.28600185240865,1,-3.0105077609513384e-17,8.342167248675654e-16,0.8831922827683272,0.11680771723167366,sample_1437,uniform,train,62.28600185240865
4.326731437509326e-17,2.904149079371096,shallow,29.03858517623076,5.100390929649233,34.13897610587999,1.5779640516941695,1.352819175038786,1.352819175038786,nan,16.458108636711536,1,1.2343644885331614e-16,1.040662047913204e-16,0.8505991827689655,0.14940081723103457,sample_1439,uniform,train,16.458108636711536
4.229675879189483e-17,7.631468908073119,deep,99.61158443198292,35.869693029311556,135.4812774612942,3.2927554676409194,1.2089452973548795,0.6869379644648892,3.9899874686519996,18.809051211618918,3,-2.7637223265003434e-18,1.9404955220203433e-15,0.7352424356969992,0.26475756430300273,sample_1440,uniform,train,163.25909640186364
4.306130076918147e-17,6.27758681193975,deep,42.456906343986816,7.6209108994219985,50.07781724340878,3.2439728489618,0.957776303336199,0.957776303336199,nan,58.71546997540568,1,2.985385404398953e-16,6.739666743970759e-16,0.8478186287078032,0.15218137129219744,sample_1441,uniform,train,58.71546997540568
4.190813024043191e-17,3.1722249628719377,shallow,35.29419133597602,19.629597379523346,54.9237887154993,3.3664562215251386,1.3865612778317637,1.3865612778317637,nan,89.66681839638623,1,1.5109574861221577e-17,1.2936884952359223e-15,0.6426029988352957,0.3573970011647056,sample_1442,uniform,train,89.66681839638623
4.3971997580057475e-17,7.324103547216132,deep,106.37673696344416,12.925637587417839,119.30237455086201,2.7431022379625887,1.0051914834946991,0.7453120277569512,6.276941930590086,6.0735498550717315,2,-1.6299228416913357e-17,1.1911627717974306e-16,0.8916564935435775,0.10834350645642238,sample_1443,uniform,train,54.3712581561494
4.383841618029809e-17,5.496737248819379,medium,186.4312371973181,54.324044590480185,240.75528178779766,4.414248746085907,1.462936373527518,1.2436365598666015,9.47417542586161,27.316380957966135,3,3.572320878898792e-16,2.5971501136993103e-15,0.7743599052652937,0.22564009473470883,sample_1444,uniform,train,218.46885554318635
4.392968496323394e-17,7.931846717551053,deep,44.38555696889231,6.0773763294516305,50.46293329834394,2.1810107061733177,0.9318585256547758,0.9318585256547758,nan,43.4572261065235,1,1.2333695711368937e-16,1.7600610223133282e-17,0.8795675175376483,0.1204324824623517,sample_1445,uniform,train,43.4572261065235
4.1730693271106334e-17,2.02901491271033,shallow,114.96954675272801,33.053565931205284,148.02311268393302,3.6704852396517635,1.0396009028483801,0.729473845739527,5.238320341483518,9.316070629780388,3,-3.204309300568187e-16,1.824081622748807e-15,0.7766999671072802,0.22330003289272163,sample_1446,uniform,train,231.1333330434061
4.714861395051552e-17,6.0859481299202765,deep,61.6511593946273,18.22520726594921,79.87636666057635,3.0059748706186373,1.108626130747611,1.0734650344534995,11.3754120804479,29.770571419530484,2,1.5308805730973936e-16,1.95701693006994e-15,0.7718322949841401,0.22816770501586187,sample_1447,uniform,train,102.36750474415844
4.8070262300394913e-17,7.00871886929734,deep,57.86187194369562,23.70718593122376,81.56905787491921,4.024834555558008,0.9464786102788686,0.856338457513027,10.373041983911952,16.000138281149653,3,1.350599610464499e-16,2.047069651824012e-15,0.7093605522871552,0.29063944771284683,sample_1449,uniform,train,197.8599832190604
4.3790051251371406e-17,8.138005324271118,deep,57.21876926734948,7.572896128789261,64.7916653961387,2.560460362946187,0.9167196410636099,0.8851319529040065,19.186453554526434,21.467350522098187,2,1.4908119363924832e-16,6.717027923147008e-16,0.883119285752446,0.11688071424755464,sample_1450,uniform,train,47.82102544160317
4.2542329973010144e-17,4.367058888649373,medium,23.17283650953887,16.37379737567139,39.5466338852102,2.270780464931713,1.2562278559857771,0.7697488483733204,8.504116650187719,11.677537345638973,2,2.7652277882648805e-16,1.617049036437077e-15,0.585962299011374,0.41403770098862763,sample_1452,uniform,train,33.840498808632184
4.141830551119454e-17,4.617488352853222,medium,24.381863535958065,7.286572989046594,31.668436525004577,2.7111650038429027,1.0608189446258565,1.0608189446258565,nan,43.074269451437694,1,3.382075678968708e-16,2.5802478296613575e-15,0.7699105548424147,0.2300894451575879,sample_1453,uniform,train,43.074269451437694
4.568128428572286e-17,6.183133798394408,deep,152.1904592350315,48.77238689686924,200.9628461319006,3.540419019047436,1.5851633763160957,1.378909277906326,7.9824808173900434,65.55484748383479,2,-1.0438779211560192e-16,8.132091696072033e-16,0.757306448253337,0.24269355174666377,sample_1454,uniform,train,148.44201510879884
4.105332843317619e-17,5.69356738799228,medium,60.9991077583206,15.927037157526206,76.9261449158467,2.319369888650334,1.1114973335451397,0.6514251551197854,14.39027449355988,6.992414714114946,3,3.24034613055148e-16,1.2700444858362811e-15,0.7929567746447,0.20704322535530117,sample_1456,uniform,train,54.61692059017755
4.574934287702704e-17,3.218002727951569,shallow,113.36241907617242,40.3902655865569,153.7526846627292,3.707725378774332,1.3702657914927534,1.1128385815453066,11.934822998268555,76.98961893035916,2,-1.0568532157422471e-17,7.856270304755075e-16,0.73730367261452,0.2626963273854808,sample_1457,uniform,train,172.8927908636018
4.2021837794297656e-17,6.204283965772524,deep,49.24380419230645,9.800753193422839,59.04455738572921,1.9327547677127488,1.0790953357681494,0.8148722166104146,3.05286750449475,8.395117803847068,3,1.4918359163711854e-16,1.263570946385698e-15,0.8340108957139619,0.1659891042860393,sample_1458,uniform,train,35.184437637544
4.2619803813842687e-17,4.657420608396945,medium,57.71830333105192,30.20700547371338,87.92530880476508,3.344932791123624,1.6520168325043412,1.593553595034875,7.405403432629448,16.322412108777133,2,-3.144716905889364e-16,2.5051745746464038e-15,0.6564469788694549,0.3435530211305476,sample_1459,uniform,train,73.27260063153476
4.334049787772343e-17,4.36564594235692,medium,33.27504960248692,20.901108497733787,54.176158100220604,3.4067411378962458,0.9722159401657682,0.6444788142295437,4.604345773288535,25.527037363690948,2,2.6943014707542564e-16,1.8361579428056373e-15,0.61420098377835,0.3857990162216519,sample_1460,uniform,train,113.48830394364873
3.9743640236776524e-17,4.111037304729605,medium,205.33084999567225,49.3573420819891,254.6881920776607,3.3132246368611247,1.1816403838874308,0.649073603739304,5.299056519796708,61.67773352051133,3,4.573642605145475e-16,2.6224622593058103e-15,0.8062048276390522,0.19379517236095042,sample_1461,uniform,train,231.99749540874228
4.033831780183354e-17,4.62287298360935,medium,23.953441953103823,23.865955860916827,47.81939781402054,3.3590635391980284,1.1195377938994775,0.983307858731981,13.200000000000003,58.76044828336122,2,1.2481480825691398e-16,2.303126536037734e-15,0.5009147552686397,0.4990852447313626,sample_1462,uniform,train,127.81223223916786
4.2270383490040145e-17,8.220081031324925,deep,69.45628978237394,24.108575811711997,93.56486559408577,3.859170782307443,1.049029616782882,0.9957878950069865,8.506468127254694,62.06995994296491,2,1.1283752378900111e-16,1.7846179956910896e-15,0.742333025771634,0.2576669742283678,sample_1463,uniform,train,176.21240345746557
4.3352883459177364e-17,5.246967273003033,medium,41.22407576806092,21.51751647635504,62.741592244415784,2.442674655987445,1.3021713746965309,0.850225083838635,4.171330722922842,24.665911468875766,2,-1.6976772624435482e-16,2.8312269036467626e-15,0.6570454190494346,0.3429545809505683,sample_1464,uniform,train,56.44444075646446
4.313614175361818e-17,4.53492951103049,medium,128.06319435824923,44.83704634673586,172.9002407049849,3.361029037033071,1.5292763361623762,1.3991883140756605,9.357350052231668,18.598853170341453,3,-2.3296493451362686e-16,1.150674893231031e-15,0.7406767846943607,0.25932321530564045,sample_1466,uniform,train,137.70527684725627
4.100910201343498e-17,2.549603515774878,shallow,106.47556454207657,19.09986632558688,125.57543086766321,2.3018651745038943,1.1023383284072454,0.6751354968942487,12.06316708000018,17.67799028178558,2,-1.5382053697388044e-16,1.8672370955106435e-15,0.8479012479302985,0.15209875206970336,sample_1467,uniform,train,68.76709080720732
4.258174260156914e-17,6.353703608573716,deep,82.09722818300625,36.01777421522808,118.11500239823411,2.8065900279717675,1.44642814013953,1.4382407240443165,6.431174076325411,7.616539870723382,3,2.397404415881738e-16,1.8648625798014986e-15,0.6950618170095694,0.30493818299043246,sample_1468,uniform,train,117.91024806152478
3.934265050985074e-17,4.6284602662000935,medium,15.450265131499842,4.348720823622969,19.798985955122784,2.8621943769536604,0.7118485434759385,0.7118485434759385,nan,58.18770108612684,1,-8.070932116238734e-17,1.3457938023391318e-15,0.78035638625736,0.2196436137426413,sample_1469,uniform,train,58.18770108612684
4.166775091895782e-17,7.463400930755275,deep,20.445927103725463,4.6935226326427415,25.139449736368196,1.9029347934710148,0.9947773135561264,0.9947773135561264,nan,28.864253491484956,1,2.1873897486258415e-16,3.533006605213138e-16,0.8133005025224236,0.18669949747757675,sample_1471,uniform,train,28.864253491484956
3.968592782793495e-17,5.826383671743512,medium,18.972976897694107,4.303555200808378,23.276532098502432,2.832429645342253,0.7243025873364322,0.7243025873364322,nan,67.10374077519744,1,3.1434637922865756e-16,2.251303009423765e-15,0.8151118395731636,0.1848881604268387,sample_1472,uniform,train,67.10374077519744
4.292369540284842e-17,1.5748366927500423,shallow,84.66814818520649,10.794984674557632,95.4631328597639,3.3077207387925633,0.9101143541008551,0.819918224349992,7.161005515987263,2.249308144804907,3,1.1416628451320307e-16,2.3073645446898002e-15,0.8869198574237519,0.11308014257625035,sample_1473,uniform,train,92.35250411837183
3.9498106788225e-17,8.132942914974473,deep,20.794398107189195,12.35793665112489,33.15233475831401,4.37205661920036,0.7865643383526024,0.6538563959164878,7.424284477308236,28.265055406026296,2,-1.3208707055230122e-16,2.1968477015678557e-15,0.6272378177520161,0.372762182247986,sample_1474,uniform,train,138.20561431892082
3.4293699575869604e-17,6.277455619324972,deep,23.158184389321434,14.295021119018296,37.453205508339686,3.1483965162216325,1.4578525666879731,1.4578525666879731,nan,50.23688305407024,1,5.2192424381210904e-17,1.1857174941973324e-15,0.6183231601942539,0.38167683980574724,sample_1475,uniform,train,50.23688305407024
3.7047564715152595e-17,4.831236628299731,medium,65.00369649495121,32.944620525097925,97.94831702004888,4.206727401967749,0.9538520748606407,0.68068552039687,9.019977827023746,18.391512221558287,3,-3.0002226229375954e-16,2.6840768706360146e-15,0.6636530210278725,0.33634697897213023,sample_1476,uniform,train,289.4798957200467
2.657717148768742e-17,5.354847892283263,medium,18.414619753624574,15.196751833510813,33.61137158713531,2.313042861463707,1.4253961629953227,1.4253961629953227,nan,51.836975096269406,1,3.6018804380627186e-16,2.3253945686502867e-15,0.5478687385870542,0.4521312614129482,sample_1477,uniform,train,51.836975096269406
3.5963899914211053e-17,3.5599117666048494,medium,27.14091699064081,19.448705619636016,46.58962261027673,2.6928651882945203,1.1498651349022606,0.9000398984009101,19.163506985935534,33.01244971964109,2,2.968956448921847e-17,2.1351532258274108e-15,0.5825528405257799,0.4174471594742222,sample_1478,uniform,train,84.19676398811087
4.0042633799395505e-17,7.199220914981781,deep,12.696281383479011,8.510479677749224,21.2067610612282,2.2341515726326717,1.1035603142139347,1.1035603142139347,nan,46.711790105972085,1,4.4011359674754804e-16,1.6752740640322676e-15,0.5986902642427235,0.40130973575727813,sample_1479,uniform,train,46.711790105972085
3.3269531948963334e-17,3.8143772684349684,medium,13.173881009606752,11.000369964043799,24.174250973650523,3.3430928550101626,0.7785506303683082,0.7380323852020592,19.05990556115114,78.10293911802121,2,1.413628223918707e-16,1.1757017605791855e-15,0.5449550856390973,0.45504491436090383,sample_1480,uniform,train,175.912983844008
4.3984780875478595e-17,6.901008401387782,deep,104.24335795369718,3.899994252333319,108.14335220603043,2.7220140695012756,0.7213439671202553,0.6615700350782674,7.313002119512887,4.859740632623138,2,2.113565098644188e-16,6.981026954914459e-16,0.9639368100509486,0.03606318994905211,sample_1483,uniform,train,55.13768959266925
3.809912021230724e-17,6.696577199244897,deep,19.37871927625912,8.723606599241954,28.102325875501045,1.975092983785013,1.186174209386571,1.1787945994039704,14.844527611210808,5.666222481548394,2,-4.920088467450366e-17,1.011365022109483e-15,0.6895770607070298,0.31042293929297116,sample_1484,uniform,train,37.940107544646025
4.5092131672022325e-17,7.98257814575803,deep,53.82353253816781,2.4489211688831642,56.27245370705093,1.889103853333576,0.6844603337485224,0.6844603337485224,nan,28.23944199803408,1,2.6270783444706306e-16,8.286357527077928e-16,0.9564809954505988,0.043519004549402024,sample_1485,uniform,train,28.23944199803408
3.9655508193879003e-17,5.295856392116826,medium,33.470887036298734,14.447159078333879,47.9180461146325,2.4910896102088174,0.9663380391080046,0.6371810360635692,7.345747068882783,4.690412929739885,3,-2.1389243390328047e-16,2.2983851173594577e-15,0.6985027510559929,0.3014972489440094,sample_1487,uniform,train,48.47562205748808
3.796244190710489e-17,1.588768462493244,shallow,9.318156803993752,8.7288143048871,18.046971108880832,2.3522167619459364,1.081868122216314,0.9339587741370825,28.478061731796284,11.550784975596684,2,4.822181535784177e-16,1.0827260217526056e-15,0.5163280169162752,0.4836719830837259,sample_1488,uniform,train,40.415698585672715
3.930649222376083e-17,4.295496068441437,medium,141.78054333333384,41.54289637277176,183.32343970610535,4.215866441585311,1.739590469186684,1.739590469186684,nan,167.3606714884383,1,2.5942068729450376e-17,1.3565638846550224e-15,0.7733901543666706,0.22660984563333078,sample_1489,uniform,train,167.3606714884383
4.467043499159745e-17,2.729654484306133,shallow,81.35920782743803,21.49456527265472,102.85377310009271,2.2605221101039015,1.2719681334750783,1.0384426356236114,6.3118935352238,8.492409108665868,3,2.487502877951046e-16,3.7995543856981056e-16,0.7910182132867685,0.2089817867132319,sample_1490,uniform,train,57.00175112032919
4.428122970251264e-17,2.2041830088907926,shallow,63.87058870780628,15.845683996599625,79.7162727044058,4.311760944769952,1.243548895105108,0.6927261052529872,9.493155429044656,8.172031708684214,2,1.73741192530279e-16,1.337009455512644e-15,0.8012239727344433,0.19877602726555801,sample_1492,uniform,train,163.14718087072538
3.9954645996713116e-17,6.68838617721895,deep,327.9955596826321,51.62871381004008,379.6242734926716,4.452781085530229,1.416694600614059,1.0722665709541226,10.682696288858914,2.7258684452883877,2,6.483840531938336e-16,1.6096619616329208e-15,0.8640004936063812,0.13599950639362038,sample_1495,uniform,train,183.60114205724165
4.6481923580097404e-17,5.995775946339004,medium,65.47873952785807,33.4905371103553,98.96927663821315,4.056089618111969,1.1772161947498778,1.001285826979472,5.4662601474865795,17.36585304212581,3,-2.8525734872653354e-17,2.2256224918247307e-15,0.6616067304120923,0.33839326958790994,sample_1496,uniform,train,187.20486536296016
4.390317247245848e-17,5.294112552243326,medium,28.379148789118165,6.781602881278643,35.160751670396735,2.192545969059835,0.9971183216966799,0.9971183216966799,nan,44.150409091211635,1,-4.243752878466989e-17,2.0966220951748666e-15,0.8071257706646734,0.19287422933532875,sample_1497,uniform,train,44.150409091211635
3.540473749417373e-17,2.949550844298158,shallow,39.03743046409354,21.492994196477948,60.53042466057147,3.128221679001654,1.5960549782014433,1.5960549782014433,nan,75.41323910540348,1,5.441649460656381e-16,2.9346512094724165e-16,0.6449224614398235,0.3550775385601769,sample_1498,uniform,train,75.41323910540348
4.96946695074179e-17,6.352221842729232,deep,65.69632263605727,15.746364227000411,81.44268686305753,3.095528724108967,1.2808964918037797,1.0269992742259502,6.489992295835179,7.962778643732374,3,6.57780958403603e-16,1.897568105625978e-15,0.8066571127070364,0.19334288729296545,sample_1499,uniform,train,69.26472722364437
3.661470237214003e-17,4.275205434865163,medium,38.60646476401634,12.906459735047498,51.51292449906375,2.078720716646522,1.4870028770227939,1.4870028770227939,nan,37.62504622257637,1,1.7634631372832668e-16,1.6552181636040044e-15,0.7494520091694272,0.25054799083057444,sample_1500,uniform,train,37.62504622257637
4.12240937509623e-17,6.177784913946246,deep,22.133447570026355,12.888202559683343,35.02165012970965,2.5652881828780685,1.2835658865139297,1.1214067420580647,5.741080037762929,4.70341664536217,2,3.878017092183682e-16,1.4202069668046041e-15,0.631993280957657,0.3680067190423444,sample_1501,uniform,train,37.563391723210785
4.458792955578153e-17,5.621815124811551,medium,43.79445814458443,1.91918064472493,45.71363878930936,2.1541479575336795,0.6563392025391871,0.6563392025391871,nan,22.47595674889517,1,1.623196388231073e-16,1.1171777282516514e-16,0.9580173292795553,0.04198267072044485,sample_1502,uniform,train,22.47595674889517
4.045248191362417e-17,2.26275093862688,shallow,47.45308115172354,13.934489753662513,61.387570905385964,1.713988251943208,1.4955440932718662,1.375035024770762,9.703607576566563,9.824624218288756,2,1.226861195422804e-16,1.4179007875187892e-15,0.7730079632057919,0.22699203679420946,sample_1503,uniform,train,30.916350753059675
3.8112023516811525e-17,6.138632661720841,deep,127.72028333070382,36.558154140463,164.27843747116637,3.9009508954079855,1.0346507899584065,0.6381196127200278,10.652699188468624,13.374730905841993,3,-2.344977914811748e-16,2.768149964698075e-15,0.7774622482218391,0.22253775177816368,sample_1504,uniform,train,172.11578648302702
4.470964500546534e-17,5.809135724266227,medium,82.17871559766472,35.91992748019793,118.09864307786248,3.373374974310764,1.4888376418785174,1.1466757251573712,10.380751417888787,3.0580223158013777,3,-2.094434743299868e-17,1.4439645718028563e-15,0.6958480932205484,0.3041519067794531,sample_1505,uniform,train,104.53568341150665
4.020496229534376e-17,8.014355435495611,deep,21.32366624583181,5.037693484620484,26.361359730452268,2.299462616889666,0.7236697692285134,0.7200557832373427,14.600000000000001,24.036588998806078,2,1.517658630854891e-16,9.770806375192139e-16,0.8088985721475896,0.19110142785241127,sample_1506,uniform,train,58.92965891520011
4.335586389035063e-17,2.13772059670051,shallow,40.37791307207338,16.146005400225672,56.52391847229891,3.6932958859841603,0.8929438635018893,0.6855992128681925,8.440379138403678,55.88349821742279,2,-4.0520524707221875e-17,2.576984483165402e-15,0.7143509183968143,0.28564908160318825,sample_1507,uniform,train,169.1979653061364
4.3695499053620184e-17,7.474808092861919,deep,103.96324738002589,34.68884528489856,138.65209266492417,3.665468974506765,1.5498355113496438,1.4005669008831125,7.002856560004637,17.095107796205635,2,4.9694079931711737e-17,2.049857949067512e-15,0.7498137632244063,0.25018623677559576,sample_1508,uniform,train,100.5420513485459
4.6724827465104945e-17,3.738785427674024,medium,113.83451231251158,41.04754476055638,154.88205707306756,2.9966023473296257,1.4235204753378252,0.7527174023223596,10.266450214168481,28.1693029864327,3,4.49601085932865e-16,2.5690770095979544e-15,0.7349754675508262,0.26502453244917634,sample_1509,uniform,train,109.77449279046638
3.566791901080998e-17,3.9726192338192114,medium,12.46778867644968,10.318040278248102,22.78582895469773,3.1563578612207794,1.1003917070491174,1.1003917070491174,nan,58.66544819215773,1,-8.215012342093215e-17,2.260806418104293e-15,0.5471729249454937,0.4528270750545085,sample_1510,uniform,train,58.66544819215773
3.369315550177911e-17,3.5034148692794984,medium,12.418695218854289,5.349426288360653,17.768121507214907,4.107018834381112,0.7348156259698857,0.7348156259698857,nan,96.25458186079031,1,1.290172348669803e-16,1.949500308979732e-15,0.6989312412013596,0.30106875879864226,sample_1511,uniform,train,96.25458186079031
3.923050634972854e-17,3.297646853332778,shallow,31.52692622151498,10.600598332591538,42.127524554106444,1.7468841282705163,1.3920354235723331,1.276704148563222,11.52562362737913,9.531261338480697,2,-3.3175617607352564e-16,1.7709796159275656e-15,0.7483688290543491,0.2516311709456526,sample_1514,uniform,train,24.70467493436208
4.2575805836720095e-17,7.778780724031389,deep,33.38102721580437,22.692166011769093,56.07319322757335,3.0317290249265914,1.2580397257321116,0.808383937853219,8.433267456923208,5.647934874625491,3,-1.33343762472184e-16,2.0908306563637137e-15,0.5953116862870159,0.40468831371298614,sample_1515,uniform,train,99.00398815342486
4.003441193523215e-17,3.186571419648298,shallow,92.48795640868288,41.16626927520891,133.65422568389153,3.5455197681527073,1.2432584362814272,0.7612694188650982,9.883319280484667,3.3385083954172647,3,6.814494011723087e-16,1.9670220742068372e-15,0.691994255590752,0.30800574440925,sample_1517,uniform,train,126.46710166779559
5.627977281992203e-17,1.8311665975127447,shallow,48.87565959875535,11.254879399777279,60.13053899853253,3.1486822818952325,0.9054664881845287,0.7703133113750971,9.610411021387172,46.938695924892535,2,-6.902994668596074e-16,1.6247921238390714e-15,0.8128259019921332,0.18717409800786836,sample_1518,uniform,train,112.86073527565665
3.795200620339965e-17,6.631303951754695,deep,18.661088190260546,13.318499238362048,31.979587428622537,3.342787258941523,1.115510339443389,1.115510339443389,nan,87.10001247471196,1,1.5443766867199736e-16,1.7774906880109317e-15,0.583531236352299,0.4164687636477028,sample_1519,uniform,train,87.10001247471196
3.972201130149515e-17,3.443501193775684,shallow,30.16498179921309,17.516349261805306,47.68133106101829,3.3140935108185703,1.3048548118556793,1.3048548118556793,nan,85.39105208902343,1,4.91113092070095e-16,2.2352859702599683e-15,0.6326371585686367,0.36736284143136555,sample_1520,uniform,train,85.39105208902343
5.0027263415069507e-17,6.380225588806804,deep,54.426208493278,33.84732507043626,88.27353356371407,2.540331661652322,1.5720909853596983,1.2743301390842037,6.280127387243033,17.901271763746784,3,-3.8605797930978366e-16,2.1733188976371504e-15,0.6165631565433398,0.38343684345666235,sample_1521,uniform,train,76.73137055958986
4.00851294626626e-17,6.729657648075644,deep,68.55189570193627,21.33463492902564,89.88653063096183,2.2977450804509276,1.6499870767270466,1.5799336243241968,13.365627557282899,7.480095110776072,2,-3.348258710718014e-16,9.485862641787408e-16,0.7626492559089076,0.2373507440910933,sample_1522,uniform,train,39.47066729686433
3.9651636734796203e-17,4.99832857682108,medium,70.62040712429604,19.240598794097274,89.86100591839326,2.731793694987299,1.1030817285808971,0.6701412265835706,5.621387729022078,13.857548890190984,3,1.2972714718557312e-16,5.534991623438566e-16,0.7858848941489653,0.2141151058510352,sample_1523,uniform,train,116.64891536769655
3.965657788532085e-17,6.742838118332184,deep,17.046571776257508,10.540697156248074,27.587268932505513,3.42936482980121,0.9530333570089229,0.9530333570089229,nan,104.76275633770307,1,1.3966596860226168e-16,2.5112278024368343e-15,0.6179144379229174,0.382085562077085,sample_1524,uniform,train,104.76275633770307
4.2383636421340554e-17,2.936212499621898,shallow,37.115626319306344,21.738924611442705,58.85455093074894,4.146620457753184,0.8741529406116562,0.6475596414547725,9.068627239003707,7.821265041041642,3,-3.44756262327562e-18,1.8109289541504408e-15,0.630633073098771,0.36936692690123074,sample_1525,uniform,train,152.53227183251823
3.9304885340949166e-17,2.7544685647663867,shallow,143.28562901379144,41.74352319966789,185.02915221345907,3.085967821746665,1.217899947900024,0.9930128417188113,7.549834435270749,61.93137883721059,3,3.855048226550886e-16,1.3824599086879967e-15,0.7743948848043676,0.22560511519563378,sample_1526,uniform,train,199.6000367999946
4.1209965373970003e-17,7.60525248065043,deep,46.60727515046326,14.740664361279208,61.3479395117424,1.9536697178516234,1.31099863386454,1.2811976384003942,6.764613810115105,13.191408684170888,2,1.921880888441312e-16,1.0423959912487164e-15,0.7597203022856589,0.2402796977143421,sample_1527,uniform,train,44.42644707673329
4.312039789622756e-17,4.617446911552992,medium,27.943848796312885,19.759851447816338,47.70370024412915,2.4993539118021553,1.3808426088985197,0.9997683876263839,2.630589287593182,2.386158578125769,3,-1.5322238901627216e-17,1.4894918677666854e-15,0.5857794815351228,0.41422051846487873,sample_1528,uniform,train,41.02860745993734
4.1493405102604716e-17,2.6842613580620696,shallow,22.615385458426363,6.342614706714889,28.958000165141193,2.247176725441901,0.9639826339725869,0.9639826339725869,nan,47.5335547365627,1,1.632464424971144e-17,2.0243033139689343e-15,0.7809719362337083,0.2190280637662937,sample_1530,uniform,train,47.5335547365627
4.271290512738839e-17,5.923887249704158,medium,97.2325774532825,31.39499919802279,128.62757665130505,3.8710182457782563,1.1428350348527059,0.7066109132091094,11.079711187571633,25.39644563225056,2,3.62392058557231e-16,1.9057907349197303e-15,0.7559232629941333,0.24407673700586863,sample_1532,uniform,train,114.5096607949784
4.3800017339755407e-17,4.7296367534748365,medium,138.78636181918017,33.4186957366738,172.20505755585367,3.093971804509286,1.3719410850352496,0.7044881362396204,9.314504817756012,10.171111406000014,3,-3.429192475713968e-16,1.7329801647808676e-15,0.8059366187556115,0.19406338124439027,sample_1533,uniform,train,89.62715468470952
4.213979067792916e-17,1.6515037669952577,shallow,61.51335463789719,29.11624801519151,90.62960265308844,3.5148961876928806,1.0974141268974151,0.7771034875943817,12.284950142348972,16.009650147402823,3,-3.8145746630421235e-16,2.8224264190230252e-15,0.678733579726237,0.3212664202737658,sample_1534,uniform,train,130.55304136520226
4.297265506263976e-17,2.9177843588784036,shallow,88.39686631694042,13.551195069774554,101.94806138671484,2.5015951638956166,1.2037920958182238,1.180230677654385,15.40519392932137,22.65057818962522,2,-1.0721644896892844e-16,1.2893860297842627e-15,0.8670774619404354,0.1329225380595658,sample_1535,uniform,train,47.46153328019321
4.6469138964290935e-17,1.6757627945637203,shallow,116.90611119188542,6.8494002074442735,123.75551139932955,1.8214755575703754,1.2876155193095078,1.2876155193095078,nan,25.313876253308973,1,1.460706860798624e-16,1.126770115659472e-15,0.9446537763854189,0.05534622361458223,sample_1536,uniform,train,25.313876253308973
4.148901468791049e-17,1.4699186506680444,shallow,41.09813064700473,12.167890563266834,53.26602121027146,2.1149340993781087,1.199953828390422,0.8015959887936618,8.824964589164082,10.637558445112912,2,1.7472965957494835e-16,1.934229258057427e-15,0.7715637420104441,0.22843625798955788,sample_1537,uniform,train,28.808306857906977
4.224958729369968e-17,6.499034979157763,deep,98.37506857621922,31.660784302070812,130.03585287828977,2.561522134432386,1.4006357359028838,1.3395204821809574,7.520638270785268,16.920082573418163,3,2.748259643101351e-17,1.994435325426594e-15,0.7565226543197726,0.2434773456802294,sample_1538,uniform,train,90.68101299674092
4.846858959446088e-17,6.136208176720811,deep,57.22229857773403,23.39063168661368,80.6129302643476,3.572991953009438,1.3466218153980973,1.1202423205751058,11.513470371699407,14.576509764463374,2,7.399699918902004e-16,1.4102804270829975e-15,0.7098402004503431,0.29015979954965826,sample_1539,uniform,train,112.54432395927708
4.995249671081838e-17,6.272171408918324,deep,34.37534541143266,16.092146565089553,50.46749197652211,2.144261010417237,1.714488565352739,1.714488565352739,nan,41.297290211331365,1,5.110830745504305e-16,2.0414863637991824e-15,0.6811383737361935,0.3188616262638086,sample_1540,uniform,train,41.297290211331365
4.54397560879103e-17,1.6328947597624661,shallow,52.74854819889629,8.898419583973725,61.646967782869865,3.0422431683839513,0.8289119949743688,0.6391357759330468,4.503332099679083,4.581468482799006,2,6.745037468347304e-17,2.391644276641778e-15,0.8556551943428072,0.1443448056571952,sample_1541,uniform,train,65.46996926217018
4.1969345741401217e-17,7.840275624691651,deep,33.32519987634945,10.494690244508371,43.81989012085775,2.7763763291628636,1.2765810349449254,0.9124367522248851,18.869022232219667,6.441004018835026,2,1.1206255199459782e-16,1.6620450260039276e-15,0.7605039580071208,0.23949604199288083,sample_1542,uniform,train,46.261642311167016
3.823105697905575e-17,8.034949738245828,deep,24.773923209307256,6.6843643743517065,31.458287583658887,3.8302741898009365,0.6939601301947683,0.6939601301947683,nan,116.7387879671187,1,-1.1254628088821082e-16,2.399849816165037e-15,0.787516585046929,0.21248341495307335,sample_1543,uniform,train,116.7387879671187
4.513136813605233e-17,3.6140121117394184,medium,110.12319318162209,34.418158105763034,144.54135128738483,4.145135751491354,1.5914080394809897,1.5914080394809897,nan,111.71767009515868,1,5.182367668824975e-16,2.0154960436368007e-15,0.761880196917969,0.238119803082033,sample_1544,uniform,train,111.71767009515868
4.5516313477462013e-17,4.22341891330567,medium,79.24320697851591,23.03937985877533,102.28258683729109,2.93510332419935,1.1399602435722056,0.7830637562404003,5.9531504264548865,13.19220855050076,3,6.349064128611978e-16,1.4935747414312024e-15,0.7747477789604039,0.2252522210395976,sample_1545,uniform,train,85.04848616993472
3.855712007739633e-17,2.3596519286236726,shallow,70.74592706228593,25.509655906048252,96.25558296833414,4.110704171141373,0.9786984501780065,0.8247671238304991,17.531685600648903,144.5386366303958,2,3.0435483606384877e-16,4.42910040445458e-16,0.7349799864134603,0.2650200135865401,sample_1546,uniform,train,295.8497579086023
4.511831040385328e-17,7.433504974251289,deep,65.3615900048444,22.509026113237795,87.87061611808201,3.227730231689916,1.253906090288588,0.9008777415645144,6.212889826803628,11.41936112808937,2,2.1514079673764224e-16,2.102421941020282e-15,0.7438389861408323,0.2561610138591698,sample_1547,uniform,train,73.59462002580719
4.358100311969743e-17,1.9901386090837825,shallow,44.53715829848617,8.236926558465269,52.77408485695135,1.4553581326134442,1.2309442250044915,0.8522468453438827,5.8275209137333865,4.824467294420429,2,-1.739879607564168e-16,1.7166417770194607e-15,0.843920996815159,0.15607900318484272,sample_1548,uniform,train,17.73660772017905
4.456783130554497e-17,6.2074628210569225,deep,90.83247050687761,6.23630609906742,97.06877660594499,1.8405809607373986,1.108217284057237,0.8104218142386422,12.93986089569745,4.286666117316698,2,2.598799813551153e-17,4.391995617568644e-16,0.9357537375341204,0.06424626246588006,sample_1549,uniform,train,30.405476060900153
4.1920429047661565e-17,8.123434979266221,deep,86.91183142444335,27.402380100272726,114.314211524716,2.853311644622374,1.09052366329144,0.8327222762389632,6.899275324264138,47.53446086392461,3,5.996399513740771e-16,6.5264840005198885e-16,0.760288946275521,0.23971105372447962,sample_1551,uniform,train,155.63320963061716
3.931601563187167e-17,4.6649766267128765,medium,37.26536641274746,15.511247060596805,52.7766134733442,3.3540923751939116,1.1982743808744172,0.8284884950943789,4.774934554525329,18.57156434292146,2,-4.379675999346405e-16,1.2790051398675366e-15,0.7060962036067172,0.29390379639328407,sample_1553,uniform,train,72.559640226762
4.236337289135759e-17,5.4904150357803765,medium,80.1227265289353,25.446770266713433,105.56949679564856,3.297323044266086,1.1451570510037044,0.7219512746431543,6.802940540677982,4.412076773676721,3,4.304304227495142e-16,1.6489892965787066e-15,0.7589571700244938,0.2410428299755078,sample_1555,uniform,train,105.7196519993923
3.623770225977911e-17,8.36931080340655,deep,15.773772276292187,10.614180185408717,26.38795246170083,3.2663221779811358,1.1872234990798316,0.7255924430811048,9.703607576566563,5.903554865797041,2,2.7168458344599354e-16,2.7599955139041502e-15,0.5977641614742961,0.4022358385257066,sample_1557,uniform,train,102.18529041890287
4.370860610600562e-17,1.9136484460229164,shallow,121.07887127107779,29.852647355306818,150.93151862638436,3.929973733931831,1.2425182146882845,0.9886133319247801,12.21638244326036,6.166022587011322,2,-1.1391459994798835e-16,1.6241620442715276e-15,0.8022106474049084,0.19778935259509323,sample_1558,uniform,train,112.87657108631
4.373117954107924e-17,6.271200401848154,deep,78.57012297567432,39.30819588574077,117.87831886141475,3.6332991131961836,1.4778489088768592,0.9259030315322601,4.166533331199931,14.397477063610935,3,2.1364679463245296e-16,2.8933269193109254e-15,0.6665358289342959,0.3334641710657071,sample_1559,uniform,train,122.10497998674478
4.2780314083524623e-17,2.6061813361515878,shallow,119.51574657313681,26.671470780923023,146.18721735405936,4.1573970088644145,1.1055195098222355,0.8707933798503101,8.072174428244226,33.23537552441776,2,2.1797267024789942e-16,3.2565339266719936e-15,0.8175526474635237,0.1824473525364795,sample_1560,uniform,train,152.7912649952707
4.366799993519742e-17,6.613328471483217,deep,97.25822631029877,30.890799508488367,128.14902581878684,3.5426029260185743,1.3090923279897346,0.9786259658887471,6.627216610312355,5.944703656481625,2,-3.4222866546175863e-16,2.3010337648404694e-15,0.7589462790597395,0.24105372094026273,sample_1561,uniform,train,110.48263091120398
4.896227813143936e-17,1.6688928285830087,shallow,42.94419289639245,21.466008702982236,64.41020159937452,3.295007475900323,1.2866788412404124,1.2866788412404124,nan,109.0052165987327,1,4.488770005083654e-16,2.6475659499267902e-15,0.666729676822025,0.3332703231779776,sample_1562,uniform,train,109.0052165987327
3.8844680829821357e-17,2.4886651460588487,shallow,418.5367980824235,85.83890203992941,504.375700122352,4.5110836927528615,1.569220530402389,1.2136878544212732,7.1386273190299,44.05038865749737,3,1.114671025768827e-17,1.83138393912327e-15,0.8298115828754129,0.1701884171245889,sample_1564,uniform,train,263.3530445278836
4.1623480304330335e-17,3.227676302108603,shallow,39.92422099937123,9.52316627391807,49.447387273289195,2.2802935952963663,0.9912491679120208,0.9045911722431493,13.995713629536722,20.94866409787612,2,-1.9667359224946004e-16,2.119526618168338e-15,0.8074080998196188,0.19259190018038333,sample_1565,uniform,train,52.840984578297935
3.596298490905522e-17,3.463561252264655,shallow,18.638392627389173,8.323170763776073,26.96156339116522,3.125106412288929,0.7257560261922691,0.7138090813132698,11.832159566199234,46.26321431269198,2,3.085325587455186e-16,9.223870066730846e-16,0.6912949504069416,0.30870504959305933,sample_1567,uniform,train,137.5674747315258
3.369249607429001e-17,4.598944988765976,medium,20.487881872595576,17.806688590320576,38.29457046291609,2.478774890019513,1.112799507691528,0.9260840061762394,13.03993865016243,41.4259219001854,2,1.7800493111129321e-16,1.577146102163367e-15,0.5350074860465074,0.46499251395349417,sample_1568,uniform,train,97.603866198368
4.2466298481489754e-17,2.2544972449239693,shallow,52.76566738278914,14.589574957067686,67.3552423398567,2.2452292852100255,1.0701914084497965,0.745755047060708,6.431174076325412,21.77401099121779,2,-4.3851816357769903e-16,1.8461069166762956e-15,0.7833936238629736,0.21660637613702818,sample_1569,uniform,train,64.9565445970522
4.405114768539569e-17,4.7734865524055206,medium,136.71497347799112,29.620781015693904,166.3357544936848,2.901672703294589,1.199060707535827,0.724529808121986,8.876936408468856,4.597905946210365,3,7.965991578894916e-17,1.4310321746769773e-15,0.8219217443305716,0.17807825566942978,sample_1570,uniform,train,106.39956985763715
4.19628512177096e-17,1.364068607573006,shallow,58.81793538355303,33.311772484886525,92.1297078684393,3.416997509023178,1.521836172091841,1.2972548086180153,10.833282051160673,37.2552576685429,2,4.553916016398025e-16,2.776470161382802e-15,0.638425289131978,0.3615747108680248,sample_1571,uniform,train,102.7927192268231
3.837181599691725e-17,3.487663639656187,shallow,19.541135308940902,11.56550370116528,31.106639010106154,3.3656141180536197,1.1712223496938239,1.1712223496938239,nan,59.56805096559297,1,5.78176309643251e-17,9.136862848207469e-16,0.6281982216912677,0.3718017783087332,sample_1573,uniform,train,59.56805096559297
4.326105649480122e-17,1.692648447854171,shallow,91.92944593242208,27.562790276908522,119.49223620933034,2.1924482700967776,1.7257558480547415,1.7196018361574876,11.74563748802082,16.869684503821095,2,-4.023708435867694e-17,2.2001497383535358e-15,0.769334049212847,0.23066595078715524,sample_1574,uniform,train,61.014191884813286
4.2459867112968197e-17,7.662650667258074,deep,16.96474672093951,12.497221327600654,29.461968048540097,1.9806875930671601,1.3674377322718527,1.364479400634258,22.293496809607955,14.127250554237028,2,3.328083068839698e-16,2.230849037291862e-15,0.5758185160268052,0.424181483973197,sample_1575,uniform,train,33.5174928368197
4.1427663602349765e-17,7.391199407885404,deep,21.834314500194136,15.783753835619116,37.61806833581319,3.4733490400940625,1.0741983426650945,1.0159535759319973,4.2614551505325045,14.104505822481258,2,2.938789152759323e-17,1.6055086082692378e-15,0.5804209377600447,0.41957906223995695,sample_1578,uniform,train,103.1896747716754
4.254352244992834e-17,4.836176854353576,medium,136.33795672941855,33.47088085067972,169.80883758009782,3.627369922879408,1.0797178435344272,0.7402859309838081,8.480566018845677,15.800519715243267,3,1.4347050028343356e-16,2.677995782592661e-15,0.80289081930208,0.19710918069792277,sample_1579,uniform,train,169.02408375523518
4.4865908084679926e-17,8.296677512743322,deep,47.44166364957785,6.663556912189058,54.1052205617669,1.9984827172372193,1.2054053945232377,0.6733277584450952,3.9038442591886264,3.91528886478689,2,4.155699950540951e-16,1.3132609540865647e-16,0.8768407772299553,0.1231592227700448,sample_1580,uniform,train,37.34940139761538
4.608555551382956e-17,8.02048493331052,deep,102.22090283210977,20.666456770889027,122.88735960299861,4.215547597673421,0.989509582874263,0.7621827497953947,15.962455951387934,22.389681654917485,2,-1.2308721110297714e-16,1.5033369737493987e-15,0.8318260166248657,0.16817398337513584,sample_1581,uniform,train,144.10271623929344
4.266602463251365e-17,5.883686119403056,medium,47.985652807799106,5.206693088041337,53.19234589584038,2.1185860370672667,0.7813822469056091,0.7275241050727352,7.499333303701071,16.801747097109345,2,2.481592511038883e-16,1.1354290081109483e-15,0.9021157461594782,0.09788425384052292,sample_1582,uniform,train,37.83789928628024
3.5529205327324135e-17,3.3825281170791452,shallow,25.00900949401074,15.748966107036335,40.757975601047036,2.6827617291192616,1.4507505446862148,1.4507505446862148,nan,54.05297773984264,1,5.6478412727404275e-16,9.588270734869762e-16,0.6135979308395356,0.3864020691604653,sample_1583,uniform,train,54.05297773984264
4.4434881899514356e-17,7.804463363008422,deep,45.459346998430256,14.49817158956015,59.95751858799027,3.0050480585816524,0.9420893385849234,0.7612985854413092,4.664761515876239,7.502040469489835,3,3.9239335620982207e-16,2.2220192912003638e-15,0.7581926015119635,0.24180739848803867,sample_1584,uniform,train,103.92528233264707
5.044217358542099e-17,5.030314427754886,medium,38.1775353620671,14.041815095962402,52.21935045802941,3.4765368934655596,0.9162464749511801,0.8018548941503529,15.010662876768635,15.233985972086357,2,-9.881673641273021e-17,1.7008607190814954e-15,0.7310993918385057,0.26890060816149597,sample_1585,uniform,train,112.2762901888645
4.281571482630167e-17,3.059221981741282,shallow,39.85938258212096,19.057611699817667,58.91699428193847,3.359919534766611,0.9748131586776259,0.7588318401214429,11.24455423749648,75.52691429387883,2,1.394589283458755e-16,2.592913811206651e-15,0.6765345562501006,0.323465443749902,sample_1586,uniform,train,154.3237988410113
4.302158178265694e-17,3.8051760704764783,medium,55.32150699910237,10.181740762355666,65.50324776145793,3.072500858950282,0.7527114118767653,0.7234035978257071,4.209513035969838,18.232596143635778,3,-8.616615212569554e-17,1.6271164256183259e-15,0.8445612834430098,0.1554387165569918,sample_1587,uniform,train,140.37493147653743
3.84952887065989e-17,5.9063138652622325,medium,26.75622825271583,18.509478599172265,45.265706851887984,2.391955818501332,1.2201639482593993,1.1910959498925728,12.671227249165725,29.03210057086911,2,1.9001536865276242e-16,2.433058748053593e-15,0.5910926861313303,0.4089073138686722,sample_1588,uniform,train,71.37190600990363
3.6693035684192505e-17,3.1356661470716576,shallow,6.571942948886649,7.432970449866174,14.004913398752807,2.680803212707397,1.0330288362919102,1.0330288362919102,nan,46.572659535083595,1,1.6655552825911632e-16,1.1415430498860477e-15,0.4692598063099702,0.5307401936900309,sample_1589,uniform,train,46.572659535083595
4.437666741015238e-17,4.057800503568483,medium,31.385493703043448,21.125180805659774,52.51067450870307,3.319713236392858,1.2282600316204073,1.136997338821686,11.02905254316979,8.032901323530872,3,-3.6204231996609016e-16,2.909250159471902e-15,0.5976974014653277,0.4023025985346752,sample_1590,uniform,train,91.38789422324778
4.068801106848274e-17,1.7905517680210792,shallow,239.98090677544374,54.085617523242,294.06652429868507,4.093143722966625,1.4544563992623971,1.1260674004704445,4.4988887516807985,8.56148790965644,3,-3.8562011591685016e-16,2.2954520259724563e-15,0.8160769313942506,0.1839230686057517,sample_1591,uniform,train,184.0960940211316
3.16010493798026e-17,3.821664899680535,medium,196.5898085091986,35.1589128429599,231.74872135215816,3.137763529900273,1.1352048206089995,0.7248141664242538,7.274613391789286,26.70100790799705,3,-4.0049806131511036e-17,1.5023424443985904e-15,0.848288643674831,0.15171135632517044,sample_1592,uniform,train,148.93854000067842
4.541289037686221e-17,4.674923992531929,medium,83.75391447739662,27.313240964883214,111.06715544227976,3.4604701453057594,1.3205528585980506,0.9101387107536811,12.403225386970924,10.812932745733697,2,-6.783011987074117e-17,7.037156990504691e-16,0.7540835465163462,0.2459164534836545,sample_1593,uniform,train,79.28597442077262
4.467987583664406e-17,4.714416827203033,medium,52.709650139438914,23.206207152733086,75.91585729217186,3.8666772520716424,1.1181020850623822,0.753038428075787,7.402702209328699,7.204807788949019,3,-2.4902704447149447e-16,1.7783256964989843e-15,0.6943167345997174,0.3056832654002844,sample_1594,uniform,train,150.15127181306596
4.359569659772877e-17,8.359802311818951,deep,124.89188941448742,41.59579978118684,166.48768919567357,3.7478361472587833,1.152885748496338,0.7562915074986596,5.574943945906541,42.079936488375075,3,-1.660626176330639e-16,4.182482707333975e-15,0.7501569035996503,0.24984309640035396,sample_1595,uniform,train,214.81331763934264
4.145254334329747e-17,6.989825742049957,deep,15.22975498045671,9.63405531420453,24.863810294661185,2.6428805662904504,1.1954306868902065,0.8343538110498352,20.600970850908947,7.588575809042374,2,-1.0500070350111863e-16,2.2147475133057903e-15,0.6125269940515464,0.38747300594845585,sample_1596,uniform,train,51.7713758007275
3.894968952703635e-17,6.96207103007203,deep,20.283017705325488,13.38756192605522,33.67057963138068,3.398115848559619,1.1105368883993256,0.9914110132974656,14.7648230602334,10.55676545070023,2,2.74266626315607e-16,7.385971974306561e-16,0.6023958579680017,0.39760414203199906,sample_1597,uniform,train,91.29958520499773
4.4634586707778076e-17,6.615521948748629,deep,156.75647351394895,29.547244867166572,186.30371838111512,4.111892939842131,0.9470921810019357,0.6236499729135304,13.6586968631711,57.18303380504898,2,8.249500465545017e-17,2.154850419481218e-15,0.8414028172710842,0.15859718272891787,sample_1598,uniform,train,214.1723717496308
4.4697464990199264e-17,8.369002476389706,deep,133.2882095996823,39.93749736775631,173.2257069674383,3.977044246709241,1.3540023362655667,1.1153490248214175,13.846299144536784,12.111582358170516,3,1.964756402505131e-17,1.7227694101738512e-15,0.7694482068111105,0.2305517931888912,sample_1600,uniform,train,148.55600705906204
4.6228977479374197e-17,8.120946732649791,deep,28.175486016786824,11.016054060290072,39.19154007707683,1.8437299733081853,1.3602986576561233,0.944424088975218,29.475413483104866,10.58781627758176,2,-1.2204375262904103e-16,1.6770252694471683e-15,0.7189175511188113,0.2810824488811904,sample_1601,uniform,train,24.077337331939976
4.3824919634958996e-17,7.406401321401656,deep,82.00394755370857,19.27457408765568,101.27852164136412,2.6967664503670936,1.348828064140273,1.2931474835573535,11.636150566231086,11.019063121378268,2,2.838125983575806e-16,1.262831352235913e-15,0.8096874463086214,0.19031255369137978,sample_1602,uniform,train,60.20120974969526
4.4381169891222945e-17,4.8293966767235865,medium,22.570616301788043,8.451755353066357,31.022371654854336,3.493592083439685,1.0168903111732408,0.6387272802730503,14.705101155721438,6.866407621954088,2,-2.8510917825062236e-16,2.0613783797668607e-15,0.7275593417841162,0.2724406582158859,sample_1603,uniform,train,94.43374603034749
4.0447295783446395e-17,6.598220975759341,deep,57.95448563891734,14.576222125009963,72.53070776392717,2.16854772729989,1.191570855665769,0.7639938220679111,11.007270324653613,11.814889637697258,2,4.3365829866182667e-17,1.861323623558548e-15,0.7990337806649772,0.20096621933502465,sample_1604,uniform,train,38.659252659538915
4.107848144811822e-17,3.711971892504701,medium,42.284496077539934,7.151416935506015,49.43591301304585,2.6190193598925404,0.7676087084849905,0.6218275292506216,10.031948963187563,33.67590984186417,2,1.2462449577389941e-17,2.0481535320101072e-15,0.8553396407664465,0.14466035923355552,sample_1605,uniform,train,77.09848018246674
4.577328307205981e-17,4.432237631794703,medium,19.410357096779443,10.07537141140633,29.48572850818573,4.082557815875863,1.1784753966674602,0.7455032506104948,13.592645070036957,2.341802634784297,2,8.142184647389659e-17,1.445871148605689e-15,0.6582966770310865,0.3417033229689149,sample_1606,uniform,train,129.73519599745265
3.6563712123271906e-17,3.5597782078928653,medium,96.96770761677146,34.33886526057584,131.30657287734704,3.0784509036020444,1.6773824326944617,1.6213732683882123,6.581793068761735,23.455097051910087,2,-6.273127730443539e-16,2.0021908002793713e-15,0.7384832723290146,0.2615167276709875,sample_1607,uniform,train,77.01573518386448
3.881562438971073e-17,1.3383458947951066,shallow,36.0669186455516,18.887267937064106,54.95418658261565,2.0945950426103037,1.5723969312556108,1.5546814921013252,3.346640106136301,4.691945505352419,2,3.1450484433744406e-16,1.099026958552315e-15,0.6563088435733686,0.34369115642663256,sample_1608,uniform,train,43.18557158136144
4.0707379095319064e-17,3.93528889636886,medium,33.89599551344379,13.443875038436115,47.33987055187986,4.2813834192476445,0.9854501306956719,0.9854501306956719,nan,137.744061401316,1,3.453775984843103e-17,9.756105643295321e-16,0.7160136924391692,0.2839863075608317,sample_1609,uniform,train,137.744061401316
4.127725730022308e-17,6.231523081905027,deep,10.66687800216551,8.59642411321513,19.263302115380636,2.6239147271337977,1.0670703550054048,1.0670703550054048,nan,42.893167922764015,1,6.663293751540288e-16,1.8442911072675666e-16,0.5537408871165771,0.4462591128834231,sample_1610,uniform,train,42.893167922764015
4.281370081176842e-17,5.405073799319687,medium,43.3246576609977,4.748058413898958,48.07271607489659,3.853232922774571,0.7119515194206563,0.7119515194206563,nan,111.5852082963613,1,-5.785016249253369e-17,1.441106773095071e-15,0.9012317422110812,0.09876825778892027,sample_1611,uniform,train,111.5852082963613
4.461136110273505e-17,5.868508384774696,medium,30.84688029527182,2.075652152828587,32.92253244810039,1.7042553014451598,0.7405116710291276,0.7405116710291276,nan,20.73445240690462,1,2.561166387948546e-16,4.856009050884756e-16,0.9369534480343922,0.06304655196560831,sample_1612,uniform,train,20.73445240690462
4.241637592704995e-17,8.055073428621101,deep,88.40711046135955,27.485863814597952,115.8929742759574,2.044576424505022,1.511202051481843,1.0918085837262232,6.899275324264135,9.326857577223945,3,1.1174229831914464e-15,8.889986414524902e-16,0.7628340804408889,0.23716591955911204,sample_1613,uniform,train,54.114088168288696
4.971775200020335e-17,5.332840119751806,medium,83.68345626501677,34.71393606882684,118.39739233384343,3.853215490827167,1.392589755489091,1.0567643802611373,19.452506265260524,50.377934813570555,2,2.2042190057788345e-16,1.560347805437422e-15,0.7068015149274212,0.2931984850725804,sample_1614,uniform,train,171.1615778718121
4.180384615494896e-17,1.3317433051038785,shallow,58.40813662635265,30.848919567599804,89.25705619395227,2.3197810331389928,1.2942918510518246,0.7010208128349856,9.271461589199408,3.378333247640913,3,1.5002468297664885e-16,2.109567949084844e-15,0.6543811673492115,0.34561883265079063,sample_1615,uniform,train,88.1905030619678
4.765185727760489e-17,5.48478307618714,medium,35.94474082164453,17.5169313041072,53.46167212575165,2.5842485566600235,1.2484196032822517,1.19200228803515,8.953211714239757,11.330319683281457,3,2.33330076718975e-16,1.5284298332496775e-15,0.6723459890497984,0.32765401095020313,sample_1616,uniform,train,60.80575589748723
4.4094086274650834e-17,4.900724888110401,medium,83.3815638267379,30.225072363863756,113.60663619060148,4.099776268883699,1.101661486441859,0.91896336806117,5.976621118993571,8.768137920926742,3,-3.8720180842339574e-16,1.594875120805795e-15,0.7339497640511597,0.2660502359488418,sample_1617,uniform,train,162.15882650568435
4.6171045836740895e-17,1.4804500021563805,shallow,128.22708092697084,47.704979340885544,175.93206026785595,3.6599371479904597,1.2140233573032966,0.6899300018440959,10.95810202544218,38.01592743788715,3,3.552182147512516e-16,2.5040148765412446e-15,0.7288443091710832,0.27115569082891927,sample_1618,uniform,train,184.30518282576574
4.5316913050656414e-17,5.550678642775179,medium,131.93381093121937,12.09268828710883,144.026499218328,2.97861911838116,1.2951795271562743,1.2951795271562743,nan,42.129048066562106,1,-1.3859040121219197e-16,1.2950218824265578e-15,0.916038448808108,0.08396155119189332,sample_1619,uniform,train,42.129048066562106
2.9016683028128294e-17,2.523303163193174,shallow,275.30047910385025,37.33112493670436,312.63160404055395,3.538510986426128,1.2957371497764036,0.8633218826445698,6.852736679604724,12.24031802742003,3,-2.813030551452247e-16,2.1136850392488628e-15,0.8805906873962072,0.11940931260379499,sample_1622,uniform,train,153.6042719676162
4.263167705538321e-17,8.214315752297981,deep,38.211576045568414,26.511185858717937,64.72276190428623,3.0364691288180317,1.388465697307445,1.0486459736444054,11.203570859328734,5.757599644097901,3,2.15760863461801e-16,1.866302696690353e-15,0.5903885267145541,0.4096114732854478,sample_1623,uniform,train,106.09989721726885
4.2496619294764864e-17,3.7539381882177065,medium,28.0067050220864,9.65597786708262,37.66268288916901,2.380306911412412,1.4454542677245383,1.4454542677245383,nan,26.961174877998403,1,-1.6031477917097361e-16,2.3582452219715514e-16,0.7436194894692575,0.25638051053074273,sample_1624,uniform,train,26.961174877998403
4.13652685088401e-17,6.6329460440173635,deep,66.79226315999449,21.82942490539438,88.6216880653888,3.3851457722213922,1.0446605519585264,0.742511795905462,14.069825869569243,15.509392184899731,2,5.110487071271596e-16,8.418592433012826e-16,0.7536785251789874,0.24632147482101352,sample_1625,uniform,train,89.63396947132173
3.657312420343953e-17,7.024424595868307,deep,75.00131093763565,19.27628765499954,94.27759859263512,2.310501604576272,1.1309894049570957,0.7369652280842482,8.611620056644396,23.374444437354015,3,1.1198300568398725e-16,7.913543447068533e-16,0.7955369256031802,0.20446307439682057,sample_1626,uniform,train,94.77341271353866
3.780968341750089e-17,1.3390155253839386,shallow,15.584287438347358,8.92339320806722,24.507680646414535,2.189239235447645,1.2056327984124793,1.2056327984124793,nan,43.95095114896383,1,-3.615205291720129e-18,1.7395593145140456e-15,0.6358940147454277,0.364105985254574,sample_1627,uniform,train,43.95095114896383
3.978523715735698e-17,2.0499748512186056,shallow,42.101319089167184,20.53443915093052,62.635758240097516,2.2513748009145567,1.2778062778658548,1.1444565963099356,12.086355943790501,36.796117517268684,2,-2.1638206353115428e-16,3.0061713990058564e-15,0.6721610829357725,0.32783891706423046,sample_1628,uniform,train,84.59657045041172
3.949896790558759e-17,5.098550516909687,medium,138.18115101684432,31.01347174646467,169.19462276330864,4.041200403761023,1.5516940800756367,1.4991233209193018,3.655133376499414,3.210607234908481,2,1.8094414125980647e-17,2.0787815147841858e-15,0.8166994243673454,0.18330057563265667,sample_1629,uniform,train,125.21627880332868
4.073882828898652e-17,1.8400860912251564,shallow,86.5194178751405,19.71617035739844,106.23558823253879,2.2717887833342925,1.2402752468474527,0.8376627812473377,3.2496153618543833,4.079202948920724,3,4.3673837039619555e-16,1.4714410158397668e-15,0.81441087035503,0.1855891296449714,sample_1630,uniform,train,57.53349890015048
4.0958656883198926e-17,1.531098840433996,shallow,133.87670181725312,50.49378890984654,184.37049072709917,3.706260889461024,1.3350199692234863,0.8967070826493859,4.024922359499622,6.081557271621548,3,8.546250738926576e-17,2.6977197547750745e-15,0.7261286840930213,0.2738713159069813,sample_1631,uniform,train,172.5829700140655
4.5020102813303685e-17,8.01622652619299,deep,206.68612385966412,51.46024789262876,258.1463717522924,4.283509516999705,1.2601152240322901,0.7967549739701877,7.443117626371357,35.067730083304255,2,2.594161540405543e-16,1.871686427498966e-15,0.8006547698372937,0.1993452301627082,sample_1633,uniform,train,187.7688611756363
4.1471882663233446e-17,2.4399186093648986,shallow,40.08556363361927,16.076685927050146,56.16224956066941,1.913357026800557,1.4701498384854743,1.1553555810936316,9.162968951164247,12.720633134057017,2,1.5423108971448458e-15,1.8977411196622422e-16,0.7137456912283534,0.2862543087716468,sample_1638,uniform,train,42.0617510205648
4.0316257690867364e-17,8.176455614253296,deep,67.15389690520468,26.532035515534023,93.68593242073862,3.59142293755329,1.0935625343554833,0.8649742465053137,8.685620300243386,29.182047825630885,3,3.2373379269681246e-16,7.963520811188006e-16,0.7167980845151867,0.2832019154848141,sample_1639,uniform,train,173.71228307423468
4.917606137847467e-17,8.007191324184822,deep,97.80649545153975,34.83888792906109,132.64538338060066,4.402280673774356,1.2115396450479483,1.0431162751121572,6.867313885355759,5.630441123883416,3,2.797195262349288e-16,1.2856101903910214e-15,0.7373531815344273,0.262646818465574,sample_1640,uniform,train,197.80263686910925
4.41358121439123e-17,2.614133599511885,shallow,122.71886251854059,8.037643196423717,130.7565057149641,1.7605993154824648,1.1668065801729155,1.0071909563836954,6.164414002968976,3.094473532282947,3,6.152060459811495e-17,1.5351306747963704e-15,0.9385296880451611,0.061470311954840415,sample_1641,uniform,train,30.924488064289825
4.8456534759720614e-17,3.3250323380098203,shallow,92.03573820699485,39.817804047515324,131.8535422545098,3.093037376165676,1.390262694303776,1.2123799664638961,10.934349546269317,14.237105095452717,3,2.4296496101423886e-17,2.909994458623129e-15,0.6980149083089723,0.30198509169103066,sample_1644,uniform,train,142.67097546989777
4.0402003471793125e-17,8.08295131495808,deep,35.563729662672344,17.45306578773682,53.016795450409056,1.9801559209058732,1.7671415782304254,1.7671415782304254,nan,32.52271365474005,1,-1.1211509568754625e-16,2.01033294182613e-15,0.6708011934809981,0.3291988065190039,sample_1645,uniform,train,32.52271365474005
4.748373369949964e-17,7.355833824722639,deep,12.303583375904934,8.853437932322077,21.15702130822697,2.841395442200442,1.2981786847561807,0.8639310805760905,13.044539087296263,4.271619223165257,2,6.706073210693862e-17,1.9310944915633614e-15,0.5815366537973211,0.4184633462026808,sample_1646,uniform,train,42.90511953549662
4.6830656692993944e-17,1.4389827168271312,shallow,28.416258956921162,16.027134351302326,44.44339330822341,2.0513270070627234,1.7605269010896247,1.7605269010896247,nan,36.15707605857899,1,-4.924294443696997e-16,1.6786969153637037e-15,0.6393809482513854,0.3606190517486163,sample_1647,uniform,train,36.15707605857899
3.59345908462261e-17,5.276408793604476,medium,45.82516018214533,33.028539627066415,78.85369980921159,3.1818716713884436,1.207213992404542,0.6623587505434451,4.874423042781578,20.85190718735118,3,-2.3706542284263933e-16,1.982397810698047e-15,0.5811415354386719,0.4188584645613301,sample_1650,uniform,train,109.36279697244755
3.960224811333392e-17,6.442223698386923,deep,16.556794478901153,5.087748209750774,21.64454268865186,1.5958081091164413,1.0314691379733398,0.9242454568959448,11.89957982451481,7.241791371949378,2,-6.468664626792808e-17,3.077606324869802e-15,0.7649408313709399,0.23505916862906315,sample_1651,uniform,train,18.295417001971916
3.7522871471669876e-17,4.19687591051844,medium,30.3700805133386,14.643520943083692,45.013601456422215,1.9112728433534254,1.7296373986760916,1.7296373986760916,nan,29.245340124894764,1,-3.727243718453689e-16,1.6968947523152016e-15,0.6746867509088326,0.3253132490911691,sample_1652,uniform,train,29.245340124894764
4.314767221037325e-17,2.7007175764547062,shallow,33.11310060201173,13.246215184832899,46.35931578684456,2.342874386758756,1.6099098736930637,1.5922405264784927,7.037044834303676,4.787615696923507,2,2.6730322418054454e-18,1.3794173864092244e-15,0.7142706927397809,0.28572930726022044,sample_1654,uniform,train,25.01118661246023
4.4386186786621276e-17,7.793416708620623,deep,81.16927345699504,22.7731346593022,103.94240811629705,2.9889235776715304,1.0340042890611592,0.7654782136477676,7.962411694957753,16.709851492601242,3,2.384307647088055e-16,1.9140596183824082e-15,0.7809062242061773,0.2190937757938246,sample_1655,uniform,train,115.27894275530194
4.297531670616342e-17,3.31774394233625,shallow,77.18864380005427,33.71286494402763,110.90150874408161,3.5246957477580474,1.2742111454494196,1.0988717573730775,11.894536560959406,3.6120350389059763,3,-2.48560288256869e-16,2.562788347270412e-15,0.6960107637324955,0.3039892362675071,sample_1656,uniform,train,136.9145794032026
4.0845862276802296e-17,5.067018560730799,medium,111.25871911093743,35.54839027568176,146.80710938661898,3.989028166992969,1.2894606391557102,0.9176373616003546,5.751521537819362,7.980049515425901,3,2.939878139128156e-16,1.5003922426232843e-15,0.757856479674535,0.24214352032546654,sample_1657,uniform,train,143.63018389221602
3.9396524819331316e-17,6.074557561320433,deep,30.56566037333037,9.578610480157158,40.14427085348747,2.0282982413265866,1.3000658148349395,1.3000658148349395,nan,34.95296737274793,1,1.7685673255490398e-16,1.4602276851446604e-15,0.7613953304790197,0.23860466952098175,sample_1658,uniform,train,34.95296737274793
5.0734985428294997e-17,7.794464170063849,deep,8.67781239882713,10.415984912791117,19.093797311618225,3.7088408827397616,1.0686371754655157,0.9684173821883826,13.741906709041508,3.996895834729043,2,1.3461248814119763e-16,1.2094314470465134e-15,0.454483320274215,0.5455166797257862,sample_1659,uniform,train,93.52041828858123
4.0239951644685795e-17,4.129928144528645,medium,137.11257773566365,44.81733115298184,181.92990888864486,3.8180984979459986,1.3398029339128057,1.0608661022661314,10.035935432235503,18.699462441763487,3,-2.9132277144112563e-16,3.4759707114103837e-15,0.7536560567376919,0.24634394326231157,sample_1660,uniform,train,177.75635995879747
4.2749466608638985e-17,6.355680408110819,deep,17.70828796159455,7.755228181072874,25.46351614266737,3.188969019990267,0.9598785109529762,0.9598785109529762,nan,58.30999554257779,1,-2.513970112579895e-16,2.1277062954759812e-15,0.6954376552860292,0.3045623447139729,sample_1661,uniform,train,58.30999554257779
4.0576887738139245e-17,4.316121676388619,medium,78.1861700172904,25.775253305036593,103.9614233223269,3.953826148249384,1.2322338219998195,0.8488230635801629,5.099019513592785,17.669047014561873,3,8.4954027056206275e-16,8.885079936085812e-16,0.7520690609908092,0.24793093900919175,sample_1662,uniform,train,161.64387152537597
3.855009903361913e-17,1.6402275772642747,shallow,45.83244052657265,19.543194892867486,65.37563541944004,2.8427961595249864,1.6564386562193727,1.6564386562193727,nan,42.77318131392867,1,2.1302201226537373e-16,1.3585771121025575e-15,0.7010630219120433,0.2989369780879581,sample_1665,uniform,train,42.77318131392867
4.1202038247722875e-17,7.060645003374168,deep,70.577478087634,27.11083541888002,97.6883135065139,4.495921209271402,0.9855335969068183,0.8782132988754645,6.029925372672539,107.88911188112881,2,5.332507443981467e-16,1.3456103539637152e-15,0.7224761647965995,0.27752383520340185,sample_1666,uniform,train,228.84929528627455
4.1590516702016357e-17,4.019418310175244,medium,68.3784995198776,31.309241067064484,99.687740586942,3.4078670911636446,1.2049008583190062,0.7944386883047934,3.8418745424597076,17.49762611546893,3,9.312923247816279e-16,7.840452644770754e-16,0.6859268664058219,0.3140731335941789,sample_1668,uniform,train,131.80911465823502
4.2987220313952944e-17,5.037717898962124,medium,25.5071419005887,10.720294389736447,36.22743629032502,2.338154968169717,0.9831596683253603,0.879013051059129,5.861740355901137,15.426102370416496,2,1.7531956815583556e-18,3.3833092945456566e-15,0.7040835486170103,0.29591645138299316,sample_1669,uniform,train,68.96981549090255
4.46103530143245e-17,1.6649276920440566,shallow,98.8437145112477,22.60824146657225,121.45195597781968,2.391753392445168,1.3334507390460264,1.2219600860170803,7.269112738154499,7.050772668995034,3,-3.0185617121677445e-16,2.1939006561466905e-15,0.8138503304903476,0.18614966950965456,sample_1670,uniform,train,79.72186776767009
4.190959085167939e-17,5.127744637496438,medium,69.47169421245677,34.363828979383285,103.83552319183983,2.920851135049199,1.3327172075682225,0.7066369134501553,7.528612089887485,5.004113120440579,3,-4.980765097352538e-16,2.189748444982081e-15,0.6690551756945967,0.33094482430540545,sample_1671,uniform,train,134.51504821798432
4.4137369471754745e-17,3.1324873719935518,shallow,51.33703355657444,11.542957470006868,62.87999102658129,1.994285849520533,1.0433437158302752,0.6449608179718622,6.3749509802036926,5.664037221115688,2,-1.6127103391179798e-16,3.3899944520971644e-16,0.8164287672190143,0.18357123278098605,sample_1673,uniform,train,38.88795416929051
4.500504470639577e-17,6.906053325357829,deep,87.46095226234598,34.35826475528701,121.81921701763277,3.6807351940982587,1.104330594111899,0.6657623943879114,11.862546101069535,5.927299731230051,3,-2.59237298900888e-19,1.866484459593274e-15,0.7179569398290125,0.28204306017098935,sample_1674,uniform,train,152.4874805303132
4.4245855441177424e-17,7.500101539652579,deep,63.678821629948544,3.343172416683801,67.02199404663226,2.791707958902716,0.6737263922541463,0.6737263922541463,nan,48.754664982659484,1,-1.5105984110951204e-17,1.2920742981850087e-15,0.9501182788689095,0.04988172113109174,sample_1675,uniform,train,48.754664982659484
4.495782808619175e-17,7.05033511458231,deep,59.58485219850236,12.855705642533445,72.44055784103568,2.942317564833464,1.137165734645621,0.8064895811324906,9.427618999514142,3.592626574188753,3,3.1111377700145756e-16,1.691988929565992e-15,0.8225344195893133,0.17746558041068844,sample_1676,uniform,train,63.510590910748036
3.4319530838399614e-17,5.623880823172044,medium,13.090570124121209,6.738499038305403,19.829069162426592,3.689437421575333,0.8024091392406679,0.8024091392406679,nan,121.16094509204943,1,7.369023272814502e-17,1.0302099148361124e-15,0.6601706825919026,0.33982931740809846,sample_1677,uniform,train,121.16094509204943
4.514687043946911e-17,6.892112834725636,deep,93.04031895198096,28.860239318029176,121.90055827000987,3.1199601759359448,1.2520656969624606,1.028931810395878,5.571355310873648,13.222184959533509,3,1.59699034229811e-16,2.2441156722326506e-15,0.7632476854281222,0.2367523145718801,sample_1678,uniform,train,95.82082753873588
4.689318039857044e-17,8.354581004021444,deep,35.837037563037484,21.116758745183176,56.95379630822048,2.9839989100898903,1.3242659977395903,1.0773333189689367,8.511169132381285,5.361830172146607,3,6.30231853996046e-17,3.118943695670482e-15,0.629230005478404,0.37076999452159903,sample_1679,uniform,train,91.1236084432796
4.4253737770587324e-17,4.446670384473627,medium,109.18423345871915,41.467366861321196,150.65160032003996,4.1358383239870316,1.5017667254955551,1.3480875891424038,10.446051885760474,35.21274432607913,2,-1.9324492590757572e-17,2.5468901524799434e-15,0.7247465889958771,0.2752534110041254,sample_1680,uniform,train,133.59092951082278
4.33990301416163e-17,5.891053738730405,medium,88.77680323296099,25.11234871910573,113.8891519520666,2.973856402084857,1.001406290017408,0.603634280053872,6.99714227381436,14.890720138492464,3,-2.633509167424598e-18,1.0294180735471632e-15,0.7795018376317804,0.2204981623682206,sample_1681,uniform,train,115.8360514543506
4.309401566617545e-17,2.361703975999311,shallow,28.954837747370153,14.008207887547854,42.96304563491797,2.457221865230018,1.1328915958471606,0.815897751184603,3.6878177829171555,4.5310442314050965,3,4.561558558488873e-17,9.096154588035907e-16,0.6739475127861344,0.32605248721386654,sample_1682,uniform,train,48.07308310814805
4.291472465697394e-17,5.026494902412003,medium,46.17577536661463,21.892702770432596,68.06847813704705,3.0142001721615013,1.3183460434553447,1.2182055899998445,13.903956271507761,2.4897207053621715,3,-1.836944122261184e-16,2.557468229431119e-15,0.6783723777935169,0.3216276222064856,sample_1684,uniform,train,87.6786628527149
4.715363328786483e-17,1.761822072804342,shallow,41.0669139578602,23.644105153265695,64.71101911112575,2.0563184072970526,1.4022527571526553,1.0451652793199802,8.160882305241268,3.3456554041034514,3,3.5412304041238066e-16,2.250949881977319e-15,0.634620108320927,0.36537989167907525,sample_1685,uniform,train,57.19266950113189
4.1198999737638284e-17,3.7835845683190783,medium,28.281415698745253,11.881528439266715,40.162944138011895,2.0458234193888205,1.3165742848827118,1.134006519666658,5.134199061197372,11.051077384443802,2,-2.744332525531146e-16,1.813378774353355e-15,0.7041668957724275,0.29583310422757425,sample_1687,uniform,train,28.489979076375924
4.059750113876312e-17,5.357238525282789,medium,28.494047084232232,11.845596344685305,40.33964342891748,4.418248382971239,1.031886650279145,0.7968732025038202,14.679237037394008,2.1507120762378973,2,7.280641639750464e-17,1.3210504767081321e-15,0.7063534692477293,0.293646530752272,sample_1689,uniform,train,183.96334147140402
4.385595073610178e-17,7.739360030850897,deep,93.15013681177288,29.252463370749332,122.40260018252201,3.666414990354412,0.9648808868157208,0.6289330191479684,8.435638683585257,105.19674589847635,2,2.1656422060691644e-16,1.6834396741830995e-15,0.7610143630353523,0.2389856369646494,sample_1690,uniform,train,228.3402374751763
4.0931806094892315e-17,6.253036461194072,deep,183.3091664825033,49.45504507730584,232.76421155980867,4.317270398199942,1.3193969886385308,1.0280056246590552,12.473972903610141,7.323106483143072,3,4.3416537318721096e-16,1.953682431844197e-15,0.7875315765001187,0.2124684234998832,sample_1691,uniform,train,216.56274438921287
3.6017345079577344e-17,6.272756608680632,deep,9.601785726933745,8.091898719041106,17.693684445974824,3.9741782224583546,0.9246399817687002,0.8533263808770346,9.826494797230596,3.484405837917652,2,2.7910197576065294e-16,1.5059244823971848e-15,0.5426673995600773,0.45733260043992424,sample_1692,uniform,train,99.94684605859393
3.545759024696366e-17,2.980267607398946,shallow,37.1046952369105,18.652081984490362,55.75677722140081,1.9082021229665087,1.6157001991645954,1.5976987977289074,15.058552387264855,8.255485786398943,2,5.883959514023659e-16,9.557709006458365e-16,0.6654741734726521,0.3345258265273488,sample_1693,uniform,train,37.36009238347409
4.0813111880454996e-17,1.3121402921689747,shallow,23.196795908258956,6.179672561234961,29.37646846949387,2.484985223353017,1.1455726538938689,1.1455726538938689,nan,27.73716326601333,1,-1.062134406666506e-16,1.6326548820397777e-15,0.7896386841851932,0.2103613158148084,sample_1694,uniform,train,27.73716326601333
4.1859678640059124e-17,4.137129193804224,medium,30.968521147086726,12.070908512162509,43.03942965924917,2.285367207793019,1.620226746353203,1.620226746353203,nan,24.889909129553995,1,9.655467709993741e-17,1.4445472412445851e-15,0.7195383719596199,0.2804616280403816,sample_1695,uniform,train,24.889909129553995
4.806995828985968e-17,4.871866619776162,medium,116.35245016886509,22.981221613326568,139.33367178219146,4.380891296579699,1.2028495133956154,1.2028495133956154,nan,152.1803817479309,1,1.3521067480505443e-16,1.4278814551290432e-15,0.8350634034158594,0.16493659658414203,sample_1696,uniform,train,152.1803817479309
5.102833794372596e-17,3.982652162863774,medium,13.461892699774394,9.99722636719041,23.459119066964764,2.1411200996485986,1.1993610783502189,0.679149380830588,13.876599006961323,13.789374623346484,2,-7.34367170497179e-16,1.6658703319272516e-15,0.5738447663506466,0.42615523364935504,sample_1698,uniform,train,34.02824129192374
4.040092060974236e-17,1.6079348125265427,shallow,56.69929382217834,17.543602564292698,74.24289638647089,2.83565313057313,1.4772823098939631,1.4772823098939631,nan,56.80106454801088,1,-2.1582773570217196e-16,2.009808099792992e-15,0.763699917188448,0.23630008281155404,sample_1699,uniform,train,56.80106454801088
3.5093391455765104e-17,1.7024860607053733,shallow,24.79009120410485,17.057071613532,41.84716281763671,2.0499351108928208,1.6841894409957496,1.6841894409957496,nan,36.08352451653469,1,-3.9501814972206645e-16,3.3958944306763765e-15,0.5923959842184794,0.40760401578152405,sample_1700,uniform,train,36.08352451653469
4.7392250613007354e-17,4.563418116408748,medium,42.55053500665882,25.46789834688664,68.01843335354535,4.0467934843620625,1.3632219713141585,1.0719904295088636,11.029052543169788,5.134782354674743,3,3.662758009612586e-16,1.6191805458141292e-15,0.6255735821713239,0.3744264178286777,sample_1701,uniform,train,138.03007425790545
3.884333811021844e-17,4.534509648795101,medium,14.875802521447701,13.915663731449753,28.791466252897397,3.5586582623017136,1.1667425403485383,1.1667425403485383,nan,82.40654229225579,1,5.010142636028663e-16,1.9743148320932643e-15,0.5166740169042516,0.4833259830957503,sample_1702,uniform,train,82.40654229225579
3.7856344949055935e-17,5.692165519923861,medium,36.49599119980186,24.345546945053783,60.84153814485558,3.2006117406359453,1.1772001286707825,0.6437981213605873,7.2910904534232746,3.203287418769676,3,2.0272915706505754e-16,9.342863542580305e-16,0.59985319754589,0.40014680245411094,sample_1703,uniform,train,77.93865815379917
4.0733473363570805e-17,3.900412097964262,medium,20.600138069222396,6.155877902360711,26.75601597158306,2.7695418263381804,0.7406360067170549,0.6647656275266317,11.329607230614839,25.54972680019638,2,4.069847684143905e-17,1.7261642343710221e-15,0.7699254661494193,0.23007453385058244,sample_1704,uniform,train,59.66710548582726
4.279725256354719e-17,5.565000601308692,medium,51.270148318361215,22.07385585965366,73.34400417801473,3.2336877036103053,1.510853194614235,1.2808641862315364,6.770524351924304,4.420148316532302,3,5.184201246702564e-16,1.986000934408805e-15,0.6990366682724657,0.30096333172753637,sample_1705,uniform,train,72.7701029628774
3.492395782357672e-17,6.205473327100348,deep,14.297574427015743,10.449491301833657,24.747065728849382,2.8247736931848633,1.2917303258536337,1.2917303258536337,nan,54.17652281421201,1,3.684977234504677e-16,7.178050354993915e-16,0.5777482705898366,0.4222517294101642,sample_1706,uniform,train,54.17652281421201
3.94374055527319e-17,8.206064395889067,deep,90.8259699278634,34.052486032640964,124.87845596050414,2.813930326209385,1.215483870089075,0.6551011802412824,3.452535300326413,9.64352741726823,3,-1.247056303615389e-16,1.7638610790903458e-15,0.7273149658143542,0.27268503418564766,sample_1707,uniform,train,122.43172744031051
3.374938435249956e-17,3.5345112030133903,medium,37.475691901891864,24.54356472714706,62.01925662903876,3.0581985648094245,1.6110421322224524,1.6110421322224524,nan,76.58836138232333,1,-3.975814848020295e-16,2.692349956762317e-15,0.604258966308618,0.3957410336913847,sample_1708,uniform,train,76.58836138232333
4.14386170509469e-17,3.292862976059512,shallow,8.09924736098909,10.497814565342749,18.597061926331822,3.5562618265417156,1.0215251494432698,1.0215251494432698,nan,91.89608064854387,1,6.750291537052181e-16,8.596632961664634e-16,0.4355122004256629,0.5644877995743379,sample_1709,uniform,train,91.89608064854387
4.16610607062782e-17,5.766082627449158,medium,33.953845143793586,10.686727204139087,44.640572347932654,2.2076914699347068,0.9966052016428968,0.6723456680365794,9.993998198919192,3.831886957859975,2,3.8454796115615505e-18,4.377167273104568e-16,0.7606050585363076,0.23939494146369295,sample_1710,uniform,train,48.903567157956786
4.025718814025236e-17,2.0753984358371533,shallow,91.28754727723697,26.73758048439359,118.02512776163037,3.6899374749134175,1.2181864111181744,0.7291779672863963,10.121264743104,10.836720416360315,3,1.907936017727074e-16,1.565269318502571e-15,0.7734585762245986,0.226541423775403,sample_1711,uniform,train,176.9631151948568
4.3347312793324746e-17,1.9156715388240413,shallow,52.18546972018878,11.01038898446316,63.19585870465186,2.180731389285529,1.0464101832484238,0.8637051214871261,4.529900661162452,18.993968206415722,2,1.0235286191000811e-16,1.208676417408791e-15,0.8257735679181046,0.1742264320818966,sample_1712,uniform,train,62.43450005831883
4.567318662404109e-17,5.919598120188654,medium,69.14261287206332,12.608536538549785,81.75114941061292,2.970852649225679,0.8073005960655704,0.6289664003255679,7.9724525711978975,4.612717498313602,3,1.7179366410087092e-16,2.259798334696478e-15,0.8457693056372764,0.15423069436272593,sample_1713,uniform,train,110.01214138058667
4.0966551359536333e-17,6.397739366014186,deep,77.60085117908072,14.26927884447136,91.870130023552,2.3790441173678856,1.1323831676981548,0.812079814604677,7.124605252222747,5.350655482620119,2,1.2178142776811888e-16,9.474405348974488e-16,0.8446798884380247,0.15532011156197625,sample_1714,uniform,train,41.228263965047546
4.294749842923244e-17,5.524160033788728,medium,209.54914296422234,53.074017298636605,262.62316026285845,3.9486435802135773,1.7672594176178975,1.7371173693275264,13.31164903383499,16.14729770537922,2,-2.253058910141041e-16,1.893892048721996e-15,0.7979080853131364,0.20209191468686555,sample_1715,uniform,train,156.74863733168
4.320991700531557e-17,3.2681534372345067,shallow,36.16694149630939,4.733215096354273,40.90015659266363,2.712476569150487,0.8786566866931345,0.8786566866931345,nan,35.566277162799686,1,-1.6351376414720836e-16,9.1206236687359e-16,0.8842739126039618,0.11572608739603904,sample_1716,uniform,train,35.566277162799686
4.534191850147645e-17,3.4274474360713905,shallow,36.19134493919862,25.716343072166286,61.90768801136473,2.0600982694351195,1.4223707672641268,1.328341996039999,7.088018058667739,11.830387927510655,3,4.0915438296575073e-16,2.811976603443294e-15,0.5846017853639563,0.4153982146360464,sample_1719,uniform,train,66.54551172587666
4.300591448523625e-17,5.875871356693362,medium,69.95237175171238,32.729930720350204,102.6823024720624,4.096943491442695,1.156542790802887,0.9283442113326759,10.432641084595982,79.28822551615563,2,2.898328319931773e-16,1.7299542342104747e-15,0.6812505180310393,0.31874948196896247,sample_1720,uniform,train,190.41332534647455
4.182970417512681e-17,4.881220192553554,medium,97.80905230728898,23.487847896578437,121.29690020386725,1.9553734481328664,1.3405400847132956,0.7825703136189277,6.779380502671317,3.2913760501382607,3,-7.394414173221087e-17,1.3473124947970653e-15,0.806360691352363,0.19363930864763834,sample_1721,uniform,train,50.48564025858754
4.4804317310657785e-17,5.388531031380318,medium,166.8013933758059,62.55236109625723,229.3537544720625,3.7557695473598787,1.3702478961177997,0.9181596800635949,7.410802925459563,2.2642408797197966,3,2.943521053200907e-17,2.7882188528201576e-15,0.7272668971988594,0.27273310280114343,sample_1723,uniform,train,194.2508760924226
4.1719506144762775e-17,7.2887924021946775,deep,33.218574179593446,17.628091561394807,50.84666574098824,2.702775697828304,1.613919691814539,1.613919691814539,nan,44.801724657215914,1,5.493911669751347e-16,2.096133715176887e-16,0.6533088000068304,0.3466911999931697,sample_1724,uniform,train,44.801724657215914
3.517736020668955e-17,6.10445065969079,deep,24.390592906527868,6.852699669685199,31.243292576212994,3.9630855074299416,0.7617899090542777,0.6729067278054679,21.264994709616083,20.577061168354373,2,2.820144426311847e-16,2.3310805107288754e-15,0.7806665333697124,0.21933346663028996,sample_1725,uniform,train,134.52809633815582
3.949961049809088e-17,1.3922973117533415,shallow,24.176188844939304,7.995314254851097,32.17150309979038,1.947573865020939,1.2817854293647346,1.1734113939681095,15.042606157179014,4.90288871267595,2,1.9977014384744933e-16,7.17797948096299e-16,0.7514783741980906,0.24852162580191017,sample_1726,uniform,train,26.93974155504229
4.35836770311817e-17,4.329770288413772,medium,22.018464839258687,17.35501898186563,39.37348382112427,1.9352518893678963,1.4990157041837133,1.4025637599125398,6.6241980646716785,6.141772362461222,3,3.778856099310609e-16,1.2632357281151251e-15,0.5592206404515712,0.4407793595484301,sample_1727,uniform,train,30.602126487779486
4.2681261307000456e-17,3.7234976785865865,medium,58.46841908524994,23.286333620137874,81.75475270538776,3.1317557529697733,1.0909913980938628,0.932099557498907,5.976621118993575,8.946394376412393,3,1.7407940797942912e-16,6.952919185707713e-16,0.7151684415944272,0.28483155840557356,sample_1730,uniform,train,100.43512569431402
3.612724126461995e-17,1.7174938195430671,shallow,28.14047003065279,14.634643930571734,42.775113961224434,2.1981903096757174,1.5222439586212473,1.5222439586212473,nan,44.49226101759061,1,3.396293268488473e-16,2.07639053984814e-15,0.6578701358028427,0.3421298641971594,sample_1735,uniform,train,44.49226101759061
3.9915903469245915e-17,2.978808898615463,shallow,32.69503058811957,12.213378638698774,44.9084092268183,2.5665765352390375,1.3694566224963711,1.1241879487935589,16.492422502470646,6.654515678822789,2,1.3585279546728466e-16,1.0284327282923594e-15,0.7280380479074023,0.27196195209259866,sample_1736,uniform,train,40.35440752555115
3.724602725657408e-17,3.4664170827354797,shallow,42.98980737488048,18.212859154706184,61.20266652958659,3.512650908265728,1.106608476464742,0.7061287423298535,11.963277142990545,27.43711069127256,2,8.965612315772033e-17,1.2190153057913583e-15,0.7024172280810403,0.2975827719189608,sample_1737,uniform,train,129.87706682528687
4.6634909327930996e-17,7.704099865569624,deep,27.189028050356356,15.950808504944728,43.13983655530099,3.036857072163813,1.333650450883,1.0581356393699197,13.518875692896952,11.20850436940323,2,-5.231364550927587e-16,2.2235427156672096e-15,0.6302533857656767,0.36974661423432553,sample_1738,uniform,train,64.76121143857897
4.581822670077203e-17,6.087206496433015,deep,35.53811543012916,13.78521399797104,49.32332942810004,2.8609149729150936,1.1318581451082412,1.0443034540168818,5.571355310873647,27.640071525559218,2,2.625773608604429e-17,3.277322805652489e-15,0.7205133116963249,0.27948668830367834,sample_1739,uniform,train,64.26024751931656
4.471755326259464e-17,6.9282838845924575,deep,117.28903009191365,43.1852099560045,160.47424004791782,3.4925065122035606,1.3231639110067068,1.1939027701748137,5.779273310719958,18.460488812634612,3,1.9216703685378927e-16,2.036773368436257e-15,0.7308900796594581,0.269109920340544,sample_1740,uniform,train,169.7464228226421
4.3279690908450984e-17,3.2214610468466542,shallow,59.005875591120436,9.113482855823623,68.11935844694396,2.0142721769726837,1.2924752620315374,1.2924752620315374,nan,34.232851091690684,1,1.2776896251954715e-17,1.4081646027586294e-15,0.866213025730098,0.13378697426990346,sample_1742,uniform,train,34.232851091690684
3.8234423083344816e-17,7.3796483481185975,deep,27.726107759336514,19.61597589553737,47.34208365487377,3.3545451818532372,1.5186879046665764,1.5186879046665764,nan,62.64166115231884,1,-3.9737778738326364e-16,2.4764341226528792e-15,0.5856545723982339,0.41434542760176857,sample_1743,uniform,train,62.64166115231884
3.729884334801746e-17,7.6102944296555854,deep,16.233735170659678,3.704657714906611,19.938392885566238,3.7296279160286985,0.6305985004738827,0.6305985004738827,nan,90.68773348833984,1,-3.365596094455675e-16,2.561402988990546e-15,0.8141947680453008,0.1858052319547018,sample_1744,uniform,train,90.68773348833984
4.686711594021197e-17,7.988653444690552,deep,68.26404805350714,19.166589182983763,87.43063723649067,2.358670695968922,1.2264192818463637,0.7619060783382919,6.61513416341649,10.141362949178435,3,-7.6610160908213e-17,2.6818871532022783e-15,0.7807794865872941,0.21922051341270862,sample_1745,uniform,train,78.73171415209805
3.174342526871005e-17,8.302720665651243,deep,328.15794273871757,62.31153347665916,390.46947621537583,3.9289125337881243,1.3662561728831986,0.7179761843223464,8.02745289615579,9.596879441998823,3,-1.6181424589286071e-16,2.2746423825718512e-15,0.840418938554141,0.15958106144586126,sample_1746,uniform,train,216.0874240475975
3.857034419990653e-17,4.848136090341992,medium,17.444583423342248,10.260525986925035,27.70510941026727,2.7487803492618057,1.2686177361384696,1.2686177361384696,nan,41.34833011406655,1,7.070517615918097e-16,5.129326329220554e-16,0.6296522119807056,0.3703477880192949,sample_1748,uniform,train,41.34833011406655
4.484318113328105e-17,5.395793033438766,medium,141.62676623391528,39.11860216143315,180.74536839534815,3.659964158446253,1.3457588678368768,0.6436812450848501,8.328265125462808,20.703399773657114,3,-1.2095332744783577e-16,1.5331605418530388e-15,0.7835706524115853,0.21642934758841625,sample_1749,uniform,train,187.19133905609266
3.6314460995709137e-17,7.086235910906374,deep,22.45656139255184,7.227001113527702,29.6835625060795,2.1458051691648596,1.294998010309633,1.215908358349831,10.705138952858112,4.644106220899507,2,-9.296814407160345e-17,1.4362347557465322e-15,0.7565318815068948,0.24346811849310668,sample_1750,uniform,train,18.613018231846244
4.2580676177940214e-17,7.937075643281931,deep,46.41514883669298,22.292951960565006,68.70810079725784,3.756551091038593,1.3196506963338468,1.3196506963338468,nan,119.06977411499697,1,-3.5342439453200955e-17,2.0682939202664094e-15,0.6755411414100012,0.32445885859000084,sample_1752,uniform,train,119.06977411499697
3.786290892629137e-17,2.2372488474491625,shallow,12.740458863165065,8.187486493244858,20.927945356409886,3.1586970444751503,1.0305825776401936,1.0305825776401936,nan,51.502765934489496,1,9.722415720295708e-17,1.782472812887951e-15,0.6087773379656151,0.3912226620343867,sample_1753,uniform,train,51.502765934489496
4.417265773997341e-17,1.9080282412478347,shallow,109.47412994793733,28.00200177449836,137.4761317224355,2.3602994844694383,1.4985189172680977,1.2119780580179458,9.45304183847718,21.23006785068467,2,4.337067132981052e-16,1.3954897934033049e-15,0.7963137206170868,0.20368627938291456,sample_1755,uniform,train,59.46620266370997
3.652906709686579e-17,7.76634457113463,deep,32.549442081618245,24.66783213389997,57.2172742155181,2.960343835564421,1.1010508810333235,0.8632537298247858,12.987686476043379,16.794016878280956,3,-3.661051119063511e-17,1.9869320809201117e-15,0.5688743920064335,0.43112560799356847,sample_1756,uniform,train,124.14317594974183
4.493074742217604e-17,5.02519538920672,medium,201.49533552485096,58.844985784263415,260.3403213091136,3.533812114714258,1.5490196435322092,1.5000387845110403,9.348796714016194,49.763312580527696,3,2.979642399054323e-16,2.8930412934822635e-15,0.7739689899422326,0.22603101005777032,sample_1757,uniform,train,195.22628030977395
4.216104639482305e-17,2.962955244323406,shallow,42.89725353678816,14.557377784368795,57.45463132115678,4.230614485030411,1.0110760827290755,0.6228362634599652,3.5440090293338713,3.3995803314011135,3,-4.2286688540523763e-16,3.0608381440586726e-15,0.7466282969775477,0.2533717030224553,sample_1758,uniform,train,124.75395054394106
4.740801973669003e-17,4.919700219410144,medium,42.13662894030929,13.67045219139241,55.80708113170158,2.3163427228442215,1.0129075125521867,0.8387552867098582,13.690872872099863,26.07906158242803,2,-9.621709282887553e-17,2.2281218841130636e-15,0.7550409031583145,0.2449590968416877,sample_1759,uniform,train,78.1382102277913
4.9479108111536115e-17,2.932398479081588,shallow,22.0016443467597,13.229889454731486,35.23153380149113,2.4890283297854747,1.7763808241330095,1.7763808241330095,nan,24.560844369254948,1,-3.256915705106878e-16,1.5630049583330123e-15,0.6244872695786099,0.3755127304213916,sample_1761,uniform,train,24.560844369254948
4.329206493312219e-17,4.411167427701857,medium,85.09178735369758,23.058627805211,108.15041515890842,2.8740225657462006,1.5173747245693794,1.4533330517448038,11.450764166639711,18.62885906288442,2,-9.628528514981719e-17,1.5439380667959414e-15,0.7867911300078677,0.2132088699921338,sample_1762,uniform,train,51.07578811116841
4.729236920206662e-17,7.191181614509938,deep,37.05859523037194,25.701395373380816,62.759990603752684,2.721097800749909,1.5515057575112399,1.2540607465879838,3.709447398198282,3.138411859955289,3,4.60465791855817e-16,1.1887667053020471e-15,0.5904812106226806,0.4095187893773206,sample_1763,uniform,train,66.5813841495803
4.811532257631601e-17,3.155628640445384,shallow,86.52935509066398,28.410449039036017,114.93980412969967,3.6998617046945896,1.2255666682395683,0.8290390808960894,4.440720662234904,4.911000997908597,3,-1.315776299777277e-16,2.9054781181844327e-15,0.7528232342646335,0.2471767657353694,sample_1764,uniform,train,138.5871739557259
3.17943031111812e-17,6.600129391726085,deep,19.193734787362576,12.361417902363332,31.555152689725833,2.141311326284181,1.3507075581386605,1.3507075581386605,nan,41.127096654990986,1,-2.5140436674369347e-16,2.364336119314742e-15,0.6082599243327997,0.39174007566720265,sample_1767,uniform,train,41.127096654990986
4.5047371569017456e-17,7.970814678758061,deep,37.84329632311908,3.5375180675669693,41.38081439068602,1.548911029814677,0.8222126774607565,0.7304398618225671,15.468678030135608,5.7278409114969575,2,6.046662988299364e-17,6.439059497340653e-16,0.9145130872928598,0.08548691270714075,sample_1768,uniform,train,21.293518349836624
4.3064051189789453e-17,4.770778416456269,medium,71.73563956527536,22.697504557115792,94.43314412239103,2.5092055502216306,1.3716130094886676,0.9439369541520422,14.98399145755229,11.963815192477078,2,2.6186665261765226e-16,1.3543729124496261e-15,0.7596447225383247,0.24035527746167662,sample_1769,uniform,train,50.31558899824469
4.6020889391725435e-17,4.618004790292669,medium,52.17584183119246,7.477768386470271,59.653610217662674,2.0150469639934347,1.165480182994651,0.6406696379237832,12.401612798341997,9.97957945897087,2,2.510873824630738e-16,9.08224722762311e-16,0.8746468426774924,0.1253531573225085,sample_1770,uniform,train,28.728446269605953
4.1091998096186187e-17,4.070583778985214,medium,73.21539145359833,29.014602611853398,102.2299940654516,4.259659997781181,1.1777775802546473,0.7370209233065135,6.118823416311342,4.465088800865915,2,9.540861157081754e-17,1.181573628986823e-15,0.7161830744773691,0.2838169255226321,sample_1771,uniform,train,113.39606721910293
4.4732972532252716e-17,7.054936133848902,deep,119.26934969525286,38.121515452728744,157.39086514798143,3.2762537128751013,1.4500457110836396,0.8950900015432917,6.222539674441618,14.234193126294938,3,2.546405121858209e-16,1.0834825542263126e-15,0.7577908005214526,0.24220919947854838,sample_1772,uniform,train,98.5299335708549
4.174425363457959e-17,8.345506059574156,deep,60.41069439954416,25.771118969172655,86.18181336871659,3.1825596876879882,1.2091631374605651,0.7179621043211547,11.099549540409287,12.639653853243432,3,-3.3116801216234606e-16,2.6383022885634376e-15,0.7009680121383107,0.2990319878616919,sample_1773,uniform,train,100.54270979148382
4.581552886539199e-17,6.089761641218086,deep,109.10419193721772,34.011752898022166,143.1159448352398,3.3771766372707592,1.1830672932083803,0.6284649749511844,13.566134305689296,35.82179170976953,2,3.2618446689922813e-16,6.950726777574249e-16,0.7623482628914785,0.23765173710852217,sample_1774,uniform,train,132.00337536133
3.6388968799486994e-17,7.091017690212416,deep,70.29274878056329,22.09973042634148,92.39247920690462,3.0980321600204044,1.1180484962913557,0.8609940764428119,8.957678270623475,26.022899939089783,3,8.40183144692938e-16,1.5380964811408596e-15,0.7608059593589757,0.23919404064102584,sample_1775,uniform,train,126.23501339115793
4.1730708523919316e-17,4.434106921107368,medium,43.157494618575996,8.271540415312728,51.42903503388863,3.9925508417774633,0.7201653541219262,0.6145725369176069,9.82445927265211,23.76692046487533,2,-1.1366909285153498e-16,1.796077946785243e-15,0.8391659417707878,0.16083405822921396,sample_1776,uniform,train,135.62171366519402
4.481612201358408e-17,4.535914767203672,medium,41.88022207963336,20.188395868905506,62.06861794853876,2.05180202553933,1.3976341478561132,1.1489930466235538,9.092854337335444,11.387592983292173,3,-1.7469347545837392e-16,1.774393045679348e-15,0.6747406896405581,0.3252593103594437,sample_1777,uniform,train,52.78820452415812
3.9648350531260154e-17,7.3227258266936,deep,34.37512031354048,17.562535086123848,51.9376553996643,2.8507730104234876,1.463559257087236,1.463559257087236,nan,57.403871277754796,1,-1.6785179190102328e-17,4.788239969678001e-16,0.6618535251354967,0.3381464748645039,sample_1778,uniform,train,57.403871277754796
3.7510641244329674e-17,4.721423010131157,medium,26.51308861537395,13.614906048104162,40.12799466347811,2.3624076119497563,1.500819897243244,1.39974336431195,19.576516544063708,4.459775728569371,2,7.590108741621172e-16,4.426727162164858e-17,0.6607130218621274,0.33928697813787245,sample_1781,uniform,train,38.05573727388439
4.12540227969772e-17,3.530082983130682,medium,72.8632661299355,35.51073895084501,108.37400508078046,3.3848613419208324,1.3628906824420148,1.0469239103408094,8.10185164021164,11.08889940901964,3,9.113180745474093e-16,3.933836727158722e-16,0.6723315805817478,0.3276684194182526,sample_1782,uniform,train,154.04632593889673
4.2822184867228324e-17,5.9661126899696875,medium,38.90640852900938,19.221270554431264,58.12767908344055,3.0403955251564,1.184126671026996,1.1440444163303454,4.209513035969838,15.037196753032807,2,7.559822743970606e-17,1.711335882921099e-15,0.6693267156454052,0.3306732843545964,sample_1783,uniform,train,79.34287629727271
4.3813087162786894e-17,7.651806163648995,deep,50.07681642555805,26.285901836704678,76.3627182622626,4.144726881860749,1.2045901191862989,0.7896096070836248,13.399999999999999,41.920843942129295,2,2.7342822400796487e-16,1.6283466799985183e-15,0.655775718375721,0.3442242816242806,sample_1784,uniform,train,189.38981111294922
3.417471708624895e-17,3.6906621522893457,medium,99.79174426772747,31.62633270815178,131.41807697587893,3.374486989949778,1.204231269706418,0.8001502312092564,6.029925372672533,4.057907260845167,3,-1.0978378615832784e-16,2.37896346475856e-15,0.759345643796353,0.24065435620364936,sample_1785,uniform,train,187.0673718933186
4.670484059159175e-17,6.442834236081796,deep,67.92562728452961,28.772248646607974,96.69787593113738,3.6642956775987963,1.128445757306193,1.0714925757361002,8.657944328765344,92.21891826233123,2,1.9600535659123108e-16,2.167680572409902e-15,0.7024521131457149,0.2975478868542873,sample_1788,uniform,train,188.5368405900045
4.083288732130986e-17,4.724511317694116,medium,72.62829887924569,27.91699561316435,100.54529449240997,3.4076610366897198,1.2497117364365395,0.8010222734111048,9.86711710683521,8.822692366516048,3,2.566314444985115e-16,7.42023658406436e-16,0.722344086273757,0.2776559137262437,sample_1789,uniform,train,152.7616978336855
4.2072416338528505e-17,7.346128462733927,deep,45.639202218160904,24.59895053970521,70.23815275786596,4.422505554970464,1.2136893385245693,1.1146212338584542,20.619408332927502,23.627959787352054,2,-5.988631417956015e-16,2.174981576110901e-15,0.6497779401388055,0.3502220598611967,sample_1790,uniform,train,152.69371464857983
4.0848895874163876e-17,1.7540779236385902,shallow,78.06670241448197,41.721627578668205,119.78832999314977,2.6058056416885087,1.445277902861669,1.30586990349611,6.817624219623726,19.060519819917968,3,-6.868014695117011e-16,3.3217253471052703e-15,0.6517054075213028,0.3482945924787006,sample_1791,uniform,train,121.09020119054843
4.233541714996835e-17,8.110703993672818,deep,146.08952286809875,41.255449744758955,187.34497261285745,3.6971388684588713,1.1381125774146998,0.8082764991525042,5.192301994298868,12.152177784288638,3,4.821860848706904e-16,1.4032979298276309e-15,0.7797888613215589,0.22021113867844247,sample_1792,uniform,train,178.99187541944355
3.9208425475220114e-17,6.747006597542447,deep,50.4502661637917,31.38330673631346,81.833572900105,2.7849239422430605,1.4007504974035045,1.3637527724337757,13.221195104830729,23.283661944819254,3,-8.111553894968097e-17,2.0404527993352385e-15,0.6164983927241795,0.38350160727582255,sample_1793,uniform,train,95.84206794761556
4.2605036170164735e-17,7.21034918401257,deep,44.712440289349125,9.051308786529619,53.76374907587865,2.3294932637587857,1.2616632767084504,1.2616632767084504,nan,30.257103798408604,1,4.656041668607483e-17,1.7511225334256445e-15,0.8316466217087075,0.16835337829129424,sample_1795,uniform,train,30.257103798408604
4.239755769045378e-17,2.3788478463797365,shallow,56.17649731466841,19.095777979774134,75.27227529444235,3.1782019287397425,1.104353919297744,0.8852597110761984,5.92283715798434,8.642870229876825,3,-2.2987576694890204e-16,2.548701203793581e-15,0.7463106049992904,0.2536893950007122,sample_1796,uniform,train,119.06958284783201
3.7008213492358913e-17,4.199918537847212,medium,48.55902565336202,24.538975394776617,73.09800104813858,3.640582481424482,1.1045092687172129,0.716433782491189,7.761443164772902,8.16516148907843,2,3.201048927652844e-16,7.290309504758275e-16,0.6643003222671375,0.3356996777328632,sample_1797,uniform,train,132.42360912974007
4.052999903461329e-17,6.1265231588340505,deep,84.11303047563374,22.864671569980292,106.97770204561382,2.758882896149378,1.104019884681258,0.9015403092659716,9.382963284591922,14.338484988373208,3,2.5886350030177237e-16,1.8929615781547013e-15,0.7862669403738837,0.21373305962611824,sample_1798,uniform,train,110.31060574906331
4.3196355343531324e-17,4.774553484319125,medium,20.866377939699507,15.492894153428328,36.359272093127736,2.7068213109719643,1.6787306537667774,1.6787306537667774,nan,36.7960301725796,1,2.3721853343936744e-16,2.7359178905348872e-15,0.5738942706623508,0.4261057293376519,sample_1799,uniform,train,36.7960301725796
3.9963233243558753e-17,6.443259578241541,deep,47.13061075951101,13.310244591042006,60.4408553505529,1.71952857273774,1.2732532834956514,1.1008451313224068,18.218671740826775,20.038027319161852,2,1.0326354626440113e-16,1.8515701049090473e-15,0.7797806713051401,0.2202193286948618,sample_1800,uniform,train,41.334947317006936
4.089877743077864e-17,4.771752091854463,medium,16.04400315769721,5.0980817833432575,21.14208494104043,2.7007496597402505,0.8833832726599768,0.8833832726599768,nan,42.33353421075338,1,-1.6461204971840742e-16,1.8484388165021883e-15,0.7588657032851588,0.24113429671484302,sample_1802,uniform,train,42.33353421075338
4.6439045107350376e-17,7.15170286185262,deep,242.6375503945687,11.921637063065564,254.55918745763407,3.137761620612611,1.2095856917760361,1.2095856917760361,nan,70.7868708522992,1,8.430734687278517e-17,7.955111803824842e-16,0.9531675238983489,0.046832476101651865,sample_1803,uniform,train,70.7868708522992
4.4617428483009545e-17,5.370630780329861,medium,115.36705465866247,11.153055443975203,126.52011010263756,2.2593856981414033,1.288842871697435,1.288842871697435,nan,48.31252493002561,1,-1.692179146730132e-17,8.845272169889045e-16,0.9118475676718323,0.08815243232816865,sample_1804,uniform,train,48.31252493002561
4.005495495781717e-17,5.864806664493983,medium,6.5955927327495045,6.653409973301233,13.249002706050726,3.1150766797113043,1.0003787118916505,1.0003787118916505,nan,65.25239300037046,1,4.1081568697691834e-16,8.714859308488559e-16,0.49781805310805344,0.5021819468919474,sample_1805,uniform,train,65.25239300037046
3.986943195233144e-17,6.72594620844088,deep,50.755194735983835,26.701400128387636,77.45659486437133,2.232379524324963,1.3548207866232787,1.162522499220588,5.2952809179494915,12.107183703640397,3,1.5087805396131905e-16,1.8805533742591897e-15,0.6552727346826647,0.3447272653173373,sample_1806,uniform,train,65.56764403576176
4.038550993721828e-17,8.273363175655842,deep,154.23558059169997,49.49275285995337,203.728333451653,3.899572358929987,1.6768817454013396,1.6118470982400335,6.15792172733626,53.53362916110151,2,1.5496887040519842e-16,1.7438485941591427e-15,0.7570649500664658,0.2429350499335359,sample_1807,uniform,train,165.49525553415
4.1426207075690505e-17,5.974679227787816,medium,17.061769727942902,10.844927385720931,27.906697113663817,1.845792017508404,1.2272430802240304,0.934348868147399,12.664912159190052,5.066884891904506,3,2.381933783179042e-16,5.72880821026094e-16,0.6113862080650537,0.3886137919349468,sample_1808,uniform,train,38.87846276814003
4.315514989673907e-17,3.5465389789012636,medium,15.233113450854837,1.8629408024542202,17.096054253309042,2.345802322854158,0.6975250838360348,0.6975250838360348,nan,18.822308434954692,1,-1.0473244124549821e-17,9.221523701368567e-16,0.8910309493143062,0.10896905068569475,sample_1810,uniform,train,18.822308434954692
4.344707562377586e-17,3.1097144253035944,shallow,27.092010701726714,11.119150969534264,38.2111616712609,2.303327633824493,1.3042008316336968,0.9042870399531153,8.67870958149885,6.020407753290875,2,1.4796268030458383e-16,1.952491994267826e-15,0.7090077746079874,0.29099222539201464,sample_1813,uniform,train,57.20694649329836
4.2208679146986316e-17,4.710779524862447,medium,43.897745731876014,10.52138360024871,54.41912933212464,2.2402803631224337,1.1388102892218779,0.7670454164668834,5.80689245638319,14.693951523333217,2,1.0151630203887606e-16,1.5341805809180186e-15,0.8066601996508302,0.1933398003491713,sample_1814,uniform,train,51.30555537753297
4.8037046813111645e-17,2.245782014895402,shallow,40.2928398510975,17.871095874606883,58.16393572570432,3.520447736473331,1.2150319826740696,1.0218859517318295,6.663332499583075,3.331362839111238,3,5.136734758540786e-16,1.0383776782993336e-15,0.6927461037216388,0.30725389627836225,sample_1816,uniform,train,95.08338171538097
4.341900068066154e-17,5.721029705391698,medium,82.84068180160219,12.886231183881403,95.72691298548344,2.029020309671601,1.0116292658433643,0.7276794098332056,4.621688003316539,16.779368052114847,3,-3.305590107859825e-17,1.5958593401166914e-15,0.8653854931492945,0.1346145068507071,sample_1817,uniform,train,58.30872280259021
4.388459218247206e-17,5.613967411785941,medium,36.96301938594602,9.639362696478585,46.60238208242447,1.5479221894445896,1.2965448622351285,1.281403406004197,3.693237062523878,10.66430192989389,2,4.53325012342196e-16,2.896914573071445e-15,0.7931572965641638,0.20684270343583908,sample_1818,uniform,train,26.20018654157286
4.645203253709208e-17,1.8386359407837904,shallow,70.65773147788548,8.844224051376532,79.50195552926199,1.9146711255088023,1.191872011815831,0.8360234371967219,10.432641084595982,4.379520038613459,3,2.8456828903147806e-16,2.2343561583795674e-16,0.8887546351218838,0.11124536487811637,sample_1819,uniform,train,26.00648608705128
3.563936278750539e-17,8.164129664131329,deep,34.133692811021454,14.0978094041471,48.23150221516848,2.2907463296623307,1.3956676412937923,1.3956676412937923,nan,50.35233412874647,1,-6.872689691601414e-16,1.473192214893608e-15,0.7077053635763938,0.29229463642360765,sample_1820,uniform,train,50.35233412874647
4.2854400657552856e-17,3.4831253955937456,shallow,72.40386033360576,30.266793669139485,102.67065400274508,3.8784698838527927,1.0562049436948733,0.7356217701759994,10.788883167408942,6.484314991020036,3,1.0837381119355861e-16,1.6263414753271085e-15,0.7052050173136125,0.29479498268638915,sample_1821,uniform,train,229.04708134587153
4.477187975107235e-17,5.340146260400854,medium,66.19916763278182,27.795596583542128,93.99476421632372,2.963347650589705,1.1296059530040023,0.6524830760084932,5.329165037789691,5.587047617000157,3,-4.2329634071828755e-16,2.494597489081333e-15,0.7042856927693134,0.29571430723068903,sample_1822,uniform,train,85.24141656024665
4.444686947482816e-17,6.375662087107469,deep,72.61835911066352,19.760347689063433,92.3787067997269,3.772936342452161,1.2487362814608836,1.2487362814608836,nan,131.46651740965527,1,6.2516711252255e-17,5.768721713926943e-16,0.7860941295497569,0.21390587045024376,sample_1823,uniform,train,131.46651740965527
4.110091120123411e-17,1.9322733340286458,shallow,75.0366015015803,29.967660988473142,105.00426249005322,3.455778686918718,1.384851979135347,1.2431180006216045,5.192301994298867,13.1124750383271,3,6.572468671546616e-16,2.0300396924193664e-15,0.7146052905108334,0.2853947094891686,sample_1824,uniform,train,119.14197544441751
4.411965632041878e-17,7.350784711885018,deep,56.693644356773504,31.52029319570362,88.21393755247698,3.222594399799545,1.386287905744927,1.1222099842627573,6.180614856144979,8.819807941310165,3,-8.801624660526325e-18,1.6512272875719795e-15,0.6426835251861126,0.357316474813889,sample_1825,uniform,train,96.74330925159764
4.114408992521682e-17,1.473840018534358,shallow,44.88903724105709,21.05651132599682,65.94554856705382,3.7519249608045575,1.2575419519458433,1.1025984843574839,8.694826047713665,19.99404552900352,2,1.6863400560330688e-16,1.3468360473141266e-15,0.6806985189517933,0.31930148104820805,sample_1827,uniform,train,127.50767879234655
4.0409628937814407e-17,2.898945940346324,shallow,31.875881216522128,13.255394847236131,45.13127606375821,1.9824472592559328,1.1145991908759962,0.8924970874632014,8.48528137423857,9.33392745040057,3,5.176193238736983e-16,1.141433454481356e-15,0.706292487087894,0.29370751291210706,sample_1828,uniform,train,44.97406151463136
4.516386847628096e-17,1.8832339032139047,shallow,51.401979135031894,21.583360981764677,72.98534011679634,4.146348762003899,1.092627782294313,0.8356700069933736,3.544009029333869,7.259434558845698,3,-4.189693273812539e-16,3.212687677081492e-15,0.7042781338385872,0.29572186616141605,sample_1829,uniform,train,187.21168655688604
4.8125747945341785e-17,6.797889113127855,deep,29.189341998134736,19.43999823034473,48.629340228479336,3.3753447270364156,1.460674933021979,1.1511319711894834,13.41044369139217,10.086161933826297,2,3.829258849806044e-17,2.7031089769676905e-15,0.6002413740550866,0.39975862594491607,sample_1830,uniform,train,81.34558563835961
4.725906504682971e-17,2.171767189825513,shallow,55.68724846094136,24.474874294979596,80.16212275592088,2.365451511038241,1.4886571120556358,1.123626656827715,7.675936424958198,5.406742255096797,3,7.169326614552977e-17,1.0193394561320562e-15,0.6946828071219987,0.30531719287800235,sample_1831,uniform,train,53.43610770576489
3.132972563554158e-17,7.2133283335394,deep,39.00673974602071,11.113570574192753,50.12031032021342,2.654006217987131,1.0268048878567084,0.6932941744435875,6.47456562249546,3.578401507606714,3,3.888820009070863e-16,9.214882655221727e-16,0.7782621355855687,0.22173786441443225,sample_1832,uniform,train,96.22393812954903
4.0807413274679955e-17,5.816536318993877,medium,101.99560582002151,23.342879347897284,125.33848516791852,4.078834170485105,1.0627975016273437,0.7890381418231197,5.817215828899596,12.109801261674223,3,1.3863063374030062e-16,2.1825615085513925e-15,0.8137612775786776,0.18623872242132458,sample_1833,uniform,train,163.36349753614985
4.3624507093989516e-17,6.774741745898012,deep,69.73138418986976,11.334888839454889,81.06627302932459,3.5441025333348724,0.9977161516174314,0.7040640921878085,6.933974329343889,7.055854318508708,3,-1.0331928649427355e-16,6.792844911161516e-16,0.8601775014949238,0.13982249850507683,sample_1834,uniform,train,109.30592187687954
4.270646269331475e-17,1.7001952820125625,shallow,101.82261050344079,16.092436901880024,117.91504740532056,3.380415871497835,1.2815683023072568,1.2815683023072568,nan,84.43876196895785,1,-3.1889610688780956e-18,2.0789309696378366e-15,0.8635251627677024,0.13647483723229967,sample_1835,uniform,train,84.43876196895785
4.0178273569982407e-17,2.511122151253777,shallow,24.992129094378775,6.738318974518664,31.730448068897417,1.9387066354555922,1.1557342306228948,1.1557342306228948,nan,30.52283714442827,1,1.236918370720128e-16,6.997840195729294e-16,0.7876387071532209,0.21236129284677982,sample_1836,uniform,train,30.52283714442827
5.038198707801913e-17,4.1507306182659205,medium,28.51725708558533,14.238466623593958,42.755723709179186,4.0739201161097585,1.0799708486665573,1.0799708486665573,nan,146.3749083743094,1,2.2461778999730944e-16,2.4097053621640694e-15,0.6669810404697463,0.3330189595302562,sample_1838,uniform,train,146.3749083743094
4.0420256402058575e-17,4.8111619689898735,medium,61.13710146643813,20.82595499498757,81.96305646142558,3.9622758631226347,1.1621690820848487,0.6074840369122674,9.004443347592344,27.834106478108964,2,1.1772184768624028e-16,1.4737403690657352e-15,0.7459104638833375,0.254089536116664,sample_1840,uniform,train,156.81256328037395
4.4165530994156084e-17,1.454250561684457,shallow,66.55842111237435,8.803436118165862,75.36185723054024,2.083596343659522,0.9717214633637896,0.9162251990533016,7.499333303701071,13.341500291752967,2,2.9249677576808394e-16,3.771365313285587e-16,0.88318445906614,0.11681554093385968,sample_1841,uniform,train,51.23191592749012
4.9951090865572603e-17,5.933672540826635,medium,60.212795740526566,32.67156559293996,92.88436133346634,2.909056979388111,1.5540638463012577,1.1476404293469775,11.963277142990542,4.234897803659558,3,-4.765931594973664e-16,1.988936658932095e-15,0.6482554746148835,0.3517445253851184,sample_1842,uniform,train,79.98115621225074
3.730384641173976e-17,3.006251333737917,shallow,218.18905705360294,48.33290059787482,266.52195765147735,4.076387589970192,1.277009739028436,0.6049662882027818,7.0256672281001205,41.80647732862844,3,1.004685522661516e-16,1.5196097272888694e-15,0.818653213327069,0.18134678667293253,sample_1844,uniform,train,204.25933229459065
3.517142915778874e-17,1.5833797931590676,shallow,6.539180279388875,2.8597137568208355,9.398894036209697,2.6096818570730376,0.6574334593367955,0.6574334593367955,nan,51.20035715710872,1,1.1992463594988814e-16,1.4174727626650136e-15,0.695739334244685,0.3042606657553164,sample_1845,uniform,train,51.20035715710872
4.343716118087864e-17,4.145748277307872,medium,245.19222776093704,78.21433960422925,323.4065673651656,4.272236660337074,1.3969325412572502,0.9062029918933168,9.273618495495706,18.411647470741517,3,-2.0114711549964387e-16,2.1970572259833253e-15,0.7581547578286653,0.2418452421713369,sample_1846,uniform,train,271.13421590680684
4.3428108602953196e-17,3.1607232448086604,shallow,85.42786298795504,19.599081051559153,105.02694403951408,2.527482973933469,1.2663028595505659,0.8298934606555948,8.277680834629951,32.61010375082046,2,5.16847807137504e-16,1.0824540194070948e-15,0.8133899712041006,0.1866100287959005,sample_1847,uniform,train,65.64871502039526
3.322099808182508e-17,5.677213931797763,medium,27.687843808135167,15.10795459137658,42.79579839951166,2.2917404576093725,1.5113840631562292,1.5113840631562292,nan,50.41791763105607,1,4.549502549837908e-16,1.9923714822477753e-15,0.6469757509758507,0.3530242490241513,sample_1848,uniform,train,50.41791763105607
4.2128420595725447e-17,4.475263249711672,medium,71.26046373496152,19.21804127450757,90.47850500946878,2.500142131886138,1.3323956279577047,0.8730189685746206,12.574577527694519,27.017850567735106,2,-2.777035650051029e-16,3.4553931201861232e-15,0.787595503788485,0.21240449621151852,sample_1850,uniform,train,69.16217136475133
3.9475409428044705e-17,6.547118836923137,deep,42.58766354007513,15.388857536040282,57.976521076115354,2.2469401511682796,1.2875626923920667,1.2460018142178968,13.29962405483704,18.049025405094188,2,-1.4892349417275678e-17,9.498165981555213e-16,0.7345674205625975,0.2654325794374034,sample_1851,uniform,train,54.09521554739152
4.3133768749362185e-17,3.8569822315780207,medium,30.379006140426213,4.2057053437265814,34.5847114841528,1.7715527522441605,1.0267243496028395,1.0267243496028395,nan,23.28900190330302,1,3.6999990030953927e-16,1.0272497662524681e-16,0.878394089086049,0.12160591091395095,sample_1852,uniform,train,23.28900190330302
4.097888916571839e-17,5.9545421952883615,medium,29.139498983764046,9.897870415213342,39.037369398977326,2.34621339522995,1.1642510395745629,0.8191313671773773,28.842330002966126,12.525645684228193,2,9.067559718180652e-17,1.5926403427336864e-15,0.7464513985547249,0.2535486014452767,sample_1853,uniform,train,44.707690243550864
4.21244969673056e-17,4.525462838826564,medium,98.17698313933117,39.471281755430155,137.648264894761,3.5795653378908483,1.3534152973680433,0.8073592762702531,7.280109889280519,3.2273916639091227,3,-3.5933178778768104e-16,2.2712876473486396e-15,0.7132453374141141,0.2867546625858882,sample_1854,uniform,train,127.718297261313
3.8099849450670744e-17,8.355993376399944,deep,22.580382518116956,7.557840934362888,30.138223452479746,1.8712962327318217,1.2793806588312715,1.2793806588312715,nan,27.448349763765986,1,-6.704255966044092e-17,3.2417181563824106e-15,0.7492273907159933,0.2507726092840099,sample_1855,uniform,train,27.448349763765986
4.483681559051973e-17,3.54679806116973,medium,112.82396554028294,30.95990161456561,143.78386715484845,2.8896818588674824,1.364453265908162,1.2768544010472975,4.787483681434327,21.856031384533154,3,5.790995400950319e-16,6.918438415575725e-16,0.7846775008407365,0.21532249915926419,sample_1856,uniform,train,113.2177788476752
3.862470356769247e-17,5.077432058819532,medium,29.626699491014573,9.863015393561493,39.48971488457602,2.3345457402968455,1.3422273413610228,1.3422273413610228,nan,28.126561116554914,1,8.463463945430321e-16,1.2595176148672016e-15,0.7502383741591975,0.24976162584080375,sample_1859,uniform,train,28.126561116554914
4.282197590189685e-17,8.144435801221354,deep,66.79702272536831,13.540002137313467,80.33702486268163,2.361592753751879,1.0863006544958236,1.0042592777039019,11.63099307883897,31.367932832632885,2,-6.674426177814177e-17,1.7910160880037527e-15,0.8314600004113052,0.16853999958869656,sample_1860,uniform,train,62.951194255275276
4.064860429427898e-17,1.6016707342291288,shallow,17.067747911038403,14.562686084288702,31.630433995327056,1.9617346887124645,1.2190583635066996,0.9757463173434283,7.901898506055361,27.77960256519921,2,2.663960468073318e-16,1.516312886218773e-15,0.5395989164600118,0.46040108353998965,sample_1861,uniform,train,59.403065390380206
4.5700694930721483e-17,5.596844397369949,medium,102.19212386889753,35.97836574721702,138.17048961611428,2.3000976383710583,1.3608804969730992,1.099233705877335,6.945502141674132,32.649018222683516,3,1.9998045547542072e-16,1.9027276588630977e-15,0.7396089002277029,0.260391099772299,sample_1862,uniform,train,132.71259803929536
4.2250635720270613e-17,6.5353684494807744,deep,80.2867365823651,15.446073264971469,95.73280984733651,2.6329255591100975,1.2426503510954012,0.9195115981200839,9.331666517830563,8.404279462246196,3,4.7496949109685e-16,5.381054669214903e-16,0.8386543412900654,0.16134565870993509,sample_1864,uniform,train,54.76748904756739
3.7864573403218327e-17,5.466030473172586,medium,138.67041816132405,40.384766272395694,179.0551844337196,4.082196810960254,1.3899476459450686,1.0540964143224543,6.257795138864807,8.321531033227865,3,9.460239046844707e-16,7.936578189648789e-16,0.7744563141239583,0.22554368587604243,sample_1866,uniform,train,185.4462094365485
4.3079773677218546e-17,5.535900942837097,medium,64.89534480199231,21.457718908819906,86.35306371081201,2.189185367742417,1.3551418848754118,1.1334452797581331,9.505787710652914,3.353573369233411,3,-2.6657516790227798e-17,2.386219834197142e-15,0.751511782133411,0.24848821786659145,sample_1867,uniform,train,65.79750660772355
4.36831731024338e-17,7.776753708746314,deep,45.10239805047793,26.994546121438518,72.09694417191633,2.5104216647644817,1.4519271770198987,1.119701885447407,13.705473359209451,36.30928885896677,2,1.8406056325309213e-16,1.5768606981528637e-15,0.625579885090976,0.3744201149090256,sample_1868,uniform,train,79.21846633490483
3.8024852801896367e-17,1.5072836246383448,shallow,104.20286688274186,33.343027231246914,137.54589411398848,2.9210950066323624,1.5658769814416278,1.4987004751673632,8.094442537939225,9.909487433141601,3,1.9082214407624538e-16,2.1180023114336893e-15,0.7575861682674858,0.24241383173251635,sample_1870,uniform,train,99.76092470823535
5.093454084423816e-17,4.885547684539142,medium,30.307612519728135,12.463084078804926,42.770696598533014,2.9003800647289464,1.7516310790458567,1.7516310790458567,nan,35.82653999102165,1,-8.042015306270791e-17,1.079834594650736e-15,0.7086069419025467,0.2913930580974544,sample_1871,uniform,train,35.82653999102165
4.0873411095301536e-17,1.5475972655074148,shallow,42.53558861906669,14.51328178996724,57.04887040903385,2.8568920282185273,1.0878491585430197,0.7849729722154585,5.939696961967002,4.433832241989899,2,2.110371066557086e-16,1.2766358017822791e-15,0.7455991383193287,0.2544008616806726,sample_1873,uniform,train,45.426514249871445
4.223030746930917e-17,7.134574406488615,deep,88.15540713754321,22.701448422160357,110.85685555970346,2.334893024744033,1.6035639240749024,1.4214805416453062,10.239140588936163,10.72763828614283,2,7.345439301283058e-16,9.293849817860568e-16,0.7952183623868523,0.20478163761314866,sample_1874,uniform,train,64.04756853096201
4.2748499998267843e-17,8.036029070468517,deep,100.62768200095526,20.14231885171219,120.77000085266721,3.0610702035038315,0.9377829310403545,0.639867608450397,4.8538644398046396,7.317356378511497,3,-2.9223039991571583e-16,2.000368704585454e-15,0.8332175315930943,0.16678246840690775,sample_1875,uniform,train,88.05939877184102
3.808587905195238e-17,6.470618523451038,deep,44.81655629144882,11.678916029794422,56.49547232124316,2.814214186312618,0.9460213191997529,0.8118527106228057,5.0199601592044525,6.4972180886602375,3,1.344799661337897e-16,1.3834684041436322e-15,0.7932769556578626,0.20672304434213873,sample_1876,uniform,train,76.90513310803185
4.6113328195964476e-17,5.489612015784154,medium,39.96582729584622,10.216764234451949,50.182591530298126,1.5429765376118716,1.0798082400999907,0.8912587703412029,4.049691346263317,6.334364784822861,3,-6.423764707181861e-16,8.141510045677596e-16,0.7964081980843206,0.20359180191568024,sample_1878,uniform,train,34.9596232195697
4.022756668365804e-17,6.904849509348484,deep,70.66401405850816,23.4468840956352,94.11089815414321,2.7023298461063745,1.2566484880363686,0.7538416544968978,3.841874542459709,4.841017888856745,3,3.224449131237386e-16,1.510011592060911e-15,0.7508589913016062,0.2491410086983954,sample_1880,uniform,train,57.884283446134724
5.140934247306638e-17,4.976238387799724,medium,64.30675281336322,29.956844135680324,94.26359694904338,3.9845019356853024,1.2771612582039351,1.0139648083772483,3.9293765408776973,4.975481820905151,3,2.7035247817755795e-17,1.7713894685547335e-15,0.682201347017618,0.31779865298238374,sample_1882,uniform,train,226.75456525093796
4.190981927771982e-17,4.61751392648064,medium,109.24050269294247,34.69326587150014,143.93376856444252,3.2790194791296456,1.2391419546949665,0.8967989938359097,9.421252570651102,55.23745014625624,2,3.488319512266755e-16,6.417573622235602e-16,0.7589636801876201,0.24103631981238058,sample_1883,uniform,train,136.57833959818757
4.556058220843976e-17,7.034237899607913,deep,81.88929011606672,33.02428442732466,114.91357454339119,3.8220673425633787,1.0298675682139864,0.6350846388092067,16.739175606940748,114.15148289162151,2,2.8235491516190467e-16,1.6076526383562116e-15,0.7126163331134169,0.28738366688658473,sample_1884,uniform,train,238.72302539549753
3.999516239366837e-17,4.379645086893857,medium,35.20012429284569,9.804115822823265,45.0042401156689,2.3771895905335447,0.9385904577244225,0.9326611023647695,9.290855719469546,27.13251976394476,2,3.193155125275048e-16,1.302538950764306e-15,0.7821512862426988,0.21784871375730253,sample_1886,uniform,train,83.40292838282204
4.443970811542744e-17,6.669647540483005,deep,78.15562388765119,10.9695308466535,89.12515473430453,2.8732753179204886,0.8753631461658579,0.645739781458152,6.311893535223803,40.56321893640602,2,-4.102488926197355e-18,1.7738623756438852e-15,0.8769199236808602,0.12308007631914153,sample_1887,uniform,train,101.85438942219305
3.5735839487533917e-17,7.500553071808441,deep,36.298246832705956,21.01288311518048,57.31112994788638,2.9297984343150825,1.6324255482044885,1.6324255482044885,nan,54.8099479803997,1,7.113685500586342e-16,9.91839088018267e-16,0.6333542344342598,0.3666457655657412,sample_1888,uniform,train,54.8099479803997
4.8150006974132146e-17,1.701627257064386,shallow,84.16511347047818,41.46917999677034,125.63429346724833,3.046868170343156,1.495516753146725,1.0976646024413768,9.097252332435328,4.72844177955441,3,1.579761408524089e-16,1.5270236601859e-15,0.6699214931504289,0.33007850684957263,sample_1889,uniform,train,108.11612426952098
4.340940684750239e-17,2.340161206744968,shallow,16.90147584459406,13.285429677619979,30.186905522213973,2.271169088366249,1.1592271657584403,0.9419483874710015,11.596551211459378,4.984382252615658,3,-7.324916587191553e-17,2.1772752761770608e-15,0.5598942837037928,0.44010571629620937,sample_1890,uniform,train,62.88015234868004
4.131494542456155e-17,5.215881370408683,medium,70.41713174911128,15.887807201453313,86.3049389505645,4.458260211994389,1.031432145712869,0.725112810486002,6.797058187186574,10.063012151777846,3,5.637152306808198e-16,9.879518985588056e-16,0.8159107996061064,0.18408920039389465,sample_1891,uniform,train,181.1541807865897
4.310795173485035e-17,3.053199941426752,shallow,44.1939310417571,14.630600248232813,58.82453128998982,1.9668139488225873,1.2335293644479153,0.687302117386515,6.45290632196067,3.957411820481766,3,-2.8090010180302627e-16,1.5098775973609274e-15,0.7512840318929593,0.2487159681070422,sample_1892,uniform,train,59.07298564216355
4.492561730636007e-17,4.597432641371169,medium,82.60451836274916,5.267094548955662,87.8716129117047,1.9248630646576674,0.8453443106537215,0.6091775808794334,7.383765976789894,13.249896450411095,2,-2.7758164768927896e-16,1.3847525892256502e-15,0.9400592025749199,0.05994079742508144,sample_1895,uniform,train,31.19180952149003
4.573305508760871e-17,6.528845686318824,deep,176.33393353015498,44.09043814092236,220.42437167107667,3.5745966807428986,1.2362221542520722,0.7612677343140171,5.895761189193473,42.273724103332185,3,-5.855313220517639e-17,3.0301103573572534e-15,0.7999747586591075,0.2000252413408955,sample_1896,uniform,train,221.8031614321215
4.1594074086282333e-17,3.45910378994074,shallow,92.86452543880225,16.44702164861378,109.31154708741589,2.281657978211527,1.608033333675721,1.608033333675721,nan,49.75540220125049,1,-2.824116844476436e-16,1.2675315386618501e-15,0.8495399426058708,0.15046005739413038,sample_1897,uniform,train,49.75540220125049
4.861723118011887e-17,6.257971464011596,deep,66.54720973059588,25.050901525812115,91.59811125640779,3.5727121257556913,1.2007421047617461,0.6467624401614945,5.5136195008360875,10.577442810365023,3,1.6942565698615976e-16,2.2495812472990727e-15,0.726512903135222,0.27348709686478023,sample_1898,uniform,train,134.80701009131377
4.0549075503083674e-17,7.410941205915626,deep,155.65497685780718,35.59631459596216,191.25129145376889,3.4911400349222452,1.3044914436864803,0.8180674428158754,9.035485598461216,6.315148397655219,3,7.220968573025374e-17,2.4149001804555587e-15,0.8138767360712627,0.1861232639287398,sample_1899,uniform,train,121.52919347806329
4.3613394829559323e-17,1.3352712392130386,shallow,69.05340554089568,12.776571031100781,81.82997657199628,3.5528452338327523,1.1687770444983252,0.6051558745559001,8.153526844255802,10.95244863630518,2,-1.2726633704534876e-16,2.19249776543164e-15,0.8438644178290896,0.15613558217091264,sample_1900,uniform,train,93.46729526496401
4.3073496183098286e-17,3.8730268455944334,medium,89.14156142346314,10.433529892024469,99.57509131548743,3.4698327560028974,0.8002753586373412,0.7244057523635488,8.910667763978186,23.93032247576427,2,2.211499704325674e-18,1.8731337895144492e-15,0.8952194795486821,0.10478052045131982,sample_1901,uniform,train,118.5317419770671
3.789587361653964e-17,4.226388967704479,medium,23.633912671583577,12.485040004215948,36.11895267579947,2.5718178982554103,1.108603940305391,1.0029867642932129,15.946159412222116,24.941246412389617,2,-3.2403888502337394e-16,1.5246029561179376e-15,0.6543354920537008,0.34566450794630077,sample_1905,uniform,train,59.33667581491632
3.796445768934121e-17,7.356356941464529,deep,23.088046184915566,11.440191001422555,34.528237186338075,3.0017779771409048,1.126416872512979,1.126416872512979,nan,62.71679096051155,1,-4.371998203959875e-18,1.3376089133991707e-15,0.6686714430370893,0.33132855696291214,sample_1906,uniform,train,62.71679096051155
4.1676887246802495e-17,4.8657326811477235,medium,50.106509405294226,10.964257308557752,61.070766713851874,3.208555608846074,1.2542696684299335,1.2542696684299335,nan,51.89300821594798,1,4.849789710989009e-17,1.6870378780072838e-15,0.8204663556963209,0.1795336443036808,sample_1907,uniform,train,51.89300821594798
4.200960477944816e-17,3.5110147023021137,medium,72.21315611253348,19.850117436341797,92.06327354887515,2.8407509634059633,1.5876138596949119,1.4075235666744614,9.783659846908007,11.172112688503619,2,-1.9776203287652842e-16,1.46641667833751e-15,0.7843861436688594,0.21561385633114208,sample_1908,uniform,train,42.79830629843157
3.9146982764166665e-17,3.0707799217932243,shallow,30.253458013312898,19.365089203219213,49.618547216531965,2.7548435620177725,1.5483635806694596,1.346290670642937,11.766052864066184,11.503230331711153,2,2.0833265528135976e-16,2.9356212344380963e-15,0.6097207538400684,0.39027924615993453,sample_1909,uniform,train,43.98909165082106
4.1626060985782964e-17,1.5935746617194044,shallow,199.08063136981545,41.29860885646659,240.37924022628152,3.9558854708019844,1.4364141355364195,1.1204426393240845,8.713208364316785,4.4996822432300325,2,5.855338730848276e-17,2.157824430331826e-15,0.8281939454605584,0.17180605453944384,sample_1910,uniform,train,118.30468058110512
3.254301059609425e-17,1.616841903126991,shallow,13.22907575715754,12.908947712783549,26.138023469941007,2.6253077252513553,1.2941830214268233,1.2941830214268233,nan,50.0501338021272,1,-2.6160527118155763e-16,3.1261895034405195e-15,0.5061237997728142,0.4938762002271889,sample_1911,uniform,train,50.0501338021272
4.110921441459884e-17,4.399974974379463,medium,21.829638285017282,9.960917762888661,31.790556047905937,3.290981329080211,0.9937985182065754,0.9937985182065754,nan,99.08138723190292,1,5.137010419739924e-16,1.6763061678349538e-16,0.686670539896241,0.3133294601037591,sample_1913,uniform,train,99.08138723190292
3.969286506679747e-17,3.0472083339747034,shallow,27.17847793135489,17.191575672116315,44.370053603471035,2.3871665843233676,1.611088062383899,1.611088062383899,nan,46.008091929627135,1,-9.6330379494866e-16,3.843363772025815e-15,0.6125410208931715,0.38745897910683236,sample_1914,uniform,train,46.008091929627135
3.968854378460915e-17,1.859252987243023,shallow,29.3402539095316,12.362971856020595,41.70322576555212,3.8931870377026754,1.070935527181759,0.789527614133007,18.061007723823163,14.439793715219361,2,1.4923023430953842e-16,1.831593184748439e-15,0.7035487871963939,0.29645121280360787,sample_1915,uniform,train,130.04301706894404
4.4674829496596154e-17,5.112066337334415,medium,93.39819516600116,17.68786081157213,111.08605597757301,2.130236646688284,1.3245146020423846,1.1557981615206772,4.127953488110059,8.043438279852039,3,4.9944095576190335e-17,2.4945675180185055e-15,0.8407733476905254,0.1592266523094771,sample_1916,uniform,train,34.980717715777956
4.405718745969392e-17,4.75082452213973,medium,51.16913467005813,22.760730865125865,73.92986553518388,3.1994277834746736,1.1701032660342117,1.0191201156135787,13.509996299037246,46.972131123574655,2,2.198654474354315e-16,1.5377660556884342e-15,0.6921307687987919,0.3078692312012096,sample_1918,uniform,train,115.92328819013387
4.2470046010491236e-17,8.160955169225767,deep,33.40098598426931,8.384911092357301,41.785897076626554,3.784577905170852,0.8595195275696185,0.8595195275696185,nan,98.53523722346773,1,7.54035598603214e-17,1.4028602902245203e-15,0.7993363388374533,0.20066366116254813,sample_1919,uniform,train,98.53523722346773
4.155835200878943e-17,5.705112604739567,medium,13.11096674769264,6.791161599602283,19.902128347294873,3.8153076968233073,0.715643434252113,0.715643434252113,nan,102.94422652576675,1,-3.452551404155092e-16,2.4991292707630172e-15,0.658772093059821,0.3412279069401815,sample_1920,uniform,train,102.94422652576675
4.542077610727608e-17,3.703123813665997,medium,101.3884318575452,5.372128469820868,106.76056032736594,2.8015293049747267,0.8719718535645218,0.8719718535645218,nan,48.62483699480915,1,6.416516902050426e-17,1.222944384101845e-15,0.9496805894110346,0.05031941058896662,sample_1921,uniform,train,48.62483699480915
4.7902430676468995e-17,4.365572007576171,medium,66.96546210281718,27.947817938446388,94.91328004126343,3.3325925358919797,1.7275841956893365,1.7275841956893365,nan,86.2697451435907,1,3.7020708648387427e-16,1.4598150376109914e-15,0.7055436507273168,0.2944563492726846,sample_1922,uniform,train,86.2697451435907
4.038371920804627e-17,5.962250738907902,medium,30.222046752032877,23.621593546051642,53.843640298084395,3.0452548498303535,1.4581353814564213,1.1313831956031057,6.529931086925804,25.453861396828685,2,5.374760335726753e-16,2.309371693103027e-15,0.5612927837850535,0.4387072162149488,sample_1923,uniform,train,65.79608958296758
4.107090351766209e-17,4.1167006035675,medium,72.00946682072633,26.518193506190748,98.5276603269169,3.450491883389949,1.1512477427416767,0.8026892160494995,6.280127387243032,67.27042285853852,2,3.8413802886775936e-16,1.802901676043316e-15,0.7308553413508183,0.26914465864918347,sample_1924,uniform,train,142.44750293774996
3.919341138900862e-17,4.684290042203108,medium,105.68439065756624,25.02184626807462,130.70623692564058,4.131707542193489,1.1943957172061124,0.8243424864778253,12.639620247459968,3.5905566728364477,3,6.588185411558533e-17,2.1201105124317004e-15,0.808564251740264,0.19143574825973814,sample_1925,uniform,train,184.1165620521365
4.180383606518373e-17,2.9848406257575437,shallow,67.26198540344608,12.367969418298433,79.62995482174438,2.941581040818808,0.9990763150818186,0.6045012811949662,13.295111883696203,19.221549489500962,2,-7.242749947128328e-17,1.6507658005065658e-15,0.8446819485709289,0.15531805142907276,sample_1926,uniform,train,88.49597196001423
4.2037072617709626e-17,6.45239216249708,deep,37.16616690481289,21.852375041657442,59.01854194647032,2.38774222076692,1.3866279024344346,0.919340491691363,15.336231610144653,7.074261222272535,3,6.392086862207005e-17,1.8058970426732011e-16,0.6297371246230128,0.3702628753769874,sample_1928,uniform,train,42.59642900915197
4.893245804729054e-17,3.135203950944639,shallow,91.36896955939176,33.23247880414124,124.6014483635328,3.8388338233921764,1.7623880068746165,1.7623880068746165,nan,85.60142434023946,1,6.595692752723181e-16,1.5967066886122608e-15,0.7332897872327846,0.266710212767217,sample_1929,uniform,train,85.60142434023946
4.442550378055287e-17,6.29597000456994,deep,60.051471329964265,8.226471959262545,68.27794328922673,2.0651943169503726,1.0318798526863073,0.8329319045528937,5.336665625650532,10.194809643446616,2,9.1711832456938e-17,1.2227780660901234e-15,0.8795149419715974,0.12048505802840379,sample_1930,uniform,train,47.09013743493999
2.940041771873878e-17,3.6421032024881135,medium,8.8978045213498,4.097646361242267,12.995450882592042,3.0799608206873015,0.6979894088738229,0.6979894088738229,nan,63.078287102384714,1,-9.470235513409175e-17,1.9136693275426544e-15,0.6846860952911442,0.3153139047088577,sample_1931,uniform,train,63.078287102384714
4.351026004716294e-17,3.5641035679411543,medium,28.059104515611374,12.07814169920852,40.13724621481978,2.219115710725696,1.0817427677547868,0.7215874071584115,7.448489779814431,13.457206469867543,3,5.071642183626141e-16,2.7881952908093463e-15,0.699078964347364,0.30092103565263867,sample_1932,uniform,train,56.89396487915891
4.583836540026632e-17,5.661427857820417,medium,106.38646359725283,47.34968402329086,153.73614762054328,2.9433020382871633,1.3580201476941849,1.0975488274433158,8.84533775499839,46.55812486752958,3,1.394565709703738e-16,2.680662896263367e-15,0.6920068262659962,0.30799317373400653,sample_1933,uniform,train,157.84806308898908
4.268712395779035e-17,5.92768260286476,medium,22.492206383205115,12.600696622540807,35.09290300574583,2.1609231797563755,1.4029581371036952,1.4029581371036952,nan,42.267503142204994,1,-2.551067602130772e-16,2.581553278581131e-15,0.6409331932306205,0.35906680676938213,sample_1934,uniform,train,42.267503142204994
3.786092736718056e-17,6.88078576516103,deep,15.857325374939911,7.974454938128234,23.831780313068084,2.1148138268160723,1.1493340877599971,1.1493340877599971,nan,39.61913896627927,1,1.5293009011715744e-16,2.6088059122010567e-15,0.6653856810791678,0.3346143189208347,sample_1935,uniform,train,39.61913896627927
4.376439935526331e-17,6.725902029240766,deep,126.70742040376011,41.77228765420882,168.47970805796857,3.6815254258665377,1.2933134744053427,0.8712473042493833,12.569805089976533,10.422622264982943,3,2.1518441378957907e-16,2.1508631479404548e-15,0.7520633900918446,0.24793660990815752,sample_1939,uniform,train,186.27366064321345
4.520956037355814e-17,6.523593887971107,deep,75.74409194560062,2.6743969481094676,78.41848889371,2.353807078793124,0.6804613022468262,0.6804613022468262,nan,32.730528278051366,1,-5.593494158604009e-17,9.910368437358983e-16,0.9658958367364828,0.03410416326351811,sample_1940,uniform,train,32.730528278051366
4.1139000308994046e-17,6.933049596753094,deep,95.83036522188273,15.959654567323346,111.79001978920596,3.4486162391760984,1.367790298260231,1.367790298260231,nan,77.52928722363471,1,1.8540516564626685e-16,1.0646380460817177e-15,0.8572354258688105,0.14276457413119048,sample_1941,uniform,train,77.52928722363471
4.4405284862558116e-17,4.948137328432816,medium,12.90844181416603,12.957633834546153,25.86607564871215,3.0301757249453494,1.245181697727626,1.1272465575499293,11.689311356961968,3.76263840229584,2,2.1976090393302742e-16,1.2361528491391576e-15,0.49904910159066707,0.5009508984093342,sample_1942,uniform,train,66.16061994374618
3.4006670948265916e-17,6.53680755627736,deep,25.025475054110984,14.138294688735346,39.16376974284627,3.1352545799841836,1.2497480477442466,1.2497480477442466,nan,67.56650424355719,1,3.728959620596669e-16,1.5421429789873737e-15,0.6389955619295864,0.36100443807041516,sample_1943,uniform,train,67.56650424355719
4.6254013641026636e-17,2.413532289535806,shallow,52.61778273489209,23.635759327934274,76.25354206282627,3.2479698670713035,1.6446661199422352,1.6446661199422352,nan,80.26528930708919,1,-2.3965858905844927e-17,1.2113608515747076e-15,0.6900372272744999,0.3099627727255013,sample_1945,uniform,train,80.26528930708919
3.926513659129575e-17,1.5071594345381654,shallow,45.23614399719817,25.44886430545522,70.68500830265327,2.6510358157518303,1.3471741076677484,0.955938322912143,3.903844259188626,42.65202951256058,2,2.619807743724306e-16,1.6586197584985748e-15,0.639968008541638,0.36003199145836356,sample_1947,uniform,train,93.17200478194984
4.84099194976064e-17,3.847344241484286,medium,29.560261703931424,16.726849447785366,46.28711115171673,4.4092057035295085,1.0720101807018658,0.6846406782465516,7.874007874011811,3.829270916114199,3,-6.582581014316677e-17,1.3048153370739903e-15,0.6386283561106421,0.3613716438893592,sample_1948,uniform,train,181.34843016574771
3.725491202407223e-17,5.0925818851469415,medium,8.61284587636689,8.654636024279887,17.267481900646747,3.5793040435176757,1.019997919182971,1.019997919182971,nan,73.908975006615,1,1.2779721487931432e-17,1.748840186632725e-15,0.49878991771488695,0.5012100822851148,sample_1949,uniform,train,73.908975006615
3.91190148993509e-17,3.050286095131465,shallow,27.472792649010483,16.201237606888625,43.674030255898955,2.0821022622371546,1.4974156278219706,1.2235865805197839,8.151073548925934,8.575230865989083,2,-9.386708861366422e-16,3.4978839207949596e-15,0.6290418467917738,0.3709581532082297,sample_1950,uniform,train,46.38419485913959
4.24923987541656e-17,5.61117256174999,medium,83.77966879747967,42.723820665355795,126.50348946283525,3.611895870310065,1.2463443782515604,0.8872693389165471,9.14330356052997,12.937745506072856,3,-8.907321046959995e-17,1.7412029424717365e-15,0.6622716033623154,0.33772839663768633,sample_1951,uniform,train,173.77703862053744
4.0187713047469e-17,7.051613506266207,deep,39.026705096715816,15.353311746162941,54.38001684287865,1.7877342388536084,1.3754068705723383,1.2268039425920938,13.137731919931992,7.3421576385610345,3,3.8083956580332444e-16,1.894605825204092e-15,0.7176662929229409,0.2823337070770609,sample_1953,uniform,train,35.035976050103066
4.561800754973313e-17,6.910817975124796,deep,100.63599173003213,29.947812659219757,130.58380438925167,2.7256416198069013,1.5144272525780498,1.1734215542308486,5.261178575186363,5.541226776664373,3,3.1128049380131315e-16,1.6867960702771598e-15,0.7706621215449553,0.2293378784550464,sample_1954,uniform,train,71.68422240215378
4.280282170537207e-17,3.3138526936555257,shallow,68.07649544425519,25.260448420956983,93.33694386521206,4.2697762398325985,1.2162488265206313,1.1193553689713909,4.837354648979131,29.592248004219798,2,6.082231023235452e-16,1.141899508922526e-15,0.7293628077491426,0.27063719225085847,sample_1955,uniform,train,183.89633126111642
3.58229450513125e-17,8.294254181134736,deep,10.34655783495417,3.8353058544165726,14.181863689370713,2.2346081627434646,0.7673319069103914,0.7673319069103914,nan,46.74043520880767,1,3.497325304922084e-16,2.098030111673881e-15,0.7295626344729925,0.2704373655270096,sample_1956,uniform,train,46.74043520880767
4.5615834364038957e-17,5.734046479886637,medium,80.6917471714371,13.800710768798515,94.49245794023545,3.172475904684581,1.0911084406861666,0.9902021478549576,6.415605972938176,6.500283723243164,3,3.0626247069653644e-16,1.7107023767723572e-15,0.8539490762582658,0.1460509237417359,sample_1957,uniform,train,64.66383365566357
3.5146021090965614e-17,6.909752225713038,deep,181.59542480861577,50.06882911744368,231.66425392605913,4.007703616597684,1.4839076049086177,1.314686545222347,12.294714311442947,6.222129573155591,3,-2.3920701148718655e-16,1.3802053000118813e-15,0.7838733068701054,0.21612669312989596,sample_1958,uniform,train,149.89380317660886
3.634391965079544e-17,4.018875342497672,medium,30.842368855265082,16.71870792757067,47.56107678283564,2.7000382583702827,1.5915607241367251,1.4664631071503273,10.66958293467931,7.079381670763651,2,-1.4872894196799494e-16,2.315635630910735e-15,0.6484791964675579,0.35152080353244436,sample_1959,uniform,train,45.250133357247805
2.80859462458543e-17,1.5254372600646373,shallow,17.096782258847355,15.10847881990902,32.20526107875627,2.5404905602704377,1.4918659081420285,1.4918659081420285,nan,44.577935813115694,1,-4.62979983540014e-16,3.1991262680114054e-15,0.5308692333540806,0.4691307666459225,sample_1960,uniform,train,44.577935813115694
4.182936385789315e-17,2.5512729249570683,shallow,78.56679938150566,22.83301949665982,101.39981887816539,1.7183361649965703,1.5013546006271223,1.2367083771129437,7.843468620451031,11.19673800097709,3,6.865712252305674e-17,8.759171658553902e-16,0.774821890716647,0.2251781092833539,sample_1961,uniform,train,46.054508145589324
4.1919689960221485e-17,6.7410911742345405,deep,22.2600038111894,8.447554626124846,30.707558437314237,2.058806499482145,1.3715306862649095,1.3715306862649095,nan,27.236982092370578,1,1.5744671610007183e-16,2.892377202548467e-16,0.7249030839306388,0.27509691606936143,sample_1962,uniform,train,27.236982092370578
3.866166960084254e-17,7.84965848168613,deep,17.821506390324057,7.246938391427429,25.068444781751428,3.860758839480694,0.7122007508136268,0.7122007508136268,nan,122.27078597161862,1,1.0125685473470028e-16,2.3383890069989715e-15,0.7109139216844126,0.2890860783155897,sample_1963,uniform,train,122.27078597161862
4.1756317638038595e-17,2.7893265364387867,shallow,288.01486260169736,71.01682487892222,359.0316874806186,3.7325397302269585,1.5191105777160778,1.3750913803786367,7.224956747275375,25.56729479576327,3,-1.6803054085789495e-16,2.7706741904719476e-15,0.8021990053934867,0.19780099460651612,sample_1964,uniform,train,219.6954591855957
4.3440189336107616e-17,1.3119660183800874,shallow,85.26649428912533,12.172151991832267,97.43864628095749,3.009452862971272,0.9802931070094738,0.8270708284705488,8.964373932405985,12.28325666617946,3,6.679634492820503e-17,1.184983566254464e-15,0.875078806444677,0.12492119355532427,sample_1965,uniform,train,81.6823978804049
4.1353092687861574e-17,6.968361126452575,deep,21.351605405211842,8.86457885945224,30.216184264664037,2.1451950970394504,0.9556373412673247,0.9346594068113603,11.394735626595292,23.998099793098678,2,9.565258050761086e-17,1.5284947106447635e-15,0.7066281175079153,0.2933718824920862,sample_1966,uniform,train,55.713494907874406
4.11871230672808e-17,6.4663103906913175,deep,60.1869963169072,29.38864455118078,89.5756408680878,2.3764664044195984,1.3829582479075366,1.1766465090087728,5.589275444992847,16.212317295033227,3,-3.803434369047649e-17,1.94341864120833e-15,0.6719125393201558,0.3280874606798462,sample_1967,uniform,train,97.56240655405415
3.864555116758195e-17,4.224199925036382,medium,13.456904121262689,5.826122886670255,19.28302700793291,2.6110819700943018,0.886345207094887,0.886345207094887,nan,48.67653368777709,1,1.3762328776872698e-16,1.842404554709662e-15,0.6978626392903255,0.3021373607096763,sample_1968,uniform,train,48.67653368777709
4.708073824109687e-17,5.37885198768563,medium,26.027004964972967,8.727584120015868,34.75458908498883,1.4245937252338627,1.2838977739363193,1.0138388587759328,13.648443134658255,4.0366968036961355,3,5.464711155217557e-16,1.5333429795901337e-16,0.7488796630950394,0.2511203369049608,sample_1969,uniform,train,25.261213877038298
4.288510366039226e-17,3.680256127354084,medium,31.921079184432852,6.022179584351274,37.94325876878412,2.398374202189075,0.9643465041381454,0.9643465041381454,nan,37.51642185080444,1,9.212195147707634e-17,1.872645520749691e-16,0.8412845975869182,0.15871540241308202,sample_1970,uniform,train,37.51642185080444
4.5372844360186046e-17,3.670504697676453,medium,20.523015995260856,9.41146971010548,29.93448570536625,2.7402705317813973,1.0328576821960378,1.0045198027429219,18.55047169211608,3.8945570292899263,2,-5.752547704566297e-16,2.9077327730741222e-15,0.6855977482713781,0.3144022517286248,sample_1972,uniform,train,48.8893807324126
4.15552985560254e-17,2.4334956891672483,shallow,66.5260285228818,11.351534686191034,77.87756320907266,3.0696299020020392,1.1850265491243124,0.6463409756652726,10.007996802557441,11.686493762421712,2,-1.3598899754195885e-16,2.2353417735205157e-15,0.8542387021571777,0.14576129784282452,sample_1973,uniform,train,93.70526375829431
4.7672994440009075e-17,3.6562488029601115,medium,34.60023229980115,11.8205558115459,46.42078811134696,3.3404707066462613,0.8994808171846508,0.6892491626341286,4.543126676640219,14.433265870962236,3,-8.06323880465616e-17,1.951586832005297e-15,0.745360725388968,0.25463927461103397,sample_1974,uniform,train,103.33158218122604
3.8706884338328154e-17,4.345396596411625,medium,31.869260165421867,14.35334030650228,46.22260047192406,2.2052127633205107,1.6121409648844867,1.6121409648844867,nan,31.97326691673567,1,7.798703944549032e-16,1.883093643411125e-15,0.6894735441113808,0.31052645588862104,sample_1975,uniform,train,31.97326691673567
4.089207651418275e-17,4.326962259912785,medium,29.026895886614746,7.670329293693524,36.6972251803082,1.9499719686368113,1.4404705101222248,1.4404705101222248,nan,20.35697701390911,1,-5.0426576176377215e-17,1.8636215130948838e-15,0.790983398444813,0.2090166015551889,sample_1976,uniform,train,20.35697701390911
4.397444927081461e-17,5.370212012825647,medium,92.70066790818545,34.579693952896285,127.28036186108163,2.3616339577665086,1.3584579107877737,0.6417647120425828,7.699350621968063,13.662220204010156,3,6.636355553837802e-16,8.373751363179012e-16,0.7283187017441253,0.27168129825587556,sample_1977,uniform,train,73.08761168866073
4.0915257854052334e-17,3.527127438617623,medium,36.81848818659884,8.651768552123585,45.470256738722405,2.4420207868965558,0.8992431821384114,0.6158989486305309,16.228370220080635,27.93224724212105,2,2.8458747501627934e-16,4.687961670260395e-16,0.8097268594317012,0.19027314056829925,sample_1978,uniform,train,60.38062657622718
4.3041012461919356e-17,2.3447497468556446,shallow,92.42973124990766,32.525873146556386,124.95560439646384,4.3717705951857315,1.719496478493745,1.719496478493745,nan,139.4823494743426,1,2.915764169599288e-17,1.6490448296872095e-15,0.7397005656236365,0.26029943437636516,sample_1979,uniform,train,139.4823494743426
4.3828707600439176e-17,3.5551465825005604,medium,48.57728350657507,10.754754833291889,59.33203833986684,2.7388243711973885,0.7534405396091834,0.7423876910156931,5.905929224093359,20.683367721084075,3,-7.031021110993693e-17,2.005929874818521e-15,0.8187361308626178,0.18126386913738426,sample_1980,uniform,train,122.17735602015912
4.587633973768165e-17,4.820715457069974,medium,21.29349009800867,9.55573890254585,30.849229000554462,2.209652981986766,1.099816972787066,0.9465232844464475,10.541347162483548,6.758671420084366,3,-3.4847264807455707e-16,1.900202293521004e-15,0.6902438338937403,0.30975616610626155,sample_1981,uniform,train,32.36784323405671
4.319856133720854e-17,4.007959634231727,medium,69.38310524650905,25.378125810751445,94.76123105726032,2.057476029897984,1.6351564234636697,1.5061287468712148,22.066263843251765,19.977234830163646,2,3.643978713487527e-16,1.8370695306399447e-15,0.7321887281580765,0.2678112718419254,sample_1982,uniform,train,56.33016816397921
4.359444230544356e-17,5.582776097720033,medium,66.37131775961973,35.712798215033466,102.08411597465309,3.4410590577285536,1.3947303284132668,1.3666518944189407,17.85497129653252,44.02487819119335,2,4.273258016614076e-16,1.0440547909576706e-15,0.6501630261077967,0.3498369738922043,sample_1983,uniform,train,143.28611388502156
5.341532475183531e-17,1.343814370928166,shallow,93.17766432413136,27.594209950724046,120.77187427485516,4.083277507957496,1.1088795570282681,0.8358667961467822,8.282511696339462,13.82647159525868,3,3.9834484907950636e-16,1.9709209442085476e-15,0.7715179124576279,0.228482087542374,sample_1985,uniform,train,177.40200772209153
4.2358152443524745e-17,1.747225352736444,shallow,60.54074919097469,32.58101954480684,93.1217687357813,3.1007183184558498,1.4814105550851067,1.23195935497111,8.710912696153029,26.231276691768798,2,-3.8693000045960497e-16,2.4416812366222325e-15,0.6501245628479174,0.34987543715208497,sample_1986,uniform,train,109.2049282847714
4.471700312088637e-17,4.5758716441574885,medium,138.0895336253678,41.75545050151645,179.84498412688367,4.104149541485664,1.6657092904068342,1.6657092904068342,nan,139.01599766746918,1,-1.777298524182621e-16,3.239706940685186e-15,0.7678253263262728,0.23217467367373046,sample_1987,uniform,train,139.01599766746918
4.594019963033426e-17,5.253779310918648,medium,61.264370478562604,14.245449918694064,75.50982039725653,3.0696441187476733,1.282565831284995,0.9349660912696416,12.896511156122806,18.198275090189863,2,-2.011023018119006e-16,1.7878882386975463e-15,0.8113430830089552,0.1886569169910466,sample_1991,uniform,train,65.3827213032714
3.6488369699115225e-17,7.514913608998742,deep,29.248623540459004,16.714076163362595,45.9626997038216,1.9917811081214953,1.5013272133843938,1.4375373162189877,17.35857136978732,2.8654995686178157,2,3.0818741932127345e-16,0.0,0.6363556477085507,0.3636443522914493,sample_1992,uniform,train,35.964390037092926
4.2617480165006634e-17,4.851608811042888,medium,57.69840367283879,11.501524891749664,69.19992856458835,3.7447667381888725,0.8207027018705599,0.8063195438419911,16.792855623746664,23.593234672456777,2,1.123979023331362e-16,1.5915352273813534e-15,0.8337928213175176,0.166207178682484,sample_1994,uniform,train,145.97719589885162
3.980378165956176e-17,1.7360012067974644,shallow,21.54539432242837,10.696716106655048,32.24211042908337,2.622724890552357,0.8123058490573754,0.680696356519573,19.714968932260586,55.36591396857008,2,5.4761282065100735e-17,1.4875463803555459e-15,0.6682377188000003,0.3317622812000012,sample_1995,uniform,train,111.01355859860215
4.2080581140712305e-17,4.141051272016226,medium,92.96424597071977,22.70344216354166,115.66768813426121,2.190604598720799,1.2572476117102371,0.789350497337868,9.178235124467014,12.074258440722504,3,2.615402455595992e-16,1.9043196214828363e-15,0.8037183717445063,0.1962816282554956,sample_1996,uniform,train,60.50203526701968
4.2737582894877475e-17,5.263003565521663,medium,36.390294439427954,5.030475511138751,41.42076995056667,2.5546389551076856,0.7917655857566768,0.649312590530558,4.252058325093861,12.219251315693633,2,3.519936912210843e-16,7.933846127950851e-16,0.8785518589552462,0.12144814104475452,sample_1997,uniform,train,52.332787089085436
3.714516039928543e-17,6.776946499588291,deep,24.35397066540238,12.590418285639501,36.94438895104182,1.8418485791171508,1.2379638428090245,0.9498578673619491,7.410802925459562,5.642449000961264,2,-3.7057716531322843e-16,1.5386211675103383e-15,0.6592062111969401,0.3407937888030614,sample_1998,uniform,train,31.81526062925994
4.113091512314049e-17,4.876635889008415,medium,13.02360699846368,11.315076056464626,24.338683054928275,3.6357706753126964,0.915483912242257,0.915483912242257,nan,106.64823276637831,1,-1.742665522945473e-16,1.3137285627592777e-15,0.5350990835893467,0.4649009164106546,sample_1999,uniform,train,106.64823276637831
4.411961025877596e-17,1.6827715973108819,shallow,123.70736110543267,13.562453254790286,137.2698143602228,3.0151341489241013,1.0653449685513785,0.7213932771524473,9.046546302318916,8.665860853600789,3,1.887345547908572e-17,1.151715396742274e-15,0.9011985750982398,0.09880142490176144,sample_2000,uniform,train,77.65641911298948
4.2352209828263456e-17,5.738741314747005,medium,39.1628810083212,13.996285126917968,53.159166135239076,3.8657022213043355,0.9078543437158841,0.8660729484572776,4.77912125813941,12.26317343956577,2,4.0728555973509096e-16,1.7376223587446535e-15,0.7367098443321937,0.26329015566780806,sample_2002,uniform,train,151.47911877318555
4.099234817579394e-17,4.944231989924523,medium,9.097896286934152,6.294467701081798,15.392363988015918,2.385694407746885,0.9410917555104278,0.9410917555104278,nan,56.87652403050216,1,-1.9271848549484535e-16,2.0772912552028355e-15,0.591065563029664,0.40893443697033816,sample_2003,uniform,train,56.87652403050216
4.1735668275382704e-17,4.312170333459552,medium,130.91837593694643,36.07053266604632,166.9889086029923,3.8858861327820593,1.0999909307302822,0.8040929533161062,6.732013071882734,14.45896856996763,3,-4.807183305763895e-16,2.7232188933434078e-15,0.7839944403026088,0.21600555969739396,sample_2004,uniform,train,150.64541265224437
4.856924435731561e-17,7.0871387141472475,deep,101.74316438832564,33.451339915578714,135.19450430390415,2.9139599697520957,1.2374144674373346,0.9980580778865009,7.509993342207435,11.99693637620441,3,4.452961146130968e-16,1.4715980286121933e-15,0.752568789036105,0.24743121096389645,sample_2005,uniform,train,124.00382371303664
4.141202811909415e-17,6.350046444704033,deep,4.722006469000617,2.8580297319627412,7.580036200963349,2.2612981371098635,0.8681017038861547,0.8681017038861547,nan,23.61651206442178,1,5.443186340917799e-16,1.2889071183406368e-15,0.6229530234170249,0.3770469765829764,sample_2006,uniform,train,23.61651206442178
4.063452430392418e-17,3.6152260643806486,medium,46.584947642827785,16.312339113970324,62.897286756797975,2.1150770992089996,1.538677885593783,1.4934049190074676,13.098091464026352,12.197389003363922,2,-5.089951779604455e-16,2.1464060972364254e-15,0.7406511480050904,0.2593488519949118,sample_2007,uniform,train,33.135496745425456
3.575376815272759e-17,1.5149364953204332,shallow,12.965588974280088,8.566234366015584,21.531823340295645,2.2024283577628205,1.1247800009042883,1.1247800009042883,nan,44.75009690210669,1,1.3162607616596087e-16,1.2374870520667154e-15,0.6021593605598504,0.3978406394401508,sample_2008,uniform,train,44.75009690210669
4.2192342491437893e-17,5.9903670768689565,medium,13.989106628195874,1.7199032394956555,15.70900986769153,2.023370877419099,0.7698915342186323,0.7698915342186323,nan,17.91234008404859,1,4.7926645997259766e-17,1.4134856798435584e-17,0.8905148539607863,0.10948514603921365,sample_2009,uniform,train,17.91234008404859
3.815617692161146e-17,5.90880891958797,medium,85.87804940436095,32.277555973306626,118.15560537766743,3.700371122813992,1.1804310075387865,0.8296875653840677,12.92903708711519,78.49907652648031,2,6.595993011958089e-16,1.2628598874567144e-15,0.7268216275466923,0.27317837245330895,sample_2010,uniform,train,198.86942368873935
4.2851480997064885e-17,6.597973607486282,deep,66.16534851060432,11.481875901330834,77.64722441193511,2.1468275100670318,1.0504592844567127,0.7827524982421141,8.182909018191515,5.160684134685099,3,1.7980257270473994e-17,5.033000311701878e-16,0.8521276711654625,0.147872328834538,sample_2011,uniform,train,43.896983933630224
4.3611128835279526e-17,7.482308793493422,deep,101.52144543784986,25.84729008306265,127.36873552091221,2.6361509322268772,1.2700894915450374,1.1107777230200133,7.820485918406861,11.677628631590785,3,1.8877642436279283e-17,2.370916704660709e-15,0.7970672317868888,0.20293276821311362,sample_2012,uniform,train,87.81320096199188
4.1181488262049096e-17,2.022629755378126,shallow,14.40367316235455,7.320149970469051,21.723823132823547,2.7980076441761486,0.9490086360165477,0.9490086360165477,nan,51.62953593842993,1,4.503447591580834e-17,2.493984749850325e-15,0.6630358327946135,0.33696416720538896,sample_2013,uniform,train,51.62953593842993
4.4368772647318023e-17,3.127275080700514,shallow,33.30851652287162,13.483926641877874,46.7924431647495,1.6847342738801214,1.3407881641210828,1.2033992335828965,12.81405478371308,18.120021654348253,2,8.069919102584689e-16,1.1388741766352863e-16,0.7118353791785801,0.28816462082141975,sample_2014,uniform,train,38.150108982215144
4.0512615632091873e-17,3.2813959151171352,shallow,62.559650116144695,25.26992840435735,87.82957852050191,2.2032755987285944,1.271476260129946,0.9359789226511823,7.6262703859750465,10.805746932001936,3,-9.29167027630985e-18,1.5371031270849772e-15,0.7122845306782555,0.287715469321746,sample_2015,uniform,train,73.49754509065986
4.4089227463127744e-17,7.937991803810744,deep,61.863754159082625,7.4367046384496085,69.30045879753222,1.633070355590834,0.953600480945,0.9326693553609549,4.7707441767506245,10.399080198681908,3,-5.0093235029123155e-17,2.5632685125361776e-16,0.8926889552033613,0.1073110447966389,sample_2016,uniform,train,34.76499098770699
4.516357864321328e-17,6.2001156986077275,deep,53.08460203838564,16.581924099181887,69.66652613756744,2.9697817083119475,1.0276243858477754,0.735916362601754,5.966573556070519,7.806151648775895,3,2.0138165240727337e-16,1.1729078388530179e-15,0.7619814706070143,0.2380185293929869,sample_2017,uniform,train,117.28908450600008
4.3727500905445726e-17,2.9724740720463165,shallow,50.58600878876906,13.513472353007943,64.09948114177692,2.922109384472033,1.1458980295777457,0.7406431439553285,7.421590126111789,18.440780031618104,2,2.505141548715629e-16,1.2470624777165762e-15,0.7891796920614941,0.21082030793850717,sample_2018,uniform,train,60.92533477554379
3.977625953696224e-17,2.5922959637617646,shallow,28.06573704111335,8.955666876943495,37.021403918056784,2.419077390085063,1.2464523105846164,1.2464523105846164,nan,29.16084052895663,1,8.246522257730118e-17,1.6793660639294345e-15,0.7580948875746064,0.24190511242539525,sample_2019,uniform,train,29.16084052895663
3.83466028989201e-17,3.595938112239147,medium,22.42967330596069,18.28271641110803,40.7123897170686,2.606378502471938,1.3411333728018622,0.7795664456965761,7.104927867332642,2.5675502836481,3,5.515830476047943e-16,2.879702032112943e-15,0.5509299125361115,0.4490700874638914,sample_2020,uniform,train,41.22173835183637
3.9479627420289755e-17,7.399542994504825,deep,11.583610079450553,2.8054143664008335,14.389024445851362,2.3640252826880808,0.6450879181815693,0.6450879181815693,nan,36.033606368869734,1,1.237087007729573e-16,1.697467860567547e-15,0.80503095418608,0.1949690458139217,sample_2022,uniform,train,36.033606368869734
4.215852256710071e-17,5.952338827668143,medium,122.78133499608192,27.241072112355113,150.02240710843668,3.8200559884959393,1.127340777538792,0.648983733844376,7.9422918606659145,2.4289927556702735,3,7.650334693122748e-17,2.368122034085607e-15,0.8184199771393827,0.1815800228606196,sample_2023,uniform,train,144.9473701701707
4.872312967264082e-17,7.619452858547268,deep,32.04241559670142,20.46967159485031,52.51208719155159,2.450770115864321,1.6782039276862262,1.6325129435745294,10.654576481493763,5.415686347933913,2,-3.307733053316776e-16,2.5708960929692203e-15,0.6101912399676347,0.3898087600323678,sample_2025,uniform,train,38.00296824373391
4.672972425145744e-17,2.1762426276653755,shallow,38.565469790578135,22.873162722799254,61.43863251337725,2.6328681172487425,1.7959833094765587,1.7959833094765587,nan,46.91551129673096,1,3.048811100419343e-17,2.255190713156763e-15,0.6277071642533896,0.3722928357466127,sample_2026,uniform,train,46.91551129673096
4.4238146035213316e-17,1.434762834931062,shallow,28.54840144912912,13.695515364140135,42.24391681326919,3.100861269681326,1.3455215678166053,1.3455215678166053,nan,52.80005181562097,1,-8.112793978704517e-18,1.5979001235985458e-15,0.6757991115104605,0.32420088848954115,sample_2027,uniform,train,52.80005181562097
4.45644870737787e-17,7.279486224750031,deep,48.99752615285732,28.63203312040855,77.6295592732657,3.5497865024872097,1.3046961361294456,1.3043909212754685,15.416873872481412,39.896967275347386,2,-3.171854859848131e-16,2.1967180823755078e-15,0.6311709948059854,0.3688290051940168,sample_2028,uniform,train,117.22301721468443
4.18074755950354e-17,6.285186502461122,deep,126.89571788044687,35.543417789905,162.43913567035173,3.7685886140206644,1.2181126803241484,1.181585333652753,10.85357084097211,27.300538288698053,3,1.163142658548969e-17,8.310997176714213e-16,0.7811893196597929,0.21881068034020792,sample_2029,uniform,train,239.3014556419578
4.315565280493486e-17,7.9411273017980655,deep,68.50250824398213,16.055835070393186,84.55834331437515,2.2012049810881735,1.3696683274038055,1.3240864382873943,2.891366458960191,4.2684425435172,3,8.242377905624198e-17,2.016717096128744e-15,0.8101212199640685,0.1898787800359335,sample_2030,uniform,train,34.53299364072023
4.07906246951051e-17,3.1903430108630495,shallow,47.27114788334463,17.951767183446663,65.22291506679115,2.047000814306574,1.2249227697297718,0.7859361012900979,17.188368159892317,21.05581911086332,2,-3.208865414941837e-18,2.287753841680019e-15,0.7247628818021533,0.275237118197849,sample_2031,uniform,train,56.984614420709036
4.3016833597559684e-17,7.67107017928025,deep,35.3455224460272,10.320668843256085,45.666191289283226,2.112776472131164,0.9280663377335584,0.8018766835076189,4.983974317750848,4.289099996480399,3,-9.145028286803934e-17,1.3614555456390596e-15,0.7739975997149112,0.22600240028509017,sample_2032,uniform,train,57.69638329841311
4.560294509508677e-17,6.736069862695075,deep,100.37879796128558,7.969568035622708,108.34836599690813,1.8644166546350238,0.8974129179434893,0.7161408437366351,6.514598989960931,3.135292678978772,3,1.357059211813756e-16,1.5165250175458306e-15,0.9264449633153677,0.07355503668463381,sample_2033,uniform,train,33.93230412851457
4.4621736144035636e-17,2.501342116509478,shallow,41.59444077577736,24.20317128418167,65.79761205995888,2.538696884550274,1.636227077859799,1.6335899286066002,8.883692925805123,18.829266262639166,2,-2.687309378807792e-18,2.267771881655036e-15,0.6321572998405157,0.36784270015948656,sample_2034,uniform,train,49.63021408762299
3.757705122434209e-17,4.819874456747072,medium,23.705825675625288,13.354095745252495,37.05992142087773,2.3849526884737853,1.295739923523095,1.1731037951685561,19.235384061671347,8.177474550763614,2,4.344945297627611e-16,1.4858925737059363e-15,0.6396620598949947,0.36033794010500675,sample_2035,uniform,train,35.75669935804612
5.146119146348545e-17,4.798023434457054,medium,83.91046123444481,30.45993559398743,114.37039682843196,4.318264035073043,0.9909625227661683,0.9466950761475206,8.4,20.925700006597033,3,1.0962567033192259e-17,2.4229317605860607e-15,0.7336729045394468,0.26632709546055566,sample_2036,uniform,train,269.8669452999455
4.1743672702902377e-17,6.950472215393713,deep,54.85809136758209,26.848524523920428,81.70661589150242,3.0997068699483226,1.1429051702981508,0.7138928092948134,14.958609561052125,4.902267731159657,2,3.839886584896856e-16,1.1739963561211406e-15,0.6714032978728152,0.32859670212718606,sample_2037,uniform,train,88.21025145425969
4.295868002844464e-17,3.737446292474403,medium,67.07122904162293,22.973749723071748,90.04497876469445,2.138920743842559,1.5879253121847317,1.4299905904505161,11.151681487560522,8.94714797835388,2,-2.715172258873473e-16,2.525112211280598e-15,0.7448636221781281,0.2551363778218745,sample_2038,uniform,train,49.93665418792417
4.329637272387905e-17,2.720899248739765,shallow,23.29463711241476,3.0087257442385065,26.303362856653237,2.6722392364313796,0.7592397857763109,0.7592397857763109,nan,31.671467744969387,1,-1.6125424988622546e-17,1.181835374393634e-15,0.8856144075327828,0.11438559246721838,sample_2039,uniform,train,31.671467744969387
3.4161215285570224e-17,5.031395423419623,medium,5.688063764340384,7.103538134518588,12.791601898858945,3.806092605844141,0.783465149301307,0.783465149301307,nan,111.47087912698596,1,-2.973392585667134e-16,2.152469348906173e-15,0.44467173144653444,0.5553282685534677,sample_2040,uniform,train,111.47087912698596
3.493069233100317e-17,2.2402117338068264,shallow,4.4856909006462065,4.667316839423379,9.15300774006957,2.433642630762289,0.8868781434157347,0.8868781434157347,nan,43.49868757515619,1,-1.5778224578027873e-16,1.6496252995397732e-15,0.49007834670662165,0.50992165329338,sample_2041,uniform,train,43.49868757515619
4.013557082375179e-17,4.30665369653428,medium,16.669698314337783,3.71931179165917,20.389010105996913,2.339209297110915,0.7505114577728327,0.7505114577728327,nan,39.23839902162851,1,-2.1894276006321042e-16,1.9384923285231294e-15,0.8175825225293705,0.1824174774706315,sample_2042,uniform,train,39.23839902162851
5.2972000932919835e-17,3.961152593949264,medium,100.79052623001068,25.610176516710634,126.40070274672105,3.705835289430328,1.0936383027506473,0.7614377622787042,10.190191362285594,26.998255136872746,3,1.5437213633919785e-16,2.108006681291569e-15,0.7973889704709358,0.20261102952906632,sample_2043,uniform,train,147.68631259130214
4.316780031161796e-17,5.359727392618003,medium,94.19605297041875,24.89368422804724,119.08973719846584,2.3260320168309705,1.465428537267919,1.306182505129477,6.919537556802477,19.60688355194811,3,-1.4673349534807135e-17,1.223121859678577e-15,0.7909670067827828,0.20903299321721847,sample_2045,uniform,train,67.4779678483209
4.724943181322777e-17,7.57028446585203,deep,74.32896325427919,21.504902904224917,95.83386615850398,2.6605492301588667,1.3431400152079718,1.3292802282267817,7.9271684730425624,38.14690657806832,2,1.0094638217610556e-16,1.2975056078021285e-15,0.7756022608056231,0.22439773919437814,sample_2046,uniform,train,82.5572547250388
4.29280029681724e-17,2.3636191704255163,shallow,48.71415283287488,19.33426343359373,68.04841626646841,2.523880651693125,1.4140087423130798,1.0926679305946199,7.296574538781879,25.37811272715361,2,-9.59112296895715e-17,2.9758911493053355e-15,0.7158748947531246,0.2841251052468784,sample_2047,uniform,train,52.2667199552706
4.393244734079326e-17,6.26855816707678,deep,26.29393083172489,3.2410326258131015,29.534963457537977,2.542188150830276,0.8142456105753169,0.8142456105753169,nan,29.20115120383447,1,1.2186790969930094e-16,4.811536244367717e-16,0.8902645459347638,0.10973545406523665,sample_2048,uniform,train,29.20115120383447
4.0414572562772204e-17,3.031060975619855,shallow,48.986802908633,22.944712348642206,71.93151525727514,3.1331966307037176,1.541472712333376,1.541472712333376,nan,70.09994367836141,1,-3.1832079772381525e-17,9.878044876695907e-16,0.6810200331999609,0.31897996680004015,sample_2049,uniform,train,70.09994367836141
4.352109767850382e-17,7.336809991521171,deep,31.173162367337536,6.027700388268229,37.20086275560572,2.587939212257765,0.9761216775553412,0.9761216775553412,nan,41.46999599467109,1,2.94562383223089e-16,1.2415109329002577e-15,0.8379688012112063,0.16203119878879496,sample_2051,uniform,train,41.46999599467109
3.8320728470205105e-17,8.09727008311302,deep,53.688011505518965,29.757031516693267,83.4450430222121,2.2174767394733172,1.4775242752459545,1.391298228339139,7.138627319029898,13.040914120116051,3,3.861149014362909e-16,1.532717676264762e-15,0.6433936584013485,0.356606341598653,sample_2052,uniform,train,75.48098922086636
4.332748135610883e-17,3.0480330614502504,shallow,80.13533152489549,36.60819072006895,116.74352224496428,4.046456670117167,1.2712952427006183,0.8375015847981633,16.224672569885655,13.56867883381333,2,3.8075848550812506e-16,1.3389985059660546e-15,0.6864220813617958,0.31357791863820556,sample_2053,uniform,train,115.30748169169698
4.388904520603436e-17,3.883816764712825,medium,98.39822189714907,23.27155601430429,121.66977791145315,3.7510791376845454,1.2202864905467021,1.1380338342073668,7.391887445030533,10.331247965932024,2,-2.2351514834892045e-16,1.7227787429823056e-15,0.8087318279545125,0.19126817204548927,sample_2054,uniform,train,105.31627744390047
3.90334512912067e-17,6.9091528882818585,deep,67.55898652341595,14.768519715432289,82.32750623884802,2.3292344365049615,1.2848784533347133,0.86701608297891,6.890573270780888,3.3716449476535657,3,5.3981166155699e-17,2.7402423431766578e-15,0.8206125705716661,0.1793874294283366,sample_2055,uniform,train,39.08276775534039
4.137634789901766e-17,5.0655232861850354,medium,40.46871508693895,21.075229115120987,61.54394420205978,2.9265166471498176,1.2029496484048894,0.8736054800658453,4.638965401897281,38.66911230974713,2,5.0357496816986745e-17,2.5976904408520488e-15,0.6575580361582436,0.342441963841759,sample_2056,uniform,train,116.45678965836674
3.558463375360659e-17,4.048655069150909,medium,37.747153922737446,9.734236868620883,47.48139079135833,2.623974226925434,1.1813377910412302,0.7611883382331998,9.346657156438338,9.090834342388701,2,6.484357789497996e-16,0.0,0.7949883795233621,0.20501162047663787,sample_2057,uniform,train,50.5792523352387
3.8630133613511446e-17,6.359933356815603,deep,25.999938041869846,12.969237652124576,38.96917569399432,2.8172053177516494,1.4233967914323966,1.4233967914323966,nan,41.61872350684171,1,-5.015928037246497e-16,2.5526837875029677e-15,0.6671924047363617,0.33280759526364095,sample_2058,uniform,train,41.61872350684171
3.5150452853432896e-17,5.257403443378266,medium,27.33671490245619,17.817423062234305,45.15413796469039,3.5163442107858067,1.3317382906263247,1.3317382906263247,nan,75.6911965166529,1,-6.316738921410236e-17,2.2817110752015874e-15,0.6054088536433347,0.39459114635666753,sample_2060,uniform,train,75.6911965166529
3.917914395483945e-17,6.104665244759925,deep,36.28402642173907,26.179530213903174,62.463556635642014,3.6467459437127454,1.0445537639808582,0.6534402932066213,16.27513440804714,44.07311072851352,2,-6.764125418381183e-16,3.696977910961042e-15,0.5808831321179561,0.41911686788204766,sample_2061,uniform,train,136.99355358794296
4.1075749920965605e-17,7.045127148864541,deep,132.52748973328244,22.391152791139046,154.91864252442127,4.009023761940581,1.5479454138543751,1.5479454138543751,nan,91.80850824940161,1,3.185836789518383e-16,1.3530334608772908e-15,0.8554650852455726,0.14453491475442873,sample_2062,uniform,train,91.80850824940161
4.192260995103916e-17,3.2242380826894905,shallow,67.21954370478792,11.16727142325518,78.38681512804303,1.6842239312753562,1.0335552942019401,0.7956865964926231,6.29285308902091,5.996596389905272,3,1.8518470492823298e-16,9.971026480147074e-16,0.8575363547426487,0.1424636452573523,sample_2063,uniform,train,37.421623506360106
4.738031533700864e-17,6.284105029478135,deep,56.085740672920416,24.453948558504816,80.53968923142514,2.7093727689737213,1.3266471751713862,1.0333619449416735,8.946507698538015,28.510681590256837,2,9.027772442906383e-17,1.102783519747645e-15,0.6963739394593637,0.30362606054063745,sample_2064,uniform,train,79.30858070889127
3.769381456377225e-17,5.8491882990698,medium,79.67879235345438,26.82046303878246,106.4992553922366,2.718952523930296,1.215777246392113,0.8156005025389115,10.209799214480174,8.182224052683429,3,4.398046084549139e-16,2.2350561569934243e-15,0.7481629055526962,0.25183709444730606,sample_2065,uniform,train,96.3832430799585
4.537492216265166e-17,7.657015449607564,deep,95.75265066998118,24.942288233931794,120.6949389039128,2.76020390013228,1.2939745006634116,0.7468137263630656,6.794115100585213,6.537365732359672,3,6.950225237762864e-17,1.4423386087449353e-15,0.79334437333956,0.20665562666044146,sample_2066,uniform,train,84.48584501218271
4.4954383723689703e-17,3.2094611755350515,shallow,74.73924291759307,8.279623646991135,83.01886656458402,2.3151901754533797,1.2314741659504358,1.2314741659504358,nan,32.781669939196924,1,1.5868956851402192e-16,2.332275824845182e-15,0.9002681680729782,0.09973183192702412,sample_2068,uniform,train,32.781669939196924
4.012703613014747e-17,1.898848095217109,shallow,26.80781104541918,8.92658276793114,35.73439381335023,2.3539909917326796,0.9224614094672378,0.7254933378002899,11.121151019566277,5.3850074851690755,2,3.734850988547541e-16,2.4855001720172043e-15,0.750196328653094,0.24980367134690848,sample_2071,uniform,train,47.384089596040624
3.5403345281876846e-17,3.507579285934463,medium,48.14670545923828,11.166858269319562,59.3135637285577,3.4931746186830783,0.789955363883643,0.702677130486573,6.452906321960671,40.14025957189844,2,3.558750424911129e-16,2.2760918634436914e-15,0.8117317934153581,0.18826820658464422,sample_2073,uniform,train,130.15186621965194
3.893599664065966e-17,4.32569163421878,medium,23.18504376267981,5.59975223881883,28.78479600149861,3.2936792705826337,0.6769853872486936,0.6769853872486936,nan,83.06326383924576,1,2.8608292865474433e-16,1.110809439383897e-15,0.8054614582459692,0.19453854175403199,sample_2074,uniform,train,83.06326383924576
4.5432808932503956e-17,1.410501500750882,shallow,81.83555169931563,7.631624061186805,89.46717576050231,1.644563295614695,1.2132534898617284,1.0077129722290468,5.89576118919347,7.307293349484979,2,-5.0180974713682466e-17,1.3501294083829125e-15,0.9146991732295648,0.08530082677043652,sample_2075,uniform,train,25.938474514676965
3.95332394764015e-17,4.695328170359902,medium,48.00918461462888,33.35598320709521,81.36516782172394,3.538888047114649,1.0841796764184743,0.7528300472692636,10.678951259369995,54.90262220383033,3,1.423130388044236e-16,1.7465526214287242e-15,0.5900459115357561,0.4099540884642456,sample_2076,uniform,train,211.86181006553164
4.2693508995749456e-17,4.282812332077704,medium,19.35884561353452,2.794009590058391,22.152855203592893,2.0879572127352373,0.7014951035840954,0.7014951035840954,nan,38.12882248400948,1,1.323223944488491e-16,8.2191019787370485e-16,0.873875869977915,0.12612413002208583,sample_2078,uniform,train,38.12882248400948
4.564358604155648e-17,1.4421372144411004,shallow,82.30993352643532,18.390872044790033,100.7008055712252,1.9707895160027973,1.4683166872077966,1.2666723200329852,9.509994742374994,9.016210233198237,2,4.895953593637456e-16,1.446475626531061e-15,0.817371152688723,0.1826288473112785,sample_2081,uniform,train,41.079592970656805
4.902966086640348e-17,2.7296731156081537,shallow,63.973620450937574,23.962985394755908,87.93660584569326,2.9904017877892772,1.31103858967081,1.15473181660564,5.06754378372797,13.653364868733552,3,-3.010386016551713e-17,2.4644518892065504e-15,0.7274970398925251,0.2725029601074773,sample_2082,uniform,train,92.9716148699396
4.410314042614992e-17,6.113148324513509,deep,25.80361952188655,14.374509433106024,40.17812895499248,3.3622127352177897,0.9414103548112008,0.7129235403170732,9.450925880568528,20.022424715787277,3,1.8556193161823997e-16,2.299025814574055e-15,0.6422304918875578,0.3577695081124445,sample_2083,uniform,train,131.1086746411661
4.500834034161747e-17,2.0957645764723885,shallow,65.34810630605774,2.083847145211313,67.43195345126901,2.0972424506686234,0.6886330345687771,0.6886330345687771,nan,23.803970413061688,1,2.259027826525448e-16,7.046740161294031e-16,0.9690970372567184,0.03090296274328231,sample_2084,uniform,train,23.803970413061688
4.2837381280282743e-17,1.6562312557327317,shallow,55.87161502825674,24.337168010428535,80.20878303868518,3.042865573252829,1.2218158073216667,0.6923027806624128,10.548933595392477,30.941416547147863,2,5.3372038397370555e-17,1.1516264447530907e-15,0.696577268867295,0.3034227311327061,sample_2085,uniform,train,72.41751706418796
4.002818530758537e-17,1.5664979815270739,shallow,66.77800230818983,35.41361198910322,102.19161429729283,2.760565267163214,1.2998369594102568,0.9599513241834386,4.833218389437831,23.853201801261132,3,2.1654379383407826e-17,2.085913038890873e-15,0.6534587281684506,0.3465412718315515,sample_2088,uniform,train,130.4697082041696
4.108728681035038e-17,4.516190775381505,medium,10.703529997865035,7.938503087812183,18.64203308567718,2.9455802096178103,1.0564170385277598,0.8167908282764667,13.085870242364473,3.8691183348375215,2,-1.9077988504216542e-16,2.001042131829807e-15,0.5741610879388815,0.42583891206112046,sample_2089,uniform,train,62.712919593813986
3.257696148420077e-17,3.07830639972849,shallow,24.155607726890903,16.703484822847823,40.85909254973863,3.1118377132786463,1.3597619206609133,1.3597619206609133,nan,81.95358572036416,1,1.6216249236032385e-16,2.4346106777902576e-15,0.5911929565612789,0.40880704343872354,sample_2090,uniform,train,81.95358572036416
4.1539294052127826e-17,6.3917210428774975,deep,106.92319388998365,22.16030852744315,129.08350241742664,2.345809471932909,1.694333621219318,1.694333621219318,nan,54.071300597983445,1,3.2408084367271656e-16,1.2109944256216468e-15,0.828325788249984,0.17167421175001712,sample_2091,uniform,train,54.071300597983445
3.506358564635069e-17,2.3916798019371006,shallow,13.027198553423457,9.086767040622396,22.113965594045837,1.9260890640499908,1.3410314270587562,1.3410314270587562,nan,29.930757310612748,1,5.942521310676678e-16,7.229463881822623e-16,0.58909373346095,0.4109062665390507,sample_2092,uniform,train,29.930757310612748
3.672503999294715e-17,8.09238538200422,deep,18.975995711178246,10.560253244260519,29.536248955438698,3.249731579745896,0.764570209304194,0.6977019273326474,18.865842149238926,49.5319467663817,2,5.6719082105015e-17,2.2853802457803306e-15,0.6424646453856516,0.35753535461435065,sample_2095,uniform,train,137.02872960834344
4.2887577488883345e-17,2.9463288993843877,shallow,27.241974097120664,11.959606286637438,39.201580383758035,2.4925025350574184,1.086456302795473,0.6777550199586951,8.207313811473277,5.183353849496393,3,2.165508208867113e-16,1.7219091484683283e-15,0.6949203024582024,0.3050796975417994,sample_2096,uniform,train,55.047106404338365
3.712170129939036e-17,6.008205783047624,deep,16.3105941937038,7.964979142620382,24.275573336324143,2.354600231199047,1.1318477358804864,1.1318477358804864,nan,27.941301871233765,1,1.662869635667465e-16,1.5732552025849884e-15,0.6718932635587993,0.3281067364412022,sample_2097,uniform,train,27.941301871233765
4.998774411682873e-17,2.113459631404704,shallow,48.96244992318515,16.681461117252457,65.64391104043753,3.766851856899988,0.8895344679679159,0.7731178288706154,5.091168824543142,6.386457714259492,3,-5.027705462792059e-17,1.1365408622416115e-15,0.7458795362303081,0.25412046376969305,sample_2098,uniform,train,113.62815798147187
5.014742660061053e-17,7.972886584433217,deep,154.35356480913526,39.959266069510065,194.31283087864526,4.000509789938135,1.7905371052255576,1.7905371052255576,nan,140.81503835862563,1,9.289662378117291e-16,3.6566948901272374e-16,0.7943560088707375,0.2056439911292628,sample_2099,uniform,train,140.81503835862563
4.530760672295558e-17,7.521725528785345,deep,39.87631172730328,21.974902770752998,61.85121449805599,2.1159292844923048,1.4358323476703438,1.3588032384170283,7.592101158440924,10.720833461294829,3,2.6415269681172366e-16,4.710053376086859e-15,0.6447134797742187,0.355286520225786,sample_2100,uniform,train,52.52114822103965
4.1064006672762264e-17,5.429094535871036,medium,170.59953218291514,60.709743383586684,231.3092755665015,3.621785934377905,1.4536753173573524,1.323787638167217,5.41848687365763,25.120848574070465,3,3.7254137680475577e-16,1.41304172800315e-15,0.7375386558325359,0.2624613441674656,sample_2101,uniform,train,194.4218579661507
4.2729909377620735e-17,5.853293328302889,medium,20.059656289554326,8.477181168274525,28.5368374578288,1.9398743414939246,1.000287654052623,0.8709432920267561,9.158602513484249,11.733641899765209,2,-1.9121368285792883e-16,1.8051877128548037e-15,0.7029390106453846,0.2970609893546173,sample_2102,uniform,train,42.31166507231936
4.0960292718088326e-17,7.5258737454524285,deep,24.989381306553756,11.96643430915201,36.9558156157057,3.269966073544848,0.8927451616278048,0.8478853928408098,30.308414673156364,6.694728694252664,2,2.127842615997339e-16,1.7304136075197771e-15,0.6761961788751218,0.3238038211248798,sample_2103,uniform,train,102.95275504892328
4.638788861967864e-17,5.574420513079077,medium,69.80300663472374,29.33770564206042,99.14071227678392,3.4171706721571393,1.1525848222081632,0.7943728321758634,13.227244611029162,4.064807455238001,3,6.686123710579868e-17,2.508454415999506e-15,0.7040801405566433,0.2959198594433593,sample_2104,uniform,train,113.16494104269518
4.0241430826284346e-17,6.089834281040211,deep,94.97301951278187,40.71580303810007,135.68882255088164,3.411366558385898,1.6062847464609078,1.5356255086959576,14.05275773647294,22.7036629876154,2,-1.0688930065052532e-16,2.2517210381295174e-15,0.6999325200656683,0.3000674799343339,sample_2106,uniform,train,124.39725666111752
4.3763689550296223e-17,3.729005645784917,medium,68.15086221785054,19.298892455345115,87.44975467319553,2.4545942298651466,1.1966171926475762,0.7840339843584702,5.114684741017767,12.396051265156435,3,2.292112832905549e-16,1.503153514916718e-15,0.7793145043406241,0.22068549565937745,sample_2107,uniform,train,59.17470927785705
4.357067439375224e-17,4.495720944643472,medium,51.48653790072802,13.583613594971851,65.07015149569973,2.2929394952157955,1.11387378256382,0.7149977556980881,7.188880302244573,9.798519237085543,3,-5.3560215189476347e-17,2.0747319115023258e-15,0.7912466271748358,0.20875337282516618,sample_2108,uniform,train,74.7367686065141
4.116893824349799e-17,3.15224963693724,shallow,29.642492388042342,17.25428658829942,46.896778976341636,2.7877216075113873,1.2074468754230185,0.8109909739972595,10.690182411914217,27.605783315715524,2,-3.2056956876855354e-16,2.6514609632517996e-15,0.6320794953315729,0.3679205046684297,sample_2109,uniform,train,73.0484057757079
3.824780183564989e-17,5.114876763042304,medium,44.76540615084722,11.495112756854738,56.26051890770183,3.167291793478974,0.7733467885332728,0.7456272023500065,11.680753400359073,89.75875689836118,2,-1.0833571660484162e-16,2.273311638782439e-15,0.7956806481697598,0.20431935183024244,sample_2110,uniform,train,182.5118550758483
4.0124646610809146e-17,4.498556395883195,medium,14.250246713416978,4.763481858430306,19.01372857184726,2.523291504040826,0.8573028364667723,0.8573028364667723,nan,34.42754051124249,1,2.661590389632371e-16,1.2612369657685478e-15,0.7494714495144658,0.2505285504855356,sample_2112,uniform,train,34.42754051124249
4.964984016647723e-17,5.893015493383357,medium,73.19776100800989,33.2571845838862,106.45494559189581,3.788246518833687,1.4059944803861222,1.0240809050651947,7.224956747275378,49.481789964971995,2,2.99493748123729e-16,2.6698345739014396e-15,0.687593804130245,0.3124061958697577,sample_2113,uniform,train,143.01886349778556
4.2894501656108086e-17,6.33543891019294,deep,97.62191190766815,36.306558603140246,133.92847051080815,3.6990245744140906,1.3190242226058835,1.0771988912886403,7.104927867332645,17.79073776056802,3,-3.341753697851022e-16,1.8038325177389222e-15,0.7289108248256294,0.2710891751743724,sample_2114,uniform,train,175.3764759004311
4.530209736085487e-17,7.398179117864638,deep,90.19670869712876,24.82264522159193,115.01935391872044,3.299173630731282,1.1440587170214198,0.6504371077239408,4.931531202375184,11.226063498926301,3,-2.690023547415788e-17,2.1312695253919023e-15,0.7841872313147155,0.21581276868528662,sample_2115,uniform,train,149.7354801716497
4.0394510921361037e-17,4.938648920843825,medium,32.345977564963086,18.938545054802553,51.284522619765504,2.3832206206032542,1.5293373548756346,1.4139397354487904,22.417850030723283,10.142389792315285,2,1.0456980977977226e-16,2.632433976140545e-15,0.630716167620066,0.3692838323799366,sample_2116,uniform,train,36.15990170216894
4.040858476994949e-17,4.032407407621851,medium,10.745649806519708,7.160932085646818,17.906581892166493,2.8863854156978586,0.9257977229243293,0.9257977229243293,nan,57.34215943843179,1,1.0529450679667653e-17,1.8848253760461987e-15,0.6000949746428467,0.3999050253571553,sample_2117,uniform,train,57.34215943843179
3.849224761211167e-17,8.127288038248892,deep,59.628284749486006,28.61969005402347,88.2479748035093,3.8746473445528546,1.4576240154721063,1.4576240154721063,nan,122.76181996591436,1,3.116373931048738e-17,2.0531734356766265e-15,0.6756901207336807,0.3243098792663214,sample_2118,uniform,train,122.76181996591436
4.557830112891846e-17,2.576706020222486,shallow,45.82049107583247,24.885893491742948,70.70638456757524,3.6755444461230224,1.209562515830853,0.8528277985115156,3.852272056851644,2.4084697438902225,3,-4.297795831094256e-17,2.5123004807331895e-15,0.6480389480534262,0.3519610519465763,sample_2120,uniform,train,173.9708187441764
4.1713592991412265e-17,4.016090566801706,medium,43.20023568348109,6.6568073586601555,49.857043042141214,2.1786379318256017,0.8210830923725648,0.772513996011333,8.180464534487024,16.285879935890076,3,2.1536606357569207e-16,6.235075887518844e-16,0.8664821065895641,0.1335178934104365,sample_2122,uniform,train,56.88875805653869
3.590883266735158e-17,2.989662313529604,shallow,100.03129031899984,41.465988884890805,141.49727920389049,3.413588474207588,1.2983802899205008,0.9854917204730016,6.723094525588645,11.449961896620016,3,3.063524932860792e-16,1.1047519976831048e-15,0.706948507291506,0.29305149270849506,sample_2123,uniform,train,155.77796396279135
3.8197652835280886e-17,1.3875342437961524,shallow,44.96880478827747,18.08132928042532,63.050134068702654,2.583858134395877,1.2554547052686322,1.003685401008194,4.64327470649756,30.919064769419062,2,1.0795859366407913e-16,2.0848552989971986e-15,0.7132229844154995,0.2867770155845026,sample_2124,uniform,train,62.645295420180716
4.254067882887246e-17,7.682970604614802,deep,31.665397375034555,8.798074722444598,40.4634720974791,3.5644793082227006,0.7671675520048642,0.6189445043187661,10.875660899458019,27.1880715251136,2,8.866872596329863e-17,1.3609079786516512e-15,0.7825674795961796,0.2174325204038218,sample_2125,uniform,train,136.44526288742196
4.5237078734979526e-17,2.0454232396506917,shallow,46.85723827674524,24.44248574803094,71.29972402477611,3.5867466017751757,1.1958289835054825,0.8703571081170359,3.1304951684997064,9.171898704349994,2,9.909943377637496e-17,9.965574838875843e-16,0.6571868112766146,0.3428131887233864,sample_2126,uniform,train,82.51769627134391
3.5065722698354226e-17,4.61389769485344,medium,29.391166743723478,12.90552643859983,42.29669318232322,2.7799738484087797,1.4716872865738675,1.4716872865738675,nan,35.30196413718257,1,5.837325495357794e-18,2.1418742694351865e-15,0.6948809595357855,0.30511904046421656,sample_2127,uniform,train,35.30196413718257
4.421650386601204e-17,2.0737108677666254,shallow,54.412830644343686,33.50553999979558,87.91837064413903,2.9647823514549594,1.4429803812954374,1.3274221494117833,21.284736315021615,50.76765925694321,2,-2.972095005363385e-16,2.667009193674864e-15,0.6189017181015177,0.38109828189848494,sample_2128,uniform,train,127.98852986876804
4.38654375433959e-17,2.2055318387442453,shallow,44.44244499940641,21.608558503474907,66.05100350288123,3.998548019819629,1.3399491562554533,1.3399491562554533,nan,108.2836789580399,1,-1.0899596179806235e-16,1.3446857316276531e-15,0.6728504132033024,0.3271495867966989,sample_2130,uniform,train,108.2836789580399
3.911062024560861e-17,2.0403758913712853,shallow,164.82927827842877,35.859771399289855,200.6890496777183,3.498727749672759,1.4292191649823291,1.0975150655813026,4.3266615305567875,9.42117214477597,3,3.2136424805943485e-16,1.6994475469017814e-15,0.8213167511786226,0.17868324882137915,sample_2131,uniform,train,135.19369643159902
4.6689987282887757e-17,1.8967126603687037,shallow,104.24840367255038,35.629519699594475,139.87792337214472,4.178652931696369,1.7992236549851346,1.7992236549851346,nan,145.31009935472002,1,-4.2904054118984704e-17,9.65149585723e-16,0.7452813221654562,0.25471867783454477,sample_2132,uniform,train,145.31009935472002
4.32259635148447e-17,6.665700598756996,deep,39.02724027452618,6.8288518331166825,45.85609210764281,3.3673761593824314,0.657661772560189,0.6223128974205363,11.974973903938164,39.08874590191016,2,3.739557921846049e-16,1.1427604131485397e-15,0.8510808156725054,0.14891918432749576,sample_2133,uniform,train,115.10986220014503
4.034377908661507e-17,4.424224821962953,medium,39.12451370369953,16.62533020249135,55.74984390619078,3.9695320253343667,0.7709214701958246,0.6490986206441437,4.673328578219173,21.995476208174182,3,-6.352072329315564e-17,1.7206015767330543e-15,0.7017869640950675,0.29821303590493425,sample_2134,uniform,train,227.97182458401
4.321196271700082e-17,2.8843667917401707,shallow,34.83221731827645,7.447260255224357,42.27947757350072,3.3900360761290838,0.8897268488464639,0.8897268488464639,nan,63.29890347203562,1,1.2978740337475965e-17,2.01670250402179e-15,0.823856379438994,0.176143620561008,sample_2136,uniform,train,63.29890347203562
4.475632250896968e-17,7.938787232375326,deep,85.55650556699491,35.04500199698997,120.6015075639847,3.3677089763213077,1.5326588049546905,1.4433806404138,12.641202474448388,16.32654810639878,2,3.3840324423031383e-16,1.5318308620612584e-15,0.7094148928578129,0.29058510714218866,sample_2137,uniform,train,100.26105787015749
4.3245719686692096e-17,8.18673879824182,deep,56.49477290450964,15.858488743568744,72.35326164807826,3.003674179512068,1.1811000699545764,0.7360173697586259,9.397872099576585,22.766059188654854,2,-2.104005041786973e-17,1.6940303605770172e-15,0.7808186060677773,0.21918139393222438,sample_2138,uniform,train,68.24521891385234
4.523391130873152e-17,2.1497766983686466,shallow,36.361615911709336,18.79127593105696,55.15289184276618,2.95430907136995,1.1804101297528178,0.8908383016764294,15.892136420255149,6.078336459689172,3,7.393658466128529e-17,2.06130329567709e-15,0.6592875676468903,0.3407124323531117,sample_2139,uniform,train,81.13639194513155
4.209709426756175e-17,3.6384883974949513,medium,77.69582181137464,32.90458619724151,110.6004080086159,2.889733924693537,1.2901428153164165,1.1276095586450816,6.6992536897776915,29.505943227066812,3,-2.036899621487632e-17,2.2485446662788244e-15,0.7024912765721628,0.29750872342783946,sample_2140,uniform,train,119.19331934073017
4.2258404774958123e-17,4.278905936905615,medium,61.5094243862832,18.439562532310465,79.94898691859358,1.9573222754364097,1.1920695556218808,0.862990211980327,9.86914383318026,14.804030968188483,3,2.5873615669095583e-16,1.1109314250654542e-15,0.7693583966100023,0.23064160338999884,sample_2142,uniform,train,68.2916228051173
4.1633576065287505e-17,3.0238186569242576,shallow,16.01289907236853,6.233713150278222,22.246612222646732,1.9846657139568509,0.9106010656799735,0.841703357745335,12.451505933018707,15.549671367897188,2,2.291157982407892e-16,8.783326215175986e-16,0.7197904522319866,0.2802095477680144,sample_2143,uniform,train,41.99058758493365
4.2729544237306334e-17,6.5119560444749425,deep,103.62695563359992,31.762569983385145,135.3895256169848,3.693729914859213,0.976841269776967,0.6872610292985428,7.820485918406862,11.134056360854927,3,2.1757736062001673e-16,1.9680512557805328e-15,0.7653986167789614,0.2346013832210406,sample_2144,uniform,train,190.61859032723504
4.8347723439679576e-17,3.893430905656142,medium,61.329576578676644,26.85970033376377,88.1892769124401,2.967464695496495,1.7419266229110235,1.7419266229110235,nan,74.66033918889822,1,-1.2997487173464442e-16,3.4645184434406457e-15,0.6954312216389814,0.30456877836102203,sample_2145,uniform,train,74.66033918889822
4.203823352300499e-17,6.309893641521092,deep,11.083672362062615,11.015009473358663,22.098681835421235,3.0952164300354745,0.9997275508028654,0.9997275508028654,nan,91.54674452033053,1,1.6914268280852767e-16,1.929190368145475e-15,0.501553551682751,0.498446448317251,sample_2146,uniform,train,91.54674452033053
4.130948308125418e-17,6.585040729628828,deep,71.5924152542124,37.76487116089773,109.35728641510984,3.4676549550432387,1.4608922135182307,1.2951278063184186,11.067068265805538,20.1729059006397,3,-7.652453865785723e-17,2.598977202352837e-15,0.6546652500360554,0.3453347499639473,sample_2147,uniform,train,139.04028635197906
4.084916379698186e-17,1.6620288568169777,shallow,71.32253652456785,31.584591086238703,102.90712761080636,2.9379909283397105,1.380874684168461,1.1250521115190542,12.620618051426801,30.884518320271905,2,1.1401292442118807e-16,1.9333157054510573e-15,0.6930767399738229,0.306923260026179,sample_2148,uniform,train,102.09974207963205
3.5332183249941553e-17,6.675439825033408,deep,37.475649659161085,19.73983759685054,57.21548725601151,2.7490022297017322,1.6818689546743082,1.6818689546743082,nan,41.28403416481086,1,-1.4712977643870522e-16,2.049087703751023e-15,0.6549913573483306,0.34500864265167147,sample_2149,uniform,train,41.28403416481086
3.9868035296167076e-17,7.457491112603133,deep,21.61466249379585,5.962561079084093,27.57722357287989,4.149987232883718,0.6470624163556312,0.6470624163556312,nan,133.36179871212354,1,3.4743451320651554e-16,1.932417345827913e-15,0.7837867520156102,0.21621324798439173,sample_2150,uniform,train,133.36179871212354
4.1140660796249247e-17,1.8214977443564615,shallow,286.37702369120825,60.71973095701596,347.09675464822334,4.137430106970604,1.616214784712688,1.4755862939418363,6.867313885355759,8.319114063626971,3,3.793401905906116e-17,2.517936434959395e-15,0.8250639622990612,0.17493603770094127,sample_2151,uniform,train,182.4212390566778
3.948354447684305e-17,5.000403119904425,medium,38.51156548202196,21.465720940667552,59.97728642268941,3.014985843102564,1.4984360590935795,1.4984360590935795,nan,77.35002855760948,1,3.8674599422047405e-17,1.6585609142994214e-15,0.6421024987794884,0.35789750122051317,sample_2152,uniform,train,77.35002855760948
4.227698863527708e-17,3.2180159685171215,shallow,36.025979119231735,9.21467488511206,45.24065400434375,1.8944636934076065,0.9655832541241178,0.6095250664890058,9.359487165438072,9.216402045855281,3,-7.760601355052759e-17,9.423507481017554e-16,0.7963187074124243,0.20368129258757664,sample_2153,uniform,train,45.52775624927468
4.350637188110591e-17,8.026576541333956,deep,97.34324891098211,22.135714830338472,119.47896374132034,2.364113833292342,1.1613680561718884,0.9978190321436677,7.090839160494339,16.674865693097317,3,-9.549114330403414e-17,2.021983808643337e-15,0.8147312787356987,0.18526872126430324,sample_2154,uniform,train,91.25011639299757
4.796348652540046e-17,2.2324753005670104,shallow,48.0009086997101,27.700361906014386,75.7012706057244,3.2106546901499056,1.7982216739375527,1.7982216739375527,nan,52.79812352576845,1,-2.210032827433804e-16,1.1263368185099448e-15,0.6340832632745844,0.36591673672541675,sample_2155,uniform,train,52.79812352576845
4.292564608381852e-17,1.3596290899446846,shallow,62.57193970876098,28.861814035329214,91.43375374408996,3.9995783833682372,1.232400870779004,1.0877405944942804,13.46996659238619,47.88793195844368,2,3.908541542836762e-16,2.6033254321576983e-15,0.6843418009927813,0.3156581990072213,sample_2156,uniform,train,149.21762605187712
4.249832070116579e-17,2.1669056188198788,shallow,24.657696815376774,4.703790385982377,29.36148720135911,2.53822261229855,0.6483710372706007,0.6322229420369273,11.77115117564973,31.356586890850377,2,5.941235386853885e-17,1.3612399335363217e-15,0.8397972706994009,0.16020272930060042,sample_2157,uniform,train,67.99395209039653
3.5116916089171826e-17,1.4164074199165864,shallow,213.4548111283866,51.76803182233561,265.2228429507216,4.035423540940385,1.5707292083744777,1.5248443192497794,4.975942121849891,62.40126498289894,2,2.300942344229674e-16,2.3307652283409974e-15,0.8048130724850368,0.19518692751496564,sample_2158,uniform,train,196.87814596461843
4.662160894654388e-17,4.08925136878851,medium,165.15444249861864,54.40910457898064,219.56354707759883,3.856887977680902,1.791412681328476,1.791412681328476,nan,136.00034244158186,1,-4.594439118818001e-16,2.038780706027928e-15,0.7521942722133618,0.2478057277866403,sample_2159,uniform,train,136.00034244158186
3.763761285867245e-17,4.296740509132024,medium,42.12639070495231,18.231407769225644,60.35779847417779,3.4624514527316763,1.0550879140717602,0.6641230328729092,9.72830920561225,3.7177867072730386,2,3.3986662640081857e-16,2.648740006884427e-15,0.6979444540704177,0.302055545929585,sample_2160,uniform,train,70.68182057377578
3.887815110051338e-17,5.6294823575287305,medium,6.824824552982111,12.299646193924005,19.124470746906063,3.050711541182416,1.097860566396636,1.097860566396636,nan,83.83355602224067,1,1.3202425771507807e-16,2.7865192133815693e-15,0.35686344700996364,0.6431365529900391,sample_2162,uniform,train,83.83355602224067
4.294570073603228e-17,4.383889431149728,medium,25.29363042697253,3.340639470399069,28.63426989737157,2.665704238432724,0.7514625210683601,0.7514625210683601,nan,38.43534133417085,1,1.9652775498974764e-17,1.0080857218889229e-15,0.8833342186697176,0.11666578133028342,sample_2163,uniform,train,38.43534133417085
3.279419461173917e-17,7.502171939861838,deep,36.59078327015214,24.105893008628623,60.696676278780714,3.4458785959021894,1.542381235717699,1.542381235717699,nan,81.98872159251898,1,8.57793294649382e-16,7.609193889345252e-16,0.6028465727198988,0.3971534272801019,sample_2164,uniform,train,81.98872159251898
4.5673588217427134e-17,4.994195207246323,medium,114.41076034067252,43.80916362109963,158.21992396177188,2.385470557664093,1.6969378842647789,1.6575685706491377,14.147791347061913,19.217164313947205,3,5.600747128446644e-16,1.706524897926732e-15,0.7231122192190899,0.2768877807809118,sample_2165,uniform,train,111.66818914241927
4.1090776055170703e-17,4.006987351602665,medium,57.12414259625595,14.346818362201242,71.47096095845703,2.6736265456656536,1.3717207864743737,1.3717207864743737,nan,53.57868581077016,1,3.5173981606086696e-16,2.3114448700395616e-15,0.79926367059007,0.20073632940993233,sample_2168,uniform,train,53.57868581077016
4.3509297645942504e-17,8.313624764670044,deep,81.34138353617871,31.023573976117245,112.3649575122957,3.767261900645309,1.2187913292595953,1.0871031468763888,7.560423268574321,14.789706757039395,2,-1.7001234073540135e-16,2.244851747193813e-15,0.7239034778905853,0.27609652210941693,sample_2169,uniform,train,141.47422685854826
4.477776369238859e-17,5.154349689272038,medium,120.35290088618223,8.749062584209014,129.10196347039113,2.2355650545954786,1.1913168593176011,1.1913168593176011,nan,46.800505735561465,1,1.4526336885128747e-16,8.805972788143499e-16,0.9322313747287395,0.0677686252712614,sample_2170,uniform,train,46.800505735561465
4.8672440981384624e-17,4.169251744204392,medium,45.45298585133429,18.554658209244444,64.00764406057857,3.8869633858537966,1.1870572764036318,1.1870572764036318,nan,125.92180622364577,1,-5.0168189820822993e-17,2.5532080054399965e-15,0.7101180885257447,0.28988191147425785,sample_2171,uniform,train,125.92180622364577
5.3930331463384623e-17,4.059233519058112,medium,25.166792226568568,16.396443886312,41.56323611288049,3.3700901122073734,1.1201055416506465,0.6356350445953332,10.115334893121434,15.290505698087491,3,-9.164372422040163e-17,1.880500852275775e-15,0.605506081341182,0.39449391865881983,sample_2173,uniform,train,110.46021186360954
4.358346413532265e-17,4.742175168882621,medium,36.478309272833336,5.08077282982015,41.55908210265345,2.763787729336144,0.8968606867604347,0.8445176263380908,9.881295461628502,5.317759997333675,2,1.4457317996793832e-16,8.97601480592458e-16,0.8777457880982478,0.12225421190175312,sample_2174,uniform,train,34.79489024309742
3.563617703988361e-17,8.274030445034692,deep,7.826904222123869,6.2251134989809485,14.0520177211048,3.2059789438359974,0.7985884451873633,0.7985884451873633,nan,90.67300646440007,1,2.588359286421358e-16,1.2641293760484879e-15,0.5569950435209458,0.44300495647905547,sample_2176,uniform,train,90.67300646440007
5.1322515132963484e-17,5.73757397872573,medium,41.82491951023298,21.303101334654983,63.128020844887864,3.8990523841675904,1.187706103610211,1.075942102946857,20.87007426915391,21.937519363225615,2,5.99862579935299e-17,1.5757817475513275e-15,0.6625412764483964,0.33745872355160517,sample_2177,uniform,train,150.83860353174646
4.2520743343399784e-17,1.7864873962845784,shallow,74.66269377015207,19.891762554908098,94.55445632506006,2.2157006703725473,1.305964067107877,1.0001032005443324,6.203224967708327,9.12663751983645,3,2.257701622555155e-16,1.202342461055273e-15,0.7896263875017807,0.21037361249822048,sample_2178,uniform,train,57.96186934988117
3.96092907437958e-17,5.938979413462693,medium,49.37043306215469,30.760960535849797,80.13139359800441,3.7801941880084673,1.6632632955558715,1.6632632955558715,nan,91.55803017470015,1,1.9246708309648601e-16,9.753942546627258e-16,0.6161184879652987,0.38388151203470233,sample_2179,uniform,train,91.55803017470015
4.085064503105106e-17,6.518678650341075,deep,48.14861705516819,12.077705024153618,60.226322079321704,3.263247086728232,1.1652976036375606,1.1652976036375606,nan,60.63383170301472,1,-2.491540643663333e-16,1.6811974623397861e-15,0.799461354982852,0.20053864501714966,sample_2180,uniform,train,60.63383170301472
4.761619877219169e-17,3.1199747116257606,shallow,51.30054905583627,30.64641348194423,81.94696253778038,2.8428299595278688,1.7701316566654297,1.7701316566654297,nan,73.88140550792427,1,1.7924772249820864e-16,1.474029803405192e-15,0.6260213614651665,0.37397863853483493,sample_2182,uniform,train,73.88140550792427
4.287958056337377e-17,7.776940958229312,deep,106.56764198339455,39.46701541064143,146.03465739403566,3.351732216408988,1.5490127407109413,1.3567243733196828,4.009987531152685,16.952161729957986,2,2.286622072364297e-16,2.1895092356693135e-15,0.7297421302934284,0.2702578697065738,sample_2183,uniform,train,118.33834842562425
4.5024591372633766e-17,6.255205603669489,deep,151.14400077831684,49.77967916215879,200.92367994047535,2.911035224836018,1.6797140770848111,1.6622993639729313,6.069596362197407,15.481623469418722,3,1.6685230269208412e-16,1.379188690096333e-15,0.7522458319651223,0.24775416803487907,sample_2184,uniform,train,110.38892300560718
4.8505410274713253e-17,3.619754664595402,medium,45.332354245536195,18.34016340668629,63.67251765222233,3.819886210192094,0.8259588672413781,0.6618169343500141,5.592852581643826,5.236321284995879,3,9.462713490111458e-17,2.399256285464151e-15,0.7119610770401817,0.2880389229598207,sample_2185,uniform,train,185.90797220070274
3.371572472420327e-17,5.048882385322189,medium,256.05819998571343,41.57499744766059,297.6331974333731,3.802890259774093,1.4591798445186954,1.3767881487743276,8.16578226503744,7.7555292469887895,3,-1.6740459374526824e-16,3.1512493206114558e-15,0.8603146496890137,0.13968535031098941,sample_2186,uniform,train,139.94514885112395
4.232506446538502e-17,6.987971106511016,deep,117.04855227432571,47.63604066986818,164.68459294419367,3.4731817738990247,1.4480417158324723,1.314680360179504,4.621688003316539,22.58195338449586,3,1.7950816995368178e-16,1.3806614898109e-15,0.7107437932216872,0.28925620677831415,sample_2188,uniform,train,171.90227595455178
4.1992484746226006e-17,3.103461708663949,shallow,20.834713251687905,3.4088262135792253,24.243539465267094,2.3272671822192974,0.6812159827170656,0.6812159827170656,nan,52.79920038814743,1,-2.1842924879419477e-16,1.4837448157844212e-15,0.8593923870537592,0.1406076129462423,sample_2189,uniform,train,52.79920038814743
3.8765982962077144e-17,6.259085092268784,deep,127.47516043517362,38.01934426443246,165.49450469960576,4.341600701568278,1.0812068081785657,0.6626095004197954,9.720082304178295,54.05590602048344,2,-5.678558185682821e-17,1.9749879855099786e-15,0.7702682374049686,0.22973176259503336,sample_2190,uniform,train,226.1872561880029
4.74874324175982e-17,7.715857801692999,deep,112.1813093692986,40.233075018109204,152.41438438740747,3.832020859220843,1.306476625284941,0.9431917496051325,8.35463942968217,39.7631755557053,3,4.615937060096597e-16,2.237718667668133e-15,0.7360283599227466,0.26397164007725554,sample_2191,uniform,train,218.98588202005072
4.2239362938131665e-17,7.02014606537747,deep,169.78801978510393,41.50425741131722,211.29227719642063,3.6848656914741933,1.124509293356082,0.8964001957666923,9.56242647030554,16.03432659702297,3,-4.74531710521409e-16,2.4548753224079504e-15,0.8035694538294285,0.19643054617057398,sample_2192,uniform,train,187.18535932883776
4.207776121637176e-17,5.584535898484097,medium,73.26288250323225,21.974770594996148,95.2376530982282,2.5683001301160395,1.0845919021907713,0.6119000761919049,4.368065933568312,13.176981789675496,3,-4.3333806591446123e-16,2.126309008084912e-15,0.7692638375671527,0.23073616243284945,sample_2193,uniform,train,85.56125530206809
4.4593961921277584e-17,2.6547200747328086,shallow,82.97028982636765,33.99047088554419,116.96076071191158,3.664306370873642,1.7649972175106545,1.7649972175106545,nan,91.76327014996384,1,-1.0877855339305829e-16,2.2477693427353247e-15,0.709385689023804,0.29061431097619833,sample_2194,uniform,train,91.76327014996384
4.092229430956573e-17,2.3459998763699037,shallow,31.798180107375714,17.87588077753488,49.67406088491053,2.343028983322551,1.636295903308973,1.636295903308973,nan,53.87925622593119,1,-1.3119233682774816e-16,1.287369002638452e-15,0.6401365127173453,0.359863487282656,sample_2195,uniform,train,53.87925622593119
2.89287659961629e-17,6.589072338315195,deep,17.40431609899352,16.172903065780027,33.57721916477348,2.397761325512662,1.4214879426286593,1.4214879426286593,nan,57.743946495613535,1,2.1495862928844038e-16,1.904530744627566e-15,0.518337031234937,0.48166296876506487,sample_2197,uniform,train,57.743946495613535
3.732658928786576e-17,6.673750350091503,deep,22.313406311319618,11.851595387112267,34.16500169843181,2.117594198481947,1.3726523377322972,1.233901078877797,20.623287807718732,8.053708108573874,2,-3.7242055223033706e-18,2.235719019376393e-15,0.6531071330912246,0.34689286690877763,sample_2198,uniform,train,34.802765126713616
4.355257584757864e-17,2.270069511008613,shallow,96.79745210129467,36.07859411574983,132.8760462170442,3.8141098742758466,1.141708110257781,0.796262804281588,8.593020423576336,7.908910028140258,3,1.9862937717522054e-16,2.1924382155816486e-15,0.7284793223240738,0.2715206776759284,sample_2200,uniform,train,156.52704897073963
4.643029899942348e-17,5.783076734995195,medium,45.76733175109853,27.55956368985749,73.32689544095591,2.229205853410269,1.3698044606558089,1.1532900015160452,6.53299318842443,11.703991424704675,3,-2.7763859225277136e-16,1.5504111695709067e-15,0.6241547726229755,0.3758452273770261,sample_2201,uniform,train,81.88097919727747
4.4297891344049344e-17,4.115741004850584,medium,59.88129932096569,9.512545043543978,69.39384436450962,2.979681270548538,0.945151044297984,0.6407612352327664,3.757658845611188,6.011415092449378,3,1.6731976860414846e-16,6.911511403212586e-16,0.8629194688569672,0.13708053114303348,sample_2203,uniform,train,81.38836899483061
3.5556058942335807e-17,3.2892992473901,shallow,20.534994516999284,9.542136905370368,30.0771314223696,4.03046891791688,1.2074438656326794,0.7125551337229072,17.42297333981775,4.393935129281359,2,3.6758952561902197e-16,1.7127414053952606e-15,0.6827444488847285,0.3172555511152732,sample_2204,uniform,train,141.5785120653602
4.0028096167772564e-17,2.000134224155813,shallow,243.36501863669903,55.18611336895821,298.5511320056563,4.236627606932862,1.5228558562323196,1.4034610661500604,7.3702103090753095,12.233591874365622,3,6.553037725220042e-16,3.1177606917534523e-15,0.8151535618096007,0.1848464381904024,sample_2206,uniform,train,186.3472830414046
4.402430858186324e-17,2.3333128136843713,shallow,10.60981733294375,4.035761607703387,14.645578940647122,2.237811794013087,1.0013567207935297,1.0013567207935297,nan,22.76600123438747,1,-3.774508878631499e-16,1.0916066629658172e-15,0.7244382332676124,0.27556176673238875,sample_2210,uniform,train,22.76600123438747
4.0456709434789065e-17,8.044376408940446,deep,15.266361199582878,10.438465792703003,25.704826992285835,2.8660397310979375,1.0026975082680267,0.8531602236800021,10.877499712709719,9.891500361290937,2,3.0243283998188494e-16,1.7967550545376937e-15,0.5939102879067967,0.40608971209320516,sample_2211,uniform,train,51.43696697074767
4.214668933798484e-17,7.13385254186453,deep,39.12008505471508,18.74976496714666,57.86985002186157,1.9638689507618856,1.2148818304954963,0.9552793566387302,9.408506789071259,14.526341335945792,3,-2.9908679982309294e-17,2.824006441404044e-15,0.6760011480924286,0.32399885190757427,sample_2213,uniform,train,63.057398473457944
4.372799410567871e-17,2.982908359614566,shallow,19.92638706883887,14.598690180217762,34.525077249056544,3.301984422596928,1.1877036369116984,1.1877036369116984,nan,80.10402676345915,1,1.5476679706003231e-16,2.5725602676946835e-15,0.5771569148156908,0.4228430851843118,sample_2215,uniform,train,80.10402676345915
4.562767195170799e-17,5.634933731363397,medium,65.72139194403469,28.77449781298272,94.49588975701724,2.679621747256002,1.6488563809674466,1.5912336528735727,8.59069263796581,5.134061635033624,3,4.261284574317133e-16,1.8422279604843574e-15,0.6954947153048446,0.30450528469515714,sample_2216,uniform,train,61.80856742267737
3.910417169180423e-17,1.8101142867244588,shallow,44.27016377304863,15.304009908215816,59.5741736812643,3.6569734599021553,1.3005059193713167,1.3005059193713167,nan,67.94602191197255,1,-8.583047855329754e-17,2.474857955379228e-15,0.7431099927613652,0.2568900072386372,sample_2217,uniform,train,67.94602191197255
3.9674740549560045e-17,5.125020222872251,medium,37.54896994917899,11.689129205919494,49.2380991550984,2.347466361587753,1.5046071749204488,1.5046071749204488,nan,30.00369284410887,1,-2.2957688388115054e-16,1.6234594581162708e-15,0.762599909287744,0.23740009071225757,sample_2218,uniform,train,30.00369284410887
4.2452829908200984e-17,1.7567725884691594,shallow,69.2660829055746,23.267409230748868,92.53349213632325,3.674796479780141,1.1949318533414244,0.7559998798239684,10.824047302187845,7.5485053342687545,3,5.038239160448912e-16,2.4572040911225745e-15,0.7485514845103829,0.2514485154896196,sample_2219,uniform,train,141.97677419941837
4.193217300907996e-17,2.711944197696434,shallow,34.569366203294464,11.714620374478567,46.283986577772936,3.628449680453126,0.9873568156810879,0.9873568156810879,nan,94.36946599783103,1,2.4608259447186065e-16,2.0724936726534914e-15,0.7468969023488523,0.25310309765114974,sample_2221,uniform,train,94.36946599783103
3.7583262938525746e-17,1.4097631998850007,shallow,37.09527533214606,24.53268382194799,61.62795915409401,3.065935265088333,1.2215365428140865,0.9341983754727445,14.257629536497294,57.19943899294611,2,2.464748899228357e-16,6.917730966720465e-16,0.6019228259594539,0.3980771740405468,sample_2222,uniform,train,131.2755946231959
5.138947590646033e-17,6.1526512640482425,deep,64.30336454370743,16.60134064196639,80.90470518567376,3.423943227625942,0.8405603382020942,0.6808802519988014,5.667450926121902,12.083839371907716,3,3.137588189569362e-16,7.465095188345509e-16,0.7948037681632141,0.2051962318367867,sample_2223,uniform,train,162.61677042076
3.987434512054776e-17,5.134548950870354,medium,36.85929339855265,14.474594364208716,51.33388776276132,4.3880819711087184,1.093160591181544,0.9373863968096025,19.876619430879085,10.554980545228254,2,-3.1761686914562207e-16,8.9970348705812e-16,0.7180304279484391,0.2819695720515618,sample_2224,uniform,train,129.47078643252996
3.666115022546075e-17,1.8685499772181964,shallow,15.124365691035836,8.918502720514663,24.04286841155045,2.0690358978112453,1.318145886046123,1.318145886046123,nan,29.27095316809839,1,2.698721096730877e-16,1.9948382964474188e-15,0.6290582900570186,0.3709417099429833,sample_2226,uniform,train,29.27095316809839
4.3861895586261435e-17,4.174330185795624,medium,82.53589211823414,24.750113719593696,107.28600583782773,3.815985256955017,1.4365767006455832,1.4365767006455832,nan,113.76459823065478,1,1.879872604715772e-16,1.026546968383677e-15,0.7693071568252288,0.2306928431747723,sample_2227,uniform,train,113.76459823065478
4.488469990669435e-17,6.4381470353158985,deep,61.27628159129358,21.171858928081882,82.44814051937526,2.542254256041802,1.490918259694467,1.3289140648967144,6.864400920692207,18.46385889723011,2,-1.6207559106558302e-17,2.4992363935970845e-15,0.7432099887916053,0.25679001120839723,sample_2228,uniform,train,51.42482412772594
4.169672246241692e-17,3.720448686655103,medium,13.935082320527384,6.010315581530756,19.945397902058087,2.416319967572967,1.1303894635364062,1.1303894635364062,nan,24.751679488039894,1,6.154851898201139e-16,2.671829634269099e-15,0.6986615353053186,0.30133846469468406,sample_2229,uniform,train,24.751679488039894
4.5197185296950487e-17,7.218760974168964,deep,52.96964704475729,32.52810046416011,85.49774750891731,3.7521520165068845,1.4384427258503707,1.3537949235055056,8.0049984384758,25.3730768170649,2,6.860804209295351e-16,9.972792357169289e-16,0.619544357460793,0.38045564253920805,sample_2230,uniform,train,150.79170817922792
4.367975357383963e-17,4.178412127262495,medium,103.40816071769184,33.46235363106282,136.87051434875434,3.801922419385214,1.6875211515037005,1.6875211515037005,nan,104.11472837187962,1,4.682829259133677e-16,2.336107470724611e-15,0.7555181713878973,0.24448182861210502,sample_2231,uniform,train,104.11472837187962
4.5139660389159406e-17,5.285329517120598,medium,94.7817691203337,3.3684007538254366,98.1501698741591,3.205110385083315,0.6446648911391647,0.6446648911391647,nan,61.262654917507916,1,-4.462154128455573e-17,3.936392703801875e-16,0.9656811520739688,0.03431884792603162,sample_2235,uniform,train,61.262654917507916
3.411429693059306e-17,2.530763683143531,shallow,20.694026475281582,15.158503419646307,35.852529894927834,3.0174786644816174,1.2782051860506132,0.9489587809996297,17.556765077883796,19.955034916301596,2,-1.6568744168941917e-16,1.5359323925756846e-15,0.577198499964412,0.4228015000355896,sample_2236,uniform,train,62.74288683570106
4.0132367091940007e-17,3.8861159073234117,medium,18.34689963910437,3.689992944472918,22.036892583577245,3.293011258438996,0.6770907445040353,0.6770907445040353,nan,56.39003810042302,1,-1.3390006324266132e-16,2.015207943523831e-15,0.8325538444007845,0.16744615559921752,sample_2237,uniform,train,56.39003810042302
3.9832211738041317e-17,3.867985142678415,medium,28.045395585729807,11.793754937806943,39.83915052353667,3.6811146848077767,1.1727705260903507,0.8337458585979072,4.445222154178572,6.14793731957763,2,-3.8580732886645233e-16,2.0956463768595478e-15,0.7039657025106698,0.2960342974893323,sample_2238,uniform,train,87.21622851284008
4.391442808431656e-17,3.582012508979626,medium,116.55076623294721,43.732961884267276,160.2837281172142,3.7798529859234415,1.4751029813773797,1.3224436136510875,10.264501936285074,54.20559722661596,2,3.642581494155197e-16,1.8175427105651004e-15,0.7271528283127691,0.27284717168723277,sample_2239,uniform,train,177.10919191913828
4.196643901950404e-17,3.50019402579785,medium,51.80385488892882,22.19110379586914,73.99495868479784,2.9419424571757364,1.2057071441447318,0.6133029324168477,6.174139616173254,22.43484106812056,3,-5.9060879772796444e-18,1.632439117829167e-15,0.7000997880085559,0.29990021199144573,sample_2240,uniform,train,83.0480958525991
4.521809203418595e-17,4.516048575240557,medium,89.4604736045792,40.05425608855212,129.5147296931311,4.081802923652851,1.075450918451174,0.6761439947306352,8.246211251235321,21.89752163508005,3,5.0681067422794205e-17,1.7555815927807242e-15,0.6907359017506701,0.3092640982493316,sample_2241,uniform,train,245.10631832967752
4.4941837696105556e-17,4.78845447099224,medium,30.655893991677154,2.6459824136432615,33.30187640532043,2.0422975127894833,0.774265404613863,0.774265404613863,nan,25.092943720258216,1,1.3333365694787797e-16,3.867225656868478e-16,0.9205455457993189,0.07945445420068072,sample_2242,uniform,train,25.092943720258216
4.620750207479568e-17,4.625793736767232,medium,126.57265969038876,7.048721039671068,133.62138073005963,2.488295248073332,1.044035543595387,1.044035543595387,nan,38.52072055713506,1,3.2271898615564077e-17,1.5088640767695086e-15,0.947248554077505,0.05275144592249659,sample_2243,uniform,train,38.52072055713506
4.7286934939376074e-17,2.4716423803612857,shallow,121.78425446454732,36.28149644833469,158.06575091288184,3.550670876172939,1.0356741678874863,0.6505773308043425,6.029925372672533,16.236690078070215,3,1.4557447308769938e-16,1.0788564606662453e-15,0.7704657951593125,0.22953420484068868,sample_2245,uniform,train,158.46913754552628
4.6558770764853845e-17,1.4230554478039659,shallow,123.63976968154533,47.73677585420575,171.37654553575075,4.352663182425182,1.2220330453989574,0.982329924241152,10.727534665523109,25.621276699072222,3,3.7809023032547583e-16,1.9486627225636365e-15,0.721450938896145,0.2785490611038569,sample_2246,uniform,train,234.57197499076221
4.0426434664739254e-17,4.309025039084486,medium,9.635225045442487,6.913294302812555,16.548519348255027,3.0658026773761087,0.920507783429122,0.920507783429122,nan,56.759464603678715,1,7.448372832618562e-17,9.124099151803728e-16,0.5822409148923938,0.4177590851076071,sample_2247,uniform,train,56.759464603678715
3.4413740779887717e-17,1.4034038800201145,shallow,36.81476141477372,22.77403618905527,59.58879760382893,3.3158282680641,1.0767368593559739,0.6410124384162005,6.48999229583518,4.778336607662162,2,2.922610679519276e-16,1.0135484347435081e-15,0.6178134631870497,0.3821865368129513,sample_2248,uniform,train,82.50904184552283
4.221906198236182e-17,5.386495552085578,medium,35.12951794548542,24.85365967951053,59.98317762499585,3.6871570159355906,1.202445559414642,0.8577723762360925,7.573638491504594,7.247695896182228,3,1.084514784534302e-16,1.658398019996876e-15,0.5856561678860849,0.4143438321139168,sample_2249,uniform,train,140.31451305121936
3.7091998449721113e-17,5.255515360755004,medium,177.7392518694092,42.595439889623265,220.3346917590322,3.933731138075475,1.2579672743123984,0.8881387542701014,14.891608375189028,70.23153920295765,2,9.798926777963752e-17,1.1609401262756446e-15,0.8066784692434759,0.19332153075652528,sample_2250,uniform,train,203.2729048995239
4.258159900377157e-17,5.456183066598074,medium,25.240608276224577,3.590726766882084,28.831335043106638,2.304776303908553,0.7022082110565242,0.7022082110565242,nan,51.28318029543152,1,1.1718822580864138e-16,8.317622925212761e-16,0.8754574922904731,0.12454250770952768,sample_2252,uniform,train,51.28318029543152
4.632342517810461e-17,3.9646591420909187,medium,54.378798922564705,21.596058713802066,75.97485763636661,4.005892292964562,0.9882101507683898,0.9407354078137651,12.796874618437112,47.13735018160559,2,1.6172708217388448e-17,2.1510383080546515e-15,0.7157472960704228,0.28425270392957946,sample_2253,uniform,train,192.10508826419536
4.087947429840982e-17,7.137370773623345,deep,58.54322555268956,23.21100284378226,81.75422839647167,2.1257427919282827,1.301141916981268,1.0450629098527506,9.86508996411082,19.06162227064614,3,-1.291938232406213e-16,1.8251529913046157e-15,0.7160880446303148,0.28391195536968694,sample_2255,uniform,train,70.87465811557301
3.9949976367041215e-17,8.291576367496276,deep,15.311335886351475,4.987354676363325,20.298690562714768,2.3888876600768816,0.8015606643985496,0.8015606643985496,nan,57.10521757224283,1,-4.791310592358058e-17,1.6189517953078032e-15,0.7543016550277282,0.2456983449722735,sample_2256,uniform,train,57.10521757224283
4.167484232571794e-17,8.195848133380263,deep,27.28210714434181,7.963689800667073,35.24579694500879,1.703345411138441,1.4562458195704435,1.4562458195704435,nan,20.701260185234897,1,-4.28084331679411e-17,2.620753782158237e-15,0.7740527810140855,0.2259472189859172,sample_2257,uniform,train,20.701260185234897
3.671692936418735e-17,3.6210710654290748,medium,13.800802006230208,8.498963620723694,22.29976562695384,2.8546079027840494,1.0871568990708795,1.0871568990708795,nan,42.803133250374195,1,7.829745913047285e-17,2.8676914048421083e-15,0.6188765495162474,0.3811234504837555,sample_2258,uniform,train,42.803133250374195
4.4994219546317074e-17,4.732490565581308,medium,149.47662545875306,37.02357288008744,186.50019833883994,3.426700007419815,1.2683863140279037,0.92392499668701,8.430895563343196,35.27068202459843,3,-4.5307445291663423e-17,3.0479012551789865e-15,0.8014823940679078,0.1985176059320953,sample_2260,uniform,train,139.35359593823023
4.274570416440094e-17,7.410887912599597,deep,83.46116643548176,33.45946557697004,116.92063201245146,3.570417799396837,1.743284922132729,1.743284922132729,nan,81.58826235122018,1,1.1294519636978726e-16,2.856254538306657e-15,0.7138275341053029,0.2861724658947,sample_2262,uniform,train,81.58826235122018
3.6543358755446225e-17,7.202271496771109,deep,31.52188167533748,20.429515735507067,51.951397410844464,2.9265930227696844,1.0485183475329414,0.6154107809612267,9.693296652842108,7.303301433832118,2,-2.797433197732426e-16,1.5728626886820694e-15,0.6067571469936538,0.3932428530063478,sample_2264,uniform,train,68.78119015571988
4.514293521970568e-17,6.308663544918264,deep,219.3855836443939,13.984660385397905,233.37024402979193,2.5121623751595554,1.7285548390473764,1.7285548390473764,nan,28.263275462934036,1,2.3593878962158726e-17,5.328227652799802e-16,0.9400752206283302,0.0599247793716693,sample_2265,uniform,train,28.263275462934036
5.281026409992631e-17,3.99314777551109,medium,24.34962546078957,14.933426637093117,39.28305209788262,3.9287311355363634,1.0420587740859224,1.0420587740859224,nan,114.9551563893864,1,-6.520537630148233e-16,1.8087768078448237e-15,0.6198506521366254,0.3801493478633764,sample_2267,uniform,train,114.9551563893864
5.071522320137753e-17,2.887066987513599,shallow,25.277121857290666,12.369379098744144,37.646500956034714,3.0660331450932756,1.0473449088681175,1.0473449088681175,nan,86.80046165047196,1,-4.0616382010032613e-16,2.5479995986781626e-15,0.6714334988744487,0.32856650112555386,sample_2269,uniform,train,86.80046165047196
3.973760993138408e-17,2.307371644768244,shallow,28.916676802061264,10.115881029365434,39.03255783142658,2.7771246093825774,1.064944944040457,0.7053569667247831,6.977105417004965,16.620616318125805,2,-2.7044206803998553e-16,3.0491444796885077e-15,0.7408347904574002,0.25916520954260286,sample_2272,uniform,train,46.31182042564075
4.2017931427618725e-17,5.741276517379086,medium,24.141117426159642,6.469586935179081,30.610704361338676,2.9119420153023094,0.8643513731305977,0.7730815478959598,4.335896677735759,4.996650387339095,2,2.9987650319520085e-17,1.5378102930411631e-15,0.7886495240746527,0.21135047592534886,sample_2273,uniform,train,61.10879347921932
3.99526093314998e-17,3.7030270494187825,medium,59.37851220921975,25.18236868116684,84.56088089038643,4.491637039751904,1.04197233083811,0.7618215158617009,6.770524351924302,30.046858963190463,3,3.9297046679039673e-17,1.890615540692624e-15,0.7021983638769116,0.2978016361230903,sample_2274,uniform,train,216.71941532093555
4.371871984141045e-17,4.6942876046882835,medium,38.02393622563559,17.961668331892415,55.98560455752792,1.6887721526945572,1.292806185681608,1.0944676142566307,4.39089968002003,14.907385896550744,3,1.5796630635237433e-16,1.4595254486972283e-15,0.6791734504994789,0.3208265495005226,sample_2275,uniform,train,51.7625347864053
3.98669189443729e-17,2.0565882521022534,shallow,17.675655311965617,14.477785659600599,32.15344097156613,2.521269999784935,1.1536450426656528,1.1095534567488352,20.193068117549647,30.591746775328005,2,-2.9493033889036087e-16,2.7623121907405105e-15,0.5497282647787688,0.450271735221234,sample_2277,uniform,train,63.26975175587003
4.476490853799924e-17,7.944788500387705,deep,140.3442810522172,11.659744780954878,152.00402583317205,2.6004293824493683,1.3747888511586357,1.3747888511586357,nan,33.5060639119363,1,1.4356325583348772e-16,2.5709746996896354e-16,0.9232931843939997,0.07670681560600058,sample_2278,uniform,train,33.5060639119363
4.202452576637842e-17,3.1668910692745262,shallow,79.6928417693135,18.11281455629521,97.80565632560855,2.8532704044492885,1.0940292849997668,0.9407735297651718,16.04244370412438,19.90517819021421,2,1.4028339267866123e-16,1.6345896704970331e-15,0.8148081078665329,0.1851918921334687,sample_2279,uniform,train,96.85309782462035
3.7069054713918836e-17,4.633864564553613,medium,37.42507434451186,24.34349466800608,61.768569012517794,3.186107568407052,1.7047985637088563,1.7047985637088563,nan,49.75202909670967,1,4.536691789134685e-16,2.415694209774908e-15,0.6058918790384707,0.3941081209615317,sample_2280,uniform,train,49.75202909670967
4.8144485193854104e-17,4.4768038812249324,medium,211.09912888613036,63.34079355873906,274.4399224448689,3.3938099880883903,1.459370472765466,1.0684963397400478,6.254598308444757,52.70049968723749,3,3.94308074046314e-16,1.890017284963604e-15,0.7691997833461609,0.23080021665384098,sample_2282,uniform,train,225.10845162381983
4.4731987769842576e-17,4.371822082696953,medium,52.39872304288462,20.6973080289373,73.0960310718218,3.114290286784481,1.0992442917639604,0.9550094002339619,6.076183012385325,11.424047636042351,3,3.442150021612232e-16,1.6525146893479134e-15,0.7168477176469311,0.2831522823530705,sample_2284,uniform,train,111.60075105451251
4.483099418116279e-17,2.572225572920102,shallow,63.8057259811898,2.428482784344663,66.23420876553439,2.168110242404692,0.6491871282329478,0.6491871282329478,nan,26.958583957473678,1,9.714193677447889e-17,1.1264116933730623e-15,0.9633349166600406,0.03666508333996053,sample_2285,uniform,train,26.958583957473678
3.6589103723882314e-17,4.49996681629292,medium,116.2370181737069,36.635215529118774,152.87223370282533,2.767807690928035,1.491738433197247,1.3367982787438313,5.138093031466052,15.313249870709468,3,-2.8873310298609266e-17,2.277496260041986e-15,0.7603540247842839,0.23964597521571832,sample_2286,uniform,train,93.61475196095472
3.3855629612061713e-17,2.8702808246072746,shallow,40.81419762305588,23.56795560157542,64.3821532246312,3.6587772470921975,1.4899494460884428,1.4899494460884428,nan,119.83333422024612,1,2.3363543655157563e-16,1.6554496087160894e-15,0.6339365115772684,0.36606348842273323,sample_2287,uniform,train,119.83333422024612
4.057856328358922e-17,4.684668324317379,medium,67.09451553204727,25.51202013205657,92.60653566410367,1.8665918985187369,1.6807736240478646,1.5755094758889543,14.014278433083883,18.262884255395278,2,1.5834530456471445e-16,1.76472241459919e-15,0.7245116670318829,0.27548833296811887,sample_2288,uniform,train,45.504743142024594
4.1871690872046794e-17,5.271508968934416,medium,70.53118854959826,8.458672932012552,78.9898614816107,3.494413972915376,0.8885034241054254,0.846165499188126,7.293833011524187,7.584754846809794,2,4.76786334940909e-17,1.3268165250424448e-15,0.892914447837313,0.10708555216268838,sample_2290,uniform,train,79.72298183782914
4.0940571866439665e-17,4.569692559674631,medium,32.63487784405456,7.327493566886492,39.962371410940975,3.4037481436948034,0.8016996237879427,0.6150069302987087,17.191858538273284,15.239764557606293,2,1.394599425481862e-16,1.86693093079017e-15,0.8166401715369603,0.18335982846304152,sample_2291,uniform,train,109.9002032540032
4.479765958429406e-17,4.375655631966939,medium,25.65686125400839,12.684599982200226,38.3414612362085,3.5138889048494497,1.1285592445692338,1.1285592445692338,nan,77.2321820608596,1,-1.4156015358635209e-16,2.9651148927587993e-15,0.6691675389194306,0.3308324610805724,sample_2292,uniform,train,77.2321820608596
4.169956234002716e-17,3.8794582344385944,medium,26.09901480425488,19.110707653029415,45.20972245728422,3.521463935091107,1.2738836356794754,1.2738836356794754,nan,109.52165984247735,1,-2.704323787000676e-16,1.6502420983739038e-15,0.577287658178264,0.4227123418217376,sample_2294,uniform,train,109.52165984247735
4.117092109859001e-17,2.986292408875647,shallow,49.136263116680105,19.83047184253202,68.96673495921195,3.2378195377117445,1.3268569639564685,1.3243169427843346,3.964845520319799,5.581548646167977,2,8.475073577145003e-17,2.5756719387264262e-15,0.7124632352936542,0.2875367647063484,sample_2295,uniform,train,90.92507452715165
4.4725777735584827e-17,2.641018760071782,shallow,99.52766740608787,3.2109883732706272,102.7386557793584,2.1051184701196433,0.622696564198217,0.6213711859252201,10.093562304756436,13.366859166287135,2,1.1181951763029273e-16,1.0028230942254005e-15,0.9687460542586186,0.03125394574138237,sample_2296,uniform,train,44.20974025202075
3.814493618367816e-17,7.850506276655086,deep,43.29889555409364,23.722017398683782,67.0209129527774,2.8080087845405313,1.1445875675970487,0.6545655292932161,10.603772913449253,20.575910023352762,2,4.016511101927614e-16,4.240722511558415e-16,0.6460505183598712,0.35394948164012924,sample_2300,uniform,train,83.98081278094394
3.869782251616111e-17,6.830486251190459,deep,213.627362507742,50.134760894747764,263.76212340248907,4.057357577508454,1.3311855997324946,1.094741406160016,13.608820668963201,110.92850986754911,2,-1.2760971027565166e-16,2.613060756398176e-15,0.8099243354276319,0.1900756645723707,sample_2301,uniform,train,245.5386514964749
3.9703869308850805e-17,6.226216428828551,deep,17.272613773319883,9.150149757516662,26.422763530836505,3.0825634368132877,1.3144919696848385,1.3144919696848385,nan,46.40155068635905,1,2.1759945397494837e-16,1.4790220720553185e-15,0.6537020154293095,0.34629798457069194,sample_2302,uniform,train,46.40155068635905
5.0392935082217474e-17,5.6080011191705275,medium,79.81908640376119,21.512590393061224,101.33167679682238,3.3887796350072943,0.9804839776616339,0.7562081604013311,11.914696806885186,21.76769239151542,3,3.109625101229294e-16,3.5060247605731014e-16,0.7877012295356017,0.21229877046439863,sample_2303,uniform,train,181.26763416765777
4.1189331601169155e-17,5.686969093433481,medium,39.42737624858166,13.024799363615108,52.45217561219664,1.9225456475981677,1.3747670685842066,1.2544776562090394,5.531726674375732,12.694469864726457,2,4.898267538060393e-16,2.40450151257579e-15,0.751682380919461,0.24831761908054137,sample_2304,uniform,train,36.24144445611212
3.9468862567208735e-17,4.3805412159928006,medium,21.06420146741263,9.68304450723098,30.747245974643562,3.0807103024194964,1.1734808083746198,1.0047141677105593,14.741777369096308,7.501245729642052,2,-1.2119103134670753e-16,1.5598676611023782e-15,0.6850760385103667,0.31492396148963486,sample_2305,uniform,train,52.0538436122472
3.8976493755259746e-17,7.713704156609876,deep,32.06114781904839,16.923384177509668,48.984531996558026,2.1374995871360474,1.1105933812081028,0.7576676849128634,9.019977827023743,3.9496448582008097,3,1.5825485095876718e-15,5.802180458190578e-16,0.6545157524685795,0.34548424753142104,sample_2307,uniform,train,52.41555967494306
4.627603133930589e-17,7.409755149499401,deep,53.29344069620174,23.828502666777574,77.12194336297912,3.5702859861435545,0.9743819778313422,0.8620363334093634,6.708203932499369,23.165082704534708,3,1.682405949693813e-16,2.487573967791367e-15,0.6910282388161942,0.30897176118380826,sample_2308,uniform,train,206.0006626051836
4.214510811826292e-17,1.3387106947573333,shallow,46.446476721543355,10.22712878498667,56.67360550652999,2.189821919398241,0.901592935935271,0.7906878193098729,10.463269087622658,5.333239704221738,3,1.7380649522132498e-17,6.582163476983498e-16,0.8195433536726677,0.18045664632733294,sample_2309,uniform,train,66.62527858485885
4.1250334551262964e-17,6.003836928598943,deep,92.09469400718339,32.036192538703446,124.13088654588648,3.7766317970867913,1.1893646333684356,0.9098797490068965,7.594735018419009,27.25485029573512,3,2.3808050748408613e-17,2.8620706559500783e-15,0.7419160256552222,0.25808397434478064,sample_2310,uniform,train,197.75511360620595
3.794270360846527e-17,2.189706349592675,shallow,55.4816427068707,20.675420126547817,76.15706283341827,1.9761240911918223,1.3449841388988348,0.8066918340158874,9.777525249264254,15.496745760490336,3,-4.757119885928082e-16,3.3121375984073492e-15,0.7285160514688988,0.2714839485311045,sample_2311,uniform,train,52.71013219074571
4.601949762121733e-17,5.476780689247047,medium,15.985287687634775,8.575213579886547,24.560501267521296,3.021550044998567,1.1758981341970798,0.7539927390960046,3.9899874686520014,5.633164565625023,2,2.4766036427206987e-16,1.0848863506804505e-15,0.6508534786614332,0.3491465213385679,sample_2312,uniform,train,51.00109061073995
3.533871331622178e-17,3.126805391186368,shallow,8.23995981115885,8.461161871440387,16.701121682599165,2.2392523075774053,1.2549957607802433,1.2549957607802433,nan,34.67625087165335,1,2.8450709072074286e-16,4.254461162931421e-15,0.49337762862622764,0.5066223713737766,sample_2313,uniform,train,34.67625087165335
4.449089220129939e-17,6.765450864508716,deep,56.33147230888842,12.73817566973096,69.0696479786193,3.4168958965281906,1.029660363975549,0.8608620540670229,5.861740355901139,5.379773643061668,3,1.3433624468052777e-16,1.1830437392370353e-15,0.8155749154292199,0.18442508457078133,sample_2314,uniform,train,87.27726534576848
4.349955586699825e-17,7.861077908729232,deep,86.0164432574745,28.459461475854926,114.47590473332933,2.9225485579978296,1.2799907503636783,0.6340430097929352,7.255342858886822,24.012136005846447,3,1.2245816036947369e-16,9.000033406612424e-16,0.7513934347830584,0.24860656521694244,sample_2316,uniform,train,122.71884047546735
4.1347376019534386e-17,2.2136211195919078,shallow,7.397050314042405,3.0808368520364375,10.477887166078835,2.6014758783969207,0.8153275152521656,0.8153275152521656,nan,33.40015678007189,1,2.0083229444916637e-16,6.781355100486431e-16,0.7059677391821562,0.2940322608178445,sample_2317,uniform,train,33.40015678007189
3.6666672046021847e-17,2.317707612897113,shallow,13.263638791944892,4.137141678467911,17.40078047041279,2.6875594592044934,0.7367475381185369,0.7367475381185369,nan,57.77927975373087,1,2.1163230258413296e-16,7.145942618461628e-16,0.7622439013294583,0.23775609867054243,sample_2318,uniform,train,57.77927975373087
4.307330090795178e-17,4.012968514043602,medium,49.78897080244208,5.99193800106486,55.780908803506904,2.2266725706127173,1.0958430797162144,0.6990208823016546,8.84081444212014,4.057484932641189,2,4.793856360856333e-16,6.528275710957175e-16,0.8925808465729387,0.10741915342706199,sample_2319,uniform,train,50.30172926518213
4.343542296986109e-17,2.7108793211177513,shallow,30.489628580802847,19.121271220692144,49.61089980149491,2.1084362225909645,1.3864882909107523,1.1604069098868246,6.424951361683607,20.59534965051429,2,-1.471383089236853e-17,1.6470657645671105e-15,0.6145751982487548,0.38542480175124677,sample_2320,uniform,train,59.85713238566237
4.229787825124083e-17,4.365744355042649,medium,33.2428424064962,21.866484244819684,55.1093266513158,3.614186263725726,1.4509185947055245,1.2113407846429602,8.957678270623479,8.167173668796192,2,5.389944221006464e-16,1.6116662526467631e-15,0.6032162689417018,0.39678373105829984,sample_2321,uniform,train,127.66910463541882
4.069035029196907e-17,5.997915446616162,medium,17.764472616487588,6.987842327347282,24.75231494383483,2.5412778276027805,1.0837966631002312,0.9034096145632492,10.774042880924505,7.0659306316258474,2,6.876251039146411e-17,1.6506014649099316e-15,0.7176893416553859,0.2823106583446158,sample_2322,uniform,train,36.5777855637666
3.997260728455953e-17,7.144152856662393,deep,94.33313903924,33.714942333281165,128.04808137252093,4.307251886456592,1.2802190789508239,0.8605363340868596,5.44426303552648,13.936183532140667,3,2.1091446096013619e-16,1.831180133958276e-15,0.736700917562392,0.26329908243760985,sample_2324,uniform,train,204.40784159164807
3.789229213690387e-17,6.4216043897097705,deep,60.52975859527142,15.018978360555657,75.54873695582702,2.397287470332608,1.3447539510315842,1.1250190812798904,3.280243893371346,6.077242167939527,3,1.3389600923132725e-16,6.583563605079007e-16,0.801201463244354,0.19879853675564663,sample_2325,uniform,train,38.06263648753974
4.622288669580367e-17,6.843549018761785,deep,28.335293892516326,20.15099909883946,48.48629299135567,2.974328736311775,1.7817214599908127,1.7817214599908127,nan,37.12785004367317,1,-1.1100487705766253e-16,2.4179937084758878e-15,0.5843980255939148,0.41560197440608754,sample_2326,uniform,train,37.12785004367317
4.451954094174922e-17,3.7030763783164877,medium,68.40000456107495,18.42470298201488,86.82470754308969,3.081412366902465,0.951639642868892,0.6210683766361095,3.5496478698597684,19.010676381053944,3,2.584998187056341e-16,1.6776475838807892e-15,0.7877942407940637,0.21220575920593804,sample_2327,uniform,train,113.56424305281949
3.987678451720613e-17,2.0843121536007683,shallow,44.500708711485466,8.714022868390447,53.21473157987582,2.3134653103865186,0.8487024565842213,0.6716489697857322,6.059702963017249,3.8177259532449557,3,8.806260941107638e-17,1.8025698238021136e-15,0.836247922150833,0.16375207784916881,sample_2328,uniform,train,83.95427598180709
3.709433238587843e-17,2.644026487387432,shallow,181.5566361080119,43.96072902256033,225.51736513057196,3.4719475234211106,1.3206030683027994,0.9533367359119779,5.939696961966998,41.19603353002076,3,3.362231583747917e-16,1.197274717326125e-15,0.8050672106908162,0.194932789309185,sample_2329,uniform,train,194.81117396120774
3.276037860849635e-17,2.2284748672142083,shallow,17.66516202156392,10.926224938318658,28.59138695988252,2.1466559830483103,1.3819632368759556,1.3819632368759556,nan,29.821839150697276,1,-1.1878892092629916e-16,1.988130864045414e-15,0.6178490762393047,0.3821509237606972,sample_2330,uniform,train,29.821839150697276
4.5142415904880393e-17,3.4760329721506737,shallow,59.82767608504797,21.739581925133184,81.56725801018106,2.9661662153007144,1.2066378337911752,0.8005505294985218,6.368673331236262,7.711359665805468,3,2.1355954676037328e-16,1.0888908630338715e-15,0.7334766123630194,0.26652338763698163,sample_2332,uniform,train,80.79945107512864
4.651900946398787e-17,2.0273634328273413,shallow,228.64618009544554,68.84986452092413,297.49604461636903,4.473145406199594,1.6520072066144804,1.5159720715618714,11.760952342391327,91.99320588707582,2,-1.4278937487077338e-16,2.149569628761726e-15,0.7685688069913411,0.23143119300866102,sample_2334,uniform,train,210.47145634698728
4.482063404636023e-17,6.616026917065902,deep,46.03374269480466,26.018614952277506,72.05235764708185,2.2319156114357392,1.71316927948834,1.6331535806243531,10.280077820717116,4.4500153355654755,2,3.9728655530763195e-18,4.388357685143013e-15,0.6388929411620585,0.3611070588379459,sample_2335,uniform,train,51.02169687963428
4.616484096718585e-17,6.854066875507285,deep,71.07052379401176,29.456641995544206,100.52716578955568,3.3457655841639014,1.6874505188726374,1.6874505188726374,nan,86.88488606063358,1,-3.7850972234916187e-16,2.862607392963411e-15,0.7069782902543112,0.29302170974569164,sample_2336,uniform,train,86.88488606063358
4.755792394840086e-17,3.843446545326706,medium,96.40485370156159,28.977454604044073,125.38230830560548,2.3683689808608213,1.2312066400508075,0.9027434912687644,4.049691346263319,16.77446143304914,3,7.003264834667844e-17,1.5017575248134786e-15,0.7688872138690049,0.23111278613099656,sample_2337,uniform,train,91.40602298507116
4.5501324734487565e-17,5.204191855938245,medium,312.26772180022243,9.072219339327349,321.3399411395497,2.0275178258443414,1.3338379120950257,1.3338379120950257,nan,34.91263699801619,1,6.479142973026955e-17,2.70870420968965e-16,0.9717675328278366,0.02823246717216369,sample_2339,uniform,train,34.91263699801619
4.3705280337814225e-17,4.261165931528959,medium,26.78551546751318,3.190473963376731,29.97598943088989,1.8748390547932001,0.9236591603432933,0.9236591603432933,nan,19.637272710637752,1,1.947311154461525e-16,6.814822142968856e-16,0.8935656829365917,0.10643431706340899,sample_2340,uniform,train,19.637272710637752
4.2744015847888726e-17,5.429710736999012,medium,37.4126491176786,7.583294988629899,44.99594410630838,2.553761042046991,0.905466556067763,0.7331358821074079,7.641989269817121,26.955257910369777,2,-7.270145760832124e-17,2.6252972832623662e-15,0.8314671435560208,0.1685328564439818,sample_2341,uniform,train,57.75249525803895
4.2473779002869955e-17,5.079011015791099,medium,53.88498240154388,14.35433993898216,68.2393223405259,2.4567370045786623,0.9144388200175676,0.6474137479283317,4.368065933568311,7.005489545640178,3,-1.8088309288677128e-16,2.0304397628950974e-15,0.7896470913449081,0.210352908655094,sample_2342,uniform,train,84.36350646874719
5.0066058555302596e-17,5.444088751757153,medium,72.10579060663265,26.75739589265474,98.86318649928725,2.9152241260759753,1.4563978646654598,1.0333993258972287,4.664761515876242,10.90697395191352,3,3.552348341298354e-16,1.4014906698786049e-15,0.7293492467709656,0.2706507532290358,sample_2343,uniform,train,72.46131712963765
4.3918187339552126e-17,1.6755883761418817,shallow,54.19606038362354,4.3004928861221785,58.49655326974562,2.88701737460568,0.7539138509585939,0.7539138509585939,nan,62.08642992310146,1,-2.7631341027434307e-17,1.7005443474199178e-15,0.9264829695812814,0.07351703041872025,sample_2344,uniform,train,62.08642992310146
3.696993828642355e-17,2.841575895705881,shallow,21.092811803376936,4.26888514561432,25.361696948991202,3.586044578164829,0.613760054240676,0.613760054240676,nan,103.68723062686769,1,2.6027198094921584e-16,2.1012278984796887e-15,0.831679829855231,0.16832017014477105,sample_2345,uniform,train,103.68723062686769
4.2695353291091626e-17,3.3932898686489663,shallow,56.960833811693675,3.557467788342414,60.51830160003598,3.2671860693015686,0.6441068664302754,0.6441068664302754,nan,69.50027723163393,1,-3.405230180583357e-17,1.753805350580127e-15,0.9412166618314319,0.0587833381685698,sample_2346,uniform,train,69.50027723163393
4.394325070077003e-17,2.2664538766029505,shallow,143.5956964996083,64.23907251072413,207.83476901033205,4.132097310341692,1.3172110162484085,1.024275544458971,9.340235543068491,8.362892699786032,3,1.6053864550508322e-16,1.7777690631584558e-15,0.6909127725999963,0.30908722740000555,sample_2347,uniform,train,257.53140484877275
3.938832556698825e-17,4.820220896806146,medium,69.35354474552746,18.344755717235255,87.6983004627627,2.576213573105138,1.4750949818616355,1.291459151390954,9.587491851365508,12.53537494795644,2,1.0806194604635213e-15,1.2153189947993374e-16,0.79081971234979,0.2091802876502101,sample_2348,uniform,train,50.198619177199284
3.573213489705414e-17,7.212094382543208,deep,21.507934497646207,6.977542680244247,28.48547717789034,3.5994941040727784,0.8112687415306166,0.8112687415306166,nan,91.40848189011949,1,-2.8758603513850547e-16,4.084585708503602e-15,0.7550491207617925,0.24495087923821154,sample_2349,uniform,train,91.40848189011949
3.881521948797368e-17,6.590675237787492,deep,44.876912145658906,15.375788836900638,60.25270098255942,2.7988421487584834,0.9556315696415005,0.6685536266178504,5.885575587824864,8.042709342971856,3,-3.03257109691938e-17,2.093206338317091e-15,0.7448116252688631,0.255188374731139,sample_2350,uniform,train,122.75478068191791
4.6992321618233856e-17,5.73015779357976,medium,102.39274764757437,31.89978203806512,134.29252968563924,2.932670058270495,1.5853191182825004,1.473132776947929,5.628498911788116,32.1571090804033,2,4.129468647232824e-16,1.8518525051109307e-15,0.7624604874691245,0.23753951253087735,sample_2351,uniform,train,87.61996125444651
4.18351949829095e-17,3.4057146013137025,shallow,37.78746311169684,10.780417551667384,48.56788066336406,2.603853427365828,0.9573177751968287,0.7868739423695524,6.861486719363375,14.630776882397262,3,4.862197560435886e-16,3.364874624807304e-15,0.7780340133350897,0.22196598666491366,sample_2352,uniform,train,59.03694743460745
4.5021116007193696e-17,6.649620554762377,deep,83.55747435180665,30.108904311866464,113.66637866367284,3.293945829567871,1.5689114559104715,1.5219333972938411,5.21536192416212,5.086816876151977,2,-3.6921485527765533e-16,2.3441718566441376e-15,0.7351116076200918,0.2648883923799105,sample_2353,uniform,train,80.53453748939502
4.344866094412152e-17,3.061342570972848,shallow,21.762612077622304,5.0255425933826166,26.78815467100491,2.3572487226198646,0.842898317667404,0.842898317667404,nan,54.86619421919656,1,7.822905239460911e-17,3.6471204294173483e-16,0.8123968352765195,0.18760316472348082,sample_2354,uniform,train,54.86619421919656
3.910303753605433e-17,4.499279827902097,medium,21.301868344691517,7.550459670596647,28.852328015288144,4.002850995054867,0.8006477499949043,0.8006477499949043,nan,90.40855613879408,1,-1.998138843267942e-17,6.772391199437711e-16,0.7383067436847445,0.2616932563152562,sample_2355,uniform,train,90.40855613879408
4.289693024809163e-17,6.490258398466381,deep,123.12388002232818,47.15607609558741,170.27995611791553,4.126353723809179,1.3418276218787466,1.0180042044914597,14.002856851371437,37.72253088905684,2,8.20334525897944e-16,3.3382331166120964e-16,0.7230673699320624,0.27693263006793795,sample_2356,uniform,train,173.94021803160774
4.337418218872332e-17,6.571165452268709,deep,55.088736608204215,7.385520457891794,62.47425706609592,2.892740242264039,0.7507105526103572,0.6280765461609099,8.630179604156567,5.524657454417625,2,3.7824517484916903e-17,1.3790209080800192e-15,0.8817829806270758,0.11821701937292557,sample_2358,uniform,train,72.9081283094266
4.528538312808801e-17,1.8506937436862252,shallow,35.341166169995724,21.721953832978404,57.063120002974024,2.2670261196586425,1.7772975077447808,1.7772975077447808,nan,48.804310444133726,1,-4.55244410327545e-16,1.8055216167613137e-15,0.6193346274818798,0.38066537251812194,sample_2359,uniform,train,48.804310444133726
4.031948584663293e-17,5.731687106298981,medium,120.87071787007872,52.19140700112427,173.06212487120266,3.1727184266185886,1.459489820987523,1.191886296229203,5.585696017507576,50.67190915173169,3,-1.030173853323995e-16,1.9296832629079595e-15,0.6984238634538543,0.3015761365461477,sample_2362,uniform,train,157.35711151714523
4.3288424696746205e-17,6.616082395183538,deep,86.82136855468471,23.57167568549605,110.39304424018066,3.211007167433341,1.4703373351287905,1.4607718677437278,13.00615239031129,6.108386758795848,2,3.271877178888204e-16,9.332897502224541e-16,0.786474991719484,0.21352500828051696,sample_2363,uniform,train,77.94244375690556
4.408162931503421e-17,4.251424658218078,medium,65.99289640410525,19.99327113161181,85.98616753571687,2.7945448994427142,1.3175407576397182,1.267573758760833,5.549774770204644,20.517367130845255,2,3.557153310178283e-16,2.189815296724478e-15,0.7674827044325842,0.23251729556741807,sample_2365,uniform,train,76.30766792117123
4.255122526183464e-17,3.6613331393464565,medium,96.4684321105417,34.28702724091942,130.7554593514609,3.6028186582043684,1.7707459635983924,1.7707459635983924,nan,91.14201654790376,1,4.450810581137674e-16,1.6845816547786848e-15,0.7377774709294681,0.2622225290705335,sample_2366,uniform,train,91.14201654790376
4.218146623441766e-17,3.0748134686480673,shallow,22.50923334032709,3.510326356053841,26.01955969638085,2.670998446975716,0.7093235438198402,0.7093235438198402,nan,48.32474368072423,1,3.5289719795977657e-16,3.1233551355546323e-15,0.8650889408961819,0.13491105910382123,sample_2367,uniform,train,48.32474368072423
4.1303657832006726e-17,5.389019651808803,medium,20.4900703295666,14.179510548867183,34.66958087843369,3.7457025258162906,1.2226860665952466,0.9126243451946399,6.846897107449474,7.772857786078032,2,9.388417687689087e-17,2.613074531448032e-15,0.5910100384949419,0.4089899615050607,sample_2368,uniform,train,102.54608105509968
3.67659629406575e-17,7.021163230108669,deep,34.43740207943913,24.3295517569449,58.76695383638396,3.4343560957382424,1.203178809528754,1.0436481341518713,3.929376540877701,3.810148138380536,3,-9.244781555209851e-17,1.1486312543124833e-15,0.5859994406944766,0.4140005593055245,sample_2369,uniform,train,88.18751241500775
4.080048229562134e-17,5.717235023114746,medium,30.99036381053577,8.08518468241312,39.0755484929488,4.0603264678734154,0.7950330591529269,0.7950330591529269,nan,95.6758743733123,1,-3.693238243801582e-17,2.3184370355226247e-15,0.7930883891784141,0.2069116108215882,sample_2370,uniform,train,95.6758743733123
4.093700010902084e-17,5.8307955549309405,medium,65.04347465537921,17.97699664782683,83.02047130320585,2.1093238629414572,1.6278523854422624,1.4791704530520202,18.217573932881407,15.053128801420257,2,-1.466495231565221e-16,2.3108341309526972e-15,0.7834630860842577,0.2165369139157446,sample_2373,uniform,train,32.89802917242789
5.061984050266098e-17,8.284377987696892,deep,41.906393832901614,25.400060701496837,67.30645453439834,2.770419775812581,1.7766633379825842,1.7766633379825842,nan,53.27721870964637,1,4.516142048040019e-16,1.636308505695085e-15,0.6226207296580225,0.3773792703419791,sample_2374,uniform,train,53.27721870964637
3.4481283683843386e-17,2.0807508738888836,shallow,17.11621161670478,9.369457064912805,26.48566868161751,2.1522774548243313,1.2045371569942103,1.2045371569942103,nan,41.76220094190672,1,-9.875107573664295e-17,2.816881391655851e-15,0.6462442697768986,0.3537557302231042,sample_2376,uniform,train,41.76220094190672
4.493035201547294e-17,3.551994900927996,medium,55.495932039337774,5.151801057296169,60.64773309663393,2.5356554389733246,1.0621231341911295,0.7418557641929417,5.667450926121902,5.300121755740405,2,1.9329325410857612e-16,2.489628608351094e-16,0.9150536913047111,0.08494630869528914,sample_2377,uniform,train,29.23608242578854
4.438632018486348e-17,4.404047732456387,medium,135.0002437280866,19.314126046001814,154.31436977408825,2.3151819410877006,1.0387766910854486,0.7956895558510548,4.870318264754367,13.881559483185882,3,6.797156503269716e-17,9.899705932251646e-16,0.8748390958387285,0.12516090416127243,sample_2379,uniform,train,93.49588294955188
4.219448246206279e-17,3.865164287512224,medium,21.032343309536387,16.94496195195273,37.97730526148906,1.7056102738528653,1.3967065647406656,1.3386259825514317,16.144348856488453,11.358982925474244,3,1.5645319346808429e-16,1.5903216967016695e-15,0.5538134726705917,0.44618652732940994,sample_2380,uniform,train,35.29657079171327
4.414452112306085e-17,4.6360340455546485,medium,64.16884252423016,12.151679539281908,76.320522063512,1.929050781216714,1.3875306023403502,1.119706003206221,26.798507421123293,8.051893550543527,2,3.62441394003832e-16,8.378984379220102e-16,0.8407809693810857,0.15921903061891515,sample_2381,uniform,train,38.120935460002
4.164795300444642e-17,5.22017315004659,medium,7.305517911418147,2.5783734899075785,9.883891401325721,2.222383225379968,0.9390729957389544,0.9390729957389544,nan,16.236821721692124,1,1.7824606590405612e-16,4.49306039310081e-16,0.7391337697658497,0.26086623023415073,sample_2382,uniform,train,16.236821721692124
4.168666950496128e-17,2.116644915378456,shallow,33.93322443614931,16.059787536588182,49.99301197273741,2.188905113556019,1.2117798371589843,0.9546515554057491,14.898322053170956,14.455395902071396,2,9.295521119370705e-16,1.5634125220587568e-15,0.6787593525001864,0.32124064749981524,sample_2383,uniform,train,58.38622672760406
3.950196745780573e-17,6.206952205419729,deep,44.62991349410211,17.069953372726033,61.69986686682801,2.022571386682885,1.7604968241533872,1.7604968241533872,nan,34.6577357629242,1,-7.75148416938919e-16,2.188061768201341e-15,0.7233388945624566,0.27666110543754563,sample_2384,uniform,train,34.6577357629242
4.084925409028227e-17,3.1652345952122394,shallow,32.75042477623428,6.201091198241032,38.95151597447524,1.6425341425304998,1.4138109674189523,1.4138109674189523,nan,18.56230167942663,1,-3.361726215165581e-16,1.8697765309862615e-15,0.8407997469904763,0.15920025300952548,sample_2386,uniform,train,18.56230167942663
4.0486953975545384e-17,6.104070148702969,deep,10.311257655931414,9.436051934490454,19.74730959042183,2.9549000177265556,1.056158906028568,1.056158906028568,nan,62.80800469897033,1,-2.229130148231877e-16,1.9789961912462585e-15,0.5221601255966916,0.47783987440331044,sample_2387,uniform,train,62.80800469897033
4.186176580742237e-17,8.009982196792437,deep,97.93042794394356,26.265904082348733,124.19633202629197,2.3146858867222893,1.4063553357031395,0.8715871757221842,8.480566018845677,5.587452246030888,3,-5.173729432196699e-16,2.574506234405991e-15,0.7885130450004916,0.21148695499951098,sample_2388,uniform,train,76.43733884589733
4.2860853348741576e-17,8.39064664954793,deep,40.7179588897291,6.399659668981506,47.117618558710554,1.9412674504216831,0.8484609496747075,0.6216840442909214,11.47170431975999,2.7953016531219603,2,1.707487016385631e-16,1.0556134419491376e-15,0.8641769286152013,0.13582307138479968,sample_2389,uniform,train,33.43925040964527
4.354465459572249e-17,1.6626625589778787,shallow,37.8962662668365,15.840756976803233,53.73702324363964,2.547332008593666,1.1869196678926808,0.7168579143741268,11.435033887138244,26.865416159526518,2,1.4674203699698225e-16,1.6858804850180379e-15,0.7052170734321784,0.2947829265678232,sample_2391,uniform,train,61.148408674702644
3.917327446251031e-17,2.1494177176260636,shallow,40.60811330989603,23.214171038563787,63.822284348459696,3.937877415233798,1.169999074204252,0.9871939024656163,14.244999122499095,31.80590211774116,2,2.2912947317928387e-16,1.836968898830178e-15,0.6362685655089071,0.3637314344910947,sample_2393,uniform,train,126.76944337900727
4.323308315730904e-17,7.780934108913801,deep,64.70810369934365,31.765856231722385,96.47395993106588,3.1356937322982628,1.5736045900310895,1.2838229736571958,3.924283374069718,7.039273670662929,3,4.122287485320578e-16,1.6571530354953496e-15,0.6707312910714966,0.329268708928505,sample_2395,uniform,train,87.71839903720786
4.566689000770505e-17,1.6574565028019943,shallow,77.9301290005715,34.48660634902038,112.41673534959172,3.3737399075171415,1.1652367512268935,0.849628172642464,7.699350621968063,25.36245027236461,3,3.3737439320146966e-16,1.3905349713376975e-15,0.693225334806474,0.3067746651935274,sample_2396,uniform,train,132.72501877858343
3.9813920112948694e-17,8.179319893660443,deep,19.30419687798344,5.274780720992273,24.578977598975648,2.3313790707633633,0.8308947105574058,0.8308947105574058,nan,53.07955699054273,1,-1.9187952567501677e-17,2.6379056808616518e-15,0.7853946243389701,0.21460537566103255,sample_2397,uniform,train,53.07955699054273
4.3792636194319244e-17,5.557901206122699,medium,29.4767063076619,17.658647470813822,47.135353778475604,1.7016175479089606,1.5032087113965895,1.0534232016880138,7.46993975879324,6.49838547367083,3,2.8160627192058624e-16,2.4872954587635675e-15,0.6253630013300645,0.374636998669938,sample_2398,uniform,train,26.718714092523594
4.263690991962949e-17,2.3939689187535462,shallow,85.90998812487915,20.551780808584233,106.46176893346323,3.116885464088644,1.277407405172037,0.8982811761732259,6.802940540677979,9.48336305001614,3,-1.166605146257782e-16,1.4015733159842308e-15,0.8069562340127131,0.19304376598728828,sample_2399,uniform,train,74.92412105886582
4.1253400949465315e-17,8.352851648882275,deep,18.53519634476037,4.766262607041114,23.301458951801447,1.697328357602092,0.9686559373405476,0.8257476963008232,19.524343778985248,7.520700532234802,2,-1.115488637551779e-16,1.5246743502839075e-15,0.7954521810458312,0.20454781895417032,sample_2400,uniform,train,20.27310174771886
4.5805735980490136e-17,6.629066237369018,deep,82.71565849857089,43.55525412890401,126.2709126274747,3.3705235642169695,1.6401586129744956,1.610008493291113,4.312771730569566,44.38380282296641,2,1.2879676572295447e-16,1.5755961675811871e-15,0.6550650246949524,0.3449349753050492,sample_2401,uniform,train,123.80045069251312
3.684686124074191e-17,4.630933279189422,medium,47.1786056886695,28.558680748732368,75.73728643740166,3.253128717289774,1.5149980850362719,1.5033304331285637,17.9030723620277,7.942103229324502,2,-5.340604832658912e-16,2.6737778605126367e-15,0.6229244261036937,0.3770755738963089,sample_2402,uniform,train,90.39829893185464
4.063430725305711e-17,6.689584050594534,deep,33.925683000420655,12.082472502854488,46.00815550327501,3.57283380122248,0.959999139367218,0.959999139367218,nan,113.282543700734,1,-2.7291924139300435e-16,2.818501369110258e-15,0.7373841143882787,0.26261588561172416,sample_2403,uniform,train,113.282543700734
3.476491689021487e-17,2.2773256743646964,shallow,32.327018344486895,16.583083587885714,48.91010193237254,2.8432081107814953,1.5196680461626104,1.5196680461626104,nan,42.27932114852223,1,7.533988482195684e-16,1.380114888955725e-15,0.6609476788493532,0.3390523211506482,sample_2404,uniform,train,42.27932114852223
4.403172732269618e-17,6.5066085496999495,deep,31.452389142982216,12.659718428707464,44.11210757168963,1.7909209950043603,1.6279180383026928,1.4853416772836971,21.549013898552296,10.298325670679704,2,3.5479746570089757e-16,1.2080743386699698e-15,0.7130103473715639,0.2869896526284373,sample_2405,uniform,train,21.83277159013664
3.75419160585782e-17,2.8661860993929067,shallow,36.1271334956229,19.285214185703225,55.412347681326104,3.3139794515341383,1.1625483680816713,0.8411217726715591,10.788883167408944,10.330222948683272,2,-2.303512953660195e-16,3.846846951042749e-16,0.6519690106506298,0.3480309893493706,sample_2406,uniform,train,89.85056774490134
4.6467221339572525e-17,5.751546659890872,medium,125.73522759094811,19.897256793092556,145.63248438404057,3.6014787190636413,1.0107069147283205,0.8480897542810146,6.5176682947201305,3.4380784319600406,3,1.9426405517535025e-16,7.074568364398866e-16,0.8633734988642896,0.13662650113571115,sample_2407,uniform,train,122.97286253236105
4.9250648961226874e-17,6.378713935147872,deep,71.35832050735479,28.254066209382355,99.61238671673694,2.883444927598374,1.223749201837306,0.690339994140556,7.934733769950947,23.744335364343254,3,2.683819243171325e-16,2.1042574518898737e-15,0.716359911245507,0.28364008875449515,sample_2408,uniform,train,107.5571664906109
4.4039355980473126e-17,1.6544817293460305,shallow,37.49664633696533,14.130082070373941,51.62672840733921,2.796562690427353,1.065037892538983,0.869619341021497,4.800000000000001,5.275095445043544,3,1.6213908185559772e-16,1.1698617054150319e-15,0.7263029731637002,0.273697026836301,sample_2411,uniform,train,60.73047241162115
4.345912804547148e-17,2.69265414107507,shallow,27.890143076584152,5.8719090980769515,33.76205217466107,3.509926862582721,0.6862054999426099,0.6763711415623512,12.809371569284734,3.715741263669839,2,-2.1669829009711767e-16,9.470521206409898e-16,0.8260796154303713,0.17392038456962955,sample_2412,uniform,train,92.92489382983652
4.039957904974446e-17,4.155463487296914,medium,33.71750413027672,16.69249324942286,50.409997379699504,2.416548191592645,1.293875991824431,1.00779021118994,18.86796226411321,10.454224168448171,2,1.428631654028123e-16,1.550480162593433e-15,0.6688654212042277,0.33113457879577385,sample_2414,uniform,train,39.29766208636614
2.5493015056979123e-17,2.391080328904568,shallow,23.363188040235556,18.99132651240084,42.354514552636346,2.362002725687315,1.5772585539069146,1.5772585539069146,nan,55.198819851219895,1,1.976715270647524e-16,1.1743256186160464e-15,0.5516103368674148,0.4483896631325864,sample_2415,uniform,train,55.198819851219895
3.834878174669822e-17,3.747603464442408,medium,33.77812157162035,14.267290582287432,48.04541215390774,2.887671278543706,1.3780087296306318,1.3780087296306318,nan,70.8444934643933,1,6.091382825372867e-17,9.243113753035895e-16,0.7030457239791423,0.29695427602085855,sample_2416,uniform,train,70.8444934643933
4.186449444801366e-17,5.200156050083086,medium,122.67158224730599,43.99228292821627,166.66386517552186,3.8045914581064895,1.3605452793058708,0.9312809317248544,6.305553108173778,16.44499519521184,3,-9.865750818694063e-17,2.387463722904806e-15,0.7360418655724476,0.2639581344275548,sample_2417,uniform,train,187.80527093901276
3.7956202664070796e-17,4.351488667779145,medium,50.87935246232924,18.33486206405934,69.21421452638849,3.9413000694870806,1.2445681912820037,0.7606997159245055,8.143709228600931,13.686341090934683,2,3.3145300400844315e-16,1.2832312347653672e-15,0.7350997596444739,0.2649002403555273,sample_2419,uniform,train,152.15829558860395
4.1550944061853006e-17,1.811120165611829,shallow,46.29150940359949,21.10533023828109,67.39683964188045,2.0738580973919674,1.296166499134508,0.9946207356164994,9.840731680114036,16.114542303439823,3,1.0017089306480207e-17,2.0031075716869072e-15,0.6868498530431673,0.3131501469568348,sample_2420,uniform,train,58.63608079668156
4.1684304090656253e-17,7.482704503985209,deep,100.44740517396006,35.410543734873585,135.85794890883338,2.402535650144694,1.6842990067969648,1.4878372482095332,6.118823416311343,2.453496307684087,3,-1.4712525352253213e-16,1.987415839540048e-15,0.7393561140935866,0.26064388590641546,sample_2421,uniform,train,60.40397250523531
4.196437394303923e-17,6.714593293993115,deep,73.31787516614598,19.644408832119602,92.96228399826539,2.894796825672212,1.0429533954488681,0.6079972655212071,8.002499609497022,13.241888661136661,2,2.46611193487483e-16,2.063702938482092e-15,0.7886840986772016,0.21131590132280045,sample_2422,uniform,train,81.36493909642381
4.5444028149127835e-17,8.3615344346256,deep,166.09332487166353,8.483079851266849,174.5764047229304,2.303789345700552,1.1739257148713227,1.1739257148713227,nan,51.21732659262045,1,1.156239687216864e-16,9.15771611861036e-17,0.951407638021127,0.04859236197887289,sample_2423,uniform,train,51.21732659262045
4.5784186972845826e-17,3.7116336197242754,medium,44.95061590070507,18.429699379175666,63.3803152798807,3.2767963205393817,0.9322125041260257,0.7705794723125853,3.111269837220808,9.334331273700041,3,2.4675431431889604e-16,5.605389722522043e-16,0.7092204527889764,0.29077954721102417,sample_2424,uniform,train,121.97563152698365
4.334652152715739e-17,5.931007910070669,medium,24.290849601413427,17.678822228327892,41.9696718297412,3.8451905570091034,1.2173758007541988,1.2173758007541988,nan,100.77864343307756,1,-3.8059682910366606e-16,2.7934350279416868e-15,0.5787714924232519,0.42122850757675095,sample_2425,uniform,train,100.77864343307756
4.0199646024412184e-17,3.479447405319611,shallow,123.68908000927833,25.296537779890812,148.9856177891689,3.376901444128888,1.6441230391134125,1.6441230391134125,nan,67.0750308821,1,3.382524412679173e-16,1.5261451327804734e-15,0.8302081895200919,0.16979181047990957,sample_2426,uniform,train,67.0750308821
3.965424602652894e-17,1.8349207974991206,shallow,59.61183487443914,15.654689713892077,75.26652458833115,3.440161766175877,1.033654783983329,0.8909367721419827,10.970870521521984,40.62426938070636,2,1.1273624008325366e-16,8.732328670320842e-16,0.7920099300517056,0.20799006994829522,sample_2427,uniform,train,112.9635203670791
3.9329637626591295e-17,2.9557288735028737,shallow,15.84897731405362,11.504188599146344,27.35316591319992,2.0421334964001003,1.343556377184197,1.1604409799600321,15.328405005087776,5.169862152485225,2,-1.2102899345789856e-17,1.6235386107015744e-15,0.5794202164512635,0.42057978354873815,sample_2428,uniform,train,40.84297405706117
3.97712029744519e-17,7.250183274393031,deep,46.92797425971925,12.439622847834865,59.36759710755403,3.6552175521318078,0.7351995849376148,0.6737016223281822,4.874423042781575,5.35745339899081,3,-2.594757057017203e-16,1.376380695758601e-15,0.7904644376072963,0.20953556239270507,sample_2429,uniform,train,171.12662145897758
3.37153607746914e-17,1.4595010820922383,shallow,33.604410654317896,21.342376668404604,54.946787322722514,3.7199820290506276,1.0621066888068413,0.6339051320321207,10.916043239196153,2.802867782911273,2,8.682665528274713e-16,2.586294014195311e-16,0.6115809912042162,0.38841900879578356,sample_2430,uniform,train,91.45713335447743
4.2332532286480543e-17,2.9473329227669325,shallow,27.636564148288503,3.7772025936731013,31.413766741961563,2.9571361369968034,0.6668592162999507,0.6668592162999507,nan,58.16390946587192,1,-1.9486723102038355e-16,1.3147196531795765e-15,0.8797596409020384,0.12024035909796287,sample_2431,uniform,train,58.16390946587192
4.616226121531596e-17,2.138050310015398,shallow,21.079872458120192,6.0982786122602075,27.178151070380355,1.9066248474959115,1.0249223318768474,0.6811287065879191,7.445804187594515,4.952489936630188,2,3.0394452298395713e-16,1.6339934556256319e-15,0.7756183414954129,0.22438165850458872,sample_2432,uniform,train,33.984984600981136
4.381290831803301e-17,2.3226937926009956,shallow,112.75627338174787,13.14184596743322,125.89811934918094,2.0028464644740196,1.2569686098245043,0.9245589685148594,5.858327406350728,6.073752002951873,3,2.2768593901466004e-17,1.1851962148518923e-15,0.8956152320990284,0.10438476790097276,sample_2433,uniform,train,39.56250676136711
4.259563512229759e-17,3.4599249420031164,shallow,87.51741143065415,31.042197456867274,118.55960888752136,3.576780421969831,1.7364121764244338,1.7132884394419836,20.25833161936096,5.296952515419694,2,5.387455293557647e-16,5.094157538669591e-16,0.7381722346409118,0.26182776535908875,sample_2434,uniform,train,103.87203740613096
4.2177012918140595e-17,4.4403013788671,medium,68.30767349887171,21.711634352954253,90.01930785182576,2.5549361247085773,1.5219040893182987,1.2814378226545942,8.944271909999161,21.140700948106353,2,7.684146684753222e-17,2.2495693926569262e-15,0.7588113609061292,0.24118863909387303,sample_2436,uniform,train,53.61713470629779
4.530398295203464e-17,7.440080422219765,deep,77.48168864015103,7.360812852755967,84.84250149290693,2.2216731857759604,1.1065019262760378,1.1065019262760378,nan,34.512472228175774,1,1.1317658918212188e-16,8.060787590359675e-16,0.9132414447566556,0.08675855524334525,sample_2438,uniform,train,34.512472228175774
4.323080147868857e-17,4.689206964484116,medium,28.89623232778389,4.292761122565845,33.1889934503497,2.628362918482484,0.7916565969950875,0.6056410075006818,15.750555545757745,2.498894113849434,2,7.201102552260667e-17,1.0436881257072262e-15,0.8706570860912752,0.1293429139087258,sample_2439,uniform,train,50.34339250952761
4.0478270752107855e-17,6.409480686409809,deep,149.05019959169456,25.68380691687184,174.73400650856613,4.220992229094942,0.9204825739445351,0.81871617574431,5.477225575051661,11.924807738906418,3,-2.505628819382009e-17,1.6062378825582548e-15,0.8530119727117202,0.1469880272882813,sample_2441,uniform,train,277.7989789741451
4.3303972187930024e-17,2.32711914559457,shallow,40.49032904340712,11.545108761486954,52.03543780489397,3.511815637817958,1.0118011866938186,1.0118011866938186,nan,90.57473750207414,1,2.5659507242312094e-16,2.1165215224240383e-15,0.7781298813171316,0.22187011868287057,sample_2444,uniform,train,90.57473750207414
4.368538676294224e-17,7.26304764266219,deep,45.17125475479523,24.822928350144096,69.9941831049392,3.932442368753103,1.3665432391006012,1.3665432391006012,nan,123.71981220250883,1,5.466111399755612e-16,1.8272617346653886e-15,0.6453572675756778,0.3546427324243241,sample_2445,uniform,train,123.71981220250883
3.7534978772653244e-17,3.3027563347222584,shallow,10.77790129502245,9.453758029316635,20.231659324339038,2.7849429949316695,1.346058466261229,1.346058466261229,nan,34.15627452022532,1,-6.633082844676413e-16,2.370622888361316e-15,0.5327245344654676,0.46727546553453475,sample_2446,uniform,train,34.15627452022532
4.181351758334872e-17,3.763791619509401,medium,52.89541932062672,28.268339712637278,81.16375903326384,3.3999681342674433,1.3136576921047634,1.2383386211017022,10.533755265810957,49.1249870800418,2,4.476547868073861e-16,1.9259753827216985e-15,0.6517122906905811,0.3482877093094208,sample_2447,uniform,train,114.99262741454586
4.3885051524854473e-17,3.551814386672029,medium,100.00195244638695,13.749647765702521,113.75160021208929,2.6097240441726837,1.4885044735162465,1.4885044735162465,nan,35.472876983278866,1,-1.6905148384843782e-16,1.6396909387583596e-15,0.879125676121776,0.12087432387822565,sample_2448,uniform,train,35.472876983278866
4.371825002412328e-17,3.10989061475518,shallow,112.2278579128079,30.687137368473657,142.91499528128142,3.337080376913485,1.087506682418706,0.7528305115537737,5.688585061331157,33.81490555566705,3,7.790795803353143e-16,9.943571482637343e-16,0.7852769941455344,0.2147230058544666,sample_2449,uniform,train,172.9116590573497
4.037220451449761e-17,4.2964214856577865,medium,39.1124747375717,18.91039758916013,58.02287232673177,2.2324662579603793,1.7057101788542242,1.645311598657289,11.781341180018513,9.540826054556119,2,4.467222809980905e-16,1.040902149750752e-15,0.6740871861242236,0.3259128138757775,sample_2450,uniform,train,28.72565996257287
4.6322740426026895e-17,7.970977396056831,deep,60.65799418094018,24.071588032823325,84.72958221376342,2.4672058327357296,1.306563690495167,0.6146909761993078,5.817215828899594,7.064465751419481,3,1.4081623224728986e-16,9.643906234101342e-16,0.7159010182288723,0.2840989817711287,sample_2451,uniform,train,63.678036016926654
4.242980500120428e-17,7.679522356966386,deep,36.20750105495101,7.946141277570102,44.15364233252103,1.933342708416349,1.2323376324656263,1.2323376324656263,nan,30.2701897761709,1,2.465802709112204e-16,1.8305225101028848e-15,0.8200342971089987,0.17996570289100322,sample_2452,uniform,train,30.2701897761709
4.411321469829698e-17,1.9440047018269784,shallow,34.6922359634957,20.23252235376468,54.92475831726032,2.5481424421440257,1.1135875497728975,0.970138313564524,3.4698703145794942,5.73058848434333,3,2.896495105843585e-16,1.0349325259196406e-15,0.6316320185353193,0.36836798146468186,sample_2454,uniform,train,106.16642258121217
4.209262587731597e-17,5.044815943875839,medium,10.814383064742833,5.237458050306333,16.05184111504916,2.4391482112935243,0.953177405454861,0.953177405454861,nan,32.166097237064626,1,4.83155471289026e-16,2.7665936054756577e-16,0.6737160545779369,0.32628394542206335,sample_2455,uniform,train,32.166097237064626
4.4153558533267234e-17,5.597632530177923,medium,84.5009214644233,29.9320125084149,114.43293397283803,3.6531764877248265,1.2904182059665605,1.015030579605906,6.403124237432849,4.651868494372516,2,1.4120348837464213e-16,1.4902200849180478e-15,0.7384318354057108,0.2615681645942907,sample_2456,uniform,train,116.15530614313926
3.6605012373206303e-17,1.9082179546911309,shallow,27.366613027851283,13.866229234448472,41.23284226229974,2.2793680588271226,1.4370676996259353,1.3030976927302207,11.492606318846914,9.770248006204701,2,-1.4989927150712513e-16,3.4464892390392785e-16,0.6637091096888387,0.33629089031116166,sample_2457,uniform,train,26.39438892630183
4.4524536975487404e-17,5.928706838080508,medium,42.92318270380146,26.048221732435454,68.97140443623668,3.238529331586954,1.4121738944041837,1.3656089725862006,23.712443990445188,40.080142263408256,2,1.3004888332009333e-16,3.3481468299738843e-15,0.6223330241663192,0.37766697583368414,sample_2458,uniform,train,95.77098645269616
5.3215081527579066e-17,1.8655486723753127,shallow,59.76007781286619,16.68626045473816,76.4463382676042,4.1580880108505465,0.9213172633155842,0.6598475032582074,6.251399843235112,6.105689053450032,3,-1.795638158724549e-16,1.951878636584137e-15,0.7817258375891475,0.21827416241085448,sample_2459,uniform,train,122.80233062651386
4.059666141646401e-17,5.294938349050752,medium,71.3081080087219,24.977746794361522,96.28585480308338,2.7004033842555017,1.4420387709565259,1.292129740213936,9.088454214001407,33.73836587257968,2,5.867416259939326e-16,4.427707915435236e-16,0.7405875780461825,0.25941242195381803,sample_2460,uniform,train,83.47691410648463
4.143048087168912e-17,1.7210073031244395,shallow,152.38897239359093,43.8292962120479,196.21826860563846,4.04527318533639,1.3427115405737446,1.1195247688097552,6.327716807822551,12.59398700976915,2,2.0379277938273322e-16,1.9192282789413606e-15,0.7766298901549473,0.22337010984505465,sample_2461,uniform,train,166.58421667165064
4.0397393217907744e-17,4.970847129237595,medium,85.6241290576471,38.964545332685965,124.58867439033276,3.3502941825453405,1.3528959222248178,1.1894505745228452,10.4575331699211,17.93490968161412,3,3.578048416460158e-17,2.452336682061611e-15,0.6872545155219257,0.3127454844780767,sample_2462,uniform,train,138.36302453526974
4.0574830415724026e-17,5.4662879612410205,medium,38.90574486355944,15.384652585419646,54.290397448979014,1.6291634955206895,1.4598018637732733,1.221419875737455,9.333809511662427,8.147939230423013,3,3.6835659938913565e-16,1.3415011463832988e-15,0.7166229516024865,0.28337704839751493,sample_2463,uniform,train,28.11401234242245
4.1909839314473277e-17,5.779715320387232,medium,38.61405462800441,10.95605326177551,49.57010788977984,2.782381362886045,1.084119937160251,0.8929875300191346,14.696938456699069,14.971853210431647,2,-7.081810380390571e-17,1.6125859146958233e-15,0.7789786278832307,0.2210213721167709,sample_2464,uniform,train,65.32692571203495
4.356432334442174e-17,2.356608646465044,shallow,105.01218678935858,27.70329107862882,132.71547786798723,3.081716382676188,1.4722249465813022,1.2570825477418057,7.573638491504597,4.852436020091548,3,2.4568189823191065e-16,1.258161787803808e-15,0.7912580241304993,0.20874197586950202,sample_2466,uniform,train,70.38615448435064
4.8753515483969683e-17,1.3234402723442782,shallow,45.19404757371085,21.50971714834979,66.70376472206048,3.364727900648097,1.0644634160638398,0.6226346928252219,6.029925372672534,2.912329305526207,3,3.109535767703991e-16,2.2902258789285104e-15,0.6775336858725176,0.3224663141274847,sample_2467,uniform,train,79.52020353164605
3.845155060399624e-17,2.1096433512132213,shallow,24.94462758096552,12.925104912820178,37.86973249378566,2.9633895047062047,1.3886930270294897,1.3886930270294897,nan,51.47108500982094,1,6.287691407613594e-16,9.381406851457146e-16,0.6586956373420086,0.34130436265799236,sample_2468,uniform,train,51.47108500982094
4.549132778312345e-17,3.698618585647725,medium,128.05010463120573,37.44233752263914,165.49244215384468,3.6775449431848437,1.0981940114580733,0.8727114723454656,4.874423042781576,23.309312721306217,3,5.474160993321373e-16,1.1592465260551485e-15,0.7737519790309705,0.22624802096903066,sample_2469,uniform,train,220.28492310560486
4.5777518993984144e-17,4.67020006176968,medium,32.9624005426621,21.402418340886836,54.36481888354884,2.4080773465501366,1.7270345585011544,1.7270345585011544,nan,48.91613795493018,1,4.595920659274505e-16,1.7644364737622725e-15,0.6063185938919176,0.39368140610808416,sample_2470,uniform,train,48.91613795493018
3.7242574511726636e-17,6.337480498908883,deep,103.97546650374153,38.63802026697411,142.61348677071553,4.18674825923875,1.0584771990920736,0.6883621793572338,13.566134305689296,70.62936160385495,3,2.405376159038924e-16,7.971675070562868e-16,0.7290717649369752,0.2709282350630256,sample_2471,uniform,train,336.5743000285466
4.050401366886601e-17,3.384913761890231,shallow,100.32754872738904,34.83507808747704,135.16262681486594,2.8565892763488634,1.2834207706348377,0.9302971171106029,9.427618999514138,32.19872068224546,3,8.846052718367185e-17,9.988198881287992e-16,0.7422728537586727,0.2577271462413283,sample_2473,uniform,train,127.29329897229871
4.15036805141759e-17,6.545846685399337,deep,34.79879554461127,21.19233923191506,55.991134776526216,3.5361604632692507,1.0710052982200546,1.0319243995893026,16.85941873256608,31.860363113809175,2,2.6164874077737844e-17,1.966992176214801e-15,0.6215054523095744,0.37849454769042756,sample_2474,uniform,train,140.20377917411614
4.270295425658916e-17,8.11006151624454,deep,96.6448708110567,46.3025150553911,142.94738586644766,4.025013804877748,1.2774030528344,0.9576437294738971,7.884161337770811,106.25429101047034,2,3.504865202483424e-16,9.941318359245035e-16,0.6760870107925563,0.3239129892074447,sample_2475,uniform,train,265.02143418745226
4.662248769951186e-17,2.0566282340539717,shallow,68.26118427646387,16.819495299318763,85.08067957578248,2.8160255833547447,1.1243438561222499,0.9536429368271135,11.357816691600549,8.376942461103601,3,2.0739976313154e-16,1.7120368755526703e-15,0.8023112252607565,0.1976887747392452,sample_2476,uniform,train,78.04369354545763
4.413354765529627e-17,4.997028909591829,medium,32.632429782307995,2.5264555874561925,35.158885369764185,2.1405619739293114,0.6585765699860875,0.6585765699860875,nan,41.08393445442544,1,-7.548080201355166e-17,5.052369609327478e-17,0.9281417610118868,0.07185823898811322,sample_2479,uniform,train,41.08393445442544
4.2520590892125014e-17,1.6957316735756056,shallow,56.73097119828089,25.49605728451027,82.22702848279104,2.264488326670601,1.1583095267501595,0.7621814720755196,9.783659846908007,28.22470920790745,3,8.164413993574681e-17,1.4690092455973542e-15,0.6899309417481124,0.310069058251889,sample_2480,uniform,train,124.63142547288584
4.673618611517899e-17,5.413561853331075,medium,73.61998374176834,23.546224049411396,97.16620779117962,2.9087726267299936,1.2536125953109012,1.182378299778535,4.422668877499196,11.716453984479552,3,1.111042389406058e-16,1.2065877023046597e-15,0.7576706492444926,0.2423293507555086,sample_2481,uniform,train,93.82534935185635
4.4355765258502834e-17,5.438846688123483,medium,53.116126788808295,31.760839508382357,84.87696629719046,3.3948449147392625,1.7144207476824667,1.7144207476824667,nan,86.37626102975514,1,3.5359971734130295e-16,2.2184325523267354e-15,0.6258014288920987,0.37419857110790355,sample_2482,uniform,train,86.37626102975514
3.627665263004659e-17,4.909714806935242,medium,70.7440296242515,27.557893110052422,98.30192273430384,3.326275817004911,1.3455551675760635,1.232370881587093,6.468384651518495,25.209356248290675,3,-7.402529263301414e-17,7.589575583019127e-16,0.7196606908235414,0.28033930917645933,sample_2485,uniform,train,117.34109498882856
4.6577873609959154e-17,4.553088757063583,medium,122.78567484502204,2.6670423691687404,125.45271721419068,2.003300337043232,0.8249746643685615,0.8249746643685615,nan,20.904517958066155,1,7.040553907895731e-17,7.929360576269903e-16,0.9787406568116409,0.02125934318835986,sample_2486,uniform,train,20.904517958066155
4.854252287255575e-17,3.1864208437942767,shallow,93.44421942093513,37.331181129606804,130.77540055054178,4.117725095319123,1.2195967745306548,0.9454763392352843,4.289522117905444,23.480797869936925,3,3.560982415949451e-16,1.1953272649836624e-15,0.714539730159886,0.2854602698401152,sample_2487,uniform,train,249.80881538185307
3.900705126720891e-17,3.789175751293103,medium,13.275232866607396,3.2332360829307354,16.508468949538106,3.385608433694948,0.6791397302922668,0.6791397302922668,nan,52.71167065599397,1,-1.775954070961935e-16,1.5871407252388953e-15,0.8041468234992699,0.1958531765007317,sample_2488,uniform,train,52.71167065599397
4.0275710759548116e-17,7.012018324037054,deep,48.8352171202247,19.521306655967916,68.35652377619247,3.2094797476623387,0.9144932133571566,0.671394368016158,8.435638683585259,44.6850015963337,3,-1.0673617844886057e-16,2.0269584498894076e-15,0.7144192598224729,0.28558074017752916,sample_2489,uniform,train,182.29468544259618
4.4994341307493883e-17,2.302706613200021,shallow,64.87319735664737,38.72963696727602,103.60283432392316,2.986185068189174,1.6439679237668023,1.515380551196181,16.546903033498445,31.704039280544876,2,-3.9832921373130193e-16,2.1946665545107458e-15,0.6261720326474443,0.37382796735255797,sample_2490,uniform,train,97.09987970768961
4.355856025109911e-17,4.162399404383249,medium,76.15338784918337,8.971852298383608,85.12524014756693,2.3009722610232166,0.9806096111184478,0.8627803382731802,14.133647795243805,18.717735300066312,2,1.8228574443377536e-17,6.4689464518335e-16,0.8946040882489071,0.10539591175109353,sample_2491,uniform,train,43.8108182741481
3.26296979322882e-17,4.2336391983364985,medium,30.5196994070188,12.078961402362767,42.59866080938148,2.3476807312286567,1.1817965664771024,0.834342489187921,8.854377448471464,19.969803790142116,2,7.207783257661452e-17,2.043291584214384e-15,0.7164473912357701,0.28355260876423194,sample_2492,uniform,train,65.91664592493632
4.1268338103857104e-17,7.523856489272849,deep,3.0892400256152217,2.893546941466009,5.982786967081232,2.0323715110457847,0.9970188534878995,0.9970188534878995,nan,17.408100015197455,1,3.552959882526004e-16,2.22683447844734e-16,0.5163546759416608,0.4836453240583389,sample_2493,uniform,train,17.408100015197455
3.990160022557662e-17,3.8945962620124037,medium,38.651990023522,10.487500337005732,49.139490360527624,2.3628192059265665,0.9253211181624854,0.7837286198367203,17.47455292704223,29.689282939322386,2,-3.1512419049383636e-16,2.277404182687868e-15,0.7865769412734908,0.2134230587265115,sample_2496,uniform,train,84.94536478179937
5.0513174606757124e-17,4.592621955454837,medium,18.776698700471076,10.081089330531297,28.85778803100235,2.9304591016477888,1.044825876220791,0.9479598736604353,12.671227249165726,11.459356920819575,2,7.53603135301277e-17,8.002220713311253e-16,0.6506631305316607,0.34933686946834014,sample_2497,uniform,train,76.53605320148132
4.454853184278555e-17,7.402602359128111,deep,80.47132794355217,39.00719271620863,119.47852065976066,3.366587274276855,1.3873074766792943,1.167117245417609,12.320714265009151,3.37122242805838,3,4.668772224600651e-16,1.129936318669929e-15,0.6735212948669712,0.32647870513302996,sample_2498,uniform,train,120.11918986330002
3.9439526975117455e-17,5.792404639958635,medium,49.99418846688463,15.078878715398563,65.07306718228297,1.9510682660298004,1.6527850812428744,1.6527850812428744,nan,31.110429361659666,1,1.1113726790533484e-16,3.439532996615378e-15,0.7682777319661402,0.23172226803386323,sample_2499,uniform,train,31.110429361659666
4.5030494168812657e-17,4.80559373922287,medium,208.0798040194753,57.52886382879664,265.60866784827124,4.313590070426818,1.4364649483069447,1.0123935387801006,12.930583900195689,37.00835084039647,3,3.0601141143801815e-16,2.5948944334942312e-15,0.783407430582577,0.21659256941742563,sample_2500,uniform,train,262.7320456221016
3.807110156871191e-17,7.800817756123237,deep,19.861292142335238,5.982733572232611,25.844025714567817,3.692767996900212,0.6897955805798348,0.6897955805798348,nan,124.43244591838986,1,2.692237524476187e-16,1.2372075257292866e-15,0.7685061283289074,0.23149387167109384,sample_2501,uniform,train,124.43244591838986
3.9084223557774093e-17,2.299255104248707,shallow,49.029018375799374,13.882027963621892,62.91104633942113,3.309275316284522,0.7767639933029987,0.705301139342098,4.749736834815165,33.14380679970993,3,-2.0535651858277994e-16,2.2306446717718197e-15,0.779338784341232,0.22066121565877023,sample_2502,uniform,train,169.8406592771479
4.17867741871639e-17,2.3711225112658205,shallow,35.03030019366441,13.251803361426228,48.28210355509053,3.221196455661215,0.7977842896618118,0.6983451143830943,12.784365451597512,5.107705846033078,3,2.064469654129511e-16,2.244263593026298e-15,0.7255338441021809,0.2744661558978213,sample_2503,uniform,train,125.82414571158073
4.421591699534544e-17,2.030747948714177,shallow,60.633344094189326,29.078629875589534,89.71197396977864,2.890354276049284,1.3189972878737273,0.763661637670479,9.410632284814874,17.892368143278023,3,-6.037843737302021e-17,2.455282593155659e-15,0.6758667924820709,0.32413320751793157,sample_2504,uniform,train,75.843127709287
4.158883675734071e-17,1.7981833567781116,shallow,61.59061454402,13.165047454417419,74.75566199843729,3.4434221170833186,0.9000909158802256,0.6355846385730134,5.888972745734185,4.737590617832219,3,-4.313208794508211e-16,1.710876327193673e-15,0.8238923032386163,0.17610769676138543,sample_2506,uniform,train,194.5669299263181
4.2495231631819915e-17,1.785610760671084,shallow,164.956457252822,46.44366716848965,211.40012442131126,4.095974696822393,1.38106766076798,1.3500579207799035,7.833262411026457,9.406661552616924,3,1.2112343250560898e-16,1.781397484905592e-15,0.7803044473335831,0.21969555266641866,sample_2507,uniform,train,206.77645384110036
4.035639301569994e-17,3.6302300597605752,medium,42.88343627936585,22.771684029022573,65.65512030838832,2.919137609283429,1.1489512026097626,0.6177706100916438,14.49413674559475,33.88925225282977,2,4.72098247173945e-16,1.6233526016461785e-15,0.6531621003501066,0.34683789964989503,sample_2508,uniform,train,91.78329618843784
4.269981791455817e-17,7.5281381400827,deep,81.9731485567484,34.38755734777236,116.36070590452057,3.2668191197161196,1.4399925612376685,1.3621742750003156,12.989226304903616,47.21464234305791,2,-5.2157659107973895e-17,1.5876589082332898e-15,0.7044744866365045,0.29552551336349714,sample_2509,uniform,train,127.2882194151737
4.341398688621951e-17,4.777249933503731,medium,79.10778733493022,10.378514377823718,89.48630171275386,2.243006787495722,0.8715637922850887,0.755820876539969,5.433231082882449,8.520600582085875,3,-1.7175435504945328e-16,9.329782307889555e-16,0.8840211945383764,0.11597880546162453,sample_2510,uniform,train,76.41239170321994
4.534471773349207e-17,2.462089667294994,shallow,16.134718390871676,11.422115474339126,27.556833865210756,3.8187532377734357,1.019746445700264,1.019746445700264,nan,94.79084764468921,1,2.244448298165466e-16,1.6760008805914862e-15,0.5855069733261709,0.4144930266738308,sample_2511,uniform,train,94.79084764468921
3.0478433950444955e-17,6.162842390244897,deep,23.93304947353371,18.068898993021275,42.00194846655489,2.5027734399446895,1.5574277729569774,1.5574277729569774,nan,51.514633058330396,1,-2.455517960280196e-16,2.1991969187421247e-15,0.5698080767036559,0.43019192329634637,sample_2512,uniform,train,51.514633058330396
4.3239003244074186e-17,5.64521123272223,medium,65.2672125324278,11.688909395276802,76.95612192770454,2.183276228588303,1.2042763518607043,1.1994608543658107,5.817215828899596,6.843679234471996,2,-4.9348825374172904e-17,8.309780250944162e-16,0.8481094277820063,0.15189057221799457,sample_2513,uniform,train,50.436469494684324
4.8527304810644874e-17,2.914529607927655,shallow,49.96098125280335,19.071690637322426,69.03267189012568,2.0434036027286977,1.3512815721212759,0.9519681266709765,8.411896337925237,10.493793170292088,2,-2.518529654381039e-16,1.3380701212873893e-15,0.7237295020584258,0.27627049794157554,sample_2514,uniform,train,46.23350723019593
3.967312580187768e-17,5.510019697405502,medium,28.564155912291252,17.452309805193668,46.01646571748485,3.1563305004912507,1.4053034704021536,1.209085920260088,6.936858078409853,6.313001639329525,2,2.3928534024919085e-16,1.544105408099857e-15,0.6207377178347216,0.3792622821652799,sample_2515,uniform,train,68.27140267100957
4.206431902086286e-17,6.525602068467582,deep,10.535321333634888,11.63368656124055,22.169007894875396,3.6573826614104936,1.0591121545308337,1.0591121545308337,nan,75.72575832220939,1,8.625298610539451e-17,1.923070457088925e-15,0.4752274609487708,0.5247725390512311,sample_2516,uniform,train,75.72575832220939
4.614531719065377e-17,3.1231114798154627,shallow,29.6452577515762,18.829057246414486,48.474314997990525,3.5469357500298404,1.1263537396633885,1.0452732956415978,19.816155025635023,12.490339349481248,2,-4.2979268581042485e-16,3.298078901221192e-15,0.6115663058426948,0.38843369415730855,sample_2517,uniform,train,103.90086447653259
3.821803497794271e-17,2.0490895902585975,shallow,5.123154568276103,2.123484841267577,7.246639409543663,2.2620828047688946,0.6686510089706464,0.6686510089706464,nan,25.418196713369582,1,3.667611809378308e-16,2.3287194271151213e-15,0.7069697108881977,0.2930302891118046,sample_2518,uniform,train,25.418196713369582
4.254030170872525e-17,5.988698674379685,medium,38.52780108136248,10.7766538190652,49.30445490042761,3.4059518463427496,0.9767625104744155,0.6189173640436367,5.396295025292816,7.787297247042218,3,1.732748715160792e-16,1.5131895769962862e-15,0.7814263672353944,0.21857363276460715,sample_2519,uniform,train,113.36939352261273
3.175079721190348e-17,2.4325879401475268,shallow,17.984201507668995,15.9491151564017,33.933316664070645,2.1966344125271506,1.546534032073203,1.546534032073203,nan,44.3978519097721,1,4.753420521073157e-16,1.4657568547041178e-15,0.5299865523228111,0.47001344767719033,sample_2520,uniform,train,44.3978519097721
4.023309398967487e-17,1.7894960759905258,shallow,148.65155204789133,50.1025215640389,198.75407361192995,3.716880299394867,1.3450227738299958,0.7995561554722862,9.939818911831342,13.405419266281198,3,2.7993332653698636e-18,1.3942439614470664e-15,0.7479170079207308,0.2520829920792706,sample_2521,uniform,train,169.13670139473166
3.598555393676864e-17,3.1323399520354758,shallow,67.39492647734015,28.826786799109865,96.22171327644965,4.022005605314541,1.4730904143232757,1.4730904143232757,nan,121.88132996328392,1,-1.1257933685404607e-16,3.8029826788171855e-15,0.700412871299758,0.29958712870024573,sample_2522,uniform,train,121.88132996328392
3.1270558895607513e-17,7.9926923199653785,deep,7.49065919192326,8.745585563466559,16.236244755389762,2.1058861005884624,1.405443152068559,1.405443152068559,nan,24.121790137988963,1,-7.333317078845638e-16,3.5010200768215416e-15,0.4613541680835201,0.5386458319164834,sample_2523,uniform,train,24.121790137988963
4.80975974433406e-17,6.892585361673516,deep,118.01153523852685,30.91462605724146,148.92616129576797,3.8565440556602653,0.9943739489687915,0.6056607930092565,5.772347875864721,19.10224681063978,3,-1.1887446034448193e-16,2.2662760964862022e-15,0.7924164177182775,0.20758358228172474,sample_2524,uniform,train,197.11501213328862
4.4870386535253743e-17,6.068735081423576,deep,46.493775983260605,21.966765542321973,68.46054152558246,2.9347066355698384,1.6705574141912853,1.6705574141912853,nan,52.063121684550254,1,1.9786966319872468e-16,1.7644070933046763e-15,0.679132460059299,0.32086753994070283,sample_2525,uniform,train,52.063121684550254
3.889211714162139e-17,4.970186436228213,medium,8.957603495730224,5.905256261964207,14.862859757694403,2.3617470507539635,0.8849399638129533,0.8849399638129533,nan,55.18089680629905,1,3.190465044874485e-16,1.8525056052184007e-15,0.6026837124055437,0.3973162875944581,sample_2526,uniform,train,55.18089680629905
3.47750344593209e-17,8.34829726660128,deep,10.771111702572664,6.886145473645639,17.657257176218256,3.842077776851521,0.8297773578914739,0.8297773578914739,nan,103.62389543826087,1,5.85918199307527e-17,2.716256221742303e-15,0.6100104673720094,0.38998953262799335,sample_2527,uniform,train,103.62389543826087
5.0453506841773785e-17,1.7333621209441135,shallow,18.63071421576177,10.540460715611943,29.17117493137363,1.850456088588792,1.565155038759812,1.565155038759812,nan,26.541469258733542,1,2.849093025715861e-17,2.801135532066956e-15,0.6386686261212062,0.36133137387879655,sample_2528,uniform,train,26.541469258733542
4.531362994286931e-17,4.5729929302041565,medium,65.09227859807434,23.51205118072456,88.60432977879866,3.5936133869315308,1.253832930954771,0.6953533176531734,5.77581163127746,3.397332203912134,3,-1.085086018239737e-16,2.7666508448201282e-15,0.7346399296803856,0.2653600703196171,sample_2529,uniform,train,137.6427261745517
4.3307558964504004e-17,6.423838242659277,deep,220.93760200045497,65.26590368015053,286.20350568060513,3.7628450091489016,1.3162683809270639,0.6570711517553919,16.37681287674742,5.546468337414158,3,4.3378981891591143e-16,1.2909772775724963e-15,0.7719598034798881,0.2280401965201132,sample_2530,uniform,train,211.84411166334175
5.0915890097270596e-17,2.46569352218539,shallow,43.87141866816818,24.134888661070168,68.0063073292382,2.5892738303246494,1.3500483259389235,1.0221946067056114,35.198295413272504,26.748754850554704,2,3.467534329591322e-16,2.246360583127001e-15,0.6451080846924089,0.35489191530759334,sample_2531,uniform,train,76.48760798123847
4.5950477961850764e-17,5.224313022674205,medium,78.88488991459006,3.012994208931986,81.89788412352205,1.7351646602373,0.9019029065238455,0.6340442639882431,16.022484201895782,2.4009799072545484,2,8.185149146550919e-17,5.4224747635759116e-18,0.963210353464228,0.03678964653577196,sample_2532,uniform,train,24.284172925434458
4.3442113617148636e-17,3.534900393368369,medium,41.73655490227316,5.583405476711323,47.319960378984376,2.6676396700519094,0.7124309947354723,0.7072379422408981,10.091580649234292,27.41296738535571,2,5.026317629937273e-17,2.308665196423821e-15,0.8820073932439111,0.11799260675609126,sample_2534,uniform,train,72.82946818293742
3.837693225668738e-17,5.314421830105003,medium,13.860152915433229,4.603344458593812,18.46349737402702,2.147727990656895,1.3646038125224074,1.3646038125224074,nan,16.95858471676876,1,3.347069274138867e-17,1.058300322932857e-15,0.7506786300915335,0.24932136990846762,sample_2535,uniform,train,16.95858471676876
4.729616774893206e-17,2.074394327234727,shallow,34.55891665791644,18.791367907762748,53.35028456567913,3.5384561881007532,1.2898263358174344,1.2898263358174344,nan,92.05901200529972,1,9.042627357615735e-16,1.0654754576018898e-15,0.6477738017567877,0.35222619824321344,sample_2537,uniform,train,92.05901200529972
3.943776373627846e-17,6.919743609899536,deep,26.457702553822614,17.13059378772601,43.58829634154857,2.700042483672844,1.2111830280090796,0.9014914040395148,18.00888669518469,41.181822851621035,2,1.9777957899753815e-16,1.2225920638061405e-15,0.6069909763507552,0.3930090236492461,sample_2538,uniform,train,84.88685634917633
4.2348631773434276e-17,6.112163903146024,deep,36.9408552253888,19.12431150457804,56.06516672996674,2.366256164901734,1.2825939947173943,1.1039110682130313,6.384355879804949,6.506651705865072,3,-2.432230781386751e-16,1.7742921105636215e-15,0.6588913826531791,0.3411086173468227,sample_2539,uniform,train,69.83018516878289
4.450017397443812e-17,4.508283300610483,medium,64.46796819819797,17.23342177661457,81.70138997481233,3.760252882630003,1.1415431231629096,1.1415431231629096,nan,111.5946811730414,1,-1.763170511679976e-16,2.522079409346088e-15,0.7890681935530443,0.21093180644695825,sample_2540,uniform,train,111.5946811730414
4.305550126002402e-17,1.9215260855836402,shallow,24.586336287976188,3.5746686948122397,28.161004982788395,2.1504768093739157,0.9426884209558322,0.9426884209558322,nan,23.413680949219128,1,1.5181240150566312e-17,1.1669541463094014e-15,0.8730631702598329,0.12693682974016823,sample_2541,uniform,train,23.413680949219128
4.470164113138867e-17,8.122610021893948,deep,69.7941499586519,29.733739170986038,99.52788912963776,3.4077920139634825,1.3206156179568622,1.0759516981794184,5.188448708429138,14.631778134153869,3,-9.570305460939396e-19,1.8204786538054956e-15,0.7012521873918489,0.2987478126081529,sample_2543,uniform,train,112.84759826153804
3.5159569319029245e-17,2.104844052393373,shallow,53.55535923725576,18.06372382564231,71.61908306289799,2.4744847163986687,1.2711336211074395,1.0963885582652948,17.67031408888931,26.53127429868601,2,4.148456488839825e-16,1.1409307564109592e-15,0.7477805767245284,0.25221942327547275,sample_2545,uniform,train,80.07675252101865
3.933585219938077e-17,1.563671342116244,shallow,53.05092729217773,17.081001336841698,70.13192862901931,3.1644452403943726,1.382718037521191,1.03557710180332,7.881624198095213,14.316946754400297,2,-7.180847204626644e-17,1.6717000899916068e-15,0.7564447225286519,0.24355527747134978,sample_2546,uniform,train,70.88268215734102
3.72586752388914e-17,3.758052552310138,medium,15.468627221867424,7.418833623798348,22.887460845665743,2.0928437083925586,1.122098806815555,1.122098806815555,nan,38.397150836253175,1,1.559114381531823e-16,1.2806089783286127e-15,0.6758559774793348,0.3241440225206665,sample_2547,uniform,train,38.397150836253175
4.1683468023721764e-17,1.7144659377494138,shallow,34.891726019164196,12.790503001962978,47.68222902112708,3.829015932933983,1.2057929085800576,0.7492847103616569,14.380542409798041,6.5494415802104555,2,2.784937812153007e-16,2.011719487465902e-15,0.7317553464982592,0.2682446535017428,sample_2548,uniform,train,119.72199075425428
4.1506628576223377e-17,5.634470898766121,medium,34.209615982411655,9.921350294554058,44.130966276965715,2.590809443242833,1.312406034933849,1.312406034933849,nan,34.38268535125162,1,-2.2013584947143048e-16,4.02519362085082e-17,0.7751839324730005,0.2248160675269994,sample_2549,uniform,train,34.38268535125162
3.9017870197347106e-17,5.238551683977452,medium,16.227069742989684,9.978965555493525,26.206035298483176,2.6213379468025604,1.2357188010165259,1.2357188010165259,nan,41.54388864215622,1,6.544130721783384e-17,1.2879010336431272e-15,0.6192111686550662,0.3807888313449351,sample_2550,uniform,train,41.54388864215622
3.952332612791585e-17,8.195515156909336,deep,15.75150954086217,6.225360607655457,21.97687014851759,2.3121970680981057,1.0230875193252262,1.0230875193252262,nan,34.67807816199079,1,-9.097205575932065e-17,1.61656944541766e-15,0.7167312467341788,0.28326875326582285,sample_2551,uniform,train,34.67807816199079
3.3653835949564914e-17,4.923843939124624,medium,26.57911792091554,13.70804680805098,40.28716472896646,2.3303785044149605,1.370257301630244,1.370257301630244,nan,53.01124528285883,1,1.123513490360883e-16,1.4991408044206128e-15,0.6597415851854465,0.34025841481455504,sample_2552,uniform,train,53.01124528285883
5.630080176893976e-17,5.75773082230047,medium,36.424949090955074,12.857682787519783,49.282631878474845,3.929467771424935,1.0518785060015312,1.0518785060015312,nan,110.96327420993752,1,1.0620347538518192e-15,2.523099396652305e-16,0.7391031627688777,0.26089683723112256,sample_2553,uniform,train,110.96327420993752
4.764087936666718e-17,4.738622586196691,medium,78.49589632651093,33.9713311252408,112.46722745175165,3.336860094363133,1.370917527314112,1.1243904761732808,12.691729590564085,27.994876906834758,3,3.933911635233197e-16,6.949553456996303e-16,0.6979446200021745,0.3020553799978262,sample_2554,uniform,train,127.74498123794399
4.444088899108656e-17,4.8387525821879045,medium,81.94776796382355,36.93796506909498,118.88573303291838,2.5106051796816296,1.6664419124911631,1.5823528129282463,6.232174580353154,11.73141601179996,3,5.412827062975314e-16,1.2551041298479864e-15,0.6892985884280409,0.31070141157196035,sample_2555,uniform,train,64.6883738652484
4.197827953951783e-17,4.31113199809527,medium,13.163777775686482,2.7441926160386703,15.907970391725126,1.7061330293560308,0.8909701630410248,0.8909701630410248,nan,20.80306285340073,1,4.5535553275951186e-17,1.6470525614495013e-15,0.8274957427965736,0.17250425720342813,sample_2556,uniform,train,20.80306285340073
4.858424505570025e-17,4.61610107999193,medium,192.59338125127277,48.0769005397758,240.670281791048,4.057487931924951,1.3674285154106052,1.056510675965806,6.723094525588646,38.491215463215205,3,3.80439917273929e-16,2.33235593972433e-15,0.8002374859829349,0.19976251401706743,sample_2557,uniform,train,218.86293057404419
4.165433519048807e-17,3.8241111327096853,medium,23.724656950096882,4.082263889065386,27.806920839162256,2.052199729377687,0.7717285998912311,0.6665324854434056,17.01881311960385,7.109747173991697,2,3.3634599622788724e-17,4.47172772121157e-16,0.8531925230888542,0.14680747691114632,sample_2558,uniform,train,43.312991172348305
4.381861794439844e-17,1.6265648509090425,shallow,70.9001912633025,33.988497234622145,104.88868849792443,3.426369649347489,1.242791775297265,1.1024688582165338,9.923708984044222,78.95976596129285,2,4.733128240516985e-17,2.032276537924756e-15,0.6759565047350696,0.32404349526493237,sample_2559,uniform,train,166.76978212761148
4.2437880085010596e-17,1.9122937316707849,shallow,103.99647393878436,19.224585556265623,123.22105949504973,2.740958616366576,1.4472680096912316,1.257763848986557,12.68384799656634,10.296971354915732,2,4.0562575957915823e-17,2.075906390692188e-15,0.8439829552265967,0.1560170447734054,sample_2560,uniform,train,72.52673173997088
3.474059577308159e-17,7.55814595696944,deep,64.06398335903462,22.239301311677437,86.30328467071185,2.650094972569333,1.182079501909828,0.7914301800138047,6.029925372672533,23.072015067491268,3,-2.3924017702436483e-16,2.469927089581211e-15,0.7423122260464273,0.2576877739535751,sample_2562,uniform,train,93.20647489446999
4.011587585943775e-17,4.244456027436553,medium,30.43733556032502,8.330657143846146,38.76799270417107,2.2252263849136673,1.2728068054902126,1.2728068054902126,nan,25.468271096767396,1,-1.5878524404152217e-16,2.4742903265479898e-15,0.7851150765680538,0.21488492343194868,sample_2563,uniform,train,25.468271096767396
3.653647130138296e-17,4.417765783851178,medium,29.347577519808098,18.112961166836907,47.460538686644945,2.5757587941697393,1.3835646722328494,1.3818444606366995,16.581917862539303,7.104317248427613,2,2.5209408179791017e-16,1.2725547204251087e-15,0.6183574466689796,0.3816425533310216,sample_2564,uniform,train,52.63004165166357
4.1820519043803516e-17,6.683789639228222,deep,92.39431073843338,41.42455127841101,133.8188620168441,3.4199861274572263,1.3333074782981147,1.0472720663638242,3.8262252939417967,26.132469175129373,3,3.449920194851159e-17,2.176991473929674e-15,0.6904431060458688,0.3095568939541333,sample_2565,uniform,train,148.23103239864676
4.497112749618853e-17,4.559952661550849,medium,172.22586626712808,63.56713838322618,235.79300465035365,4.040234809348475,1.5896129467908306,1.3251896320775693,4.565084884205332,38.592631331228,3,1.6637603442170796e-16,2.591538937551639e-15,0.7304112627196626,0.26958873728034,sample_2566,uniform,train,199.02754410512676
4.6728496347244655e-17,2.1974996797381774,shallow,12.199069991245741,8.802641393067594,21.001711384313307,1.9903606402731202,1.033664590487583,0.6133739666493261,9.297311439335571,6.179187311639287,3,-2.216454758096842e-16,1.353304447923843e-15,0.5808607578693575,0.4191392421306438,sample_2567,uniform,train,29.603201526240984
3.843053510191289e-17,1.7658587498620257,shallow,120.76447445306142,35.232326019515405,155.99680047257652,3.231013386628026,1.5939559576354285,1.4255616211750182,14.494136745594753,32.877001717186744,2,6.197437449043242e-16,1.9585874546866386e-15,0.7741471240898382,0.2258528759101638,sample_2569,uniform,train,124.667096213878
4.359163053339676e-17,4.270466921341199,medium,51.00630930444781,11.089422510333053,62.095731814780756,2.1499143865783137,1.0944765013105402,0.9635299529080316,11.315476127852508,18.702859580599434,2,9.524539142378572e-17,1.745011517484406e-15,0.8214140942341981,0.17858590576580366,sample_2571,uniform,train,53.265935867558056
4.353650071731202e-17,7.609179034115978,deep,87.24792706026189,12.1608691216996,99.40879618196128,2.1791811011174165,1.365601376917406,1.365601376917406,nan,43.34795170439937,1,-3.3723819564467935e-18,2.0906977872401076e-15,0.8776680777882098,0.12233192221179227,sample_2572,uniform,train,43.34795170439937
4.07883827322095e-17,1.6546867358447948,shallow,31.350578298280855,13.876792615789714,45.227370914070534,2.7080003559451575,1.0294991005478207,0.6818764151038053,12.004998958767137,43.72854623592959,2,3.089798540691571e-16,7.855229271563137e-16,0.6931771107775686,0.30682288922243217,sample_2573,uniform,train,90.16929334095336
4.44422045199655e-17,2.811496888603528,shallow,60.18881617580209,33.64558049703902,93.8343966728408,3.0459520403833826,1.5531682961769169,1.3940108067336552,6.254598308444755,2.586465116118116,3,3.73621016140023e-16,3.3318145032090723e-15,0.6414365979850009,0.3585634020150024,sample_2576,uniform,train,99.65493292489568
4.067357337245087e-17,6.620682037032319,deep,53.98262898255207,26.43379076451403,80.41641974706594,3.4004369797526803,1.0293794210410876,0.6194614262672271,10.10346475225207,21.50154717994788,3,2.8081809645095373e-16,1.94387417841896e-15,0.6712886392150239,0.3287113607849781,sample_2577,uniform,train,133.15674145648126
4.5879511134478045e-17,6.389301372596066,deep,79.4094704910127,22.917868713265335,102.32733920427778,3.959391633989676,1.3117247503864757,1.0711564528759823,6.086049621881174,6.759642542840768,3,-4.696951204749667e-17,2.4997755913792252e-15,0.7760337668165713,0.22396623318343117,sample_2578,uniform,train,111.74267882276672
4.570359600021811e-17,4.452672918529921,medium,53.455269033063765,21.94616773123512,75.40143676429881,3.0265389281526143,1.0339510395883653,0.7124133973835729,4.390899680020027,8.953284168070017,3,3.0656625583733996e-16,1.0365810558482382e-15,0.7089423136612412,0.2910576863387599,sample_2579,uniform,train,114.13133767096038
4.029479921546158e-17,2.6771309405978467,shallow,34.17734840331963,12.268371860002727,46.44572026332228,3.157435668578092,1.0693501943238304,0.8409332447833031,14.440221604947759,20.529159336945416,2,-3.469984664092088e-17,1.606326413538836e-15,0.7358557087618067,0.26414429123819483,sample_2580,uniform,train,76.70666317523435
4.635305128742753e-17,3.9313917025407386,medium,121.88729262851624,18.29731022469055,140.18460285320648,2.9840342399339383,1.0428528211767254,0.8097925004372382,7.843468620451031,8.020114378239121,3,1.3769867446043821e-16,2.1288211611352154e-15,0.8694770334809867,0.13052296651901546,sample_2581,uniform,train,102.04833355143585
4.3623197987608525e-17,1.9184213759581163,shallow,82.31334007120059,21.740812039431013,104.05415211063145,3.9182355915220217,1.04978133668217,0.8648245469620379,5.035871324805668,29.338715282722816,2,4.843220003626246e-17,1.434003079002318e-15,0.7910625227495409,0.2089374772504605,sample_2582,uniform,train,124.41670098384269
3.781204070923459e-17,5.656704404483299,medium,21.808576554931317,13.93214878574822,35.74072534067948,1.8632564974165793,1.1359787142496167,0.6112790140513491,6.5604877867426925,7.640156904167447,3,-8.054318718409437e-17,1.5407371142166321e-15,0.6101884152336765,0.389811584766325,sample_2583,uniform,train,58.33113042589266
4.8279113948535975e-17,2.090809368367892,shallow,67.89424328508979,15.299222285766636,83.19346557085628,3.142307376114577,1.044610208158942,0.8290452478549146,7.969943538068512,2.641309769438674,3,-1.9046130030561197e-16,1.7508738196121923e-15,0.8161006735230176,0.18389932647698412,sample_2585,uniform,train,104.8338941178449
4.600420987275046e-17,2.015084809261942,shallow,147.69097288657443,54.32192430109024,202.01289718766424,4.3408467714557055,1.1737584763558777,0.73858208094169,12.745195173083856,38.50371080045515,3,2.3092335605624146e-16,2.1455613718118998e-15,0.7310967514582681,0.26890324854173403,sample_2586,uniform,train,280.7594259821767
4.4659027371237055e-17,6.358102553625042,deep,54.1431311825057,5.511837786102072,59.6549689686077,1.6107106440679164,1.2590141039125906,1.2590141039125906,nan,17.50415680830726,1,5.6293044323360204e-18,1.2208644422183174e-15,0.9076047162307217,0.09239528376927952,sample_2587,uniform,train,17.50415680830726
4.488973168325271e-17,4.438868654936689,medium,40.957342782528805,17.28178307039017,58.23912585291891,2.5471172206846546,1.239703465876163,0.9669227062134986,11.518680479985541,9.397612680831495,3,1.8160966419580772e-16,1.0980392525105858e-15,0.7032616335273523,0.29673836647264884,sample_2588,uniform,train,58.71051451390878
4.5083536385673465e-17,1.474203914015218,shallow,158.60979631768203,45.479791058882086,204.08958737656377,4.244887969761269,1.5969822538953793,1.4358266277155192,7.665507158694718,4.741987712792532,3,1.4697563618986422e-16,1.671131376906361e-15,0.7771577097906156,0.2228422902093861,sample_2590,uniform,train,141.61842283556854
4.2313719881335166e-17,4.02595050895539,medium,61.817580677092096,25.590741043610855,87.40832172070289,3.738127439769014,1.523961122230631,1.523961122230631,nan,115.59309215235054,1,2.1062915787613653e-16,7.316105029764297e-16,0.7072276353116438,0.29277236468835693,sample_2591,uniform,train,115.59309215235054
4.5208995277352464e-17,1.7211271393898377,shallow,27.965222921877444,19.777328552345786,47.74255147422317,2.8633421588121384,1.1410180175828342,0.717685087096802,17.814600753314682,30.012251547115866,2,8.121317907403024e-16,1.2650378053677584e-15,0.5857504900419123,0.41424950995808896,sample_2592,uniform,train,72.57066942398231
3.4331046129379794e-17,1.9329423713640828,shallow,29.24292390455685,19.70636535109386,48.949289255650584,2.3872692019183717,1.0105007412242346,0.6166210722711126,20.913153755471697,6.362343950884854,3,-3.3358034817887824e-16,2.6128610727898127e-15,0.5974126355916622,0.40258736440834036,sample_2593,uniform,train,74.77764588707778
4.308160346786737e-17,3.3076988628206836,shallow,26.76770266971263,5.145384220130132,31.913086889842717,2.068114281519469,1.2066781298321485,1.2066781298321485,nan,19.213891692316086,1,-2.0247625623183209e-16,1.4193894674326704e-15,0.8387688336797103,0.16123116632029108,sample_2594,uniform,train,19.213891692316086
4.139813805347823e-17,3.9856440353883333,medium,31.82000512844688,4.5890180393655315,36.40902316781238,2.0035680317044187,0.7760841216750551,0.7523442270634751,6.190315016216866,15.475365484777477,2,2.233233231116543e-16,9.025949797509817e-16,0.8739593199681762,0.12604068003182467,sample_2595,uniform,train,37.98061145772001
4.6320889704481143e-17,2.2207632954710386,shallow,81.81252338105806,22.158715450605264,103.97123883166313,3.439435259422303,1.1545680330823707,0.806248376351989,6.318227599572526,15.31361907814532,3,2.547552962883655e-16,1.845188542629951e-15,0.7868764891175182,0.21312351088248366,sample_2596,uniform,train,124.72673816537048
4.177326643701027e-17,2.954478060853325,shallow,202.89825367487802,45.83080739033931,248.729061065217,3.9184888582848325,1.5099069630225928,1.4145760271081447,11.969962405956002,9.792624588471517,2,-1.5282029975077873e-16,1.3426460276778183e-15,0.815740037798309,0.18425996220169233,sample_2598,uniform,train,160.27756544219673
4.0598718840990267e-17,3.2060938413338373,shallow,120.84404087077453,23.4192683957445,144.2633092665188,3.0960842466938736,1.635193103514161,1.635193103514161,nan,68.2740875909329,1,1.8246050163306207e-17,1.6007284894276778e-15,0.8376630307815939,0.16233696921840773,sample_2599,uniform,train,68.2740875909329
4.460835718503935e-17,6.522516346663095,deep,83.95554063940106,5.171331670428899,89.12687230982999,1.4848951796502563,1.5756931098957827,1.5756931098957827,nan,9.270946927562333,1,-2.8710570260035485e-17,3.089251344419404e-16,0.9419778621597769,0.05802213784022288,sample_2601,uniform,train,9.270946927562333
4.790583602735849e-17,8.330112866544047,deep,38.957480091287664,13.002925875516713,51.96040596680434,2.552924337704949,1.1702862961600857,0.7442647750413831,3.0331501776206182,10.4072073160927,3,3.986384831474087e-16,7.521082589649557e-16,0.7497531893068006,0.25024681069320015,sample_2602,uniform,train,52.70594003101342
3.961790985422375e-17,2.1038409268010914,shallow,13.603988068745801,9.464334198476314,23.068322267222037,3.1452710231695318,1.0844243149500072,1.0844243149500072,nan,64.14612990118866,1,-1.3914449047030468e-16,3.3881831555937973e-15,0.589725941538272,0.4102740584617314,sample_2604,uniform,train,64.14612990118866
4.0224624737757055e-17,5.244744932368512,medium,42.96373651056193,14.058181158439753,57.02191766900159,1.989352069340952,1.3186980040400285,1.2094196653928888,15.561490931141527,14.823586321541454,2,1.8342445781608527e-16,1.6510653506027855e-15,0.7534600425042877,0.24653995749571397,sample_2605,uniform,train,40.92393820037648
4.672793576757445e-17,7.653359714297739,deep,63.47501062758869,26.570949922576773,90.0459605501654,2.864626762118512,1.4587381098722627,1.137796256102113,13.814485151463296,23.313809817881054,2,3.434576000966233e-16,6.312711698948454e-16,0.7049179134718231,0.2950820865281776,sample_2606,uniform,train,76.39985608640332
4.163285684423588e-17,4.991755926407001,medium,61.13187123335876,20.253820050404606,81.38569128376321,4.002628389025982,0.9920684880471505,0.7127574660727537,6.135144660071187,7.810860006835238,3,-1.2523273435100758e-16,1.920723402375381e-15,0.7511378261838862,0.24886217381611564,sample_2607,uniform,train,207.7161680298138
5.1754661962384947e-17,3.3921492301993963,shallow,22.728239999362287,14.195544600067436,36.92378459942966,3.794344340655192,1.0332526458094282,1.0332526458094282,nan,111.83663447661154,1,3.3653699108442997e-16,1.7319147241314151e-15,0.6155447023085862,0.38445529769141557,sample_2608,uniform,train,111.83663447661154
3.976747807285639e-17,5.0994152625409725,medium,24.26751877327091,15.299647580350822,39.56716635362161,2.7563391860898308,0.9913195446790538,0.9525132163920473,9.053176238205019,6.057776560745828,3,2.0325212541150151e-16,3.142630373039998e-15,0.6133246580355555,0.38667534196444764,sample_2609,uniform,train,93.68666729898119
4.004391841277277e-17,6.291211278739687,deep,32.32476887383745,20.15079669014373,52.475565563981114,2.725949490355211,1.742680085419002,1.742680085419002,nan,41.26589827915745,1,-2.78534729333992e-16,1.2186404382900656e-15,0.615996579101664,0.38400342089833717,sample_2610,uniform,train,41.26589827915745
5.3054888818713373e-17,4.108413099788609,medium,96.69821239649283,24.848443704374745,121.54665610086734,4.3815733965443036,1.077930945395475,0.9425783293691282,10.47282196926884,14.019682443749767,3,2.9592807558626014e-16,1.9875868074721155e-15,0.7955645634236647,0.20443543657633728,sample_2611,uniform,train,186.6424427799335
4.409435836359504e-17,2.7357052912108304,shallow,66.86723672288399,7.11773717902138,73.98497390190524,2.392233728218868,1.124217159727035,0.7112492996733744,18.313929125122225,5.502107173350513,2,-4.6248844444439424e-17,1.788722460195539e-15,0.9037948274678251,0.09620517253217666,sample_2612,uniform,train,31.865151282786464
4.299660573398488e-17,3.8546779545578027,medium,23.047838549043046,12.061391724905297,35.10923027394829,3.6608979861409128,0.9608355007222269,0.9608355007222269,nan,111.48741173216854,1,9.810941452941372e-17,1.4672594055937443e-15,0.6564609468566155,0.34353905314338595,sample_2613,uniform,train,111.48741173216854
5.153532736625519e-17,3.117504453409566,shallow,68.77048245211743,19.37238338842758,88.14286584054497,3.8377574959087712,1.1736977021271038,1.1736977021271038,nan,121.70132507065073,1,2.7575912824382723e-16,4.836757205368219e-16,0.7802160934558994,0.21978390654410113,sample_2615,uniform,train,121.70132507065073
4.523044361443246e-17,4.709531468891328,medium,79.34189532628409,29.247559273686445,108.5894545999703,3.932656238328775,1.6384357022977012,1.6384357022977012,nan,126.5474728429877,1,-1.9408753328117137e-16,2.1920343679458786e-15,0.7306593040601366,0.26934069593986565,sample_2616,uniform,train,126.5474728429877
3.783744585059412e-17,5.263581482626839,medium,29.75556505447368,16.87756861141285,46.63313366588653,2.614811792608256,1.6613990651606363,1.6613990651606363,nan,34.22355584126027,1,6.739056561096272e-16,0.0,0.6380777510613816,0.3619222489386184,sample_2618,uniform,train,34.22355584126027
4.395796447545986e-17,3.703374815350141,medium,85.82850615533404,25.999652164097622,111.82815831943151,3.5551132956375375,1.0933382873587187,0.6459482147062723,12.348279232346506,30.918680149945786,2,1.9584010903985836e-16,1.3660842714770566e-15,0.7675035290321891,0.23249647096781226,sample_2620,uniform,train,110.6956746455727
4.3776594647834117e-17,4.87102306947539,medium,83.81100012296034,14.16349126936461,97.97449139232471,2.0352388945470583,1.2284086043849192,0.7673092103624706,6.67233092704491,4.551896214675499,3,-4.0112781646570366e-17,2.4295284731458264e-15,0.8554369502909822,0.1445630497090202,sample_2622,uniform,train,58.63939567484934
4.342254668204727e-17,1.3395184357867378,shallow,128.1041579873518,33.75090373784273,161.85506172519428,4.2538573156148995,1.0653838607810429,0.7813361922644341,5.400000000000003,8.977897004704039,3,-1.7209185609046187e-16,1.6242977478060179e-15,0.7914745243176488,0.2085254756823529,sample_2623,uniform,train,268.5333408073309
4.112977609049189e-17,2.101929952514357,shallow,25.826642928114588,20.4218653850861,46.24850831320057,3.82350726499029,1.087974165241968,0.942486252510427,12.636455199145052,47.917666417277566,2,-5.880859071920962e-16,2.6118088882174752e-15,0.5584319120784047,0.4415680879215979,sample_2624,uniform,train,138.65903361329055
4.384523843625128e-17,2.8447095996558502,shallow,82.06024743513944,11.248980210368636,93.3092276455079,2.371310180159001,0.9168357098849556,0.7839204339712115,6.356099432828281,9.592631795438512,3,4.0744232525422903e-17,1.9037311573822334e-15,0.8794440754230163,0.12055592457698566,sample_2626,uniform,train,99.84529650787354
4.490723133258812e-17,2.2398979853229735,shallow,77.45704838966074,40.08434903938293,117.54139742904347,3.4380026997232545,1.2509066682367929,0.8749347657057511,3.187475490101846,4.396243709194476,3,1.1604159959031105e-17,1.6926118828298764e-15,0.6589767527344521,0.3410232472655496,sample_2627,uniform,train,175.0786091406415
4.301413915626466e-17,7.086977001295228,deep,43.95170101983715,18.261571756015176,62.21327277585226,3.2689005170338348,0.9116608559129412,0.7633606544626721,7.743384273042378,22.451422575578878,3,4.974370367225154e-16,1.0850025546865278e-15,0.7064682351335286,0.2935317648664724,sample_2628,uniform,train,150.2057012301829
3.994253544829862e-17,4.033646312787718,medium,66.84202013913881,31.223644303565568,98.06566444270423,3.945995523017223,1.2179833080334512,0.8728970467127848,10.30145620774073,13.077272489951016,3,2.531305846071536e-16,1.4853441483173193e-15,0.6816047239265062,0.3183952760734953,sample_2629,uniform,train,168.78359709771814
4.7235446515327546e-17,4.554509402033137,medium,26.949296071593253,11.276374294347866,38.22567036594106,3.195107641399965,1.0676937064589693,1.0163513428671622,7.0484040746824395,4.272733319724524,2,6.884743869011033e-16,1.440578059043598e-15,0.705005191893377,0.2949948081066245,sample_2630,uniform,train,74.87183043961879
4.473161459646072e-17,5.359292988459667,medium,82.2736997041751,4.212768089567241,86.48646779374222,2.317148999920954,0.7851034542747073,0.6118537016969178,8.917398723843181,10.718797740759385,2,1.2107630846613884e-16,1.3966608668455416e-15,0.9512898584364208,0.04871014156358064,sample_2631,uniform,train,35.153336460733755
4.065861392818951e-17,1.4977825429876055,shallow,63.62853471938244,26.604939136851886,90.23347385623411,2.602566886080038,1.2812180946551515,0.7298651677988516,9.61873172512884,27.487156531220382,3,-1.218048801020142e-16,2.401719950980896e-15,0.7051544399228118,0.29484556007719065,sample_2632,uniform,train,93.88470109604255
3.8784456037039114e-17,3.8555768500352965,medium,38.77511115625534,24.23485935497612,63.00997051123131,3.0600901460224708,1.6644397554330514,1.6644397554330514,nan,54.974023037319604,1,2.6612556330706334e-16,2.4244843625373765e-15,0.6153805634513638,0.3846194365486386,sample_2634,uniform,train,54.974023037319604
4.487434138101416e-17,7.241275567103544,deep,82.6865712397254,24.038861038806314,106.72543227853151,3.71329552272676,0.9720578866346421,0.6646163546980106,6.511528238439884,93.24891405203674,2,1.630831567226757e-18,1.8308593196800132e-15,0.7747597688237081,0.2252402311762937,sample_2635,uniform,train,217.5142911255719
3.464140999242514e-17,2.22400306599163,shallow,24.151474997021758,18.39950063205047,42.55097562907215,2.242498731643841,1.6730505176983592,1.6730505176983592,nan,47.23731755401129,1,3.283722353372544e-17,1.8368486216379463e-15,0.5675892183426393,0.43241078165736246,sample_2636,uniform,train,47.23731755401129
4.200682023624785e-17,2.174739075615072,shallow,54.09695989377039,10.858770758123367,64.95573065189372,2.359868497346919,1.0273887234719967,0.8713923962909964,12.658593918757328,23.547289409492226,2,-2.7411010910864325e-17,6.016382245969883e-16,0.8328281331124284,0.16717186688757216,sample_2637,uniform,train,52.639080549640404
4.16513280060371e-17,2.5163243887203492,shallow,149.46256061528766,38.935934758354335,188.39849537364168,3.3932143418585112,1.13262159916901,0.662461417813564,10.28785691968935,51.08152986731105,3,-2.862041449807444e-16,1.6594548863800773e-15,0.7933320291059955,0.20666797089400618,sample_2638,uniform,train,222.76175456890695
4.545323513603883e-17,1.7873861331476224,shallow,21.49660950909882,16.518262419411,38.01487192850971,2.847397242212686,0.9307091988657051,0.8021508174436813,6.942621983083913,15.698618040304718,3,-1.5007422575717618e-16,2.8036766917024128e-15,0.5654789407031299,0.4345210592968729,sample_2639,uniform,train,113.67571770029582
4.914560127045746e-17,4.243688118945213,medium,55.41966092499931,18.75292609281871,74.17258701781792,3.1899058892554506,1.1120988699753542,1.1107927662230166,7.748548251124209,43.24246582406378,2,6.16090350575249e-16,1.4369380204901278e-15,0.7471717403046259,0.2528282596953756,sample_2640,uniform,train,107.55918461665027
4.1906720374844224e-17,5.016615948761609,medium,36.508443781140244,16.415923175241833,52.924366956382045,2.7935939957044873,1.2885426089681378,1.2659776672364829,11.099549540409287,17.0863884907788,2,6.304135776824269e-16,6.041531519036672e-16,0.6898229658793824,0.3101770341206182,sample_2641,uniform,train,69.74457007646758
4.743281021194274e-17,8.097478881024802,deep,16.580931191515113,13.030019894357219,29.610951085872276,2.4746041874821603,1.201100789164541,0.7190602033107459,10.809255293497328,5.844480022655645,3,-5.215339207553655e-16,1.859685690666008e-15,0.5599594266131513,0.4400405733868505,sample_2642,uniform,train,39.9625888887345
4.181898435968411e-17,1.4539510105637874,shallow,45.798414249865516,19.730715898960515,65.52913014882583,2.6882807807425646,1.712437603487924,1.712437603487924,nan,42.069018728325034,1,-4.1745303105867767e-16,3.090300134180205e-15,0.6989016052227598,0.3010983947772433,sample_2644,uniform,train,42.069018728325034
3.90459027341045e-17,6.003547107809128,deep,15.638998600553148,10.342330827197818,25.981329427750925,3.1153665623337967,0.8997274186151452,0.8358414394434918,10.645186705737013,9.69544184630585,2,5.975069169546732e-17,1.5725218149371073e-15,0.6019321930404752,0.3980678069595264,sample_2645,uniform,train,90.779277237696
4.635771037175146e-17,1.6768219156997402,shallow,171.62418906430258,11.510195014346076,183.1343840786486,2.6832551591240508,1.28522962868032,1.28522962868032,nan,51.0375727044798,1,3.3106434654854077e-16,3.5889056764776094e-16,0.9371489135027595,0.06285108649724087,sample_2647,uniform,train,51.0375727044798
4.341588030155851e-17,1.512304073024195,shallow,80.93506321533317,14.929933900019568,95.86499711535255,1.787073440237968,1.4350936322577574,1.115163451305284,13.66747965061591,8.010373980776611,2,1.5097192815455015e-16,1.9826859389263728e-15,0.8442608423379551,0.15573915766204696,sample_2648,uniform,train,31.91686362069636
4.481028630657162e-17,8.243691992051323,deep,45.54722094355032,24.958530524431108,70.50575146798128,3.0353307061191477,1.1696171125258015,1.0842335863769217,6.749814812274483,24.727537653447058,3,-1.728079062723787e-16,2.065948632530632e-15,0.6460071695602683,0.35399283043973373,sample_2649,uniform,train,124.39212962458743
4.2834252824967746e-17,8.124775899225677,deep,51.78836149211616,25.003520617469547,76.79188210958556,2.0965099071611397,1.450737323276095,0.9748746366606083,6.415605972938177,5.1740936938070705,3,5.193131082779047e-17,1.94309568160715e-15,0.6743989087051125,0.32560109129488934,sample_2651,uniform,train,42.264246164606064
5.2515969642074344e-17,2.7837699420268374,shallow,14.399071881529915,9.502300228766922,23.901372110296755,3.196986431054463,0.9764474811867071,0.9077533280900234,6.669332800213227,11.82875140872238,2,-8.368015728695298e-17,3.4187332106013136e-15,0.6024370406469999,0.39756295935300356,sample_2652,uniform,train,80.08247086092437
4.7463339412893274e-17,2.062226427258844,shallow,22.568976712183385,14.70603292508248,37.275009637265825,3.5579501756290477,1.1443487805216694,1.1443487805216694,nan,85.52493194967467,1,3.8065919099144557e-16,1.0960750299943484e-15,0.6054720557233597,0.39452794427664134,sample_2653,uniform,train,85.52493194967467
4.8758793046228465e-17,8.140776431701598,deep,15.063040287974404,7.107074869775444,22.170115157749837,2.132682413323799,1.5489188444583406,1.5489188444583406,nan,19.664563119418073,1,1.9846607571258929e-16,4.80743602843931e-16,0.6794299524740598,0.3205700475259407,sample_2656,uniform,train,19.664563119418073
4.7723942757527927e-17,1.4114869964676595,shallow,51.524824023947296,21.948561333778198,73.47338535772536,3.7773641313589272,1.1957495832380458,0.968463941173779,8.153526844255806,6.128833037397166,3,1.587448081549641e-16,1.789088735677771e-15,0.701271947291996,0.29872805270800573,sample_2657,uniform,train,146.27344162423282
4.2330295734013956e-17,2.3597313001699667,shallow,101.3957982002835,30.330559930915843,131.72635813119916,2.8613041691055567,1.2025972381138974,0.7428978774874755,4.534313619501853,33.65680478750846,3,-4.489246868237349e-16,1.3215500127001028e-15,0.7697457034323647,0.23025429656763663,sample_2658,uniform,train,129.58880687884863
4.694185447256407e-17,7.865112613876217,deep,74.21510862574254,24.7624868575415,98.97759548328386,2.256591264174122,1.1886421302534842,1.081814563270071,6.794115100585211,25.601540965573125,3,-7.558084685407635e-17,1.8306001144413143e-15,0.7498172517059842,0.2501827482940176,sample_2659,uniform,train,121.10788450080037
4.429738708277554e-17,6.258320980496048,deep,56.068147942152216,14.022855138749335,70.09100308090152,2.3310166482958357,1.0186296467986546,0.63061093160972,3.423448553724737,5.0889316790254275,3,8.09597383568516e-16,5.068715701928011e-16,0.7999335931522678,0.2000664068477328,sample_2660,uniform,train,75.93452543828998
4.125723125562869e-17,5.824246173411517,medium,63.76412520338466,29.314900327928967,93.07902553131343,3.531423364388341,1.4513192762048868,1.3708107279020014,7.610519036176179,6.519491336972631,2,-4.301406113058254e-16,2.061114601921638e-15,0.6850536395219703,0.3149463604780318,sample_2662,uniform,train,99.2441195929173
3.785135470774884e-17,3.568617517977358,medium,178.37166871255434,40.7628663089515,219.13453502150574,3.310027044301389,1.329758988858862,1.0444557000570154,6.77347768875044,8.436158690085962,3,4.798486530419151e-16,4.539493649262153e-16,0.8139824637638656,0.18601753623613485,sample_2663,uniform,train,144.28803469219702
4.0051120102688046e-17,5.489625162043247,medium,83.96414430890583,29.179675457333747,113.14381976623926,2.0929304910198647,1.442305487154593,0.9875605535673401,3.411744421846395,6.38680004599937,3,8.809767056529037e-18,2.794598220799969e-15,0.7421010222421331,0.25789897775786963,sample_2664,uniform,train,62.010929145721164
4.825636233464413e-17,4.795539075362349,medium,31.94815095819367,8.842460746162113,40.79061170435574,1.8452704078458835,1.0158860923527524,0.899651373301164,4.686149805543995,7.629920883068922,3,-2.285300847093057e-16,1.001608105373007e-15,0.7832231394260301,0.21677686057397097,sample_2665,uniform,train,37.10397968033542
4.159104328759096e-17,5.2997994063303135,medium,52.56384629087076,13.906438647100996,66.47028493797161,3.3177377687884673,0.9621483094464105,0.8189793215730936,8.027452896155792,16.008272778343727,2,-6.93813267295932e-17,2.1112018768021564e-15,0.7907871365366044,0.2092128634633977,sample_2666,uniform,train,91.28330819536528
4.8663198534354606e-17,4.191131740097276,medium,123.7101939526097,37.59002894956433,161.30022290217386,3.6826906688592556,1.7884968231626113,1.7884968231626113,nan,109.47444811141537,1,3.990984210616085e-16,1.0572226963743755e-15,0.7669561252103047,0.23304387478969643,sample_2667,uniform,train,109.47444811141537
4.2401103744580274e-17,2.8954303740407656,shallow,28.84558662760945,13.450990835887701,42.29657746349712,3.2167626619430347,1.3199532581425428,1.3199532581425428,nan,50.401225352286296,1,5.968897069946861e-16,6.71962393527764e-16,0.6819839419041369,0.31801605809586375,sample_2668,uniform,train,50.401225352286296
4.291132795335863e-17,6.264803222625803,deep,77.76842479484195,15.989521002485224,93.75794579732698,2.624194050194291,1.2020887791055164,0.9720029744208847,6.076183012385326,31.97174895843577,2,2.515371245562728e-17,2.0272434533356174e-15,0.8294595634907682,0.17054043650923378,sample_2669,uniform,train,69.88606318488729
4.264695430809938e-17,4.545914118340024,medium,28.16642142353414,7.689114267246316,35.85553569078033,1.862747299206717,1.039752342063109,1.0034343004990853,16.838052143879352,16.80111374101889,2,-3.4901238346211778e-16,3.517485742929448e-15,0.7855529385041842,0.21444706149581938,sample_2670,uniform,train,35.060403251302624
4.724967548346515e-17,3.8548275503029488,medium,44.47118421178991,26.08717211744344,70.55835632923326,2.000443945705304,1.5683959198107893,1.4525100658334869,7.730459236035076,24.845232642197175,2,2.8750325051556477e-16,1.2587855867216979e-15,0.630275229262461,0.36972477073754023,sample_2672,uniform,train,58.37787437927322
4.3157380508593144e-17,1.4969526385394818,shallow,25.67007617454502,6.591811979859528,32.26188815440449,1.8899475682116915,1.0165295081241743,0.9416279535900678,13.269513932318697,8.061465550940293,2,4.562865862448897e-16,1.8445279406805018e-15,0.7956780474747405,0.20432195252526142,sample_2673,uniform,train,36.33876149776419
3.602819915642772e-17,5.337274854656961,medium,165.57220686273422,39.41265145166977,204.9848583144035,2.807763123837713,1.5541873349127135,1.4304144706380637,14.812157169028417,24.53560762676436,3,4.3612657785475644e-16,2.3224331634734015e-15,0.8077289621498842,0.19227103785011807,sample_2674,uniform,train,116.35210275275008
4.323909189131404e-17,6.725287470052263,deep,42.76308318534523,5.253209505341053,48.016292690686214,2.007371368933872,0.995595191894882,0.995595191894882,nan,33.88221437166613,1,1.9686093486328199e-16,1.4428002008169969e-15,0.8905952706682005,0.10940472933180084,sample_2675,uniform,train,33.88221437166613
3.9759654143971094e-17,4.972421094030493,medium,62.06540043949726,22.759075912966512,84.82447635246362,3.5077462247795004,1.4900608147297358,1.4900608147297358,nan,96.30930850378088,1,2.860007371070947e-16,1.800974138097165e-15,0.7316921142147982,0.2683078857852036,sample_2677,uniform,train,96.30930850378088
3.8164954543820895e-17,5.900583978094474,medium,24.91256372520257,10.2979196363605,35.210483361563035,2.67716385876256,1.2551441652592024,1.2551441652592024,nan,43.92899268084131,1,-1.1423086795840156e-17,1.0089931576113393e-15,0.7075325683372462,0.29246743166275474,sample_2679,uniform,train,43.92899268084131
4.1456088430601813e-17,2.4760793179606617,shallow,151.27655289181112,52.09295195192063,203.36950484373145,3.5880035501415284,1.5521897131919848,1.4275170825659282,8.35463942968217,84.56594272866258,2,4.434743235170789e-17,1.5023559043997971e-15,0.7438507214149516,0.25614927858504993,sample_2680,uniform,train,179.3445516181398
4.306130477643006e-17,5.308856899665946,medium,48.0909869234888,24.770207934694387,72.86119485818294,2.521421411592834,1.4007584252446812,1.0607961577085239,14.029967925836464,37.823492926398394,2,-7.323833146254557e-17,3.364441721198366e-15,0.6600356611923962,0.3399643388076071,sample_2681,uniform,train,80.43531734532789
4.0327509997027164e-17,3.4033104355803596,shallow,20.358792075992934,12.872755121305685,33.231547197298596,2.7479506660660413,1.4891158294396947,1.4891158294396947,nan,43.74762499303836,1,5.679534248865405e-16,6.949011063222619e-16,0.612634493215769,0.3873655067842317,sample_2683,uniform,train,43.74762499303836
4.0576298147758014e-17,7.7853155426750575,deep,35.23014413586762,12.911341421260403,48.14148555712786,2.888500433118362,0.9385901965364957,0.6515384573230643,5.063595560468863,22.544131048050403,3,2.349580914846675e-16,3.394677736541644e-15,0.7318042583887697,0.2681957416112337,sample_2685,uniform,train,107.26950046344507
4.002708000384131e-17,3.3720922887307845,shallow,6.3622908454108416,6.830760671940118,13.193051517350938,3.133431162714076,0.8250163943419416,0.6797919289878809,14.13223266154361,6.139825963436377,2,-1.9653877212682433e-16,1.683042051590625e-15,0.48224558488560654,0.5177544151143951,sample_2686,uniform,train,73.90644802665086
4.0631713941752796e-17,1.5940513696584215,shallow,28.468728789852047,21.324936185324702,49.79366497517672,3.4874807533093106,1.070727887052531,0.7940359817483201,13.098091464026355,5.7917756072259685,2,2.5938780513720097e-16,6.42138374934733e-16,0.5717339505747239,0.42826604942527674,sample_2687,uniform,train,89.34625158965113
4.1798251206019455e-17,2.6503981611808713,shallow,44.489932080076876,24.786098559030542,69.27603063910726,3.246014486539139,1.5542225259696212,1.5542225259696212,nan,78.99134179891972,1,5.2665361088465135e-17,2.2564716890545635e-15,0.6422124892207912,0.357787510779211,sample_2688,uniform,train,78.99134179891972
4.278465080677647e-17,3.9343807140821294,medium,41.706590250225226,18.777384828446106,60.48397507867127,2.409796968553672,1.1387676939626898,0.6184058099162769,8.395236744726143,22.50944227325198,3,3.1738055899333636e-16,9.985476725207215e-16,0.6895477718846624,0.31045222811533857,sample_2689,uniform,train,84.91864267882264
4.1906852984032965e-17,6.060295279579775,deep,11.620250409675721,1.1382290414863276,12.758479451162051,2.1084149655788744,0.6333517534412872,0.6333517534412872,nan,20.650888146166025,1,1.6338183142177177e-16,1.7403688721292514e-16,0.9107864659073728,0.08921353409262707,sample_2690,uniform,train,20.650888146166025
4.173253739602056e-17,2.5152193633167235,shallow,29.923724983062726,5.186784559387522,35.11050954245022,2.1654014571903595,0.8160691873703871,0.7541466455696558,8.37137981458254,9.047681375057198,2,2.757771977977888e-16,9.106795522447762e-16,0.8522725922528572,0.14772740774714369,sample_2691,uniform,train,51.57851384617403
4.954748705167915e-17,4.06007284461718,medium,117.99273302091176,44.13296230820536,162.12569532911684,4.310237233401673,1.3520427501685557,1.0391282881971182,6.6573267908372955,27.470217989667432,3,4.0173641241428883e-16,1.7092396512711914e-15,0.727785517165464,0.27221448283453764,sample_2692,uniform,train,224.64087788019538
3.563923290704977e-17,6.145834576879418,deep,11.361595640112382,5.036547313191755,16.398142953304113,3.476306247490473,0.7090641019956729,0.7090641019956729,nan,82.6572607095893,1,1.5943927275168143e-16,1.4624105546702417e-15,0.6928586775018386,0.30714132249816284,sample_2693,uniform,train,82.6572607095893
4.163442351363565e-17,3.613261115716807,medium,10.713663716536711,14.373697505307316,25.087361221843974,3.9470112811349116,1.0529256598678058,1.0413957449585327,11.663618649458668,8.16080651388469,2,-8.863308155183116e-17,2.124205280530119e-15,0.42705422949019245,0.5729457705098097,sample_2694,uniform,train,103.15496564287533
4.5032891036208715e-17,1.350774166241666,shallow,70.09479230424306,5.182224050579525,75.27701635482242,1.6932257434152902,1.153889830916361,1.153889830916361,nan,20.334485929433047,1,1.8508101114926622e-16,2.135582701736876e-15,0.9311579509720117,0.06884204902799046,sample_2695,uniform,train,20.334485929433047
4.3069065438348076e-17,2.1887168312976932,shallow,14.929028983552856,2.9531249839669957,17.882153967519816,1.9853721886351412,0.9123573316150133,0.9123573316150133,nan,14.48850714288775,1,5.5168558771901526e-17,1.9867369922289334e-15,0.8348563048203892,0.16514369517961278,sample_2696,uniform,train,14.48850714288775
4.045265014278467e-17,4.260170256806636,medium,11.692285565998525,6.774649674513873,18.466935240512385,2.188635086941528,1.0140884824274257,1.0140884824274257,nan,43.91457471173677,1,-2.5146728116105856e-16,7.214340724103945e-16,0.6331470497794474,0.3668529502205534,sample_2697,uniform,train,43.91457471173677
4.221010390755455e-17,2.909914789698087,shallow,47.38487289915847,10.147354426398417,57.5322273255568,1.6722416014569017,1.0407784645890565,0.6839042258328762,2.952964612046681,7.217842253712404,3,-1.9650238320182842e-16,1.389413577205663e-15,0.8236231257139126,0.17637687428608884,sample_2700,uniform,train,38.015716836619966
4.0704981500943104e-17,7.33071422184622,deep,25.21386302094572,15.39240647616691,40.606269497112535,3.9295585778322994,0.9952364649880252,0.9952364649880252,nan,140.36536136517836,1,6.56430324382058e-17,2.3185314399518514e-15,0.620935223383144,0.3790647766168583,sample_2703,uniform,train,140.36536136517836
4.299094214020792e-17,7.034071174043474,deep,23.46300400558554,13.162716344204851,36.625720349790306,3.154271624086944,1.0465104918019499,0.7740163390313055,7.405403432629447,2.421374094112974,3,-4.0866727595936416e-16,2.2795120656866417e-15,0.6406154959275735,0.3593845040724288,sample_2704,uniform,train,95.9853901549813
4.430104791451378e-17,3.6247415120808264,medium,51.73669105139461,16.826790619842843,68.5634816712373,3.6991561771345642,0.9820077311420994,0.6803547271471123,6.74981481227448,31.188085203634273,2,-6.18874002904945e-17,2.228105756369544e-15,0.754580861273537,0.24541913872646523,sample_2706,uniform,train,127.77597176048987
3.8451834313101244e-17,5.177842309584429,medium,18.811160607309844,10.03942486335822,28.85058547066802,2.1119788829241624,1.2926580895485733,1.2926580895485733,nan,39.46002206771274,1,3.8282303970365594e-16,1.60084369418993e-15,0.6520200647725116,0.34797993522749,sample_2707,uniform,train,39.46002206771274
4.1744154689112794e-17,1.5895992127363006,shallow,120.89165350663255,42.240654630236946,163.13230813686914,3.2567120512799232,1.447483066192721,1.2168355254213123,12.60793400997959,12.952926887167918,3,-1.1136398099855686e-17,2.1778112008442555e-15,0.741065058708074,0.2589349412919282,sample_2709,uniform,train,133.1852306869487
3.965528085261354e-17,4.93536530232233,medium,46.65114872866794,14.540681639328584,61.19183036799644,4.262036994747784,1.1928653857590512,0.8298962944002624,4.971921157862422,11.029746565109226,2,2.248669376853468e-16,1.4224363711162218e-15,0.7623754420829789,0.23762455791702247,sample_2710,uniform,train,144.70498043843205
5.1468460822548737e-17,4.376143661849626,medium,99.06716952990712,28.32200207337005,127.38917160327682,4.295400510345171,1.0842113255518966,0.6517926609365425,6.254598308444758,20.60871754293474,3,-1.0583769049510113e-16,2.7330889756213256e-15,0.777673394709153,0.22232660529084974,sample_2712,uniform,train,195.80865229155484
3.733237624897203e-17,3.561364618109125,medium,25.001832709009445,14.328825605217956,39.330658314227335,2.5776424735599592,1.0372318127340123,0.6541161456759179,15.949921629901509,33.57961394016879,2,4.604330982967461e-16,1.6710933880817872e-15,0.635683046778939,0.36431695322106256,sample_2713,uniform,train,89.34026143402681
3.4526167738549945e-17,2.2891021722893186,shallow,12.933149772608232,11.946839364021292,24.879989136629494,2.6559129948610205,1.1477874473154945,1.1477874473154945,nan,54.056091355308844,1,2.647643778739443e-16,1.2137491742448248e-15,0.5198213593094958,0.4801786406905054,sample_2714,uniform,train,54.056091355308844
3.680031396764087e-17,5.686171514717259,medium,35.24962885529451,19.882472824596576,55.13210167989105,3.166002592298133,1.458052355728919,1.379993074285062,9.348796714016196,4.067179538191639,2,9.705606720521968e-16,6.444001898255807e-16,0.6393666807763199,0.36063331922368075,sample_2715,uniform,train,78.82550928926055
4.186504988680645e-17,3.680351957075353,medium,106.56742188447966,25.765370286338513,132.33279217081787,3.1436106193691042,1.086411217567901,0.6356891615424464,10.455620498086185,20.764316034919986,3,1.955790516885938e-16,2.2819790752109255e-15,0.8052986726594589,0.19470132734054343,sample_2716,uniform,train,129.34984730734516
4.247299890178587e-17,2.540879152939196,shallow,39.16669561022235,10.289544898760372,49.45624050898262,3.2868451680936905,0.9407345983837688,0.8571908039874709,7.539230729988308,11.801724616153203,2,-1.826347252927154e-16,2.083229449405918e-15,0.7919464805075225,0.20805351949247955,sample_2717,uniform,train,91.9860607584579
3.522646927975058e-17,4.8082514410819135,medium,12.430073798016897,10.07602330364745,22.506097101664302,2.5470152057909803,1.1617376262083032,1.1617376262083032,nan,47.36895486264572,1,-3.1132435763846383e-16,1.9731951206112172e-15,0.5522980613594574,0.4477019386405446,sample_2718,uniform,train,47.36895486264572
3.7530454513647347e-17,4.1556056282093,medium,132.67272810732675,35.82721136231823,168.4999394696446,3.3266360413362883,1.4003457500868868,0.8389417876450399,6.415605972938175,10.811113408415821,3,-4.3285472393013616e-17,2.2349423456065733e-15,0.7873755238424156,0.2126244761575866,sample_2720,uniform,train,133.9099372991539
3.032417524341357e-17,4.518910091312209,medium,7.96976612696916,5.451865245672762,13.421631372641892,3.409517348509906,0.7461677136853868,0.7461677136853868,nan,77.59875285706323,1,9.502141980617883e-17,2.2499549742782216e-15,0.5938001056424785,0.4061998943575237,sample_2721,uniform,train,77.59875285706323
5.5507898031743425e-17,4.761648884567827,medium,63.2919573192492,13.901141761692523,77.1930990809416,3.117613866789875,0.9269346664315745,0.8100522535003569,9.221713506718803,49.13872407472826,2,-1.981352978328983e-16,1.6798658276466822e-15,0.8199172992508539,0.18008270074914784,sample_2722,uniform,train,109.87818246110916
3.93574374560429e-17,4.60136151785255,medium,21.962967448761546,7.4252374966330175,29.38820494539453,1.8948080336529043,1.2191557119529428,1.2191557119529428,nan,28.49602357918845,1,-4.643614954341212e-17,1.11822418517789e-15,0.7473395360339419,0.2526604639660592,sample_2723,uniform,train,28.49602357918845
4.315336844190524e-17,2.196673351294665,shallow,65.84028274483789,29.228012804167545,95.06829554900533,4.073271748899678,1.1491593043774946,0.9544237762921892,9.783659846908007,16.98138660457705,3,1.2728102047426225e-16,1.1584737415013835e-15,0.692557727732679,0.3074422722673221,sample_2724,uniform,train,187.09120990211332
4.162956345430475e-17,5.789643227430572,medium,61.36612276793863,28.16958766018697,89.53571042812545,3.5658485689755177,1.3475481390536796,1.2711217290505312,13.741906709041507,38.29691356989194,2,-2.566081014356684e-16,1.587171715871929e-15,0.6853815363111472,0.3146184636888544,sample_2725,uniform,train,118.96185301552403
4.086172352884578e-17,3.4547042061563857,shallow,66.57000745489658,26.247257508311407,92.8172649632078,3.3399802553857043,1.710185532861788,1.710185532861788,nan,54.760716825044135,1,-4.108110934063306e-16,1.9903744348732565e-15,0.7172157839523123,0.2827842160476896,sample_2726,uniform,train,54.760716825044135
4.2374158489081577e-17,5.396538783674492,medium,60.31545613090113,30.594016985636653,90.90947311653761,2.757704976702376,1.1912096160694503,0.6837963122927695,10.188228501560026,25.154425423341795,2,3.0848866832147743e-17,1.914904622074601e-15,0.6634672280366453,0.3365327719633566,sample_2728,uniform,train,96.78697422154427
3.8922344815781703e-17,2.1743107170756484,shallow,19.20089379952015,13.507886077244413,32.70877987676451,2.3582770658637804,1.2235888351943771,0.9733344826476162,10.12916580968048,17.811462663486548,2,-1.5780007520922966e-16,1.5749394669167024e-15,0.5870256815406306,0.412974318459371,sample_2729,uniform,train,47.55571887699553
3.93518990125716e-17,3.6251730173250993,medium,49.545676156818786,22.287553845411622,71.83323000223028,2.934478291740384,1.2785321890554224,0.9389868496073639,6.289674077406557,14.930118130946688,3,5.297898243658908e-16,1.7804808781791808e-15,0.6897319827506084,0.31026801724939335,sample_2730,uniform,train,90.75884678323071
4.2228708575702775e-17,4.405322219739156,medium,108.13469033190023,33.624897797817724,141.75958812971786,3.8303495688538103,1.6240969043635212,1.6240969043635212,nan,131.39662494024284,1,2.625833632492932e-16,7.017231378761344e-16,0.7628033613708797,0.23719663862912105,sample_2731,uniform,train,131.39662494024284
3.934223910516398e-17,3.1579110788389038,shallow,11.338352677539204,8.107315513188814,19.445668190727968,2.7726373359947836,1.040851344069703,1.040851344069703,nan,56.06208789205207,1,-2.5489200633203717e-16,2.557792872703801e-15,0.5830785842034231,0.41692141579657943,sample_2732,uniform,train,56.06208789205207
4.47046211518104e-17,6.022657827232451,deep,59.012018179003164,29.492230624313994,88.504248803317,3.146137896593186,1.1945430607196381,0.7287266727863974,11.68588892639323,21.460691818382653,2,1.2938786865472548e-16,1.8063778599071144e-15,0.6667704542653718,0.33322954573463,sample_2733,uniform,train,97.02333728683219
3.7932403199934156e-17,2.727922801866566,shallow,24.636396457901604,8.732934817695087,33.36933127559662,1.8912186864771392,1.3037298963632462,1.3037298963632462,nan,28.334389542500585,1,6.576476460801255e-17,2.0760954471770762e-15,0.7382945811658649,0.26170541883413717,sample_2734,uniform,train,28.334389542500585
3.9894027985997046e-17,1.686728388366223,shallow,46.549594308946205,17.275378802671217,63.824973111617375,2.6769809772948947,1.6286858948847809,1.6286858948847809,nan,36.587589057609286,1,1.3599551804388378e-16,7.236239292046e-16,0.7293319846377386,0.2706680153622621,sample_2735,uniform,train,36.587589057609286
4.069765051867032e-17,7.071765752562176,deep,41.83270471114451,19.816640008332506,61.64934471947683,3.033615373442495,1.5939513890718926,1.5939513890718926,nan,63.41281357145137,1,-4.764551268000599e-16,2.996643551334633e-15,0.6785587892539,0.32144121074610305,sample_2736,uniform,train,63.41281357145137
4.291713340345938e-17,7.509921248991873,deep,27.164517239904715,10.454959070593421,37.619476310498065,2.540952320516526,0.9596432032048327,0.9102501655811384,3.013303834663873,2.712250839038429,3,2.0752435608080193e-18,1.8887629638847915e-15,0.722086533467352,0.2779134665326499,sample_2737,uniform,train,59.91006213646578
4.016131196186162e-17,4.625374609655145,medium,49.24542320258491,21.446513302270624,70.69193650485538,2.4257954105049544,1.2095555096586448,1.1039240375438706,11.833849753989613,10.717827581212726,3,1.0276063436808821e-16,2.2112762727398967e-15,0.6966200904568877,0.30337990954311456,sample_2738,uniform,train,104.23801408355361
4.231876160728901e-17,7.648835285522864,deep,20.413884559579298,4.999328532755257,25.413213092334505,2.167800682382747,0.8382885529144036,0.8382885529144036,nan,42.67235931697507,1,2.852135722518057e-16,1.9571705208031997e-15,0.8032783767014815,0.19672162329852047,sample_2739,uniform,train,42.67235931697507
4.273636155054447e-17,6.75671587829276,deep,39.0705965226103,5.633012135816813,44.70360865842706,2.202932007223513,0.7382705314179829,0.6262799271457864,6.945502141674136,31.12442559076796,2,2.0355593497502798e-16,1.271562197475807e-15,0.8739920041163192,0.1260079958836821,sample_2742,uniform,train,75.90522975725095
4.4899412780546204e-17,3.526825043912142,medium,72.59918098008542,25.068376472892055,97.6675574529773,3.7760512439370078,1.1482533468128597,0.9424191048784394,5.912698199637793,23.498579478669075,3,1.7062747605378005e-16,1.746027657797493e-15,0.7433295443580513,0.2566704556419504,sample_2743,uniform,train,155.26979960065512
4.679498895383336e-17,8.2861506433321,deep,41.87915929998798,17.045087699070507,58.92424699905844,2.877520238943055,1.1366467884679399,1.1201245666900292,3.4928498393145975,28.0468635298481,2,1.3936412927518085e-16,8.441005873864079e-16,0.7107287989723005,0.28927120102770043,sample_2744,uniform,train,78.90659061799889
4.4514210746093657e-17,2.7116350334303885,shallow,33.61759392301596,24.000984173982218,57.61857809699804,3.3573143050813,1.0248375079202068,0.7331842250466863,7.113367697511494,4.386202606607762,3,2.1349902227653505e-16,2.343048444672618e-15,0.5834505993261825,0.41654940067381985,sample_2746,uniform,train,120.16478995794171
3.513525871740852e-17,5.612319240692404,medium,38.31612902909685,22.694707987874416,61.01083701697111,3.3963866961242823,1.212081367582346,0.9436960253202589,5.473572873361602,4.609202192472823,2,6.525133765421477e-17,2.562157962588505e-15,0.6280216909405558,0.3719783090594468,sample_2748,uniform,train,79.40879679389889
4.143447288607378e-17,3.5821991897282786,medium,103.96008276195771,41.05743241887544,145.01751518083276,3.600266146021317,1.1689027264191478,0.7088637524352219,9.501578816175762,41.87180347443653,3,-2.383301238736881e-17,2.69483658012441e-15,0.7168794930207045,0.2831205069792982,sample_2749,uniform,train,243.91693278618317
4.4780165024264177e-17,5.095189179095807,medium,20.14725164929221,10.240677352174318,30.387929001466496,3.2187035879578776,1.061978706175806,1.061978706175806,nan,66.31834598366768,1,3.0945193405655887e-16,9.937520345116946e-16,0.6630018007584498,0.33699819924155117,sample_2750,uniform,train,66.31834598366768
4.789635667544495e-17,6.119019027620451,deep,47.660922745888,23.741633436412695,71.40255618230049,3.1430031365018176,1.2089673259940195,0.6675132871394739,6.431174076325409,8.307381790829043,3,-4.606905974748873e-16,2.9356106875791155e-15,0.6674960294727146,0.3325039705272884,sample_2752,uniform,train,71.88380837963274
4.19264295167398e-17,3.5805411759355597,medium,45.13466618247681,13.852617139890336,58.98728332236713,2.195088867081828,1.1863718714943057,1.1439407025586954,7.224956747275377,18.319893917982927,2,4.473630539879451e-16,3.9148503900410786e-16,0.7651592621381564,0.23484073786184392,sample_2753,uniform,train,62.62409715957311
4.5134298904723156e-17,6.659712059090716,deep,122.43402656644074,33.94761490382304,156.3816414702635,3.8348020548552477,1.690943231726238,1.690943231726238,nan,94.16256713870096,1,-2.5214901981579496e-16,1.7265852759333049e-15,0.7829181572424022,0.21708184275759945,sample_2754,uniform,train,94.16256713870096
4.137016169299468e-17,3.337134854889827,shallow,14.48364964888108,10.444694678383605,24.92834432726465,3.3696212066059994,0.7699145243934185,0.723467075815784,20.279053232338043,42.50435055106134,2,1.7417693350124776e-16,1.425170333079371e-15,0.5810112961669905,0.4189887038330109,sample_2755,uniform,train,145.36008507861771
3.95960354666928e-17,2.503356663454138,shallow,8.152860636175586,10.203356981593128,18.356217617768664,3.0274735670959982,1.0866851549974528,1.0866851549974528,nan,67.35861161845477,1,2.3212352629456134e-16,2.7095991417676947e-15,0.4441470898821599,0.5558529101178428,sample_2756,uniform,train,67.35861161845477
4.39492757389572e-17,4.148791973923343,medium,45.203406834992336,14.276229373109354,59.4796362081017,2.616176080729024,1.2457244902759446,1.0216652501500236,4.907137658554121,5.38931877834456,3,6.854133647480546e-16,2.090547062577369e-16,0.759981225790268,0.24001877420973186,sample_2757,uniform,train,57.90504038295842
3.763412386476162e-17,2.210261839984033,shallow,57.983218612800115,30.172846124567933,88.15606473736786,3.1479259932124966,1.4022683351297363,1.224199186989209,11.713240371477058,20.351394482504823,2,1.3893807562154905e-16,2.176214866518498e-15,0.65773374509788,0.3422662549021222,sample_2758,uniform,train,86.64835892669262
4.54747676113813e-17,4.500496622741315,medium,58.808508445959085,23.146168778467217,81.95467722442602,3.4166836129049742,1.304451321822783,0.820378447022984,15.598717896032353,13.64923463451479,2,-2.736683927709824e-16,3.424629199095784e-15,0.7175735472048399,0.2824264527951635,sample_2760,uniform,train,92.50566420228967
4.5424117593812496e-17,5.519596106945734,medium,32.27632717661949,18.306541754714576,50.58286893133399,3.0289152222840787,1.3195702936204523,1.3195702936204523,nan,79.60058903999743,1,-5.0053661137870295e-17,1.4749457441033872e-15,0.6380881088503393,0.36191189114966216,sample_2761,uniform,train,79.60058903999743
4.003242452752983e-17,5.9143588733490695,medium,33.952595384118794,10.05714148117525,44.00973686529401,2.489286160219642,0.8714390507916983,0.7018624376250687,14.142135623730951,40.209086266031385,2,8.103712375681964e-17,8.072562873244907e-16,0.7714791726213147,0.2285208273786861,sample_2762,uniform,train,91.86590491096563
4.3881819692902726e-17,1.4312948922432622,shallow,81.86253072224955,12.121363725568843,93.98389444781823,1.8543581477821625,1.310468698642714,0.9041256623529288,16.06237840420901,11.340868131495732,2,1.6460612170398667e-16,1.6821579871261908e-15,0.8710272244325998,0.12897277556740183,sample_2763,uniform,train,36.75598020740226
3.686278896080367e-17,1.7486687805674315,shallow,184.44159362620536,54.1404741385837,238.58206776478866,4.085956651907082,1.5461018853498967,1.2845722775279755,6.462197768561403,8.753951605652327,3,2.1672784170076668e-16,1.6677864172840449e-15,0.7730740007167728,0.2269259992832289,sample_2764,uniform,train,205.34351511871597
4.2778777316592336e-17,4.155885540089378,medium,48.913926010534695,10.451072778084855,59.364998788619495,2.6354792295172444,1.1304189460091925,0.8536907415709218,12.089665007765928,15.75877534246019,2,7.282585115278604e-17,9.27601501643833e-16,0.8239522784242301,0.17604772157577078,sample_2765,uniform,train,59.853733558965914
5.330992102607855e-17,3.695410742412925,medium,80.6376995629941,26.52547984719445,107.1631794101882,3.082280825865898,1.083485458051326,0.7597008539938345,7.340299721401027,3.3750051063422375,3,-6.792784891207169e-17,3.215780165728132e-15,0.7524758037864611,0.24752419621354219,sample_2766,uniform,train,117.64449028232336
4.319293747210682e-17,3.8360899158592225,medium,184.15896714259097,47.47762801780442,231.63659516039493,4.512260560379356,1.1758101344159002,0.9111991272442748,9.808159868191382,37.55580476127907,3,-2.531944924217371e-16,1.963193037661333e-15,0.7950339928588207,0.20496600714118127,sample_2767,uniform,train,279.6393638375716
4.069276876355915e-17,6.812884930923249,deep,18.02641438839671,6.0865037546774055,24.112918143074072,3.4616200983333862,0.755917144407798,0.755917144407798,nan,99.38557435239294,1,3.6338449794452266e-16,1.7680383557330375e-15,0.7475832780353222,0.25241672196467957,sample_2768,uniform,train,99.38557435239294
4.6154446853574244e-17,8.34359171570546,deep,68.81721982433884,28.554438787715984,97.37165861205455,3.3704336661559733,1.3162270229239268,0.8440510792602627,4.37264222181509,67.15307923304452,2,-1.2546073839952124e-16,2.8094309696165755e-15,0.7067479470440007,0.29325205295600215,sample_2770,uniform,train,160.06782519893093
4.4141668121485344e-17,3.65569010673629,medium,69.87291335502178,8.755002318489312,78.62791567351104,2.2656111758697324,0.9825144473071812,0.8360600637228047,12.094626906192685,12.039424241181996,2,2.3241741300787187e-16,6.551661442548188e-16,0.8886527482829011,0.11134725171709957,sample_2772,uniform,train,36.71673210289679
3.4195092809678795e-17,2.4043323185751104,shallow,77.29883196958382,19.108272986953416,96.40710495653717,2.2823454717956273,1.1599926003548575,0.751320720962481,3.588871688985272,4.573707342207569,3,9.045053815784066e-16,6.633208853978016e-16,0.8017960087530078,0.19820399124699287,sample_2773,uniform,train,61.76175228148433
4.480082274695929e-17,7.693548835397638,deep,24.272500055258423,4.504164466003037,28.776664521261438,2.252207811889805,0.7857654870502595,0.7118112239007077,23.369210512980537,5.238257887187412,2,3.0038651660614143e-16,7.716134187858193e-16,0.843478577488536,0.1565214225114647,sample_2774,uniform,train,53.091789103690985
4.721607964301947e-17,3.763262839264389,medium,43.416463376654654,22.926245733401295,66.34270911005584,3.8601074639382555,1.0415503470323926,0.9087213586664912,6.606057825965497,11.330234682926617,3,2.245896882838677e-16,1.713629715256594e-15,0.6544270494687086,0.3455729505312931,sample_2775,uniform,train,153.96190766811205
4.5938873165266055e-17,6.37725130246567,deep,121.66208943459667,32.89574583490447,154.55783526950052,2.911199171659565,1.3262994135205468,1.0918608608297973,7.410802925459562,7.536264294781528,3,-3.4565166247263373e-16,3.999617224409156e-15,0.7871622245643907,0.21283777543561333,sample_2776,uniform,train,109.61306796723746
4.082852604213755e-17,4.306621476461313,medium,15.787335667393481,7.11608832159495,22.903423988988393,2.730472051294564,1.1016011854482812,1.1016011854482812,nan,34.4823554388449,1,1.2921398015554864e-16,1.6675092800739025e-15,0.6893002406532659,0.3106997593467358,sample_2777,uniform,train,34.4823554388449
4.3344677889463385e-17,5.493624662586359,medium,106.681482006153,17.037851819805912,123.71933382595876,1.8729454999580377,1.4888262895564093,1.456464344400985,8.27526434623088,3.692972859841833,3,2.3560299898233647e-16,1.292216103999731e-15,0.862286262842527,0.13771373715747437,sample_2778,uniform,train,28.461006602009174
4.269952953919358e-17,2.4669282610600662,shallow,221.03026436547196,55.00654220835576,276.03680657382705,4.208917382937115,1.3463773718458532,0.7976316898980835,4.955804677345547,18.203586968838398,3,2.26291820991122e-16,2.4453825826722125e-15,0.8007275084395552,0.19927249156044724,sample_2780,uniform,train,224.48715421454912
4.133763195701835e-17,4.414326201327137,medium,39.95021785148032,4.4009659531804495,44.35118380466069,3.2770919094315856,0.6153519431104136,0.6153519431104136,nan,93.24551705852411,1,-1.3517747552346614e-18,1.68218705465468e-15,0.9007700454498828,0.09922995455011889,sample_2781,uniform,train,93.24551705852411
4.9699921116721963e-17,7.297917671598484,deep,42.93614807867391,18.631103631317114,61.56725170999087,3.651199062674154,1.162776480227751,1.0177811760142568,17.205812971202494,8.84190177018258,2,1.4698072648612556e-16,2.4812978319711357e-15,0.6973861409458758,0.30261385905412663,sample_2782,uniform,train,127.52430502724937
3.8868866321737246e-17,4.116473339259677,medium,6.659853039219408,6.96509544582101,13.624948485040395,2.31372629712002,0.9137628008729916,0.6081393625623879,6.1741396161732505,4.671836991945705,2,-1.1830617121576113e-15,1.6948789889046534e-15,0.4887984014421514,0.5112015985578503,sample_2783,uniform,train,36.31623179966018
4.109490977414194e-17,2.690368431061096,shallow,62.40989688235038,29.288735294323047,91.6986321766732,3.318511490870119,1.4779918150443867,1.446508786287576,15.5679157243351,16.836104185050065,2,-3.9574747701809044e-17,2.479575431454174e-15,0.680597904253435,0.31940209574656747,sample_2785,uniform,train,102.46576372456369
4.6013947877203147e-17,4.355784641417237,medium,102.49310625503428,36.628733043926296,139.12183929896028,3.4792739318103147,1.569821324123496,1.359062965112218,7.435052118176444,9.957058696334098,2,6.6156703412058e-17,2.0940099924614656e-15,0.7367147154717085,0.2632852845282936,sample_2788,uniform,train,81.13514107576873
4.139193238165162e-17,3.842410709927288,medium,24.15533319151777,9.202292548752794,33.35762574027051,2.6126045106364932,0.9706746260544419,0.9626421762650601,18.784035775093702,23.12864228265933,2,1.1206404521868457e-16,1.7040606937496941e-15,0.724132268273416,0.2758677317265857,sample_2789,uniform,train,58.72848831017912
3.647840137902814e-17,4.432215242150946,medium,30.50489204053658,21.809977452346818,52.31486949288329,3.8035449036705247,1.0390154856090577,0.7190369923767721,6.624198064671678,14.62774400628283,3,1.6624750022355733e-16,2.037306245760853e-15,0.5831017516862265,0.41689824831377553,sample_2790,uniform,train,220.71786336604168
4.1717233988223577e-17,3.1355778700072063,shallow,32.748491845263416,17.314790536306912,50.06328238157024,2.4941727794998014,1.2955740720848488,0.8132416783951728,5.786190456595773,5.51312433964933,3,1.9446745950540203e-16,1.774111439459051e-15,0.6541419237288982,0.3458580762711035,sample_2793,uniform,train,67.54252792433903
4.574011254897452e-17,4.626208242416962,medium,244.90571949659838,10.270012965707005,255.1757324623054,2.411750527305189,1.3294365954820364,1.3294365954820364,nan,37.38054548823072,1,2.9601642129352314e-17,7.657438677594154e-17,0.9597531753250709,0.040246824674929044,sample_2794,uniform,train,37.38054548823072
4.059021695673479e-17,6.985108862198665,deep,48.19071962564562,13.86051084024698,62.05123046589251,1.936638860219761,1.4086959590623198,1.2125423918424212,18.36845121397011,13.315886169229367,2,4.822333977209307e-17,1.4599903681073559e-15,0.7766279453899702,0.2233720546100313,sample_2795,uniform,train,29.589848322592296
4.2551402249256804e-17,7.856227658058563,deep,52.0459200472864,18.053042323246064,70.09896237053233,3.2362185666329135,1.3892235983699475,0.8984717984574343,3.3823069050575527,3.274806136576395,3,-4.611458604653565e-17,1.875211867199858e-15,0.7424634871509178,0.25753651284908413,sample_2796,uniform,train,75.07883575596438
4.3495941767948273e-17,7.23349671553087,deep,135.8598701391659,54.38640048563948,190.24627062480502,3.297165680407402,1.5977036281135402,1.5071839902480613,7.934733769950949,19.02555550447644,3,5.795118803014674e-17,1.9047773922060947e-15,0.7141263252781576,0.28587367472184433,sample_2797,uniform,train,149.71904919723247
4.2704109308244546e-17,6.7302423293904745,deep,41.60380536528329,16.249536606999445,57.853341972282564,3.2793431762576937,1.3058304685006084,1.3043363959577494,8.824964589164082,7.814573220575563,2,4.454420142904351e-16,3.0090391380437e-15,0.7191253598662564,0.28087464013374663,sample_2798,uniform,train,60.92692395146539
4.8301381233442255e-17,3.2700183324626897,shallow,52.82890591683423,18.69484364359167,71.52374956042574,2.896001089924941,1.295542413876647,1.0175376879123532,13.087398519186308,6.925101152426316,3,-1.8296722235960056e-16,2.2352311858448787e-15,0.7386204755974453,0.26137952440255696,sample_2800,uniform,train,65.01287046359022
4.128842337234822e-17,5.389854176688925,medium,37.987710316079706,15.152597749782013,53.140308065861625,1.7660670827781473,1.3780125864032207,1.2751496146188304,6.838128398911501,16.782832250628886,2,5.0347048881322663e-17,1.771666667259972e-15,0.7148567951280613,0.2851432048719405,sample_2801,uniform,train,39.856157976624345
4.4270992252344314e-17,5.523524610107256,medium,117.1350306710485,37.294844111885574,154.4298747829337,3.257008838805371,1.423807755354843,1.2218265068930072,9.520504188329525,19.287833657064592,3,-2.0683664067920832e-16,2.438567346390612e-15,0.7584998099344006,0.2415001900656018,sample_2802,uniform,train,132.5939253862675
4.110882442062995e-17,3.81690025466023,medium,57.10657496112364,15.025367629284304,72.13194259040787,3.14281485550708,1.230374057462348,1.230374057462348,nan,76.55696190535552,1,2.1937530931728026e-16,9.850597533395536e-16,0.7916960629411594,0.20830393705884168,sample_2803,uniform,train,76.55696190535552
4.1708141168229784e-17,7.894280914704243,deep,28.18689305500063,16.896029466244137,45.08292252124469,3.5704818577045216,1.2211319837700094,1.2211319837700094,nan,90.01449887168219,1,4.796278768184947e-16,1.7336875375987297e-15,0.6252232880802693,0.3747767119197324,sample_2805,uniform,train,90.01449887168219
4.818340296262904e-17,2.9973948610422054,shallow,96.70684291860249,44.484848857457415,141.19169177605946,4.380501687878763,1.2969035071919064,1.0969035516395773,8.209750300709517,9.65089169378635,3,3.6132615617787454e-16,3.170455130170524e-15,0.6849329567633962,0.315067043236607,sample_2806,uniform,train,228.94189854071263
5.035235854146655e-17,4.145975044347523,medium,50.73862712871546,16.591086413119328,67.3297135418346,3.5786293572626366,0.9088474284424928,0.702495838266117,5.134199061197375,29.495386430511033,2,1.7877479768926304e-17,2.8493591991301917e-15,0.7535844794169451,0.2464155205830578,sample_2807,uniform,train,116.08918948132879
3.860067131769463e-17,5.808816595728717,medium,46.84656918544617,20.62579675267375,67.47236593811981,2.7358028358310826,1.0510581379643371,0.6347606792240083,7.274613391789284,10.829601918674278,3,5.435735516038709e-16,1.6849392509205976e-15,0.694307492172574,0.30569250782742763,sample_2808,uniform,train,96.1783919769247
4.623330693790015e-17,1.684822403526451,shallow,19.688941180827765,15.356089925352407,35.045031106180105,2.0194391619922416,1.7763381247966956,1.7763381247966956,nan,26.538114572469997,1,-5.581017171151637e-16,1.9261378222976033e-15,0.5618183394151894,0.4381816605848125,sample_2809,uniform,train,26.538114572469997
4.444107313065008e-17,8.317240436720084,deep,59.173520387985484,9.438213834682506,68.61173422266786,2.2169175904201275,1.0668796685853619,1.0026803190944105,14.963956696007914,4.032017710061542,2,-4.5776111163537177e-17,1.8381890069723666e-15,0.8624402379328842,0.13755976206711767,sample_2810,uniform,train,49.67113723825206
4.001147405191336e-17,7.90384562007567,deep,79.67272821736401,29.39325165429626,109.06597987166009,4.024147390144984,1.313476020887661,0.9216899397406062,7.840918313565064,8.199709480332226,3,-6.306301221458961e-17,1.6612732754249602e-15,0.7305002743395911,0.26949972566041064,sample_2811,uniform,train,190.47498238479733
3.61226610011138e-17,3.428991123452259,shallow,52.401643722901404,12.534775016077933,64.93641873897927,2.7031136248150887,1.0350291708485595,0.7228178523846129,7.87146746166177,12.774587993965234,3,3.2492796364491343e-16,1.0395023502688249e-15,0.8069684891853508,0.19303151081465023,sample_2812,uniform,train,83.98923494539419
4.359484421271903e-17,3.8581465357329985,medium,84.42928129113025,13.787469433878226,98.21675072500821,3.2496500009148503,1.0746483143558143,0.8544136641528,5.011985634456668,6.225417309003709,3,3.446256180649455e-16,2.7129132652338136e-15,0.8596220162843632,0.14037798371563948,sample_2813,uniform,train,95.54769771138078
4.28220943914743e-17,4.153138222802133,medium,53.701292218968405,5.549278681954173,59.25057090092249,2.797434395084798,0.6949912955320461,0.6413591278084619,4.431703961232067,17.26160580400818,2,2.20089978609593e-16,1.4840306551197028e-15,0.9063421905042321,0.09365780949576935,sample_2815,uniform,train,76.65251716595303
4.825958875082072e-17,5.993108177893241,medium,60.57424218871165,22.71308884735944,83.28733103607087,2.63121479464949,1.3708097752310153,1.052012309505826,14.99466571818125,24.838246368166125,2,3.371926967135761e-16,2.6873350241886973e-15,0.7272923917141442,0.2727076082858585,sample_2817,uniform,train,66.40487503988592
4.6048680273080437e-17,7.9642289774977195,deep,55.01293557091176,22.218256979716543,77.23119255062812,3.958610350581475,1.2643535595126396,1.2643535595126396,nan,131.70536622645287,1,8.050726131496241e-17,2.300051029557491e-15,0.7123149825098012,0.28768501749020114,sample_2819,uniform,train,131.70536622645287
4.5642380320024294e-17,2.4497257718970733,shallow,23.782685768708866,13.527633893577454,37.310319662286254,3.5974500740354034,1.175318614865208,1.175318614865208,nan,94.51419626464917,1,3.680843987887357e-17,1.7615824161443767e-15,0.6374291612609448,0.36257083873905693,sample_2820,uniform,train,94.51419626464917
4.3048927363362574e-17,5.425563482903128,medium,58.08026472768213,16.451805110291556,74.53206983797357,3.3620774187809634,1.1649269942852232,0.6126877280774671,12.401612798341999,17.793625832938158,2,6.633434086091565e-17,1.57300812462723e-15,0.7792654202941596,0.22073457970584195,sample_2821,uniform,train,104.20610425587726
4.172241650319486e-17,7.532868316484203,deep,26.9286883944501,14.490307459094165,41.41899585354416,1.9168073759676303,1.3793930489241912,1.13625418079549,6.539113089708726,2.606782859829634,3,-3.99989499416085e-16,2.4874745165121747e-15,0.6501530961703856,0.3498469038296169,sample_2823,uniform,train,41.50692704951379
4.3498216325336326e-17,6.619700041050142,deep,38.81939470174424,5.913906559799578,44.733301261543744,2.659379588073087,1.0432612023916654,1.0432612023916654,nan,31.227555731857098,1,3.3475586263195863e-16,1.5883977165149188e-15,0.8677963308537757,0.1322036691462259,sample_2824,uniform,train,31.227555731857098
4.2968644017961815e-17,7.242630877297547,deep,57.102354672514714,27.960488257716346,85.06284293023086,2.2275178890763248,1.7268669030994157,1.6698993810725993,8.054812226240903,16.470376211045636,2,-2.820291527287911e-16,2.380647915303328e-15,0.6712960995125741,0.32870390048742826,sample_2825,uniform,train,44.959204434278675
4.088596321881219e-17,8.268292047523376,deep,78.49167489991447,16.97680793664378,95.46848283655814,1.846499572893144,1.1684451993194607,0.6825017990248032,6.746851117373201,13.682352665096962,3,-3.6018076259157454e-17,1.190831092563267e-15,0.8221736909163213,0.17782630908367994,sample_2826,uniform,train,64.1067432262554
3.817059984260197e-17,3.9412365251171053,medium,36.69084644580803,17.315082929634414,54.00592937544237,3.9579013699990897,0.9713294837182325,0.7231257190017407,14.715977711317722,44.12816214497576,2,3.382478580108738e-16,1.3156754156020485e-15,0.6793855206293723,0.320614479370629,sample_2827,uniform,train,166.16801256456716
3.856794568213633e-17,1.9186642597656274,shallow,24.3925407514002,12.565314938042883,36.95785568944302,2.238010037243135,1.3635948994546863,1.3635948994546863,nan,46.954227429124046,1,3.7139088844606737e-16,1.6822536973314792e-15,0.6600096324952075,0.3399903675047942,sample_2828,uniform,train,46.954227429124046
4.0516423616235013e-17,7.231819947356541,deep,15.336935485687016,6.256341710164868,21.59327719585186,1.8789554407661442,1.5514363302628635,1.5514363302628635,nan,16.514399920988513,1,6.813578036002849e-17,1.069436505758349e-15,0.710264372868482,0.28973562713151907,sample_2829,uniform,train,16.514399920988513
4.801929249995079e-17,5.56840338034205,medium,37.45352269211867,22.691408016784678,60.14493070890325,2.6209395409526763,1.6847257817736128,1.6847257817736128,nan,55.36211651119765,1,-1.7894677725848917e-16,1.5357995189300203e-15,0.6227211878153253,0.37727881218467624,sample_2830,uniform,train,55.36211651119765
4.7090339262475616e-17,6.923841694808877,deep,30.00683364226346,12.524979041317348,42.531812683580775,2.9166655367569847,1.2230010197686254,1.2230010197686254,nan,68.3421225821539,1,3.849465197961259e-16,7.517766371041153e-16,0.7055150427164246,0.29448495728357615,sample_2831,uniform,train,68.3421225821539
3.6180419010539983e-17,2.4232080458320775,shallow,328.8133702360426,63.14547305554632,391.95884329158787,4.203795428919632,1.597861783341596,1.5919077286193717,7.208328516376042,75.45614490287278,2,5.912599077595922e-16,2.68294303578867e-15,0.8388976951629338,0.16110230483706892,sample_2834,uniform,train,219.7824065245712
4.154804201839091e-17,3.148153173851081,shallow,54.81096663295792,37.23605510883828,92.04702174179604,3.119932152010255,1.607199368559701,1.5851984794064733,14.280056022299073,40.48811105015384,2,2.352085859972205e-16,1.6982559447248434e-15,0.5954670297395375,0.4045329702604642,sample_2835,uniform,train,89.72643162485424
3.595109185046065e-17,5.940295711006005,medium,85.88385270073972,24.20740628592411,110.09125898666362,3.002841347448991,0.9936377291846434,0.6575888021156628,8.946507698538017,18.469315464030867,3,-2.355568713225708e-16,1.9685080941174753e-15,0.7801150926173316,0.2198849073826704,sample_2836,uniform,train,157.25028713504565
4.0915411488800714e-17,4.432519895206575,medium,10.397707103917151,2.0865299101256367,12.48423701404277,1.923036851881468,0.7000465901944399,0.7000465901944399,nan,29.788691713885786,1,3.635314342508133e-16,1.351735789325392e-15,0.83286684578492,0.16713315421508132,sample_2837,uniform,train,29.788691713885786
4.252562406758829e-17,5.688007250827489,medium,43.27238508057201,11.508032318143684,54.78041739871556,2.819752331508033,0.9057823665393891,0.7318902454149728,13.127071265137555,34.64487766377528,2,1.2630855490459653e-16,2.464441240230208e-15,0.7899243404010029,0.2100756595989996,sample_2838,uniform,train,88.59504567474148
4.057172828148665e-17,5.260997816316215,medium,52.251588612682234,22.07453786660696,74.3261264792891,3.559691382457102,1.1527981602513901,0.9108609664334975,13.743362034087585,25.420930341641736,2,6.878183529806226e-16,1.2427737058859375e-15,0.7030043281919459,0.29699567180805536,sample_2839,uniform,train,95.27608218252587
3.9145207889823565e-17,6.016304716187868,deep,16.413120965447625,9.312856721092086,25.725977686539657,2.5598724446951064,0.9381185600633393,0.8376211091453968,18.919830866051633,20.742078018601585,2,-9.461820563500601e-17,2.07147443845799e-15,0.6379979476556608,0.3620020523443413,sample_2840,uniform,train,59.74898322426341
4.165967400889713e-17,4.765491261499333,medium,71.05899831712141,16.46396428330762,87.52296260042893,3.1728258368436015,1.3033545547310637,0.8156030209879866,9.560334722173698,15.317226685555099,2,-3.344562619844063e-17,1.177161896993528e-15,0.8118897739045817,0.1881102260954194,sample_2841,uniform,train,72.30217341207464
5.4456761067952996e-17,1.9352031190288992,shallow,67.46067378143033,30.3939920785367,97.8546658599668,3.773303971840543,1.4182957889165813,1.072005094455894,4.223742416388579,21.82513543279484,2,-2.607181940486424e-16,2.359891448124668e-15,0.6893965984000062,0.31060340159999617,sample_2842,uniform,train,154.4761167619245
3.8750093620580327e-17,1.7040569575187952,shallow,182.22702486665335,41.14321539429742,223.3702402609502,4.107052026604528,1.4617341269771753,1.2958543742096826,7.252585745787498,50.12445470919971,2,-1.3547304727580371e-16,2.5766172579360276e-15,0.8158070862697212,0.18419291373028138,sample_2843,uniform,train,152.46423311750584
4.15801961332465e-17,7.954735632918357,deep,20.02531189792944,4.3363000868968395,24.361611984826258,2.6967280111980494,0.792191933904176,0.792191933904176,nan,37.338382893727754,1,2.6041466022562154e-16,9.479109562448747e-16,0.8220027439236082,0.1779972560763928,sample_2845,uniform,train,37.338382893727754
3.5504642941812705e-17,1.4428341219689054,shallow,11.41200608544024,6.948419582887164,18.360425668327355,3.1567139807957556,0.7570940818576065,0.7570940818576065,nan,82.50883470457914,1,-1.7610470939454184e-16,2.6122289063560744e-15,0.6215545484398282,0.37844545156017445,sample_2846,uniform,train,82.50883470457914
4.31853615284165e-17,5.734277998304517,medium,100.36068862494174,22.32776309154214,122.68845171648367,1.5862910900512692,1.452726039786451,0.9080938694941032,7.0992957397195395,8.737249226930183,3,4.493746600126902e-16,1.7374318262701721e-15,0.8180125123500755,0.1819874876499262,sample_2847,uniform,train,41.32547623527559
4.1666561631523127e-17,4.541210077990277,medium,32.192660971508055,11.467306316602892,43.659967288110856,2.1448150808192117,1.1279894328405566,0.8404187247955396,7.496665925596521,2.8758748967173706,3,-2.1822261550922793e-16,2.074994656124781e-15,0.7373496356300411,0.262650364369961,sample_2848,uniform,train,50.014512326855815
2.6847280555103443e-17,3.058940733903718,shallow,7.417881214934988,9.069924566084792,16.487805781019773,1.9377430594343734,1.3090482500382186,1.3090482500382186,nan,30.477348376870477,1,1.097551844294584e-15,4.309504522294009e-16,0.4499010549647675,0.5500989450352329,sample_2849,uniform,train,30.477348376870477
4.3179147722001993e-17,4.366216958629872,medium,90.27297605249221,43.57780847150468,133.85078452399662,3.385004381379858,1.63509054360157,1.5922553856925945,13.834738884417007,37.48274047332822,2,-8.899372274929283e-17,2.017218207192739e-15,0.6744299360928151,0.3255700639071869,sample_2851,uniform,train,117.4057668123216
3.807465662318503e-17,4.2272996659825814,medium,24.142608790152273,17.947107317183754,42.08971610733595,3.139383508147833,1.19422437458301,0.9778944017147437,13.435773144854746,32.35379399696182,2,-3.6126552773819314e-17,1.7725704555609257e-15,0.5735987557764587,0.4264012442235431,sample_2852,uniform,train,89.31899784200183
5.3064732117000165e-17,6.831378953859945,deep,38.9000179048349,21.24099661069269,60.14101451552751,2.030450482867427,1.4284389240717885,1.1708945638423751,7.657675887630659,10.888503883917734,3,8.08305643532451e-17,1.2996072906856494e-15,0.6468134636270809,0.3531865363729204,sample_2853,uniform,train,45.76311517372853
4.209868285675539e-17,6.14545204495292,deep,57.694266515222814,21.17604454293003,78.87031105815281,2.2124178717284884,1.3279512718021624,1.2819377834863763,8.845337754998395,17.065662400753066,3,5.79087451873552e-16,4.50450065574232e-16,0.7315080382107733,0.26849196178922724,sample_2854,uniform,train,68.5631109073599
4.24744162086234e-17,3.793199172077424,medium,16.970682074866026,2.2026723417929874,19.173354416658984,2.096286820192013,0.6992555999520014,0.6992555999520014,nan,19.994452205756627,1,1.3890128426268222e-16,1.5286781443229311e-15,0.8851180500852193,0.1148819499147823,sample_2855,uniform,train,19.994452205756627
4.430107892743092e-17,2.551100170995279,shallow,88.17558736512856,25.827857825637302,114.00344519076569,2.206628990305487,1.3823601630918734,0.9037016377089118,7.769169839822013,14.810191587665045,3,1.649725129972314e-16,1.5581606647306268e-15,0.7734466902959071,0.2265533097040945,sample_2856,uniform,train,84.22375350370638
4.134022310687767e-17,6.194518459140701,deep,42.80335965172644,9.154839643698827,51.958199295425125,1.9001612058840882,1.384608739619195,1.384608739619195,nan,28.73822567523742,1,-2.26559615349384e-16,2.700867085764766e-15,0.8238037544056158,0.17619624559438693,sample_2857,uniform,train,28.73822567523742
4.273589199767711e-17,5.3519629454557816,medium,58.4392912970982,34.835293267165525,93.27458456426349,4.262903217250615,1.4379427019255244,1.2083259081639022,20.65332902948094,38.35108933717606,2,-4.4724586915791384e-17,2.513858452398507e-15,0.6265296336628036,0.37347036633719893,sample_2858,uniform,train,149.9118267546931
3.851992368712443e-17,4.877089661648399,medium,59.759318167268304,21.986091734878524,81.74540990214675,3.162576209321157,1.5445319427193296,1.319242575676007,8.637129152675673,3.806491801331362,2,-1.0175600176493956e-16,9.995963652298677e-16,0.7310418803796217,0.2689581196203793,sample_2860,uniform,train,81.37786754425407
4.5004197250051364e-17,7.475569487305927,deep,78.48028217621729,34.007508010133904,112.48779018635105,3.7948123896256636,1.1720241497710062,1.1139889627994601,7.247068372797375,16.097226076390236,3,-2.142841134857036e-16,1.2633241964892211e-15,0.6976782284210955,0.30232177157890583,sample_2861,uniform,train,179.0263060880973
3.9637084507987e-17,2.884046198250336,shallow,25.683926936132558,9.098271084891016,34.78219802102347,3.7937642744624807,0.894951543520556,0.894951543520556,nan,100.19784644444319,1,1.3088897477171737e-16,3.0131808651444992e-15,0.7384216178807439,0.26157838211925916,sample_2862,uniform,train,100.19784644444319
4.039177462076018e-17,6.3903505567593015,deep,47.882640825641,14.376584422951767,62.25922524859262,4.353895447781716,0.9188893336145474,0.74312451395255,19.72713866732832,26.35707062830693,2,5.444742864642995e-16,2.3110615883334144e-15,0.7690850734883404,0.23091492651166184,sample_2864,uniform,train,193.0580195534034
4.426875507752867e-17,5.769916931922567,medium,31.869647181229222,3.256416406080302,35.12606358730943,1.924192840303733,0.8358471249169155,0.8358471249169155,nan,29.84244432950158,1,-2.308663643048119e-16,2.64232980811991e-15,0.907293443286463,0.09270655671353965,sample_2865,uniform,train,29.84244432950158
4.409153730405926e-17,4.735478426052338,medium,55.69524361249412,16.304291524309537,71.99953513680346,2.3431905596233085,1.1404843015103718,0.9336361642082291,6.076183012385324,6.471818499250678,3,1.8476051582153782e-16,2.713896026727911e-15,0.7735500445477849,0.22644995545221785,sample_2866,uniform,train,81.7826171153861
4.4477920856476025e-17,1.6819188414588657,shallow,38.07908602280553,4.156854510349055,42.235940533154476,2.656548670287459,0.7233016701847772,0.632520319792964,8.07465169527454,3.3063813898635868,2,1.3045292957532634e-16,2.481418720682795e-15,0.9015801599804344,0.09841984001956808,sample_2867,uniform,train,37.05063963924052
3.921431784385431e-17,5.043645353113441,medium,136.13297096111262,46.06585656856862,182.19882752968084,4.0035946458200105,1.1904154710411972,0.9419639480737156,6.723094525588645,8.67036379994068,3,-5.503972047571059e-16,2.18389952021418e-15,0.7471671075322155,0.25283289246778673,sample_2868,uniform,train,169.11802416208164
4.0618010841290926e-17,4.9701385666182105,medium,40.5166079678102,24.379513758489935,64.8961217263001,3.027158862737774,1.134221072146205,0.6174665956154454,11.643023662262308,25.28239058353559,3,6.31024531747731e-16,6.569354687389361e-16,0.6243301893861903,0.3756698106138103,sample_2869,uniform,train,121.1585570292845
3.614140476700896e-17,6.673578474759822,deep,26.603926502676003,18.760626305930018,45.364552808605865,2.8489181116974422,1.6247260288051302,1.6247260288051302,nan,42.58681572071436,1,-2.511106818486135e-16,3.445849064725433e-15,0.5864474541371235,0.41355254586288,sample_2870,uniform,train,42.58681572071436
4.25844666967177e-17,1.9393001856875243,shallow,26.946483810336975,10.70089493233772,37.64737874267463,2.819928965153647,0.929297615662463,0.871831888222008,10.215674231297706,13.295823715451919,2,3.3644874308906214e-17,1.6514427154136512e-15,0.7157598937902199,0.2842401062097818,sample_2871,uniform,train,78.4691731928185
4.124146187011755e-17,2.9023093068569876,shallow,228.05744615312267,47.990434790514236,276.0478809436366,3.698997787300595,1.2167976408494225,0.8596629937023361,6.308724118235002,14.11340764071259,3,6.353894631366212e-16,1.15829264835882e-15,0.8261517725603821,0.17384822743961914,sample_2875,uniform,train,226.44486439803455
4.187121789673472e-17,6.682926534686461,deep,92.81489000651362,21.98331692608117,114.79820693259455,2.896228325383584,1.186713919857981,0.9677925442479548,9.802040603874275,7.4536451921666504,3,-7.487276963036705e-17,2.073480264542785e-15,0.8085047013061035,0.19149529869389856,sample_2876,uniform,train,88.92975293284675
4.719745090348814e-17,5.508369424403475,medium,44.20337057090174,10.217001675189087,54.42037224609078,2.5087503807298073,0.998594649178833,0.8160882973559878,4.6,21.823380819273485,2,2.1672498861996e-16,8.81317651539071e-16,0.8122577767570679,0.18774222324293294,sample_2877,uniform,train,52.114191460917
4.3910705118255874e-17,3.18737237185472,shallow,56.11077861776477,8.171415255066462,64.28219387283112,2.3394708462175715,0.9129593939072589,0.8876126187883366,10.141005867269776,23.670777039500575,2,1.7769499701490867e-16,1.8514599622294297e-15,0.872882134806541,0.12711786519346086,sample_2878,uniform,train,49.4049290173344
3.9251412946669785e-17,3.5899350216877584,medium,66.02998477178019,24.670379167432827,90.70036393921272,3.7247171916125605,1.5616147092645085,1.5616147092645085,nan,85.32011692748857,1,-1.846092971368277e-16,3.290261869503061e-15,0.7280013210976023,0.2719986789024009,sample_2879,uniform,train,85.32011692748857
4.3546765666750146e-17,2.4448897714619413,shallow,40.34548283689108,10.907340698816972,51.252823535707954,2.0700981083149923,1.2920149010930007,1.2520364838259432,9.840731680114036,11.689699865038344,2,4.541956879508542e-16,1.9062291485062524e-15,0.7871855646895687,0.21281443531043326,sample_2880,uniform,train,30.33844060847609
4.383513496571046e-17,3.584619419621494,medium,47.467309783780834,11.135783550628544,58.603093334409294,2.5458592636987234,0.8398062139137612,0.6859610163613513,3.6276714294434096,23.406585868257494,3,7.642132212180396e-17,1.4246478590370014e-15,0.8099795946421485,0.19002040535785295,sample_2881,uniform,train,78.18713345218694
3.765779985481733e-17,4.601122481849655,medium,16.63400648351456,6.637760443778581,23.271766927293132,2.1212176686600195,1.15120663637286,1.15120663637286,nan,39.98014059565904,1,-2.6391123102185995e-17,4.19820405009435e-16,0.7147719610411788,0.2852280389588216,sample_2882,uniform,train,39.98014059565904
4.339787074776539e-17,6.385023760161492,deep,120.19836045822963,28.83110592228297,149.0294663805124,2.8996091092398606,1.753382147321531,1.7072924681336037,11.435033887138246,8.8875316822177,2,6.322955268664774e-16,1.4065010909590084e-15,0.8065409034702629,0.19345909652973853,sample_2883,uniform,train,59.22338728415075
3.7509169296994506e-17,5.835899229263358,medium,9.541216916228398,10.179856049424941,19.72107296565329,2.8095049257588345,1.120181460971186,1.120181460971186,nan,49.882233510012526,1,4.9998302440436875e-17,2.6121473427092905e-15,0.4838082052049409,0.5161917947950617,sample_2884,uniform,train,49.882233510012526
4.421960622400521e-17,1.6610981972997076,shallow,78.23585488862464,16.10244495563817,94.33829984426266,2.0402907094458733,1.2709991091088517,0.9816542324428521,10.465180361560904,11.653277383044232,3,2.630815046991008e-16,1.5816903077111765e-15,0.8293116901383578,0.17068830986164382,sample_2886,uniform,train,43.2350682324599
4.1461689373744445e-17,2.974088403332159,shallow,24.90703982632043,15.126728756466605,40.03376858278698,2.478268656914627,1.287350350854354,1.0660636494130837,8.72926113711808,5.095398972151315,3,9.577140921122344e-17,1.2424009346098005e-15,0.622150766916046,0.3778492330839553,sample_2888,uniform,train,40.81406588105909
4.425713591212976e-17,7.924418819689072,deep,41.04701347884558,10.698621152878342,51.74563463172381,2.920456932392869,1.2422893132310207,0.9094938600694211,9.99599919967984,5.53633184389058,2,-5.401843525068644e-16,2.128375172642976e-15,0.7932459186360195,0.20675408136398263,sample_2889,uniform,train,64.29784601813303
4.0682471345919534e-17,8.30000052367213,deep,34.812933398379165,14.979108836591783,49.792042234970864,3.621470896278003,0.9405568636274824,0.7200872512090353,10.877499712709719,6.289622924146413,3,2.68993572995572e-16,1.6767492897323742e-15,0.6991666104815581,0.3008333895184436,sample_2891,uniform,train,165.07121345173238
4.4447289999027255e-17,3.875670457819089,medium,38.1697243524182,16.821117317228072,54.9908416696462,2.786136827635864,1.256748820896918,0.7788815354996959,10.992724866929036,2.3668289690669457,2,-3.303304146688563e-16,1.2921110391956502e-15,0.694110568114601,0.30588943188540024,sample_2892,uniform,train,38.861441439455454
4.998125858473717e-17,7.643381979686437,deep,20.019936263622302,11.067739248903662,31.087675512525863,1.8598084247099524,1.0194772297792951,0.6025648001453506,6.702238432046416,5.3438153990620565,3,-5.125804428558808e-16,3.2569929458063736e-15,0.6439830554573261,0.3560169445426771,sample_2893,uniform,train,37.19827167467427
4.3524335867475374e-17,3.574510476926569,medium,84.8606047035867,25.65788732454728,110.51849202813365,1.9802385199703052,1.4819448769881038,1.1527020399786934,4.180908992073374,9.072780953798611,3,-3.799219964367745e-16,2.9895664161282545e-15,0.7678407762022715,0.23215922379773143,sample_2894,uniform,train,65.08958693673198
4.1076524864852754e-17,5.492423531157983,medium,50.26019455637322,12.233589690202791,62.49378424657592,2.6844844864861517,1.4160644391428137,1.4160644391428137,nan,38.48170115928583,1,4.867066176654375e-16,1.4780758880652051e-15,0.8042430965304683,0.19575690346953312,sample_2895,uniform,train,38.48170115928583
4.098400857277852e-17,8.14525861972348,deep,15.66744991124426,6.47402381603052,22.141473727274736,3.8143804183341876,0.8044332248070808,0.8044332248070808,nan,127.21283217951047,1,5.630959541578132e-16,2.005689482642775e-15,0.7076064630668409,0.29239353693316106,sample_2896,uniform,train,127.21283217951047
4.3705787595948394e-17,6.867899255790775,deep,126.99714628636099,41.54780493666163,168.5449512230223,4.047074752576683,1.0641534654458535,0.6601947080556331,11.216059914247966,48.01581407901771,3,2.978937584216552e-16,1.8127708611844134e-15,0.7534912518282177,0.24650874817178403,sample_2897,uniform,train,227.26481644461768
4.783036449070531e-17,5.2141412215057095,medium,174.6074784617011,61.413400210321555,236.0208786720222,4.052386171680759,1.3667582838141834,1.0543781303220316,6.846897107449476,57.320281902978415,3,-1.8770105849560885e-16,1.926725099258643e-15,0.7397967478306782,0.2602032521693237,sample_2898,uniform,train,314.01583371850194
4.7869010336987735e-17,3.6643563182890833,medium,22.58085639591667,16.555547588007137,39.13640398392376,2.8590898226874493,1.3955975174202861,1.044513578015679,9.608329719571453,14.975483922130074,2,-1.2641734554328464e-16,1.089332687875932e-15,0.5769783142363388,0.4230216857636622,sample_2899,uniform,train,73.3929369093233
4.7708432356960494e-17,2.1746161568663185,shallow,27.61274008320225,10.290440151229177,37.90318023443139,2.1303850107374367,1.1953290998666228,0.6573879011216816,14.236572621245609,10.747411829114776,2,-4.607480128538381e-16,1.0310441030303107e-15,0.7285072100129143,0.2714927899870867,sample_2900,uniform,train,34.36935576657417
4.7174297821117264e-17,7.045098308864873,deep,82.0273699204633,35.75031849277959,117.77768841324264,3.6651763042268226,1.261198585456034,1.116873862402862,6.835202996254024,5.493861707033889,3,3.0126087733617886e-16,2.1115201093390872e-15,0.6964593296538187,0.3035406703461834,sample_2901,uniform,train,152.61775929800373
4.09822215843905e-17,7.479809248733356,deep,176.50280063877653,43.3819110468247,219.88471168560088,4.243803810483534,1.5671483308536232,1.4579776456749984,8.221921916437786,13.136007660977898,3,2.222357314486746e-16,1.6157165505350366e-15,0.8027061057848652,0.19729389421513635,sample_2902,uniform,train,169.61252169000673
4.1974937404432644e-17,5.969479125769142,medium,60.38761252903858,26.83406878603655,87.22168131507493,3.8884169952360916,1.3433932204858907,1.2413619383499284,5.617828762075256,13.048331141019425,2,-3.671439233318994e-17,2.240260098038901e-15,0.6923463480473118,0.3076536519526905,sample_2903,uniform,train,141.4737201022433
3.279280832237018e-17,2.340117664206409,shallow,26.89738025296819,16.715244961747665,43.61262521471584,2.0435558477604525,1.6941679337467366,1.6941679337467366,nan,35.74770308268558,1,1.1266176447970985e-15,3.2584268076591166e-16,0.6167338040428815,0.38326619595711886,sample_2904,uniform,train,35.74770308268558
3.956796705095451e-17,2.040827780620046,shallow,75.92901099618481,31.14879949520061,107.07781049138514,3.537969458030253,1.3237044264339126,0.9337981740596814,4.686149805543993,17.276790095264754,3,3.0228185962007025e-16,2.6874831177650283e-15,0.7091012661516237,0.290898733848379,sample_2905,uniform,train,181.82927858616557
4.4599097650896465e-17,5.023579230256439,medium,60.929308061143225,25.156129484446527,86.08543754558958,3.3244090849521117,1.1574574865671645,0.8455421759466221,20.212867188996224,36.5976891615857,2,6.896659213544624e-17,1.9396723495213076e-15,0.7077771780956095,0.29222282190439247,sample_2906,uniform,train,116.25606900521248
4.081380809613569e-17,7.97199128341197,deep,33.5509509683506,19.271746983202796,52.82269795155332,2.9900311195446734,0.9977751690435402,0.8040309366413863,8.146164741766519,24.833059894401284,3,1.2672273438342843e-16,1.3451466193790008e-15,0.6351616306899369,0.36483836931006447,sample_2907,uniform,train,117.16877734580163
3.126004907250514e-17,4.960910187790193,medium,7.090987988767777,7.627157855164043,14.718145843931795,3.8291294822869704,0.7707086758456376,0.7707086758456376,nan,114.77399255508398,1,-4.8935059497527024e-17,1.6896826553636067e-15,0.48178541400249475,0.5182145859975069,sample_2908,uniform,train,114.77399255508398
3.705121190657754e-17,5.481342846690076,medium,49.6172237669709,21.41625514195346,71.03347890892422,2.1133651399597078,1.1667397570217721,0.8175315512994414,7.383765976789894,15.534801398332588,3,-1.4056688137698614e-17,1.9505708519622035e-15,0.6985047688652243,0.3014952311347776,sample_2910,uniform,train,73.66971211169303
4.2718064070800016e-17,1.8604413483781534,shallow,64.64759814072124,22.338995344838196,86.9865934855593,3.2914137972651556,0.95263945009465,0.648973018052924,5.99666574022598,2.164142185926265,3,1.198009362677751e-16,1.6336833235757366e-15,0.7431903647480279,0.2568096352519737,sample_2911,uniform,train,81.77131651373101
5.204241787478058e-17,1.412716578508391,shallow,42.1870910306658,17.94698956903416,60.134080599699836,4.167552315118285,1.0073252183238417,1.0073252183238417,nan,163.2860871727696,1,1.4960700631201495e-16,2.0087155881422085e-15,0.7015504454370319,0.2984495545629701,sample_2912,uniform,train,163.2860871727696
4.517542604330991e-17,2.5094603359487495,shallow,55.19673130835128,13.155542259244447,68.3522735675956,2.57441348736993,0.8752237386875042,0.6962492092430475,3.80525951808809,6.430797133380565,3,7.696926108278203e-17,1.845166649397443e-15,0.8075332161960288,0.19246678380397308,sample_2913,uniform,train,76.29352632092122
4.254434049282692e-17,1.9235282021527211,shallow,19.28757538421064,13.139221340755375,32.426796724965996,3.4176569890440813,1.049203332604739,0.7006568636048041,17.89525076661403,24.940012010366715,2,4.025993864709849e-16,6.025857379356439e-16,0.594803598634853,0.40519640136514756,sample_2914,uniform,train,109.45166442339163
3.921995035940942e-17,5.828467726142202,medium,15.800220425969636,6.055495379709913,21.855715805679512,2.4921486477825563,0.7101999286411176,0.6445190104351404,17.536248173426383,38.77638553718455,2,-5.903447103271919e-17,1.6661689569664934e-15,0.7229331020978836,0.277066897902118,sample_2915,uniform,train,89.31767330127582
4.115927612942088e-17,1.6927554334600845,shallow,96.85986913034847,19.381478258679373,116.24134738902774,2.498346503374557,1.1585778202634036,0.6204416455880762,4.123105625617661,14.67480660508989,3,5.869928684789196e-17,9.168975821255447e-16,0.8332651961284069,0.16673480387159406,sample_2917,uniform,train,58.20153115129241
4.7040050934678885e-17,1.8199127113351916,shallow,71.78370434165792,23.355450915622246,95.13915525727994,2.3200996929122994,1.1704434424976322,1.1301683492752908,4.604345773288535,25.121135851771573,3,-2.1929439459694938e-16,2.4272486811297636e-15,0.7545127360815527,0.24548726391844974,sample_2918,uniform,train,108.1432353921527
4.6048763107782555e-17,7.617798843944134,deep,98.28367573734835,21.902655474801676,120.18633121214987,2.1512480671300764,1.2672227521002732,0.7461898110431507,11.894536560959406,14.91357920450664,2,1.0714821277278083e-16,1.3006420970725115e-15,0.8177608447325053,0.18223915526749596,sample_2919,uniform,train,56.61588693240679
4.055397239910913e-17,1.8407985812079954,shallow,73.69173093096704,30.14593319547788,103.83766412644474,3.599085006439278,1.3742446518474767,1.299533805708469,15.316657598836636,38.68548058305637,2,4.997664924568548e-16,1.7791339284429967e-15,0.70968209416991,0.29031790583009176,sample_2920,uniform,train,122.64798570997863
4.3054463159908853e-17,5.629282780642239,medium,63.403442388186285,13.409876628471958,76.81331901665808,1.675039741536604,1.4913744796758144,1.4693825121035111,6.841052550594827,7.8193729626994175,2,-8.27180649415418e-17,2.0581815853099245e-15,0.8254225074486929,0.1745774925513091,sample_2921,uniform,train,27.505666462524022
4.490829714134214e-17,7.839116635564958,deep,146.73433650821585,57.396128826467624,204.1304653346831,3.395196302441751,1.2638435118154372,0.6371808686161335,10.622617379911603,7.529024938123018,3,-1.0013863523433433e-16,1.8448380516617988e-15,0.7188262480450277,0.2811737519549741,sample_2922,uniform,train,185.73806658395716
4.0169846187881423e-17,3.8492693132073494,medium,136.37665703270233,45.978233736491006,182.3548907691928,2.8087541352054637,1.6418274408755662,1.5746913661369915,9.312357381458252,16.326613458670028,3,-4.0516279009838407e-16,2.9613270963002124e-15,0.7478639945298463,0.25213600547015663,sample_2923,uniform,train,107.13676301604988
4.8746357269048915e-17,1.7580522354418076,shallow,43.78473267078223,22.738083292803864,66.52281596358591,3.346180502249387,1.061352332925702,1.0579708647687476,11.399999999999999,63.09715070939489,2,-6.40978357503677e-18,2.777109005709439e-15,0.6581912090845593,0.3418087909154435,sample_2924,uniform,train,160.99555262543555
4.118566571478452e-17,4.910618624737889,medium,22.680641617785845,5.7754113507874045,28.456052968573193,2.070703176676108,1.3767180105666037,1.3767180105666037,nan,13.59991803350694,1,2.9411227977768524e-16,1.997586205071581e-15,0.7970410247280008,0.20295897527200124,sample_2925,uniform,train,13.59991803350694
4.357755530600289e-17,7.9867851955621685,deep,46.62870475722072,8.966294016444117,55.59499877366477,2.2097444049574695,1.1419843201328055,0.7697380591761249,9.25418824100742,3.9559230963786907,3,2.247359201086803e-16,1.1502625708969607e-15,0.8387212120833544,0.16127878791664677,sample_2926,uniform,train,44.60218587506573
3.080212186452987e-17,4.7671850312863855,medium,17.94830321832747,15.935488273079866,33.88379149140726,2.3668121827506274,1.4244100902244103,1.4244100902244103,nan,55.53669068645416,1,-3.865303897629329e-17,2.306698792944464e-15,0.5297017372710212,0.4702982627289811,sample_2927,uniform,train,55.53669068645416
4.201230167168746e-17,6.754984237000932,deep,40.770855895113336,19.56987770074439,60.34073359585762,3.315601572316149,0.9348405166987795,0.827746654912358,8.511169132381285,10.688171723748892,3,4.502712984116532e-17,1.7074485268155147e-15,0.6756771664093962,0.3243228335906055,sample_2928,uniform,train,154.38410432193547
4.349575420164606e-17,6.683357015795509,deep,77.42680998543845,10.270215005284408,87.69702499072274,1.9346604460091483,1.4354428079844321,1.1571339260709568,10.007996802557445,8.551881056720736,2,5.328905203774303e-17,1.3976371710623425e-15,0.8828898128942145,0.11711018710578688,sample_2929,uniform,train,25.258022429173735
4.150504227493763e-17,7.069435923881667,deep,46.96890763455376,16.879046918612087,63.847954553165685,3.2639674124954214,0.9648337061216529,0.6481136763861358,8.4,12.891986944781587,3,-1.9166633648160772e-18,2.5039504658351788e-15,0.7356368416695812,0.26436315833042134,sample_2930,uniform,train,144.8758555167492
3.8145350295741094e-17,3.264965777310983,shallow,40.50794546788917,18.034704248838963,58.54264971672807,2.296224649049256,1.2268517238307952,0.756555537273961,15.907231060118539,9.234463606758872,2,1.015367273894392e-15,1.0923462898901921e-15,0.691939050656164,0.30806094934383704,sample_2931,uniform,train,50.22247889064036
4.081636907840926e-17,7.074805069849017,deep,19.64754411451115,7.473093336959596,27.120637451470675,3.2910332656125045,0.8057593199460087,0.8057593199460087,nan,85.17261323804416,1,1.036120185851594e-16,2.5871845852393482e-15,0.7244499377888228,0.2755500622111797,sample_2933,uniform,train,85.17261323804416
2.4708521386698076e-17,1.8628605943541936,shallow,14.00218481306349,12.89836264505919,26.9005474581226,2.237465660386163,1.5088774279684798,1.5088774279684798,nan,36.720696192114744,1,-6.006265432070439e-16,3.037574411435947e-15,0.5205167231210212,0.4794832768789819,sample_2935,uniform,train,36.720696192114744
4.411058193588864e-17,5.424710216855001,medium,93.34017365049179,37.029291874502206,130.36946552499384,2.9790238105665803,1.4154200414077778,1.2086930564535365,7.224956747275379,26.533257273592763,3,8.97957833998064e-16,1.1990491886863892e-15,0.7159665284705569,0.2840334715294443,sample_2937,uniform,train,143.28741163673374
3.478228115853837e-17,4.884475674718457,medium,29.98676316333829,19.31503805716116,49.301801220499364,3.156487144396169,1.1360689012852305,0.8431549787618894,10.543244282477763,42.659397245568854,2,5.212426097089739e-16,1.7294525997106845e-15,0.6082285519189102,0.3917714480810915,sample_2938,uniform,train,105.81630743698139
3.9214672151312753e-17,5.471247450912886,medium,91.34067256770109,34.04867254873562,125.38934511643663,3.807170640511001,1.2809901876753533,1.1583888852946775,5.734108474732581,11.089098480084274,3,4.766629522650896e-16,6.233360646475334e-16,0.728456412966206,0.2715435870337946,sample_2939,uniform,train,155.55885458215482
3.7828466574223985e-17,6.66605029586629,deep,215.86911130653357,38.051423163271394,253.9205344698046,4.233100642798656,1.0919378890818672,0.6010683478986858,7.282856582413252,6.793431189292261,3,4.061599152995516e-16,1.3991439039062743e-15,0.8501443640912154,0.14985563590878603,sample_2940,uniform,train,196.0259077840224
4.461450008176436e-17,2.106019234386459,shallow,101.53358855806599,8.676379550598357,110.20996810866431,2.319370253889646,1.338636874156372,1.338636874156372,nan,30.38244396654292,1,9.985451497094822e-17,2.740048544431998e-16,0.9212740943537555,0.07872590564624482,sample_2941,uniform,train,30.38244396654292
4.34214541413913e-17,6.628257559336874,deep,45.520656525026716,6.9035137646172196,52.42417028964388,1.838766873260295,0.9755165311898162,0.9466382646051027,9.245539465060975,11.285292685327258,2,-8.218749888487489e-17,1.0165293010375944e-15,0.8683142961257144,0.13168570387428663,sample_2942,uniform,train,37.32695016031585
4.1352836365860066e-17,1.9790822856181458,shallow,102.5142048099798,31.408265169259746,133.92246997923928,3.4321777355435494,1.4502347659983115,1.332532465167485,6.076183012385326,30.283546898701335,2,1.7906563336683432e-16,1.989610301776418e-15,0.7654742689996055,0.23452573100039648,sample_2943,uniform,train,98.5421954750301
4.039895863514233e-17,1.7187111745068906,shallow,26.758692579561828,12.013758766712037,38.77245134627381,1.6490411719655023,1.3937399420413412,1.2728031675010056,16.93635143707168,8.905356379227646,2,2.55078088917772e-16,1.3744476640404364e-15,0.6901470412737637,0.30985295872623764,sample_2944,uniform,train,27.689141265489766
4.2029294232502354e-17,6.416524575289784,deep,117.14072238848925,34.06248238964923,151.2032047781382,2.683042177991759,1.5434007381293628,1.3484437300812782,9.505787710652914,7.280761017764014,3,2.9856581668725456e-16,1.8797028457239006e-15,0.774723806683667,0.2252761933163349,sample_2946,uniform,train,85.4799982912644
4.557644867920211e-17,1.8538368889344798,shallow,21.353228916947952,16.402695199980837,37.755924116928675,2.828060917483782,1.270177981460285,1.1712942220636238,22.16303228351211,8.916314599362286,2,8.50450100441326e-17,3.011099327605707e-15,0.5655596947069235,0.43444030529307953,sample_2947,uniform,train,57.10928144723432
3.340885379714829e-17,6.464498595135481,deep,23.34106615503734,16.722641494392946,40.06370764943017,2.234933511593845,1.5887590459027985,1.5887590459027985,nan,46.76085376981343,1,-1.230736100360064e-15,2.837651440461053e-15,0.5825987539465615,0.4174012460534414,sample_2949,uniform,train,46.76085376981343
3.9153608224068156e-17,5.068860399935563,medium,6.239539894736837,5.934915404583619,12.174455299320437,3.099986435477711,0.8552061447221708,0.8552061447221708,nan,73.52959315903148,1,-2.000886143910071e-16,1.604993796682916e-15,0.5125108057265708,0.4874891942734308,sample_2950,uniform,train,73.52959315903148
3.491553029503482e-17,1.9469745805312269,shallow,11.915710781548102,4.879581732858423,16.79529251440651,3.7931582479472,0.6269509208864503,0.6269509208864503,nan,100.27440542123588,1,-6.103130045426986e-17,9.51886461095506e-16,0.7094672969421137,0.29053270305788725,sample_2952,uniform,train,100.27440542123588
4.0229073022787215e-17,4.731725821552333,medium,72.1651953515462,26.983153612971503,99.1483489645175,3.4741754672934304,1.0986673534945004,0.6400223034500759,10.744300814850636,76.79522797505327,2,-2.2470250518860405e-16,2.114105875068513e-15,0.7278507015519963,0.27214929844800584,sample_2953,uniform,train,161.3114633869779
4.318153451162808e-17,7.604559999648901,deep,82.97129706765986,18.348905787884146,101.32020285554381,2.1834578150557817,1.4306293600325881,0.8000339445537789,5.678027826631358,6.1685579061823566,3,1.515141419710282e-16,1.9285319889520545e-15,0.8189018056542513,0.18109819434575058,sample_2954,uniform,train,42.10862277228289
4.6033638467497795e-17,1.732958539987923,shallow,42.18029245017549,10.491949480560326,52.67224193073571,2.189683979247426,1.1805462118019465,0.6735478713573388,3.358571124749332,4.94276410755486,3,-1.8521089257778538e-16,2.0909329089815945e-15,0.8008068558320114,0.19919314416799075,sample_2955,uniform,train,40.91145086604568
4.648767606689807e-17,2.9825014976810316,shallow,48.28464279849821,16.684869362336595,64.9695121608347,2.1837921234910342,1.043273585015494,0.7062990461563987,9.123595782365639,3.6711140317548536,3,3.566145291584487e-17,1.6951662461336323e-15,0.7431892466572259,0.25681075334277587,sample_2957,uniform,train,62.043141904486234
4.468053195444615e-17,6.2326039635622195,deep,58.971953534248875,24.731554384100075,83.70350791834882,2.7784829520739738,1.074317240133535,0.6935800550085004,6.615134163416492,26.66121980030886,3,4.1507974872846186e-16,1.5704288790840869e-15,0.704533836165802,0.2954661638341996,sample_2958,uniform,train,124.22323382974376
4.693282935474694e-17,1.4136677618343025,shallow,163.75024416696897,44.85532642580073,208.60557059276934,3.4626874130895935,1.3146419159022174,1.0185697564408274,8.13142054010245,40.05606941896932,3,4.952668252443955e-16,1.737138630612445e-15,0.7849754141352008,0.21502458586480097,sample_2959,uniform,train,170.04642557049448
3.992332327928049e-17,4.26736254460763,medium,17.108924213670104,17.315238954870956,34.42416316854101,3.8856828972832096,1.0128757974669038,0.9276196078289598,14.388884598883964,47.7770274114206,2,1.969168985102524e-16,1.5480610210071267e-15,0.49700334413082636,0.5029966558691752,sample_2960,uniform,train,177.51538376782494
4.489316266064444e-17,8.123085423422305,deep,60.99502865787021,19.184534500650443,80.17956315852051,2.523387307764903,1.1688663202819571,0.6596500474870179,6.0266076693277455,16.97815927309936,3,6.193720612890592e-16,1.7723786655093352e-15,0.7607303688756553,0.2392696311243465,sample_2964,uniform,train,92.87257953330658
4.9944352201924257e-17,3.2730007504354397,shallow,28.034418639062913,16.919664688402644,44.954083327465476,4.026237171779753,1.0757095160519072,1.0757095160519072,nan,138.81154164280457,1,2.8514120673546575e-16,1.817686149157621e-15,0.6236234077969687,0.37637659220303316,sample_2965,uniform,train,138.81154164280457
4.8585797378882484e-17,4.4616999750359865,medium,120.868519382169,42.699350036490365,163.56786941865903,3.505660598673637,1.295811218770393,1.027532989781681,13.705473359209453,17.09378264585957,3,-4.00569606491097e-18,2.041691237980698e-15,0.7389502584569394,0.26104974154306265,sample_2966,uniform,train,208.5790964823514
4.674493786000211e-17,6.796792589507581,deep,55.422346273657205,15.132449621761273,70.55479589541831,3.401640413594826,1.1783802314429113,1.049281673213517,14.835093528522158,6.951808414226822,2,1.7076637968498797e-16,2.3918133076759754e-15,0.7855220268202381,0.2144779731797643,sample_2967,uniform,train,88.68542038827111
4.1569464937983306e-17,4.055462212708513,medium,42.47092870151268,10.57147654529138,53.04240524680402,2.359992275753946,1.3406774585813117,0.769935934807557,6.046486583132388,2.6681766354095373,3,-1.2112248423658085e-16,7.702555552694791e-16,0.800697640008919,0.19930235999108178,sample_2968,uniform,train,37.7217099621873
4.063385347356451e-17,4.802511719221025,medium,116.29051354007531,34.02150796515549,150.31202150523038,3.1913332261401357,1.274681309068463,0.7076654879195913,10.934349546269317,12.967233318694925,3,2.0796730716370448e-16,2.836271092536836e-15,0.7736607649577035,0.22633923504229936,sample_2969,uniform,train,108.4159948440237
3.9174514130390193e-17,3.3919879296176996,shallow,26.528385889294412,12.080532029362496,38.60891791865684,2.12885702101293,1.2362013057830614,1.1972780502877445,5.520869496736905,4.098033381726954,2,5.636118355236537e-16,1.7023321709321752e-15,0.6871051383824254,0.31289486161757635,sample_2970,uniform,train,44.511684862384705
3.623399641943463e-17,2.4753389553449296,shallow,12.65261159009048,7.357421385332411,20.01003297542288,1.9544125559352334,1.546814028317432,1.546814028317432,nan,17.663848785800422,1,5.398104344398383e-16,4.882531992176742e-16,0.6323133802743315,0.3676866197256691,sample_2972,uniform,train,17.663848785800422
4.157079653489744e-17,5.88601626421702,medium,131.485198500389,46.3868977501826,177.87209625057142,4.097172279904026,1.6388451280988428,1.6205573229707153,11.847362575695911,45.52339762495927,2,-1.6886205805821035e-16,1.0386177213393725e-15,0.7392120589570361,0.26078794104296493,sample_2973,uniform,train,137.0637104370233
4.329234556667713e-17,6.445963792465918,deep,100.96272785423524,13.300530783527167,114.26325863776215,3.698039323164997,1.0162391574312588,0.7261836279711711,7.962411694957754,7.145764762965104,3,-2.8405288036177223e-16,2.2541956599504246e-15,0.8835974840723534,0.11640251592764883,sample_2974,uniform,train,110.51474944226804
4.036191107245017e-17,5.216694215397263,medium,84.89937823146875,38.59632495560299,123.49570318707148,3.0058501002025686,1.581115398596225,1.3402738281249937,13.455110553243328,6.435518893566865,3,2.4735310363599984e-16,2.0137539290684398e-15,0.6874682765509909,0.31253172344901115,sample_2976,uniform,train,103.85560472069746
4.56396787271622e-17,2.0875572509681986,shallow,32.26963090399531,16.869729661524588,49.13936056551981,2.362356049963541,1.0824841728998782,0.600762705591043,8.160882305241264,10.752895236383695,3,-7.372825118914085e-16,1.879767147674847e-15,0.6566961908462098,0.34330380915379205,sample_2978,uniform,train,59.61326504934277
4.2850210430530486e-17,7.94054327160942,deep,73.56259972080855,15.967253766746103,89.52985348755449,3.0278775179149835,1.2609998317191988,0.9386105089528232,11.709824934643558,14.669137571934089,2,7.888623275838449e-17,1.805525934518518e-15,0.8216544186686786,0.17834558133132322,sample_2979,uniform,train,83.78347647651775
3.8588334452637336e-17,4.874871557895134,medium,52.711139290566834,17.166698871243916,69.87783816181059,2.211123703681511,1.6495331969666012,1.6495331969666012,nan,45.28222207712283,1,3.595468045309599e-16,2.338721882700393e-15,0.7543327137354738,0.24566728626452852,sample_2980,uniform,train,45.28222207712283
4.6924605390647023e-17,4.866678489663487,medium,22.097378002146645,12.086126762824708,34.18350476497131,2.4029448344959357,1.3573827117127264,1.3187283004196066,9.478396488858229,7.076585763781523,2,6.24462409680688e-17,1.247167733055057e-15,0.6464339497683801,0.3535660502316212,sample_2981,uniform,train,34.92520590445288
4.9290633411443214e-17,5.824958479620927,medium,130.54606136877044,46.22111615385231,176.76717752262252,4.154286540954202,1.3556324029714446,1.0928146297902215,17.72004514666935,87.22404410321394,2,3.8125523264787664e-16,1.2862889968027744e-15,0.738519804402394,0.26148019559760727,sample_2982,uniform,train,213.20642571805985
3.656687030263345e-17,6.240722025008661,deep,30.252303533524668,13.03859506290884,43.290898596433436,2.306552458457942,0.9477962451896262,0.6910806071021269,5.317894320123332,7.5103858608162986,3,-3.2949984188060314e-16,1.6413212910730362e-15,0.6988144047445815,0.3011855952554202,sample_2983,uniform,train,84.15534970580502
4.213979884510601e-17,6.097510682332183,deep,117.0981796643412,40.853568666325216,157.95174833066622,3.3767386282088045,1.3879773212935749,0.8692224259488248,6.2,3.950316333887507,3,9.482041095818225e-17,1.2595743201039432e-15,0.741354121761289,0.25864587823871227,sample_2984,uniform,train,142.33755516082135
4.556211085909181e-17,6.962232782417167,deep,103.32019221170027,41.37155370628403,144.6917459179836,3.632338717675261,1.564166322039444,1.5508976026377002,13.58086889709197,63.20196916177056,2,3.5643267620527644e-16,4.8125197234098185e-15,0.7140710864755603,0.2859289135244445,sample_2985,uniform,train,150.72579815714715
4.390661968308081e-17,8.313734882309523,deep,22.169211848820037,6.376073472544908,28.545285321364926,1.706277615634673,1.1146231255827856,0.6730730149284317,14.120906486483085,6.858454625884722,2,4.5383158289791665e-17,6.845237317974173e-16,0.7766330446249675,0.22336695537503315,sample_2986,uniform,train,16.91820321917867
3.834436677057068e-17,1.6046039011029287,shallow,97.96450061678554,36.007298476878475,133.9717990936638,4.048645355471538,1.502244951071667,1.502244951071667,nan,131.62773323882638,1,3.722696142937735e-16,1.5911021735178861e-15,0.7312322539484265,0.2687677460515751,sample_2988,uniform,train,131.62773323882638
4.024547228597975e-17,3.503104957922269,medium,25.66985436960447,10.488216567419725,36.15807093702413,3.291891348783287,1.0216332267437291,1.0216332267437291,nan,76.63286505377609,1,5.444070212501264e-16,1.8177187376030565e-15,0.7099342886492258,0.290065711350776,sample_2989,uniform,train,76.63286505377609
3.932801243769691e-17,3.466517767314249,shallow,38.15849174393549,28.136317801224987,66.29480954516035,3.0125552758625305,1.5477103519250162,1.5090699441191195,11.91133913546248,21.881383797655165,2,-2.2404200299990566e-16,1.982815955238153e-15,0.5755879231833638,0.4244120768166381,sample_2990,uniform,train,78.2579228365523
4.2685750627309696e-17,2.3096107412405447,shallow,25.497766357929166,2.6730041424413904,28.17077050037052,2.1463787143150883,0.6372607179603996,0.6372607179603996,nan,41.41976853753199,1,-6.538394815749649e-17,1.3084272727673672e-15,0.905114269330823,0.0948857306691783,sample_2991,uniform,train,41.41976853753199
4.029979510505381e-17,1.8414291073258853,shallow,93.74086968887359,36.929522502652866,130.67039219152628,2.4293602161974888,1.4409709565111395,1.1344063005473357,7.8051265204351425,26.93282711715094,3,5.362891928110446e-16,1.3594180055697758e-15,0.7173841611455154,0.28261583885448593,sample_2992,uniform,train,111.7943723445273
4.3906384384065995e-17,6.023584937360325,deep,58.45867352679149,14.706213858829665,73.16488738562111,2.763765003606479,1.244019543683364,0.7250071333234495,4.436214602563771,18.144707491760965,2,1.1698991256664235e-16,6.06970400308903e-16,0.7989990228329144,0.20100097716708623,sample_2994,uniform,train,57.31653044170733
4.565846993393489e-17,7.3656491674247375,deep,144.31550967485592,43.56764610595907,187.88315578081446,4.112298775979726,1.1687388529937206,0.8680755903820001,8.885943956609225,43.29152463254771,3,2.2084349143967866e-16,2.7985564872876482e-15,0.7681130811067236,0.23188691889327923,sample_2995,uniform,train,259.79444101101546
4.336174962587803e-17,4.9004982278466525,medium,57.8918018402836,17.684098752064113,75.57590059234764,2.3788944193842543,0.9792966271629077,0.708862593437355,6.289674077406556,16.56929587268741,3,1.721043736673184e-16,9.871795991851505e-16,0.7660087592280095,0.23399124077199152,sample_2996,uniform,train,117.04634651231453
4.887190977262007e-17,2.0958633901631023,shallow,22.803218168481028,18.754540353034294,41.55775852151519,3.3322891006412347,1.2273033185224587,1.0074538587898325,19.70279168036855,20.051867022870578,2,-1.7604627963001625e-16,3.163077384155941e-15,0.5487114555679271,0.451288544432076,sample_2997,uniform,train,113.09160333151587
4.1706262559478835e-17,6.4493173154538335,deep,69.3968536290266,11.999408461482226,81.39626209050864,3.776992021712224,0.9524422635426406,0.8264403123991612,7.188880302244572,7.517451639504333,2,-2.1006654915122682e-16,2.182356773859012e-15,0.8525803500885668,0.1474196499114354,sample_2999,uniform,train,139.91129587912394
4.255684251664763e-17,3.874967962361074,medium,103.12866175921127,20.834435014198274,123.9630967734093,2.5250416615811067,1.4312612013099413,1.3452863287624681,9.985990186255943,12.474560414972965,2,3.464816262111433e-16,1.920182882448711e-15,0.8319303441387799,0.1680696558612221,sample_0001,uniform,val,60.949321036672586
4.3757570397343785e-17,4.493166781404351,medium,129.70228375072844,30.062617388181323,159.7649011389095,4.072739375337646,1.0542350823978168,0.8534661907471824,8.43326745692321,83.20796207408854,2,-1.630139883440519e-16,1.6900222618613705e-15,0.8118321535338807,0.188167846466121,sample_0008,uniform,val,232.78840755283022
4.225953978105582e-17,8.215329093552395,deep,40.26428259982071,21.2018419393669,61.46612453918752,3.0439104089574216,1.192550177456658,0.9137177162744161,18.253766734567417,10.495212604985571,2,-1.7094647003745567e-16,1.5027880209028388e-15,0.6550646051248986,0.34493539487510294,sample_0013,uniform,val,82.76072341399491
4.175246920306179e-17,1.572923075481084,shallow,121.59751380881428,35.344985069065274,156.9424988778793,3.2766127840069657,1.533123274343334,1.4613519689457484,9.645724441429994,15.610651904813325,2,5.556586378998193e-16,1.6298669047743183e-15,0.7747902236693212,0.2252097763306805,sample_0014,uniform,val,110.27289216196324
4.1644395024519616e-17,4.00257900970183,medium,44.12775086671814,22.058249654097676,66.18600052081571,3.985038612697746,1.0269616000420119,0.9216030316884263,12.863902984708801,33.11341560778719,2,1.5661860094025588e-16,1.5566539128287661e-15,0.66672333302327,0.33327666697673153,sample_0026,uniform,val,176.0964307964952
3.782841231380646e-17,7.02417413032633,deep,56.02778312578045,18.152113282983986,74.17989640876435,3.1721304167867133,1.415464591496197,1.415464591496197,nan,66.44977099779904,1,-3.409627043577644e-16,1.1973303586269056e-15,0.7552960551069302,0.24470394489307098,sample_0029,uniform,val,66.44977099779904
3.6953937256201417e-17,6.557676578335369,deep,21.43260291491693,12.187857184128335,33.620460099045225,2.5496832182605345,1.2635407238678247,1.2635407238678247,nan,55.10153279330299,1,1.9876733897110636e-16,1.2152185658924406e-15,0.6374869008864512,0.36251309911355,sample_0039,uniform,val,55.10153279330299
4.124563546942198e-17,1.730194157106953,shallow,20.39399700502062,4.667654849432348,25.06165185445295,3.8798852524506167,0.6591350669809443,0.6591350669809443,nan,106.62874527173419,1,7.761820563796475e-17,6.733550554571271e-16,0.8137531046820051,0.18624689531799557,sample_0047,uniform,val,106.62874527173419
3.860447411162507e-17,5.291770116977654,medium,86.11015210181208,21.31296139876857,107.42311350058053,3.1134930973955313,1.6416733045467424,1.6416733045467424,nan,64.57376549786967,1,-1.7982226529346177e-17,1.124453212562716e-15,0.8015979922360631,0.19840200776393802,sample_0060,uniform,val,64.57376549786967
4.2145634431660663e-17,6.342011701224755,deep,125.92054193952316,21.249860164691267,147.1704021042141,2.3679032961030773,1.7041944762870247,1.7041944762870247,nan,55.613534254728286,1,-5.374038838529653e-17,2.1967524729728807e-15,0.8556105041444168,0.14438949585558544,sample_0086,uniform,val,55.613534254728286
4.762321208634037e-17,6.362970889178818,deep,81.72632400266866,33.624037019864836,115.35036102253316,3.107442212157645,1.3378254231511855,0.894134034136086,10.219589032832975,41.1965020669223,2,-2.9943136403585935e-16,2.895136892913673e-15,0.7085051427511683,0.29149485724883456,sample_0101,uniform,val,104.29050815145064
3.4747187210014545e-17,2.318285752326773,shallow,19.956093872321382,12.052124445112511,32.008218317433844,2.3028290932950384,1.3312352769671643,1.3070305727990839,20.16829194552677,5.004788434710943,2,2.30914480165273e-16,1.5539131547386483e-15,0.623467812997637,0.37653218700236457,sample_0102,uniform,val,36.38801360557139
4.4068496613282754e-17,5.3895472182971496,medium,42.03844052647596,20.735717103212867,62.7741576296887,2.379302974795022,1.1214581467155782,0.7239111382504753,7.912016177940994,17.232781195192917,3,2.167793747327589e-16,1.98083070252478e-15,0.669677493316041,0.330322506683961,sample_0131,uniform,val,90.99658570318947
3.944381373084936e-17,4.405258853054585,medium,31.407054466734206,15.185175284289592,46.59222975102369,2.045324185751462,1.636473361801598,1.636473361801598,nan,35.840583447925106,1,-6.314941889569148e-16,2.36378736607676e-15,0.674083524968971,0.32591647503103144,sample_0147,uniform,val,35.840583447925106
4.502409883145415e-17,1.7326737263193808,shallow,81.37085878870944,11.386592103194912,92.75745089190414,2.6014066181674482,0.947477980000883,0.7738785630816681,7.25534285888682,33.92546765980881,2,1.6010568188178525e-16,2.2789162687854716e-15,0.8772433697378749,0.12275663026212735,sample_0156,uniform,val,69.41117650968519
4.0157168228779515e-17,5.541518826169032,medium,19.902717222039694,11.057339203088144,30.960056425127796,2.6996199568056083,1.037700272415885,1.006713512321009,14.860686390607938,24.999408933810187,2,-1.6284994576804588e-17,1.3770182960973086e-15,0.6428514518431644,0.35714854815683694,sample_0162,uniform,val,57.681369112318166
4.623665396399166e-17,2.5788298100028237,shallow,63.290735053003594,31.27347844267682,94.56421349568025,2.9336448783848494,1.4586012043214873,1.1280122285440513,4.223742416388576,4.9947344220980305,3,2.8561670209073314e-16,1.7281889541891912e-15,0.669288441297032,0.3307115587029697,sample_0171,uniform,val,73.25455333617265
4.3569838204680267e-17,2.267620729681054,shallow,100.91972275055907,31.75354005407336,132.67326280463217,3.6894278925794524,1.0274181071442032,0.663966432956378,8.85437744847146,23.622392236691542,3,3.3212069982908577e-16,1.9547879736276573e-15,0.7606636078526859,0.239336392147316,sample_0177,uniform,val,204.682833303842
4.1494978437499995e-17,5.985771501027271,medium,91.53987153761202,26.538739756426367,118.0786112940381,2.8856992024677304,1.0836776340470695,0.6634241860756556,5.5353410012392175,27.014102028406423,3,-2.251756325196928e-16,2.407015895506136e-15,0.7752451568867151,0.2247548431132873,sample_0181,uniform,val,115.76251809490792
4.795792644169725e-17,4.521030593427113,medium,43.484404847893366,26.169970796610396,69.65437564450353,3.2467528216032746,1.2372613222608186,0.68040755681409,19.425756098540926,52.314126329216265,2,-1.852760928370282e-16,3.3153177669787223e-15,0.6242882007847664,0.3757117992152369,sample_0205,uniform,val,116.01665079028913
4.189710820713921e-17,5.6343092412141,medium,192.10751617662655,42.16762224029703,234.27513841692294,4.092117396774957,1.2059634989425299,1.0047090594795223,6.0728905802755895,10.262362907630475,3,-1.0918667773812733e-16,2.6993177299978013e-15,0.8200081215393259,0.1799918784606768,sample_0208,uniform,val,174.75540774188613
4.413045396042903e-17,8.171026879402042,deep,30.207919936501163,3.6267780768082054,33.83469801330928,2.151547007766764,0.92329778352496,0.92329778352496,nan,22.012850246655777,1,1.2535424793660444e-16,2.6644277884230294e-15,0.8928089124548568,0.1071910875451458,sample_0221,uniform,val,22.012850246655777
4.361335773345923e-17,7.881792244384284,deep,54.85556876546076,4.731557390558342,59.58712615601903,1.906988464222652,1.0186813063652624,0.6596351284752802,8.087026647662292,4.75205992610928,2,1.0045456802881414e-16,1.1626322866321326e-15,0.9205943012225581,0.079405698777443,sample_0229,uniform,val,33.801168316196076
4.337774111113213e-17,4.393780978672849,medium,106.76574003035743,15.943530080431103,122.70927011078835,2.687527870508902,1.5634587485704767,1.5634587485704767,nan,40.29212871985907,1,-6.802592564595694e-17,1.5055187854253562e-15,0.8700706958322199,0.1299293041677817,sample_0232,uniform,val,40.29212871985907
4.6158133532789034e-17,1.8608413677264046,shallow,82.894412344701,23.246608923487607,106.14102126818838,2.73416443783289,1.3551087129425035,1.1885715877978384,6.696267617113282,9.855248376281592,3,-2.491599110419283e-16,2.075241461348628e-15,0.7809837455327495,0.2190162544672525,sample_0237,uniform,val,73.86168174373283
4.653757221800329e-17,3.561216567654011,medium,77.92918176688603,38.17722863708013,116.10641040396591,3.319115895761729,1.3601267783849362,1.137506045029454,14.462364951832743,7.336578862120384,3,4.133895247566177e-17,2.1419140997536208e-15,0.6711875898647554,0.3288124101352468,sample_0239,uniform,val,138.97280953982616
4.048596870393922e-17,8.093244707328333,deep,81.05242097269937,33.89024296017517,114.9426639328744,2.8571179625620693,1.6200710062052455,1.4940555166593716,10.316976301223145,34.992015762882495,2,1.0958121605387348e-15,1.236342906016258e-15,0.7051552330476117,0.2948447669523895,sample_0241,uniform,val,83.52936107992421
4.383194200536748e-17,3.0364824899546887,shallow,110.7191984191468,45.43122732659853,156.15042574574497,4.182270630371896,1.4035080650674236,1.3593471507465416,12.4787819918452,55.79204664518873,2,-7.209376381241927e-18,2.3661941415188254e-15,0.7090547328985676,0.2909452671014348,sample_0249,uniform,val,199.7263361700032
4.482952014227447e-17,7.38638882348006,deep,31.187222843648197,15.291847070474919,46.47906991412309,3.095806296645656,1.2925186671308857,1.2925186671308857,nan,74.53022732120158,1,-4.5270913654198614e-17,6.114947971832761e-16,0.6709949855122139,0.32900501448778674,sample_0262,uniform,val,74.53022732120158
3.783940469036553e-17,2.423214301894918,shallow,176.09388636122245,48.124957307046095,224.2188436682681,4.3194712166661295,1.1917050214904439,0.6752806057324835,5.355371135598354,39.387455758372816,3,-1.5496283168093195e-16,1.9330715551049877e-15,0.7853661337302829,0.21463386626971903,sample_0271,uniform,val,251.3787049140231
4.185459689237857e-17,4.504707693924419,medium,65.76608904257581,26.759966179639992,92.52605522221566,4.216968523160739,1.319093228910248,1.163664229103857,4.308131845707606,11.948734155027012,3,1.2262668324671538e-16,1.5742728951428054e-15,0.710784533984815,0.2892154660151866,sample_0278,uniform,val,143.5899827071484
4.546408485061601e-17,3.177474226677292,shallow,36.63251246581101,8.576685638252942,45.209198104063844,2.090292639420435,1.0085656522663184,0.6975062062770361,6.280127387243032,3.510212101063651,3,-3.205510047005641e-17,2.3968079892502015e-15,0.8102889235391707,0.18971107646083166,sample_0281,uniform,val,30.86791810329736
3.962440734311398e-17,2.521546033492233,shallow,61.60859934193194,29.411871110530868,91.02047045246265,3.372441400920664,1.2510005226298904,0.8611727368053768,10.906878563548785,58.59740813634627,2,7.557888232722916e-16,1.7954733524496018e-15,0.6768653143152927,0.3231346856847091,sample_0283,uniform,val,135.2658843872992
4.2821425045881945e-17,5.682616509653117,medium,53.0558162454934,33.22794475773718,86.2837610032304,3.0762157650796187,1.373717617590858,1.062240462702098,14.692855406625357,29.733289695436813,2,1.1152118572112376e-16,2.141087837961879e-15,0.6148992073202167,0.38510079267978536,sample_0284,uniform,val,100.19167655310888
4.2120255310823305e-17,6.034524598080867,deep,84.14148621802879,15.093584133964912,99.23507035199357,1.9819506219586323,1.187030651512494,0.6791135876093453,5.102940328869225,13.571934282108389,3,1.1338682819018413e-16,1.3067361046478384e-15,0.8479007060666475,0.15209929393335378,sample_0286,uniform,val,46.86902167303773
4.593541303978263e-17,7.694541028206629,deep,45.016171247477835,10.669776825873893,55.68594807335162,1.7673845523083074,0.9523869333219435,0.6360573667255738,5.344155686354955,12.942481133309611,3,5.8471175585904314e-18,1.97777227205942e-15,0.8083937295667634,0.1916062704332386,sample_0292,uniform,val,45.3702496349247
4.396219591284235e-17,7.948100245970851,deep,64.90617579678536,7.058516732607275,71.96469252939254,2.477927366337125,0.7576219726765177,0.612469375596696,12.983065893693984,21.58501544692299,2,1.5934252909214668e-16,1.4069724511705485e-15,0.9019169472623778,0.0980830527376236,sample_0298,uniform,val,63.85977231210833
4.3165054185985985e-17,5.584287618700301,medium,87.59031428644418,23.724526203865846,111.31484049030978,3.518999302285099,1.0479409855213704,0.8210403659933259,6.164414002968978,4.414971587496199,3,1.1472054507355203e-15,2.2660291303817113e-15,0.7868700516537966,0.21312994834620566,sample_0317,uniform,val,170.56644565939075
4.120677725121709e-17,5.02910478662827,medium,20.783626010941216,4.998529666515228,25.782155677456416,2.1742522895033805,0.7104904531336961,0.6215994475614385,9.3936148526539,21.39145097380082,2,-2.367717651123945e-16,1.102379094516739e-15,0.8061244478914597,0.19387555210854143,sample_0326,uniform,val,64.44593783185249
4.0693162170910205e-17,2.2718806611629154,shallow,35.420811534718766,20.52890122492628,55.949712759644946,3.7637186458236873,1.1535233306754198,0.614137394287844,15.399999999999999,33.883540108915454,2,-9.492800953468249e-17,1.7779534174510265e-15,0.6330829916300637,0.3669170083699381,sample_0356,uniform,val,150.90144714536575
4.715362820731982e-17,5.667042525064149,medium,136.06292225912185,40.51203421783927,176.57495647696064,3.258936142126965,1.147642946423913,0.675195709214117,10.301456207740728,7.726209830390313,3,-1.8892862922262873e-16,2.7363396823485082e-15,0.7705674970780765,0.22943250292192624,sample_0372,uniform,val,166.23266959280323
4.1598344701689096e-17,4.7826052153944705,medium,114.0805462555311,31.959132301888832,146.0396785574196,2.8728325676363715,1.338926653235669,1.1464924054056311,9.977975746613138,11.199194073285561,3,-1.9087524148499516e-16,2.3597232632099656e-15,0.7811613075461348,0.21883869245386764,sample_0379,uniform,val,107.51680762049165
5.29049408674419e-17,4.042334495951201,medium,26.187255631413496,6.516591345468831,32.70384697688229,1.9151977548024048,0.890514649845003,0.6997040446511017,7.5312681535050885,15.15519580050328,2,1.1583370287675634e-16,1.1678036554568742e-15,0.8007393029304704,0.19926069706953076,sample_0383,uniform,val,41.88348935644348
4.336762166784706e-17,6.223178525500712,deep,70.14845050430131,14.631923135157074,84.78037363945829,2.839165517502565,1.1259690462096192,0.8629727968998973,16.331564530074886,6.216151382916558,2,1.0137014258270855e-16,1.0895275838442651e-15,0.8274137927560745,0.1725862072439265,sample_0403,uniform,val,49.685570521962035
3.8719182636077276e-17,1.6698411819677428,shallow,66.14723962464237,29.981013530409154,96.12825315505137,3.4953672171607946,1.3857828889487023,0.9494353770060577,3.929376540877701,2.8825794153204156,3,3.3378146642569737e-16,1.5891965491353977e-15,0.688114445582916,0.3118855544170856,sample_0413,uniform,val,169.30902549639953
4.979179331944833e-17,3.6197479610984784,medium,42.10406460422651,22.620246151673875,64.72431075590028,4.010877495342615,1.1467796593037103,1.086704278444156,8.982204629154248,45.505398308707875,2,1.8273041543840727e-16,1.6466982671468471e-15,0.65051391219934,0.3494860878006617,sample_0419,uniform,val,137.48633358794262
4.4093869143515305e-17,5.217661122091311,medium,87.58105259259155,10.591105338936181,98.17215793152755,1.9370683711397505,1.1851198678120092,0.8691494594608404,5.003998401278718,6.687452834884252,3,-6.981091887906345e-17,1.8094303688823993e-15,0.8921170160451906,0.10788298395481123,sample_0421,uniform,val,31.61719310303315
3.917210736103859e-17,2.1235217273527622,shallow,12.057792149913343,6.829907295835646,18.887699445748957,1.9214748053097361,0.8259929158837847,0.6578239056759542,20.331256724560834,15.978942070823004,2,7.457854171047951e-17,1.6928701772836062e-15,0.6383939020496847,0.361606097950317,sample_0424,uniform,val,45.695102354893216
4.2493263953599575e-17,5.639073415988415,medium,17.27149523066463,8.167528302481685,25.439023533146248,3.731124938468547,0.7679605540334687,0.604327538918473,20.810574235229552,27.203060667585884,2,2.213510749109874e-16,2.6534650518034668e-15,0.6789370357773526,0.32106296422265,sample_0435,uniform,val,141.8725997435421
4.184624608923759e-17,1.5766687841532456,shallow,54.573312002712356,9.737092929470464,64.31040493218268,1.7426500188242162,1.2524047854439797,1.223949526411166,20.75572210259137,10.89976343277899,2,-6.952560375149646e-17,2.209728694787071e-15,0.8485922621737744,0.15140773782622782,sample_0442,uniform,val,33.067386859977034
3.6269652838074195e-17,1.7733221556093333,shallow,15.37638973775641,3.948649304838581,19.325039042594966,3.129264620293083,0.6416163549358539,0.6416163549358539,nan,71.99375029010982,1,2.599045064095925e-16,1.3098594474070738e-15,0.7956718588699766,0.20432814113002468,sample_0444,uniform,val,71.99375029010982
4.570124210882137e-17,4.247184274763671,medium,81.39517008679135,39.32857761944313,120.72374770623418,3.4843004948108915,1.4141645980735476,1.042830150186077,7.696752561957541,9.360566231451385,3,3.606792865841461e-16,2.5308473451331177e-15,0.67422666735675,0.3257733326432526,sample_0491,uniform,val,99.2457229774869
3.9886276852418645e-17,6.4017476277842125,deep,75.03347776389373,35.21419221324798,110.24766997714137,3.531958365489207,1.076871484586162,0.7211834086360365,9.752948272189284,71.71548510432382,3,-5.057334716617054e-16,3.0935847735880786e-15,0.6805901456189604,0.31940985438104275,sample_0495,uniform,val,227.62331390280985
3.9399572651319366e-17,1.780707759237404,shallow,21.595995635378163,19.027920788139905,40.623916423517976,3.2415297355574526,1.509153343505561,1.3296072911374766,26.019223662515376,11.596560840156096,2,-1.7210338527788805e-16,2.2737974026388534e-15,0.5316079181099295,0.4683920818900728,sample_0497,uniform,val,82.05523826772598
4.210730537171004e-17,5.248479738830995,medium,32.99106580091789,19.294178986875394,52.28524478779317,2.933646757888848,1.6495784858598026,1.6495784858598026,nan,56.81033888741118,1,-3.9082914642463824e-17,2.174357950948296e-15,0.6309823342095203,0.3690176657904819,sample_0510,uniform,val,56.81033888741118
3.7709422497206495e-17,5.9060040332741215,medium,21.735053606812297,13.029414513024983,34.76446811983723,3.657080353575922,0.7929905066153352,0.7551220666729588,14.849915824677257,89.52700020278716,2,4.880415444110665e-16,1.3796165239311972e-15,0.6252088635985742,0.3747911364014272,sample_0515,uniform,val,190.91642307515843
3.610205822499157e-17,4.7996042058592705,medium,41.558063081426134,22.40711578332568,63.96517886475176,3.8555512435002948,1.511692330157664,1.511692330157664,nan,95.29955472892222,1,2.5799383965982605e-16,7.775791827045967e-16,0.6496982236115789,0.35030177638842186,sample_0522,uniform,val,95.29955472892222
4.454877637090866e-17,7.420564359470987,deep,24.01586992881456,17.990507909328144,42.006377838142626,3.30204668948357,1.0792072564860984,1.0377457275178767,14.205632685663812,36.726382256061,2,6.416341889619329e-17,1.8606627125712433e-15,0.571719609373405,0.42828039062659684,sample_0542,uniform,val,121.7151262592899
4.204515223487764e-17,5.013469761261506,medium,75.2063058293112,19.216255777339914,94.42256160665094,3.635077611718077,0.8967973125574997,0.6116089289673982,5.126402247190519,25.287654873866586,3,2.426498591265956e-16,1.843658626700109e-15,0.7964866081753688,0.20351339182463313,sample_0546,uniform,val,216.66965969881795
4.244604747245667e-17,5.6555753274764164,medium,96.58055414978507,39.93109258265863,136.51164673244352,3.844891290368326,1.2885452426108799,1.1871187248918402,12.214745187681977,73.86084055024678,2,-1.5137341362565707e-16,1.3012492940487542e-15,0.7074894813852657,0.2925105186147356,sample_0550,uniform,val,198.34448044650196
4.7432533217874075e-17,1.5902541926374267,shallow,43.28573164293252,22.429537574794722,65.71526921772711,3.6259178381556043,0.9390933475699145,0.6551191002390699,4.833218389437827,22.019497428774923,3,1.0957236979344402e-16,1.946240104610525e-15,0.6586860581749837,0.34131394182501823,sample_0571,uniform,val,171.46792746376747
3.900062920084054e-17,3.433626631352187,shallow,39.823890055055394,13.828967717752146,53.65285777280746,2.7505769299675067,1.3395487853243637,1.3395487853243637,nan,55.72987110398375,1,5.564482562841939e-16,1.522983453340398e-15,0.742251050702449,0.25774894929755254,sample_0574,uniform,val,55.72987110398375
4.754774918634257e-17,3.0378078187163107,shallow,19.31579750094356,9.847285795233798,29.16308329617731,2.2482188005743056,1.2513114238738516,1.0483515371089123,12.343419299367579,10.435143493605802,2,-3.2120646793130787e-16,1.7055121023409297e-15,0.6623372880286451,0.33766271197135656,sample_0604,uniform,val,36.88196886754047
4.200747503746542e-17,4.29542629004531,medium,29.243740868704876,4.150067413592849,33.39380828229767,2.19869400555256,0.7749271765556405,0.7749271765556405,nan,44.52285305127827,1,8.941595255971113e-17,1.64902012839905e-15,0.875723446139781,0.12427655386022066,sample_0606,uniform,val,44.52285305127827
3.924561106474902e-17,4.543543328203407,medium,47.483642537882204,20.93289732784613,68.41653986572821,3.7116115399399883,1.4289422230364532,1.4289422230364532,nan,118.31396527649343,1,-1.7028104258367592e-16,1.8174695622148157e-15,0.6940374744334025,0.30596252556659936,sample_0634,uniform,val,118.31396527649343
4.318203414881448e-17,2.547274675551159,shallow,69.04299411601856,15.164192294771926,84.20718641079033,2.9889080824000103,1.464539288196065,1.131494600566445,13.676256797823008,7.502049677861913,2,4.005397181884094e-16,1.8985566714711716e-15,0.8199180742033602,0.18008192579664178,sample_0636,uniform,val,49.70128949310964
4.493843112498072e-17,7.199743486242475,deep,95.17989119412053,40.810339836289295,135.99023103040957,3.4952927260201876,1.4288217100295202,1.2303684639652364,5.407402333838309,73.53643577641905,2,2.403272974469834e-16,1.828733987961415e-15,0.6999024155848136,0.3000975844151883,sample_0644,uniform,val,150.21627708427013
4.995620226091188e-17,1.4269491196966586,shallow,91.59110499445787,43.24349291606369,134.83459791052115,3.0785515483017316,1.6738100108666822,1.5700467351597411,13.824615727028366,18.32938541686826,2,7.907302925094151e-17,2.951052164591412e-15,0.6792848898858993,0.3207151101141037,sample_0651,uniform,val,102.57883115504809
3.739203076362842e-17,4.834567426801008,medium,32.282664853338,19.428815705833475,51.7114805591714,3.4163554217482845,1.0175620166420503,0.8203479864455765,16.816658407662327,52.01331126549773,2,2.709894179840774e-17,1.4427548089527372e-15,0.624284288600057,0.37571571139994436,sample_0653,uniform,val,123.75774538649188
4.292620385618977e-17,4.811377092747111,medium,81.05523235538934,17.48664194279725,98.54187429818641,2.306953550581793,1.1754134864157015,0.9234341004485664,15.285287043428395,12.39211833351611,3,-1.3611472074253788e-16,1.7305359553685953e-15,0.8225460793460988,0.17745392065390295,sample_0655,uniform,val,54.18135325463522
4.1957000331075455e-17,3.7805035394078277,medium,33.786630117406794,11.728702360964316,45.51533247837108,2.0683285210544127,1.3354291847505553,0.9358121383251181,19.213536894595958,10.68704933973975,2,2.0416853439024123e-16,7.024978478274058e-16,0.7423131564173947,0.257686843582606,sample_0665,uniform,val,30.288011590757094
4.100573864447124e-17,6.383851593085283,deep,57.62098125951063,15.490129295010536,73.11111055452103,3.656520373873565,1.0460958495470163,0.8096080351561411,5.782732917920384,10.839012542125522,3,1.0110345455157185e-16,1.79795389672808e-15,0.7881289290023987,0.2118710709976031,sample_0669,uniform,val,130.0704389997748
4.073396917625975e-17,2.5174679376979325,shallow,36.10355750265037,17.5993423920464,53.70289989469663,3.2981366349525443,1.0351450275102319,0.8841733552105988,13.95994269329212,24.26853306682045,2,-1.3836857456568368e-16,2.580043791767425e-15,0.6722832020886034,0.32771679791139924,sample_0695,uniform,val,91.02388646669424
3.501006207843956e-17,1.43229840924692,shallow,35.85338734007614,22.52137877723669,58.37476611731275,2.2613230549866836,1.0929244170552341,0.8575005795683034,7.533923280734944,16.975953064088156,3,5.053519354772801e-16,1.3389295774913686e-15,0.6141932503510753,0.38580674964892603,sample_0700,uniform,val,107.86464848559946
4.551268210029882e-17,8.236529460118488,deep,121.94839133402684,5.590338268735373,127.53872960276195,2.3159241318940955,0.7271142622661536,0.706299991659215,6.046486583132388,6.884992791967107,3,-2.999236791413756e-18,2.0613409985349562e-15,0.9561675242795107,0.043832475720491336,sample_0720,uniform,val,48.87049169159522
4.705772739552988e-17,7.231645654509854,deep,27.14700709118258,22.06709152725917,49.21409861844164,3.176356918658746,1.0806221498407809,1.0345136709686351,7.2691127381545,63.216283855905864,2,2.802566716118552e-16,2.237857181875638e-15,0.5516103688427605,0.4483896311572418,sample_0725,uniform,val,145.7549638484346
4.3660828971447495e-17,1.4767047331145045,shallow,139.09872007466453,45.85391731107152,184.95263738573576,4.2208781166164275,1.3872189790111549,1.065522445245274,3.627671429443412,20.58614267202506,3,7.793715014628401e-17,1.5751195861784936e-15,0.7520775158483485,0.24792248415165313,sample_0731,uniform,val,208.75110682017313
3.7879653742973683e-17,2.5750148310911487,shallow,29.24749012067968,18.78936857770959,48.03685869838915,3.1572369737693324,1.0870558692091943,0.9720489535530197,7.4027022093287,28.835739612024465,2,1.4920733757160165e-16,2.3666584535726177e-15,0.6088551773195039,0.3911448226804985,sample_0734,uniform,val,106.05144518908638
4.568554230828336e-17,7.2411745722422625,deep,39.88192255908027,15.385529787563634,55.26745234664376,3.0146050124760078,1.253302162054323,1.253302162054323,nan,82.3667618947322,1,4.658209824657907e-16,2.699852592692965e-15,0.7216168081882318,0.27838319181177085,sample_0779,uniform,val,82.3667618947322
4.1552711048366996e-17,5.421684991955958,medium,10.269879409940895,2.068310232159303,12.338189642100192,2.4498306157438745,0.6144356342708451,0.6144356342708451,nan,29.447571252296115,1,1.937982158684834e-17,5.398959118784508e-16,0.8323651773756306,0.16763482262436988,sample_0784,uniform,val,29.447571252296115
3.946622599142984e-17,2.7892330801811136,shallow,62.175753809099795,25.51027857293402,87.6860323820337,2.3464414588551716,1.2713770070097203,1.224399238095628,5.370288632839022,11.052130767511812,3,-9.420110476465463e-17,1.2965216310198764e-15,0.7090724955852741,0.2909275044147272,sample_0785,uniform,val,96.14092809595398
4.1964325048386293e-17,5.477563621784908,medium,65.06319054862416,20.56565663896207,85.62884718758606,2.5006291659357736,1.1993794612536186,0.6967784977071315,12.916655913974019,4.796927610077585,3,-5.567298357330531e-17,2.0329944402949057e-15,0.7598279398307329,0.24017206016926915,sample_0787,uniform,val,67.7860448262913
3.8372653091458415e-17,7.202258657590061,deep,114.54301466065502,29.82788686366926,144.3709015243241,3.629961856672332,1.2344832060800643,0.982883450625679,3.847076812334268,23.032664357335594,3,3.3612312810881413e-18,1.2550201994014585e-15,0.7933940527576219,0.20660594724237943,sample_0814,uniform,val,151.3922507628414
3.855538496053176e-17,7.876226378187827,deep,23.648844908100443,18.486507799325,42.135352707425405,3.0597473283532746,1.4687086435961816,1.4687086435961816,nan,57.443117904082236,1,6.361560216873047e-16,9.27483643916871e-16,0.5612589758607353,0.43874102413926563,sample_0815,uniform,val,57.443117904082236
4.1498084765528114e-17,4.732052825118728,medium,40.06303132161289,9.908078497155879,49.97110981876871,3.6276285212283295,0.8346600810908416,0.7835086818574645,10.522357150372725,30.652956292687616,2,2.5801052488166655e-16,1.173073320020425e-15,0.8017238653876277,0.1982761346123734,sample_0833,uniform,val,100.70095892295808
4.0760634099571956e-17,7.596821851112009,deep,20.499200269937273,5.216048531987901,25.71524880192513,2.2229458883870157,0.8714158126146982,0.8714158126146982,nan,46.01244195686405,1,9.585728859314239e-17,1.6233319789144236e-15,0.7971612652024052,0.20283873479759643,sample_0836,uniform,val,46.01244195686405
4.070548847482249e-17,7.4717001821358675,deep,89.57242563338198,29.0976302302424,118.67005586362426,3.971015686301954,1.1736374969936403,0.8290047427210898,4.770744176750624,4.562810279898333,3,2.3904953967940283e-16,1.0777587615177175e-15,0.7548022538753896,0.24519774612461148,sample_0862,uniform,val,123.25218309009924
4.504409217489052e-17,6.870160015206806,deep,87.73674503319417,20.91404078849821,108.6507858216922,2.6661139047711147,1.1508455860256417,0.7677255840845391,7.432361670424818,8.20620867836996,3,-1.5887138673136675e-16,1.6676216029967376e-15,0.8075113711297013,0.19248862887030044,sample_0864,uniform,val,94.06250635944119
4.37295571546739e-17,6.060399448315431,deep,97.12732330935171,38.30213191945194,135.42945522880342,3.073100639869738,1.4252040936307224,1.308603130601533,10.91970695577496,12.234647947232192,3,3.3410822469951785e-16,1.6789085879367382e-15,0.7171801964739386,0.28281980352606306,sample_0873,uniform,val,126.27475007715037
4.2929204692981095e-17,2.605148352491688,shallow,150.51321580447265,37.076292795350284,187.5895085998226,3.2676760399000147,1.016043971304969,0.6446376216882667,4.48998886412873,29.17157063200345,3,1.2458592050677846e-16,1.7423664089173651e-15,0.8023541237882158,0.1976458762117859,sample_0877,uniform,val,157.68535359969127
3.9282039989878e-17,5.9311419793163545,medium,175.62449673326253,43.32739874884005,218.9518954821022,4.1454090406345365,1.4103254730651462,1.1715838211016973,4.939635614091389,49.27663368002265,2,3.0940619534219324e-16,1.7199561078183793e-15,0.8021145299818545,0.19788547001814724,sample_0891,uniform,val,178.01440136977658
4.097501595590551e-17,6.321266251946686,deep,20.728897301806867,15.747919301581726,36.47681660338852,2.838753936359405,1.2299493684456113,1.2299493684456113,nan,76.4331728047976,1,-1.212200501566521e-16,1.996627918694107e-15,0.5682759415985126,0.4317240584014895,sample_0896,uniform,val,76.4331728047976
3.830501747058568e-17,2.576550116555458,shallow,16.022004692404398,9.583069943121787,25.60507463552615,3.349878711454864,0.9840210719384455,0.876762565971761,15.086417732516889,3.3485540315336735,2,5.384462166792662e-17,1.3181285518213927e-15,0.6257355200275192,0.37426447997248213,sample_0898,uniform,val,79.42494085877865
3.629204881937865e-17,5.873101853886515,medium,35.85586389097854,21.752809787802924,57.608673678781315,3.321488815672069,1.0623549226039184,0.89808489546528,19.515122341404883,58.46026086634098,2,2.849511736123703e-16,2.5901303567865373e-15,0.6224039124890517,0.3775960875109509,sample_0899,uniform,val,133.43062707513712
4.123842322706756e-17,2.7419741565446833,shallow,20.397207590992274,3.4827931923059774,23.88000078329822,3.080484469874766,0.6201407440491984,0.6201407440491984,nan,65.74980119992343,1,3.570215384268315e-16,1.2273821980191725e-15,0.8541543937158567,0.1458456062841446,sample_0902,uniform,val,65.74980119992343
4.3516571851868075e-17,1.8951958692952373,shallow,48.95334811800162,7.189484128733758,56.14283224673527,2.2609056737671804,0.7936849236182845,0.6811282796559219,8.40476055578028,3.2973390302237173,3,1.453151468900609e-16,1.993317337294173e-15,0.871942974000003,0.12805702599999896,sample_0933,uniform,val,61.259992698691946
4.212830988103339e-17,3.1182028932797428,shallow,192.66396794991743,51.52275215578146,244.18672010569853,3.004838263032411,1.4255760497515795,0.7868473294697318,6.1024585209569455,13.953359355667722,3,9.670526434627736e-17,1.5131134995192132e-15,0.7890026446422681,0.21099735535773342,sample_0937,uniform,val,135.09527435797662
4.5783901048641e-17,4.774423747199713,medium,42.48886936373359,14.85111083289357,57.33998019662705,2.9384540786166906,1.2260070352748142,0.8664907871991842,7.782030583337488,2.605748630004783,3,7.108651725471266e-17,1.889741971166381e-15,0.7409990240323268,0.2590009759676751,sample_0938,uniform,val,76.88646529965987
4.0144174090895336e-17,5.4496208251355345,medium,35.88713081943468,9.554199256653574,45.44133007608813,3.1176389362745875,1.001879252254849,0.7448304568471427,11.617228585166083,9.272486531007052,2,-7.740733213009834e-17,2.7754763204826308e-15,0.7897464875993803,0.21025351240062246,sample_0952,uniform,val,100.26090629141616
4.219383626898872e-17,1.3165740506104346,shallow,35.51122761946969,4.100178499973249,39.61140611944294,2.372553269271328,0.7586533709795128,0.7586533709795128,nan,55.94181151651883,1,1.3150298737503445e-16,6.72668688171741e-17,0.8964899532319125,0.10351004676808757,sample_0962,uniform,val,55.94181151651883
3.883596345749063e-17,2.806147840537583,shallow,35.41984501962421,12.316294289524667,47.736139309148776,4.458830901732629,0.9425602841689296,0.6750034437452138,13.88668426947196,20.554703423003374,2,1.381968985648e-16,2.1582955424606106e-15,0.7419922417738523,0.25800775822614985,sample_0963,uniform,val,166.5122424053822
4.024999524130614e-17,4.84381550204283,medium,106.67468675989919,42.103918648985626,148.77860540888437,4.095457573824721,1.1808968323506919,0.7419642902931809,5.110772935672258,7.996648972783358,3,-4.342990729601093e-16,2.961020470386499e-15,0.7170028678970872,0.28299713210291577,sample_0968,uniform,val,194.56241629742158
4.1605217780862626e-17,5.576010401976305,medium,36.03163147121482,15.659309054068625,51.690940525283445,2.8273228661274463,1.2105981603250344,0.9065786566969058,8.66717947200818,27.052517715876036,2,3.8973695977396897e-16,6.872990978105288e-17,0.6970589257046073,0.30294107429539285,sample_0969,uniform,val,69.53435780747144
4.362923337101762e-17,1.33178511555426,shallow,28.27161451045943,4.813745626236729,33.08536013669614,2.717543306070489,0.9245955420754617,0.9245955420754617,nan,34.28886707774776,1,2.1420668854690477e-16,5.905912812395334e-16,0.8545052673947588,0.14549473260524173,sample_0980,uniform,val,34.28886707774776
4.123970272289946e-17,2.8936866642822547,shallow,40.87689422956788,10.00192135541439,50.87881558498219,2.388955305726048,1.1798348041568238,1.1798348041568238,nan,57.11006882033363,1,1.0262155608519938e-16,1.5711068910300233e-15,0.803416780826821,0.19658321917318058,sample_0986,uniform,val,57.11006882033363
4.545019736678665e-17,2.191266835412799,shallow,71.55126723651424,31.14734231872806,102.69860955524207,2.8628791087379875,1.5883594901170808,1.5425436452694592,5.067543783727973,31.07818761983502,2,-2.9746237108174975e-16,2.1793962229258537e-15,0.696711158470227,0.3032888415297751,sample_0995,uniform,val,74.78122035846098
4.9019256761269576e-17,6.39039368014942,deep,44.29812984551243,24.77760103842165,69.07573088393404,3.0745036172151305,1.518480609935027,1.3114435081453397,20.538743875904387,20.737833020951527,2,3.2760042654123617e-16,5.143215472840994e-16,0.6412980257848491,0.3587019742151515,sample_0999,uniform,val,69.24873487085843
4.3603338099693206e-17,7.998590789323817,deep,37.44963513274934,4.6561046050410795,42.10573973779038,1.9957768474977013,1.2348729014295534,1.2348729014295534,nan,15.008085978911964,1,1.2106903828272785e-16,1.0125119380658405e-15,0.8894187672740937,0.11058123272590727,sample_1008,uniform,val,15.008085978911964
4.2820784866133964e-17,5.619557958631812,medium,47.16264948369714,21.803662625710253,68.96631210940728,3.5040625569338815,0.8576958828033687,0.7527294617717346,7.63937170191371,53.80246224257987,3,1.8816514127769275e-17,1.5454126384913206e-15,0.6838505357351704,0.3161494642648312,sample_1010,uniform,val,223.42116028980607
4.011503255842319e-17,3.425831908600821,shallow,17.946378076061066,10.047119670868987,27.993497746930018,4.139472732932019,0.8932995042400896,0.8932995042400896,nan,95.08789635855534,1,2.532832137751296e-16,1.269121033362156e-15,0.6410909504164839,0.3589090495835174,sample_1012,uniform,val,95.08789635855534
3.9036428700846987e-17,5.3909329749132695,medium,21.92888387899251,8.54488901956921,30.473772898561656,2.7174832041563763,0.946653543909956,0.6673764465034016,12.806248474865699,18.841049182601953,2,-2.929027674585537e-16,2.1567793156623367e-15,0.719598585708025,0.28040141429197707,sample_1016,uniform,val,74.26798049246355
4.219209108906415e-17,3.305672193917208,shallow,115.19422721360174,40.4249700778664,155.61919729146774,3.6257795489781293,1.5987326689797727,1.439774089017671,10.373041983911953,43.096853866431225,2,4.023464387237344e-16,2.511248685701078e-15,0.7402314702719366,0.25976852972806597,sample_1020,uniform,val,120.1958040617368
4.4036256984170207e-17,8.319028854861577,deep,54.6803330033094,14.877482269151693,69.557815272461,2.0047080876205885,1.1277793605992164,1.0049069413283371,3.6331804249169912,14.323199455859218,3,9.96483011544967e-17,1.3535058874324289e-15,0.7861134336828169,0.21388656631718442,sample_1022,uniform,val,62.89893346231334
3.91175722391992e-17,1.6727177972769645,shallow,19.185271059329732,13.175655675824292,32.360926735153946,4.000744848572392,0.769308972165651,0.7317400785205382,11.884443613396467,55.025573384697026,2,-1.7826727224163026e-16,2.4152491544287414e-15,0.5928529555517522,0.4071470444482502,sample_1023,uniform,val,170.46566084386689
4.040446465172231e-17,4.239451997358929,medium,25.848657048421135,14.692112468938916,40.540769517359976,3.5623301736568607,0.7881275119933355,0.6046692467575816,21.431752144890066,64.7279754976323,2,2.311630134467937e-16,1.840295291456247e-15,0.6375966059882626,0.36240339401173927,sample_1029,uniform,val,175.8256255379925
3.8089862987358495e-17,3.5873393836642715,medium,24.79234128585317,6.940558296243908,31.732899582096994,4.084484681722156,0.6665191973396198,0.6401682955641471,7.820485918406858,22.54296608501508,2,-2.8078782845861536e-16,2.6029954438425505e-15,0.7812819380628068,0.2187180619371959,sample_1043,uniform,val,124.5473230543205
4.2023698771278854e-17,4.0899641104267825,medium,77.01996824570925,35.025191473937895,112.04515971964696,3.1248913417030924,1.254120432856275,0.934088390184051,7.402702209328695,32.06572695209906,3,4.1260037115043246e-16,1.6488093886418187e-15,0.687401119677318,0.3125988803226836,sample_1061,uniform,val,161.79772650421614
3.879368839518752e-17,4.0207781011681005,medium,79.53831989284186,23.674050321411187,103.21237021425284,4.1759951313336945,0.9200853503762262,0.9096322247933744,10.067770358922575,112.79735365811621,2,-1.9751026853665307e-16,1.927598073756418e-15,0.7706277816092457,0.22937221839075622,sample_1076,uniform,val,234.77644486301523
3.929278479087466e-17,3.0817366090847784,shallow,27.763916049036904,15.435169546744037,43.199085595780886,3.00748614067601,1.1999379611686036,0.9069993960715683,8.66487160897379,3.499436442934401,3,4.613293443604875e-16,1.2747274916112109e-15,0.6426968456885235,0.3573031543114778,sample_1083,uniform,val,69.40783872345463
4.236862751932346e-17,6.405146437724028,deep,17.651188089384988,12.651266003752015,30.30245409313694,3.1683099244337547,1.2189037568397465,1.2189037568397465,nan,60.03747568077579,1,1.8097181693505103e-16,2.051731163024513e-15,0.5825002831497639,0.41749971685023823,sample_1084,uniform,val,60.03747568077579
4.324489814184543e-17,7.948662561202784,deep,22.593991522999925,3.9302204115666677,26.524211934566566,2.2407473213891484,0.9768325421837525,0.9768325421837525,nan,21.48369978462583,1,1.1204417276963185e-16,1.0213099589040247e-15,0.8518251768888656,0.14817482311113542,sample_1087,uniform,val,21.48369978462583
4.417142606772014e-17,7.505322810982643,deep,186.93333245052165,54.02109613892547,240.95442858944676,4.214072903591926,1.5893848488176943,1.2954290746775323,7.353910524340096,2.8542012295805583,3,2.1669198257963017e-16,1.474433858550837e-15,0.7758036801599125,0.22419631984008892,sample_1105,uniform,val,202.1255803558847
3.385116522717148e-17,3.9117347921162167,medium,12.54524008266521,8.938470650453771,21.483710733118986,1.71090053146664,1.1314365443530847,0.7524889940950811,14.273051530769447,7.10669935408709,2,3.542852148617571e-16,2.4805167898604834e-16,0.5839419566995773,0.4160580433004225,sample_1115,uniform,val,28.084641962850203
3.925028166375323e-17,4.757675628315164,medium,17.772563423940703,7.136213934188084,24.908777358128738,3.96549253598172,0.7228098627174182,0.7228098627174182,nan,121.77524654203644,1,4.0228693738954077e-16,1.961148569484693e-15,0.7135060532443516,0.2864939467556504,sample_1124,uniform,val,121.77524654203644
4.236715281046285e-17,6.0074623383182,deep,63.881920938511186,13.569708049456272,77.45162898796735,2.5703509832838005,1.2192018361532666,1.1635360614521846,15.971224123403942,17.38417944584263,2,7.567508085882454e-17,1.353167840290318e-15,0.8247976417440579,0.17520235825594346,sample_1138,uniform,val,46.647079042166155
4.2922476682797924e-17,6.79794364164308,deep,35.92814683119102,7.151103849697688,43.07925068088868,3.058492933932353,0.6846957434738835,0.629181643378665,7.972452571197898,29.125439239658494,2,9.501445411366664e-17,7.628406021343247e-16,0.8340012015838031,0.16599879841619772,sample_1140,uniform,val,92.08505124338573
4.387313003934095e-17,3.55379747181967,medium,96.99628012630944,29.344043899948744,126.34032402625796,2.8444457439930804,1.5117720915372663,1.2303439531340625,6.292853089020908,11.503142252880027,3,3.347218718281284e-16,1.799692039700451e-15,0.7677380984565958,0.23226190154340606,sample_1141,uniform,val,68.86332581001201
4.366565836047517e-17,8.33175930769006,deep,49.680004354344774,23.879008437522906,73.55901279186753,2.323358114802894,1.7657129073727669,1.7657129073727669,nan,52.53358952410272,1,6.381804759930107e-16,2.0284934346769498e-15,0.6753761703533527,0.3246238296466494,sample_1143,uniform,val,52.53358952410272
3.988422517088987e-17,7.499022268428164,deep,68.28849297066947,35.86765736515408,104.15615033582337,2.7393049801033835,1.4462524796072118,0.8904351989252364,8.630179604156565,20.940316709459392,3,1.4554450068868762e-16,1.7054747450562138e-15,0.6556357233873532,0.3443642766126485,sample_1154,uniform,val,92.20347040144046
4.3911448325257887e-17,4.859091368472035,medium,39.10599944366531,5.187817781152298,44.29381722481749,3.069755155836726,0.8394383469517104,0.8394383469517104,nan,50.62135330621027,1,2.258333455391628e-16,2.747120278239206e-15,0.8828771574411636,0.1171228425588392,sample_1162,uniform,val,50.62135330621027
4.313193972560554e-17,1.5327105575635902,shallow,121.68054577089859,24.150565485019843,145.83111125591813,3.6555263084344563,0.9829754866322084,0.7582463883386356,5.844655678480984,7.9064079474062465,3,-2.3406598490825696e-16,2.07075609653758e-15,0.8343935990267684,0.16560640097323379,sample_1168,uniform,val,236.16515800812945
4.036645246732587e-17,2.5989089217111028,shallow,37.81929698550337,10.830494213628022,48.64979119913126,2.5380304744281394,1.3127147682240217,1.3127147682240217,nan,46.263318966055316,1,-1.5286741550412337e-16,2.7749989561482392e-15,0.7773784029350307,0.22262159706497203,sample_1170,uniform,val,46.263318966055316
4.434246221547589e-17,2.3787511813375923,shallow,38.31194187689451,2.6814995542401987,40.9934414311347,2.35303239025053,0.7037215030629898,0.7037215030629898,nan,31.532513867657453,1,5.598045910606497e-17,2.058303643846482e-16,0.9345871080683755,0.06541289193162465,sample_1200,uniform,val,31.532513867657453
3.986870975813115e-17,8.047741109994522,deep,50.63667030883952,19.152551787538272,69.78922209637766,3.9843615813082396,0.7816493907626937,0.6222894484824942,11.52388823271035,34.1057468601562,3,-7.654852654002408e-17,1.934440816778014e-15,0.7255657648527905,0.27443423514721144,sample_1202,uniform,val,227.35236834119243
3.4509837745838755e-17,8.113533468045459,deep,21.32679541392902,12.599786944998007,33.926582358926964,2.2292302364994963,1.3718094905661853,1.3718094905661853,nan,46.40378270240006,1,4.383374029445697e-16,1.832559752740599e-15,0.6286160860030567,0.3713839139969451,sample_1222,uniform,val,46.40378270240006
3.956050984243496e-17,8.000974917068687,deep,74.62030758835864,32.56629496539389,107.18660255375221,3.1998935302285996,1.2869788918371967,0.8286795574263477,13.099618315050256,25.316194775471175,3,3.319528643881724e-16,2.983061534501935e-15,0.6961719637576708,0.30382803624233223,sample_1226,uniform,val,146.2279287949672
4.059945845196302e-17,4.103501116358972,medium,25.570401193496984,13.093049161535696,38.66345035503264,3.90597207623279,0.9636244865204391,0.9636244865204391,nan,126.87208227032842,1,3.257493410227372e-16,1.1026580337276271e-15,0.6613584912544829,0.33864150874551824,sample_1228,uniform,val,126.87208227032842
3.908836865002429e-17,5.687394400401212,medium,130.22356005955032,46.91312595025477,177.13668600980472,3.8245863455305256,1.2018585599308975,0.7211214055027647,9.469952481401371,53.83507275728686,3,2.9172117412112343e-16,2.1259720865050426e-15,0.7351586110871595,0.2648413889128426,sample_1232,uniform,val,218.79856684914242
5.502186511366453e-17,1.5871810422684056,shallow,55.578798340843925,18.870006129257177,74.44880447010101,3.4986419978744068,0.9787462401184297,0.9402859000540308,10.235233265539192,50.87464159010634,2,4.677747842793646e-16,1.240725842493676e-15,0.7465371504140759,0.25346284958592535,sample_1239,uniform,val,150.59918660299977
4.5256476889055536e-17,8.167647699874978,deep,68.1815203823869,9.593789837125476,77.77531021951225,3.0313377933204757,1.1738702209419745,0.7743516746784517,8.567379996241558,7.746891395287496,2,7.27147576402636e-17,1.7129698689597111e-15,0.8766473600677653,0.12335263993223634,sample_1250,uniform,val,63.970013136792495
4.582490178830153e-17,2.830923610143576,shallow,131.75347835959604,36.20804786732866,167.96152622692424,3.3181317455193606,1.5907798811951197,1.4651345487714083,8.84081444212014,21.321071684822904,2,3.2358514844081207e-16,2.7920573010754895e-15,0.7844265369534131,0.2155734630465897,sample_1271,uniform,val,98.75595118962929
3.892042325155099e-17,7.881834294921015,deep,6.174596378748465,1.9223450911729267,8.096941469921388,2.002973071630985,0.7831836231177625,0.7831836231177625,nan,25.34316074756012,1,8.339778926122428e-17,4.113490367008676e-16,0.7625837980533671,0.23741620194663338,sample_1284,uniform,val,25.34316074756012
4.6384958129092816e-17,5.093882780907651,medium,30.742588640745357,14.91879877777252,45.66138741851781,2.138410331301466,1.185878769112705,0.9239346336023035,10.49571341072154,12.754977358462746,3,1.5129267488009778e-16,1.4394044240354082e-15,0.673273204753253,0.32672679524674836,sample_1295,uniform,val,44.091004528386854
4.740790380206429e-17,2.2699495071880125,shallow,66.04895774755556,27.945368101445368,93.99432584900076,3.4773048916591125,1.2142860606469903,0.8862534397553852,4.009987531152685,25.693940868636854,3,-1.3521175385458537e-16,1.814261180577816e-15,0.7026909034239083,0.2973090965760935,sample_1299,uniform,val,142.53456125938953
4.411843202046226e-17,6.674130243366085,deep,96.31049695629251,16.545962562923165,112.85645951921546,2.9660222051750655,1.0378441930866227,0.7044699590586964,6.554387843269577,14.046028775115373,3,2.588837917800786e-16,1.888795923920828e-15,0.8533893174266577,0.14661068257334417,sample_1309,uniform,val,106.60391128419596
4.6011090280112806e-17,3.911603093494794,medium,61.081611312342226,27.3225482048343,88.40415951717641,3.6136296252811637,1.0263785848606213,0.8484053349611731,3.671511950137162,17.79600155749669,3,1.9271437959280618e-16,1.2859896903326968e-15,0.690935942900678,0.30906405709932333,sample_1336,uniform,val,192.8341974365618
4.178656796002497e-17,5.311385747230642,medium,26.88236392856884,8.239087268124013,35.12145119669279,2.2384205288925294,1.119393518927338,1.119393518927338,nan,46.98006894022337,1,-1.3960717821447516e-17,1.820791682560963e-15,0.7654115366138463,0.2345884633861555,sample_1344,uniform,val,46.98006894022337
4.547348536690432e-17,6.059989996335493,deep,10.999405838664195,7.215860034368261,18.215265873032422,1.6720781615928098,1.2211799108536496,0.9931098792748866,10.256705123966471,6.134114863223416,2,4.3466837408388674e-17,1.9016444014461314e-15,0.6038564528969484,0.39614354710305344,sample_1352,uniform,val,21.414552059873355
4.436748162429009e-17,5.1286358225968245,medium,18.954479110976568,5.427219052270436,24.38169816324696,2.1833689447971567,0.9446319536252336,0.7931747876314981,13.57203006185884,4.259629059739818,2,2.1016812807052837e-17,1.821403935348047e-15,0.7774060274254647,0.22259397257453714,sample_1353,uniform,val,47.857973262007626
4.1644959006369395e-17,7.631483900312512,deep,88.99213765693402,32.86961684639482,121.86175450332851,2.3410706893243765,1.631054629331981,1.5757012546755977,5.1613951602255765,24.867661468458014,2,-5.1556098400404826e-17,2.6821348484747e-15,0.7302712653337294,0.2697287346662732,sample_1356,uniform,val,78.61193439277733
4.373835678311254e-17,3.6387611140587373,medium,55.033426200361184,24.666659286769193,79.70008548713018,3.5486527660117155,1.2136186005316305,0.6536682138824204,6.873136110975833,5.471040907582974,2,2.7076272006875454e-16,2.451681841239433e-15,0.6905064889704274,0.30949351102957495,sample_1360,uniform,val,67.95977484354877
4.548474277982128e-17,4.720749332267699,medium,24.8781926262205,9.388205234296152,34.26639786051661,1.8947411478262728,1.2883311230183292,0.8854031283678749,8.414273587185052,2.7087899299368665,2,-4.3855307675675545e-16,1.1404715087323255e-15,0.7260229898540443,0.27397701014595677,sample_1375,uniform,val,17.55442827685647
4.3465440375789616e-17,8.265897899904388,deep,75.36688922211472,25.684565153844304,101.05145437595876,3.283831959883401,1.4467821099359972,1.4467821099359972,nan,102.02321349573656,1,1.3943706521649133e-16,2.6719678727659707e-15,0.7458268630327138,0.2541731369672888,sample_1393,uniform,val,102.02321349573656
4.1364840552887494e-17,5.804024080437035,medium,98.44048898759905,32.02253880684168,130.46302779444036,3.303282604506054,1.595578626003648,1.5798862225019352,8.153526844255804,9.058312436581458,2,3.8877464614227637e-16,2.83208376228562e-15,0.7545470211123987,0.24545297888760412,sample_1408,uniform,val,108.6972482227501
4.0537924974780005e-17,5.572363664133154,medium,53.64982404248532,21.10358087913643,74.75340492162164,2.9887255791270833,1.4362486073799567,1.169397773015199,3.3763886032268267,6.096642295900069,3,3.358374339110618e-16,1.5208248753460232e-15,0.7176907071823249,0.2823092928176766,sample_1415,uniform,val,73.6932668839446
3.968127041682386e-17,2.1002214368492957,shallow,36.87376790728464,8.52329824511914,45.39706615240371,4.486283384830266,0.7469684407072691,0.7469684407072691,nan,148.25040538463324,1,8.412798218726412e-17,1.486914587621108e-15,0.8122500203756499,0.18774997962435164,sample_1448,uniform,val,148.25040538463324
4.3929103670738523e-17,8.124129909145754,deep,73.96546753429256,4.751129290485218,78.71659682477772,2.0139449349484884,0.756345250099663,0.7205525794057195,11.692732785794773,9.104141495637373,2,5.010303746912277e-17,6.431448000172115e-16,0.9396425978493312,0.06035740215066943,sample_1451,uniform,val,43.32031071918719
4.53270777789718e-17,4.039828471892619,medium,88.52446990974218,3.0775880874270203,91.60205799716907,1.8829981152763666,0.8412013648096824,0.8412013648096824,nan,27.96650948810939,1,-9.012675470396686e-19,1.4301678343276652e-15,0.9664026316142155,0.03359736838578596,sample_1465,uniform,val,27.96650948810939
4.4956545963340976e-17,7.925951298591236,deep,86.891317812454,38.094515558469176,124.98583337092296,3.435313789218144,1.162763059534509,0.9181292773499519,7.820485918406863,28.18258993985967,3,1.714195104271015e-16,1.762345716669637e-15,0.695209332681608,0.30479066731839377,sample_1481,uniform,val,183.91779923563664
3.359072242829611e-17,8.070227219002561,deep,23.05813180251753,12.208458322668669,35.26659012518614,2.662620951626957,1.5387883709200474,1.5387883709200474,nan,34.633707069783874,1,1.390352161043155e-16,1.6118206682026927e-15,0.6538236818662612,0.3461763181337405,sample_1491,uniform,val,34.633707069783874
4.143531185588584e-17,1.3384025213850625,shallow,41.04230409740443,23.893749818847564,64.93605391625184,2.8745904842949628,1.371479751865504,1.0217051945344906,22.997391156389895,14.255450763567643,2,9.257470651473945e-17,2.461993082490198e-15,0.6320418569064388,0.3679581430935637,sample_1493,uniform,val,62.42650642616676
4.477581763765163e-17,4.5568711315929225,medium,51.91328233471768,2.239757920579118,54.153040255296766,1.8884590907171293,0.6839987683531044,0.6839987683531044,nan,28.210536986633837,1,1.3120755549717252e-16,5.576430451077131e-16,0.9586402183511753,0.04135978164882524,sample_1494,uniform,val,28.210536986633837
3.7571370042084163e-17,6.076872397184799,deep,38.10019786402411,25.410680774693308,63.51087863871729,3.0498768970518624,1.3724457124480087,1.2830720771768025,19.804039991880448,9.821706959849559,2,5.399481396686928e-17,2.0697305553490513e-15,0.5999003427547859,0.4000996572452162,sample_1512,uniform,val,87.83632340759083
4.5044132861964817e-17,2.9480573852436676,shallow,65.13305413481622,8.020107472218502,73.15316160703462,1.6739818240495885,1.2371594484074975,0.9685236925026759,9.34237657130133,8.483248737854487,2,8.040331737248842e-17,1.4083970456214292e-15,0.8903655386037729,0.1096344613962285,sample_1531,uniform,val,18.512319394534323
3.3188468269082296e-17,5.484153413451362,medium,56.41858046965178,24.852574544670496,81.2711550143222,2.133306062527978,1.3440657846846984,1.1146672954854404,9.537295214053092,16.01923872759498,3,1.6663320511451368e-16,8.742864988628291e-16,0.6942017799514388,0.305798220048562,sample_1550,uniform,val,76.57525349145217
4.204375727855948e-17,2.95649811687455,shallow,74.93990998252316,36.57587014034466,111.51578012286767,3.8557436938670455,1.5197153238267596,1.2665773693174036,4.372642221815089,18.640589229084096,3,4.0437069700371057e-16,1.401769343271328e-15,0.6720117090151246,0.3279882909848768,sample_1552,uniform,val,139.61911533248548
4.445323063498748e-17,6.234584312119737,deep,47.6177407922898,7.499524549532138,55.11726534182183,2.651873419349023,1.0709977916196651,1.0441437763548764,8.685620300243386,2.9244098986733924,2,9.512824094591012e-17,2.0304069911338735e-15,0.8639351117472523,0.13606488825274965,sample_1554,uniform,val,32.09354579759462
3.692723285158415e-17,7.431975336996053,deep,51.2563468462624,35.41961418850973,86.67596103477192,3.3097495404865542,1.4092776130854654,1.2468076741790393,6.554387843269574,51.00896114892351,2,-1.208464491269415e-16,2.5412841744813853e-15,0.591355968071699,0.4086440319283036,sample_1556,uniform,val,130.71871925170325
4.2103540851635356e-17,2.018258808978775,shallow,41.1497921613727,5.796924585741468,46.9467167471141,2.178728169024206,1.2008448691770708,1.2008448691770708,nan,23.49871130078525,1,6.057490408250848e-18,1.437833454058509e-15,0.8765211928031634,0.12347880719683801,sample_1563,uniform,val,23.49871130078525
4.5623111581831723e-17,1.4998414623813803,shallow,30.606045036013878,21.76492665538963,52.37097169140344,3.6177528112847326,1.2675874963430205,0.9601462681202204,8.449852069711044,3.623177594776933,3,2.2574692624368077e-17,1.2889117332968966e-15,0.5844085768803442,0.4155914231196571,sample_1576,uniform,val,126.2681972482714
4.397810421014535e-17,4.781781200414013,medium,17.087678076085176,9.961704953454484,27.04938302953961,3.4183239664161187,0.8248205559602511,0.7645763138728952,12.497999839974394,4.095567658692247,2,-1.2817642904678118e-16,1.904455576171567e-15,0.6317215463814597,0.36827845361854217,sample_1577,uniform,val,109.49365878834297
4.1334875043844385e-17,4.148792057591083,medium,23.783647836365088,10.75741069847522,34.541058534840246,3.306562014189506,0.8665793839040207,0.8200973033890646,15.134067529914091,13.659715703114237,2,1.8529126869470158e-16,1.7485316056162332e-15,0.6885616378078115,0.3114383621921902,sample_1621,uniform,val,111.73748221608781
4.119525724432256e-17,6.377090331972799,deep,45.60950233585297,13.166115197775609,58.77561753362846,4.0340226761293625,0.9317496635878904,0.925404592847328,12.22620137246234,7.676787859809203,2,-2.091713075868914e-16,2.0249197411107053e-15,0.7759935879832739,0.22400641201672816,sample_1632,uniform,val,129.76576509345344
4.01438996909974e-17,3.3429742276257466,shallow,37.78421552957311,11.986298444096024,49.77051397366903,4.401074353646577,0.7807248259218915,0.6307887704424148,16.619265928433784,50.445610507992505,2,-3.454004908454069e-16,2.034384051154898e-15,0.7591686826775138,0.24083131732248828,sample_1636,uniform,val,233.3534443191364
3.529117510856116e-17,3.4845736489643855,shallow,40.305771478306745,23.076069254644935,63.38184073295154,2.9651208425725324,1.6807105072530875,1.6406465401004318,19.60612149304395,3.697883339361457,2,1.060731418800064e-16,2.242101925546308e-15,0.6359198630429206,0.3640801369570817,sample_1637,uniform,val,53.58722304194862
4.8325850214776456e-17,5.247499864597014,medium,61.986913245300336,18.89652650812774,80.8834397534279,2.825569030189595,1.2581112076379684,1.0217899568196667,5.0039984012787215,14.174909433824476,3,1.2020415912200765e-16,2.2401173611208426e-15,0.7663733569475609,0.2336266430524413,sample_1648,uniform,val,72.1219972699681
4.360115755324493e-17,4.768575087489978,medium,33.32241685460303,19.784483591854205,53.10690044645705,2.0262623900133128,1.3899291462350976,0.9469661212196192,7.258098924649622,10.629827067903621,3,-1.87066104525189e-16,3.478664914437702e-15,0.6274592675239831,0.37254073247602043,sample_1649,uniform,val,42.60685307496729
4.313222969786233e-17,8.216787189243501,deep,131.28743919825905,30.231953616168322,161.519392814427,3.7804220651108857,1.1644508804997518,0.7251429044445552,10.262553288533999,6.566366411042079,3,-4.639489620905035e-16,2.3535276910581554e-15,0.8128277162922345,0.1871722837077678,sample_1653,uniform,val,101.56690606383304
4.4524838869654685e-17,4.236746063896912,medium,71.7732529427713,14.816906898673802,86.59015984144501,1.8277005425125432,1.256908667995036,0.8773937717240622,4.565084884205332,9.41320554839731,3,5.499415256529545e-16,9.231540618400745e-16,0.8288846339375638,0.17111536606243707,sample_1663,uniform,val,37.88463598632548
4.0597688237935996e-17,2.6379369304819305,shallow,214.87611600714516,45.4702031185032,260.34631912564794,4.468841734730723,1.1243203954707457,0.8485923336777643,7.5392307299883035,5.864397860323849,3,-8.604523686127847e-17,1.6102406037710705e-15,0.8253472402789839,0.17465275972101776,sample_1664,uniform,val,201.98587322503874
4.316137413360825e-17,8.27484522485336,deep,66.76681451416759,13.574266047006688,80.34108056117411,2.1993515093235203,1.4260192574377333,1.1665481034756406,10.950799057603056,6.1576752132312675,2,3.626618955772079e-16,2.1225785786211474e-15,0.8310420279116029,0.16895797208839922,sample_1667,uniform,val,50.72048293587994
4.1961792508555855e-17,5.89104194902637,medium,29.85272060034597,22.210033818785398,52.06275441913123,2.623349851682758,1.6116918419754853,1.6116918419754853,nan,51.337378767719855,1,-2.0606245374428105e-16,2.661323531939469e-15,0.5733987940787119,0.42660120592129086,sample_1672,uniform,val,51.337378767719855
4.311354860548137e-17,4.492754609249384,medium,44.04553761334475,24.117031383246193,68.16256899659078,2.7665547623051974,1.1007824791384409,0.9641541071898688,6.2737548565432455,24.658227327879388,3,1.9991558749967505e-16,2.3975743818135274e-15,0.6461836497909539,0.3538163502090485,sample_1722,uniform,val,133.53590193725
4.480143477769606e-17,7.08448027467045,deep,65.39416996647597,5.299212251067231,70.6933822175431,2.484650403088225,0.9243181345150593,0.8137894824571995,10.363397126425292,7.701089463047846,2,6.277263643680833e-17,1.3945832197323922e-15,0.9250394862313988,0.07496051376860267,sample_1728,uniform,val,32.55946096124591
3.657486907784777e-17,5.144041199717992,medium,9.084913170312202,9.817215697187839,18.902128867500018,3.098690706797049,1.1494102844808185,1.1494102844808185,nan,51.70138843747085,1,3.0095089424697106e-16,1.2216951367794517e-15,0.48062909918748037,0.5193709008125209,sample_1732,uniform,val,51.70138843747085
3.453899863762402e-17,2.4872720171883906,shallow,34.95099540550611,22.784266483014996,57.73526188852097,3.1329723559222225,1.549481828532679,1.549481828532679,nan,60.83948089609138,1,1.3796372437629854e-16,2.4613822212569597e-15,0.6053665344584699,0.39463346554153256,sample_1733,uniform,val,60.83948089609138
4.248563943007709e-17,5.335219679165115,medium,168.57049667999007,42.554637208388215,211.12513388837786,3.604098191743795,1.2821600773048194,1.129816314223616,4.951767361255979,18.987568083000742,3,1.084242391665643e-16,2.019303119454546e-15,0.7984387911347093,0.2015612088652927,sample_1747,uniform,val,192.89485312726387
3.749902571232464e-17,6.641823991028296,deep,30.17630418656637,22.80145381650073,52.97775800306694,2.3046724333059334,1.4071801156911312,1.323532089489124,22.13955735781545,23.081412381966427,2,-7.676043783797434e-17,3.017721428241025e-15,0.569603269825413,0.43039673017459,sample_1751,uniform,val,74.35765936924611
4.159532678177958e-17,3.262715519222538,shallow,49.44372922972024,15.180339825908971,64.62406905562909,2.8787263914144585,1.2925793198548383,1.1990449505797365,13.379088160259652,14.67233079827566,2,1.1421844817258122e-16,1.841665342016248e-15,0.7650977407064626,0.23490225929353925,sample_1754,uniform,val,51.10829183949697
4.1021935407787743e-17,3.7308761675439936,medium,14.298631663461876,14.66211924140869,28.96075090487049,3.6326688948146653,1.1631105278915281,1.1631105278915281,nan,87.93173220872568,1,2.3555147506919163e-17,2.5761413265794654e-15,0.49372447939729336,0.5062755206027092,sample_1766,uniform,val,87.93173220872568
4.641532923430156e-17,5.770811446431497,medium,187.78268228038914,50.07075542986322,237.85343771025157,3.6925902017512553,1.2213134136573356,0.6522041680566265,6.505382386916237,34.22220974037836,3,1.994337995074575e-16,3.315917752908382e-15,0.7894890403440052,0.2105109596559981,sample_1779,uniform,val,224.67481174291163
4.320485007784222e-17,5.405976266002203,medium,93.30820283231408,12.374072542394938,105.68227537470891,2.382076509915393,1.1290854471833465,0.8873337473751364,4.724404724407088,16.593330645031973,2,5.639556472219563e-17,1.0421248374178364e-15,0.882912508284657,0.11708749171534405,sample_1780,uniform,val,60.437834447228695
3.1947102471308135e-17,4.611554254429609,medium,24.7174267084598,14.112719520234604,38.830146228694325,3.148823614726699,1.399557547610299,1.399557547610299,nan,49.95374476485449,1,-1.602079385774601e-16,2.0586082087411997e-15,0.6365525013190487,0.3634474986809533,sample_1786,uniform,val,49.95374476485449
3.662047175056464e-17,5.169300396282544,medium,24.428444692207556,10.89536903422613,35.32381372643364,2.8008310483962564,0.9968362446169508,0.8487187609895056,4.171330722922844,41.47282805089382,2,3.596179399194235e-17,1.2571949713281956e-15,0.6915573975504002,0.308442602449601,sample_1794,uniform,val,85.431485237024
4.1374739879767575e-17,2.9991473174278314,shallow,23.626243682186637,6.8436366214418385,30.469880303628432,3.5448153129597086,0.7413175398022221,0.7413175398022221,nan,101.28988417503984,1,6.078016712953587e-17,1.3991707128737626e-15,0.7753966686693272,0.22460333133067412,sample_1801,uniform,val,101.28988417503984
4.438222869542766e-17,5.984435347054246,medium,85.93640023700937,10.1438901069482,96.08029034395737,3.1972363174491214,1.0084218136789365,1.0084218136789365,nan,79.93869952443512,1,-2.891419045375744e-17,2.015219716775185e-15,0.8944227783801033,0.1055772216198987,sample_1849,uniform,val,79.93869952443512
4.043465585929906e-17,6.150197020284937,deep,91.86474442382101,35.23145966502723,127.09620408884803,3.9433000243691763,1.2520515391228826,0.994381744674945,4.787483681434328,28.459170463215475,2,2.916093965249544e-16,1.6771769248042703e-15,0.722796916575116,0.27720308342488564,sample_1857,uniform,val,132.3100677503297
4.1421041230756226e-17,1.3329154419927047,shallow,32.748107488679146,16.199777264276257,48.947884752955304,2.487505392625453,1.1505610329686584,0.7808304472423517,10.332473082471594,13.886793160810596,3,1.9126445531880972e-16,2.032283591180271e-15,0.6690402997792857,0.3309597002207163,sample_1872,uniform,val,86.502483368146
3.626483848138955e-17,7.377812393627522,deep,37.276487151787705,19.872390512629483,57.14887766441707,4.205976144973148,1.149758861290875,0.643559382772896,15.375304875026057,30.58657671240513,2,1.503730959949067e-16,2.0514760077854346e-15,0.6522698025791218,0.3477301974208803,sample_1877,uniform,val,166.86766627254073
4.124019499977087e-17,5.225951853844009,medium,19.15271151204264,9.034284143617862,28.186995655660432,2.7958299635494357,0.9676232492175993,0.7883727920793588,8.1117199162693,16.872499866947077,2,1.415326546983174e-17,2.45779711974013e-15,0.6794875106952538,0.3205124893047487,sample_1879,uniform,val,76.57761952475776
4.346378230280117e-17,7.369467464826721,deep,56.49095051179434,9.897461069550971,66.38841158134511,2.8024127047501484,0.76949078147543,0.6830013481232595,8.47112743381895,22.512368252734017,3,7.302055595422674e-17,2.9967875608690237e-15,0.8509158325406911,0.14908416745931183,sample_1902,uniform,val,104.83584048497158
5.1474022602371994e-17,3.323843589447285,shallow,61.61147505743152,28.76996197256732,90.38143702999864,3.7335415731114225,1.1194962124402685,1.014358454925286,5.688585061331158,13.649514163267503,3,3.27498507094143e-16,2.240556095876357e-15,0.6816828441993235,0.3183171558006788,sample_1903,uniform,val,129.4691632148942
4.6814127555140415e-17,2.012531916003465,shallow,11.978305402794495,9.447687112394632,21.425992515189066,2.4658819454856618,1.76763204887189,1.76763204887189,nan,20.090271275516205,1,-8.599129252945816e-16,2.901732059083572e-15,0.5590548673207542,0.44094513267924873,sample_1912,uniform,val,20.090271275516205
4.578948688313813e-17,2.4171582788158865,shallow,159.62538396530206,9.021279325646661,168.64666329094848,1.8822431012189882,1.4317083176553274,1.4317083176553274,nan,27.932882302241183,1,1.242670884295002e-16,1.443022246921003e-15,0.9465078101777623,0.05349218982223911,sample_1917,uniform,val,27.932882302241183
4.0857758190084664e-17,7.423500407337317,deep,50.407968629916056,14.93539377034243,65.34336240025839,2.346796697048897,1.1627581737067298,0.6212660304046403,11.009087155618309,18.600824956800352,2,-2.1099286157310035e-16,1.5223578853668031e-15,0.7714321206971855,0.22856787930281608,sample_1936,uniform,val,72.74042140079868
4.773630345711874e-17,7.598801321346436,deep,132.04207231630605,37.955741458667056,169.99781377497257,3.6375093013918347,1.1547884502733392,0.7187156053800459,7.334848328356897,49.04183075023571,3,-5.528018875142762e-16,3.1347876774785373e-15,0.7767280612860773,0.22327193871392587,sample_1937,uniform,val,210.65288304283797
4.8848538806221635e-17,6.471083215219114,deep,24.359176533994123,9.822867787946722,34.18204432194077,2.3851128235151524,1.0657961596096732,0.9437945127388305,6.283311228962003,9.72180443066412,2,-1.6233564825078797e-16,2.1306692405363754e-15,0.7126307690835932,0.2873692309164089,sample_1938,uniform,val,66.55674254864059
3.772374486318634e-17,6.262422694229356,deep,94.4644748521913,31.62247182256543,126.08694667475663,3.5726386424669414,1.5027404047944235,1.4122739785945402,26.062233212063774,36.0328691226179,2,6.574062689248703e-16,7.88947513044423e-16,0.7492010659585879,0.25079893404141285,sample_1946,uniform,val,134.72270500730076
3.939662426382508e-17,2.4339852709942527,shallow,106.50324396972117,38.53623144140015,145.03947541112112,3.9742955770659334,1.0678319297865908,0.7301170045623916,4.069397989875158,35.33615088142351,3,4.760295120986686e-16,1.3717090843640291e-15,0.7343052204776168,0.26569477952238457,sample_1952,uniform,val,248.1926532713759
4.1715645859799005e-17,7.779365095975847,deep,44.324045498500446,26.50876886966344,70.83281436816378,2.275022551577129,1.4038560829185567,1.0226478226867617,6.873136110975835,7.324933596895453,3,-3.288462767154426e-17,1.504689758761282e-15,0.6257558152090332,0.3742441847909683,sample_1971,uniform,val,82.49728640595687
4.2345992670477594e-17,4.8735625430380916,medium,72.04797655578898,10.681329031955414,82.72930558774428,2.205069306051543,0.9297389342305388,0.641778717215132,6.945502141674137,6.054497336095874,3,1.3884141861566729e-18,1.3742027315947624e-15,0.870888206348759,0.1291117936512424,sample_1984,uniform,val,65.29642864302197
4.284349061375727e-17,7.4261333671421035,deep,64.26695248856198,11.152525827172019,75.41947831573393,2.43304483339754,0.9234827814057364,0.668335933387733,8.01997506230537,13.773559203136948,2,2.501445762053378e-16,1.0127800642486779e-15,0.8521267174444865,0.14787328255551446,sample_1988,uniform,val,61.928020160024595
4.4808895163314104e-17,4.897703869365326,medium,73.69953772010919,30.596768283707068,104.29630600381603,3.1883120463778214,1.3406927913152937,1.0826074768682965,17.029386365926403,10.436555225565353,3,7.070039757515786e-16,2.214137757799239e-15,0.7066361268577686,0.29336387314223367,sample_1990,uniform,val,88.86875197366032
3.403829581722611e-17,5.493857167888044,medium,274.86778100487527,63.32199073241776,338.1897717372922,3.6885308755951844,1.5447544228048855,1.4520888930695601,9.715966241192895,18.570867769552994,3,-2.6043762928749835e-16,2.521221379736064e-15,0.8127619578583654,0.18723804214163714,sample_2001,uniform,val,196.26381846887483
4.21909577000522e-17,5.407334154402251,medium,32.434943557670344,11.473149557927298,43.908093115597616,3.5665679568259954,0.8273688974168307,0.6882537571297067,10.58489489791939,22.147421488709156,2,6.815481672757094e-17,6.068437661561404e-16,0.7387008010636739,0.2612991989363267,sample_2050,uniform,val,94.47937793717153
3.888796271878654e-17,7.757191422090524,deep,51.83611868842844,17.341569509384147,69.17768819781249,2.162261960974603,1.6261409151937016,1.6261409151937016,nan,42.34611121823399,1,6.411253549312684e-16,1.4893341967514963e-15,0.7493184585787819,0.2506815414212196,sample_2080,uniform,val,42.34611121823399
4.516980121020171e-17,5.4017567309207095,medium,76.71453497161913,6.176941609535836,82.89147658115489,2.153867603729909,1.053573096013714,0.8702176048847605,10.027960909377342,4.598392723154697,2,-5.3293697278807324e-18,9.214861074338284e-16,0.9254815830975308,0.07451841690247009,sample_2093,uniform,val,28.359492468585803
4.2108447190758776e-17,7.951977498962072,deep,85.93459596510706,15.326785790337217,101.26138175544425,2.4290558693860933,1.5949619624569291,1.5949619624569291,nan,36.0279789808509,1,-1.0507993579517935e-16,3.333035690754849e-16,0.8486413524619602,0.15135864753804018,sample_2094,uniform,val,36.0279789808509
4.16109279148131e-17,5.8473075604485745,medium,35.47289777764157,20.692814329488456,56.16571210712992,3.5648251103657436,0.9453259739430138,0.6595865329245514,9.143303560529967,13.202213019883333,3,1.7227205048516332e-17,1.8976241262769484e-15,0.631575679303788,0.3684243206962139,sample_2105,uniform,val,182.30519342090275
3.721488601175192e-17,7.378226816812868,deep,12.514467721148277,5.7898559950943715,18.304323716242628,3.315104045877628,0.7149766917841496,0.7149766917841496,nan,101.27894803952678,1,6.305663807898504e-16,1.1160261351243304e-15,0.6836891608316219,0.3163108391683792,sample_2135,uniform,val,101.27894803952678
4.228982582901629e-17,3.927917887836939,medium,62.41477108032142,29.886713989491025,92.30148506981232,3.3520516820109694,1.6565189131643345,1.6565189131643345,nan,88.51651914754656,1,-4.015031946291511e-16,1.4241418327797857e-15,0.6762054915271835,0.323794508472818,sample_2141,uniform,val,88.51651914754656
4.2041162196407517e-17,4.679912724348197,medium,160.8032101917321,52.683834695523515,213.4870448872552,4.172337189286062,1.4265590063422373,1.2257271440934345,15.997499804656979,45.90000787027008,2,-7.242588314931692e-17,1.930397167465128e-15,0.753222333826645,0.24677766617335686,sample_2161,uniform,val,210.6737950681041
4.654216341081782e-17,3.3209030977136003,shallow,47.979272705693454,26.518349373641623,74.49762207933483,2.3477695455818046,1.7114039971763328,1.6600144314035288,10.083650132764422,27.761238509653307,2,-4.8483595445143856e-18,3.2905378318811343e-15,0.64403763994774,0.3559623600522633,sample_2181,uniform,val,58.55493674877201
3.9428902564472333e-17,1.8551536110895872,shallow,108.14962182129962,32.55281293996144,140.70243476126075,3.0751309130633016,1.380575661890946,1.2486289475163974,4.82078831727758,12.129857651671356,3,9.149066799721272e-17,2.2219857407934647e-15,0.7686407275382571,0.23135927246174512,sample_2187,uniform,val,103.36032008202426
4.0293309544883704e-17,4.070453853070685,medium,30.017834457801246,18.753742525451504,48.771576983252544,2.5974979589367053,1.2647817976822309,0.8362359988166389,10.311159003720194,5.538826894401585,3,-1.3356461259195224e-16,4.224948343195591e-15,0.6154780368924494,0.3845219631075548,sample_2205,uniform,val,64.98956589220221
3.4774478883296283e-17,6.718480421142386,deep,322.67672774307874,55.93300001068222,378.6097277537607,4.022796400814514,1.432784631439518,1.1072740696850103,4.280186911806538,6.541863955847476,3,-1.031352050219629e-17,7.131518812016476e-16,0.8522673985623013,0.14773260143769945,sample_2212,uniform,val,241.72010858263667
4.244566115904085e-17,5.843298029113264,medium,15.556581021641806,5.544100613696493,21.10068163533827,2.5182302983431866,0.9790937942948597,0.9790937942948597,nan,38.79391464949732,1,-2.301034925943822e-16,1.431141741849239e-15,0.7372549043907897,0.2627450956092118,sample_2214,uniform,val,38.79391464949732
3.933090707200365e-17,3.222653450273512,shallow,99.54536793224545,29.803001372336645,129.3483693045819,3.436158097885418,1.0166642729075719,0.7226771247413316,7.817928114276828,16.39551169062641,3,-1.6958718316555476e-18,1.593042065224783e-15,0.7695912091310707,0.23040879086893085,sample_2220,uniform,val,160.49183214138355
4.5546705858101104e-17,7.596016962223537,deep,62.835637724608084,11.199016904142997,74.03465462875091,2.7607016095399874,0.9197826111927695,0.7505969844610423,7.002856560004639,15.806814115260861,3,3.574321663253257e-17,2.255397066967323e-15,0.8487327730466138,0.15126722695338848,sample_2232,uniform,val,94.04622372464833
4.1841649428342964e-17,1.776342880233615,shallow,336.37623488039674,63.16297650289931,399.5392113832955,3.650069661433541,1.60029360526441,1.2562907214882062,6.072890580275591,26.60611488104686,3,-1.7392864082020454e-16,1.4227244095517731e-15,0.8419104440732759,0.15808955592672555,sample_2233,uniform,val,179.0556766631948
4.134040751257451e-17,6.127400025573634,deep,35.07300189415372,7.313943274805834,42.38694516895947,2.3235731700759197,1.1814229075867209,1.1814229075867209,nan,33.28935811300297,1,3.1404981188580466e-16,1.9487272013318186e-15,0.8274482096869332,0.1725517903130687,sample_2244,uniform,val,33.28935811300297
4.2358305696048705e-17,7.206159887170934,deep,36.11560112345314,20.933361321142897,57.04896244459581,2.3376354820631997,1.7512832203944413,1.7512832203944413,nan,53.50803237737364,1,-7.12148071178181e-16,3.985588268394019e-15,0.6330632420971284,0.36693675790287567,sample_2251,uniform,val,53.50803237737364
4.249540795796405e-17,1.8104084636490942,shallow,24.587758312082094,6.1307730020672,30.71853131414925,2.5922170063344865,0.9393363446249126,0.9393363446249126,nan,45.82272596516375,1,5.3008895369410335e-17,1.4745854527179855e-15,0.8004210247107986,0.19957897528920296,sample_2254,uniform,val,45.82272596516375
3.889947777195073e-17,4.187967134125385,medium,50.27618047053878,27.72510529423934,78.001285764778,3.486650488007862,1.034326500306406,0.6643141478349588,9.42761899951414,10.768950050259035,3,1.412135492639736e-16,1.548593255801965e-15,0.6445557913257031,0.3554442086742985,sample_2261,uniform,val,169.31775207778554
4.367874959803258e-17,2.1795749466354577,shallow,23.16729245774505,2.8683749903035123,26.03566744804849,1.9536825536459135,0.7733226114246919,0.7733226114246919,nan,24.91156311048908,1,3.789723894209099e-17,2.763226721161036e-15,0.8898290202843084,0.1101709797156943,sample_2268,uniform,val,24.91156311048908
3.579572312612544e-17,4.188096432080535,medium,24.23565402292496,12.80165117976546,37.037305202690376,2.0384602945259926,1.5712425786189683,1.5712425786189683,nan,35.480961405842,1,3.478674591498443e-16,1.2469934724368562e-15,0.6543579207583519,0.3456420792416494,sample_2276,uniform,val,35.480961405842
4.486722033063625e-17,6.078156129592425,deep,26.691616831370332,2.8627295470803227,29.554346378450653,2.5417245747824304,0.8075020776215643,0.8075020776215643,nan,23.75688365783238,1,1.0644863468806373e-17,7.513094760469262e-17,0.9031367667407573,0.09686323325924277,sample_2283,uniform,val,23.75688365783238
4.500173212693168e-17,6.3810283502763365,deep,91.26002966321046,34.80034668457095,126.06037634778107,3.6148646216338354,1.6925877427541827,1.6925877427541827,nan,114.76657646987276,1,2.951674100976192e-16,2.6491677677204188e-15,0.7239390545006638,0.27606094549933896,sample_2289,uniform,val,114.76657646987276
4.063362151888431e-17,6.365994078932775,deep,63.524045311356836,22.015687842356957,85.53973315371358,2.156701276505467,1.4874459277919805,1.4045059855109925,3.059411708155669,7.436509814421711,3,7.334023642317216e-17,2.4504414419035353e-15,0.742626180481591,0.2573738195184115,sample_2297,uniform,val,58.83044377968546
4.411776450011286e-17,1.5439080476403355,shallow,108.76519565883716,28.737699244625176,137.50289490346194,2.3397283006597553,1.3239551686334856,0.7169612657029191,4.833218389437829,2.8736535977610416,3,-4.4130115171000953e-16,2.8937858530543416e-15,0.7910029511393127,0.20899704886069015,sample_2298,uniform,val,91.49542884592962
4.2677354963781627e-17,6.635809796723994,deep,60.38056131644418,7.454891858449673,67.8354531748938,2.5763845674778314,0.8818414561188692,0.8073642046986719,10.586784214292836,5.73461104641449,2,5.077588531979264e-17,7.724946810217787e-16,0.8901033086750468,0.10989669132495397,sample_2315,uniform,val,55.53306749175039
4.5155857403382027e-17,4.043080776862164,medium,26.86079101571849,4.573846821245477,31.434637836963905,2.1687451663871338,0.8548736560944876,0.8548736560944876,nan,42.72815908218288,1,-4.6802475373342464e-17,1.9778338055449236e-15,0.8544965956036229,0.14550340439637904,sample_2331,uniform,val,42.72815908218288
5.05109472960203e-17,7.410639747950198,deep,79.20620522295309,17.21876995521305,96.42497517816605,4.07535425657672,1.3518735250994016,1.0524598925334259,12.68227108999015,5.657791520685812,2,-5.142844817449496e-17,9.211082689510917e-16,0.8214283185098306,0.17857168149017036,sample_2333,uniform,val,114.94815686550999
4.2334939047566426e-17,4.095742372377772,medium,25.391138109195342,7.878082103147118,33.26922021234244,2.78015949402145,0.8165071146741525,0.7401209253559684,3.852272056851645,6.8487230687639205,2,2.2801358011526266e-16,6.407208205287284e-16,0.7632020812972216,0.23679791870277905,sample_2338,uniform,val,75.32428500719134
5.0925968342482907e-17,4.029838593131912,medium,60.33519162556958,25.61255152351233,85.9477431490817,3.6828447171115393,1.2340524498724605,0.9377538547778888,6.852736679604726,13.348164425828564,3,-1.1369178327234448e-16,2.3974729972026106e-15,0.7019985565056017,0.2980014434944006,sample_2360,uniform,val,150.81510468437705
3.69790806433163e-17,1.841466837007295,shallow,63.71880962214383,28.506509809318743,92.22531943146242,3.0171961373904916,1.317349604184183,0.8069101250720446,3.566510900025402,13.725801176248767,3,3.425167230457703e-16,1.6179285192989755e-15,0.6909036478805226,0.30909635211947906,sample_2364,uniform,val,78.91463336479792
4.227640639709811e-17,7.939753578057152,deep,64.8121608710336,47.3511096636429,112.16327053467622,3.4716356782432864,1.2476611966906157,1.0493741495948297,14.188727920430361,61.95945276398745,3,-3.3322894060908847e-16,2.5339586920851417e-15,0.5778376518630167,0.4221623481369858,sample_2371,uniform,val,232.44460396537485
5.192567443920844e-17,5.306569072036083,medium,59.39026988485117,23.600734620525866,82.99100450537689,3.8097977304135484,1.1416738121800587,1.0291410604187659,5.7758116312774614,3.738281986241761,3,1.1425265076908177e-16,1.7551451714430485e-15,0.7156229791266515,0.2843770208733502,sample_2390,uniform,val,151.84426918007995
4.419919766959358e-17,5.057325871412733,medium,75.29557158390371,9.805542334048246,85.10111391795184,2.5321321908402825,1.3075178291494518,0.8989009276931744,4.498888751680799,2.98756032604231,3,1.5772580796669028e-17,1.3985235064556624e-15,0.8847777439963723,0.11522225600362905,sample_2392,uniform,val,31.897537909344233
4.7507029311434863e-17,2.1258604274907356,shallow,103.55290302824156,26.821974366995764,130.3748773952371,3.7969663049735547,1.2012722992519098,1.2002971189136507,8.894942383174833,29.60209108394253,2,1.5861771451647502e-16,1.7712491373776651e-15,0.7942703770628788,0.20572962293712296,sample_2394,uniform,val,155.93789623735137
3.5243128027865577e-17,3.931889203505423,medium,77.88093435348948,37.8278595792666,115.70879393275585,3.6872877657467487,1.134488094990883,0.7429003009276955,8.160882305241266,50.29548854397674,3,6.402391276798997e-17,1.965050950020015e-15,0.6730770558264566,0.32692294417354534,sample_2410,uniform,val,251.62255266325786
4.272542685249841e-17,1.7818261738929015,shallow,29.3644080597949,5.279402982440873,34.64381104223576,2.104946594976739,1.30153118097877,1.30153118097877,nan,17.5966628415259,1,-2.3433039148042305e-16,3.5892407624098636e-16,0.8476090584836491,0.15239094151635124,sample_2437,uniform,val,17.5966628415259
3.606257890942215e-17,7.214560240142201,deep,55.98866545409321,19.10846819673265,75.09713365082567,4.056869643827064,1.0725644501323195,0.8458705710649139,4.335896677735761,11.597867850885136,3,1.0569777450806262e-16,2.5546452884239713e-15,0.7455499661867272,0.25445003381327536,sample_2443,uniform,val,161.36576549569844
4.114899035425915e-17,4.389920513298964,medium,40.98668459123607,17.08212611914618,58.06881071038212,3.9138559515117604,0.8432301529532501,0.7559214227425839,8.639444426582074,10.153761131712987,3,-1.034673295382452e-16,2.3248817763419744e-15,0.7058295854491827,0.2941704145508196,sample_2465,uniform,val,149.46515325732184
4.740225927716992e-17,3.0582580449301,shallow,40.20485014464254,12.301023743690548,52.505873888332985,2.919304737642509,1.0042655821704276,0.9218027166210763,10.025966287595427,11.772857170378847,2,-4.119149414048741e-17,1.9960634070677355e-15,0.7657209978096606,0.2342790021903413,sample_2484,uniform,val,65.5479744837794
4.0497702343826753e-17,4.961833304429039,medium,44.351005518374755,18.904076855873004,63.2550823742477,3.6868285892197354,1.4803994478543614,1.4803994478543614,nan,75.25361619864977,1,5.644810418937407e-16,9.54802843861237e-16,0.7011453286231252,0.29885467137687577,sample_2495,uniform,val,75.25361619864977
3.87989014778315e-17,3.0351789854360636,shallow,40.964592480696695,20.81481514701509,61.77940762771166,2.9888371237955775,1.5549405743118618,1.5549405743118618,nan,63.454341001481005,1,4.912723972458298e-17,1.9552188944109375e-15,0.663078427808066,0.33692157219193586,sample_2542,uniform,val,63.454341001481005
4.2572213712071644e-17,4.403567114519976,medium,40.50309346699535,8.010444128783453,48.5135375957787,2.595309959215961,0.7653580333704754,0.7357839195684339,12.42416999239788,37.169406092982705,2,3.0274123850952256e-17,2.1603259361925846e-15,0.8348822921237482,0.165117707876254,sample_2544,uniform,val,83.85823234497713
3.9810732631557603e-17,5.02532255654809,medium,11.049726451635209,5.03139719468772,16.081123646322883,2.3851079224825766,0.9772133992899914,0.9772133992899914,nan,29.757794738711752,1,4.621433890492673e-17,2.8720180778516218e-15,0.6871240278139298,0.31287597218607305,sample_2561,uniform,val,29.757794738711752
4.5039506595067146e-17,4.195198535781072,medium,13.887604726232272,2.6920882299154845,16.57969295614774,1.8781239430824848,0.763116200739319,0.7342382159202112,12.09297316626478,7.375822813159217,2,-2.347379216872331e-16,1.0981902772271292e-15,0.8376273772357623,0.16237262276423883,sample_2568,uniform,val,23.958113368498115
4.2220922528609796e-17,6.101658472774108,deep,24.969177823884824,9.433858852227626,34.40303667611237,1.5677347076322778,1.1500723319547992,0.8896467056592956,5.9093146810776656,5.272925674386405,3,-6.348916621574151e-16,2.2718837778608343e-15,0.7257841236213338,0.27421587637866845,sample_2570,uniform,val,28.866094030497116
4.3477216177654024e-17,3.8274660389670463,medium,84.66319708408719,9.18927966108177,93.85247674516883,2.0295002044128148,0.9187005693374042,0.6267079949597002,8.246211251235321,4.268776402697824,2,1.672266723884949e-16,1.3627524480157283e-15,0.9020880430674977,0.09791195693250364,sample_2574,uniform,val,39.28391965798562
4.088182621746681e-17,7.930950605330594,deep,69.19745362866693,29.110187183711894,98.30764081237862,3.713203257825152,1.4080203134962403,1.3937614747541338,11.542963224406462,29.082778309428036,2,-1.5994691123718244e-16,2.0960465704155408e-15,0.7038868297198908,0.29611317028011136,sample_2575,uniform,val,132.56633963473115
4.422684301891806e-17,4.728481487646144,medium,62.74555917789904,7.608942645372279,70.35450182327119,1.9562576848729145,1.0399192400094255,1.0374663407510902,10.48618138313466,9.771295862843568,2,1.5591885159379388e-16,1.7926548028757494e-15,0.8918485321026701,0.1081514678973317,sample_2597,uniform,val,41.13062708107757
4.377031124772068e-17,7.078297287825517,deep,43.23769703259145,20.075239267835236,63.31293630042655,2.505395530655362,1.7826801014905738,1.7826801014905738,nan,35.64751652600631,1,-1.1329629100167198e-15,2.1323149372478166e-15,0.6829204197294534,0.31707958027054867,sample_2617,uniform,val,35.64751652600631
4.2108791333374053e-17,1.7585422795633243,shallow,23.45880921526862,12.85636777761088,36.31517699287943,2.804286159356799,1.2136254832532352,1.0617057973360566,14.839137441239638,14.387617725796673,2,-6.383446607332864e-16,1.9076849535992506e-15,0.6459781049633423,0.35402189503665965,sample_2619,uniform,val,57.41147489396664
4.3660778865396513e-17,5.9081885689039115,medium,142.57320277651434,13.759546347729362,156.33274912424343,2.79380012483275,1.05776215809248,0.6351783745855123,8.209750300709516,29.309883527362164,2,5.570867987858373e-17,1.681674592841069e-15,0.9119855153522959,0.08801448464770577,sample_2621,uniform,val,78.40884350934954
3.7773091981965046e-17,1.9734724375431925,shallow,31.449954908253787,11.432055764859975,42.88201067311371,2.5809772724990334,1.0307331105892215,0.6252872349652431,7.57099729229908,24.637785729778116,2,-1.0812943958516506e-16,1.1598801157519389e-15,0.733406722646342,0.2665932773536591,sample_2625,uniform,val,52.832339825194765
4.652692697554857e-17,3.037214406027675,shallow,40.91978467667836,21.90547516838359,62.82525984506186,2.6636850958393103,1.2049160237261007,0.6652490789653465,17.533967035442952,14.251321977489589,2,5.755773668642704e-16,1.4702773355273829e-15,0.6513269467980515,0.34867305320195,sample_2633,uniform,val,60.751950837755906
4.325077811755272e-17,7.843225392439285,deep,97.30733730273246,34.137540355820065,131.44487765855234,3.172992082582334,1.1314975924035864,0.6648037320867262,9.079647570252934,33.65212619816099,3,3.027459981565947e-16,1.4054645155326524e-15,0.7402900671070863,0.2597099328929151,sample_2646,uniform,val,157.558134766398
4.3384954746177813e-17,3.4037587586093823,shallow,70.44168120157111,17.069923242695257,87.5116044442662,2.8711783887032176,0.9322379485182218,0.6003591395191924,6.299206299209449,16.941727870898273,3,-1.3898571219658676e-16,1.9892558406021835e-15,0.8049410320940183,0.19505896790598365,sample_2654,uniform,val,102.31733586806573
4.19131825033761e-17,3.9770467190566987,medium,242.86558066080826,63.043550525402324,305.9091311862098,4.077293806801004,1.4666305922144598,0.9913758028246062,7.874007874011813,33.282499607984825,3,-2.0727320547875025e-16,2.6479063100390036e-15,0.7939141264566362,0.20608587354336644,sample_2661,uniform,val,265.9003519493381
4.317972348834322e-17,7.630852759099565,deep,93.27851759212425,35.983603756175484,129.26212134829956,2.949334021626245,1.5117646183090183,1.423375033882551,5.531726674375733,4.756840717333346,3,2.894403409589693e-16,1.3192593066218262e-15,0.7216229829679437,0.2783770170320576,sample_2671,uniform,val,99.58457825410385
3.460685082493067e-17,2.1284977779758836,shallow,34.0286874262988,24.817273245742992,58.84596067204168,3.35702180915239,1.4798856104738296,1.4798856104738296,nan,87.03699461518828,1,-2.3766040819562255e-16,1.9923126423886942e-15,0.5782671748014504,0.42173282519855154,sample_2678,uniform,val,87.03699461518828
3.9563098571156567e-17,5.9370774042322285,medium,73.8085301099841,18.68863404866807,92.49716415865201,2.3346786813597173,1.2728541745714064,0.9794361073755384,8.238931969618394,2.6367325762344707,3,-1.6060304065223264e-16,1.7668090769195392e-15,0.7979545187286716,0.2020454812713301,sample_2699,uniform,val,60.981039976150385
5.0802376118009936e-17,4.2831129738280165,medium,33.78487116182554,15.304022494063709,49.088893655889166,3.990053415467001,1.0715261566716077,1.0715261566716077,nan,145.16697041118613,1,5.903778709432818e-16,1.7369535538714022e-15,0.6882385942257305,0.3117614057742712,sample_2701,uniform,val,145.16697041118613
4.478691446683543e-17,1.8249720725528213,shallow,70.57540570196241,6.125624449871055,76.70103015183342,1.870754246284461,0.9727225683241828,0.9571198249053077,12.395160345876935,11.970057372062472,2,3.572144798946721e-16,5.674075364979416e-16,0.9201363470901884,0.07986365290981208,sample_2705,uniform,val,28.078943286995106
4.9280774356376546e-17,5.615538980172637,medium,37.89783877072139,18.818996493265434,56.716835263986674,2.5887011993763944,1.0602956057612902,1.0531377164132019,6.675327707311454,7.765604884955188,3,-1.462047409224868e-16,2.6934981029419913e-15,0.668193819248326,0.3318061807516767,sample_2708,uniform,val,96.54169030200708
3.700869895174684e-17,6.596681152335231,deep,41.84361633595666,17.29101950304649,59.13463583900299,2.329321756694553,1.5250160148638132,1.5250160148638132,nan,52.93916156762873,1,3.262088539052223e-16,2.703527522876481e-15,0.7075991209259833,0.2924008790740194,sample_2727,uniform,val,52.93916156762873
4.161013926069526e-17,7.617722556593127,deep,50.29623452847535,10.953944628254394,61.250179156729615,2.417370493334692,1.03783166226046,0.739081690146171,9.245539465060977,27.230829179594327,2,4.632051848452412e-17,2.146122802012669e-15,0.821160610808585,0.17883938919141715,sample_2740,uniform,val,59.336613297754
4.156966955852057e-17,5.017925608324187,medium,15.88476440769483,3.185779859608471,19.070544267303283,1.9180151751991397,0.8641909751450585,0.8641909751450585,nan,21.941639195593424,1,-2.201643265516894e-17,9.081795957888277e-16,0.8329476172806185,0.16705238271938236,sample_2779,uniform,val,21.941639195593424
3.6656822869783196e-17,2.066980909503298,shallow,175.64211817025785,60.69951799074571,236.34163616100295,3.962750085782678,1.494190877749599,1.4388891076497596,3.7202150475476565,16.75690658750005,3,-3.2123189376063784e-16,2.555458848497811e-15,0.7431704418370245,0.2568295581629781,sample_2786,uniform,val,187.9611702995038
3.476633202027359e-17,6.830043181640703,deep,122.24681209776469,25.725812160263015,147.97262425802754,3.417820675856279,1.0134408904512473,0.7124653680409482,9.090654541890812,9.550701571412118,3,5.395013583317303e-16,1.128435369318423e-15,0.826144786650513,0.17385521334948809,sample_2787,uniform,val,153.21556828218132
3.9318281674145276e-17,5.258651175903369,medium,63.62736202820386,18.05780112903842,81.6851631572421,2.0921242701348373,1.3359072243596184,1.3123746744309082,8.648699324175864,16.529865693518534,2,-4.1903440275087024e-17,2.2181310609619763e-15,0.7789341364933388,0.2210658635066635,sample_2791,uniform,val,54.88743180002416
4.4317219726051903e-17,4.151578620025533,medium,26.728223264508625,2.4236161951715434,29.15183945968015,2.5580118388080875,0.6188113547091997,0.6188113547091997,nan,32.48228291316031,1,6.740731417659956e-17,5.94112738858451e-16,0.9168623236100204,0.0831376763899802,sample_2792,uniform,val,32.48228291316031
3.3222204380672204e-17,3.2008280681270107,shallow,139.54476990531342,32.17759392041124,171.72236382572441,3.1583036785076835,1.1432661468515584,0.7213785682156622,6.3655321851358195,50.25788151481984,3,3.2059575987830104e-16,1.406832079271926e-15,0.81261850114603,0.1873814988539714,sample_2814,uniform,val,170.18643120687688
4.004220759180949e-17,5.159681790101466,medium,30.6055422237308,11.655135584381409,42.26067780811213,2.2729631085566995,1.058919719473572,0.6933613120592371,8.849858755935037,23.14288850171096,2,1.3420024645379134e-16,1.9335329874128628e-15,0.7242085032970278,0.27579149670297415,sample_2816,uniform,val,47.22955738388966
5.047933890204939e-17,3.847652237182017,medium,86.09880569108947,33.83079349060653,119.92959918169574,3.4431761346665026,1.7186907084709988,1.7186907084709988,nan,99.80547452213051,1,3.7995474707099557e-16,2.192126164225206e-15,0.71791122690778,0.28208877309222224,sample_2818,uniform,val,99.80547452213051
4.652991827334549e-17,7.264570142664789,deep,25.341997514848238,16.907714226061724,42.24971174090988,2.7759263169307173,1.1973371421301442,1.0077773356438713,8.910667763978186,4.149260946947568,3,-1.5573198763525886e-16,1.934034842971257e-15,0.599814684423276,0.40018531557672593,sample_2822,uniform,val,88.68528266645268
3.894061932905536e-17,4.828461106553214,medium,47.10804129306123,22.852642165614288,69.96068345867542,4.009740389969387,1.430503623760842,1.430503623760842,nan,122.5378336504328,1,6.005116640752639e-16,1.3711025190923665e-15,0.673350215637718,0.3266497843622833,sample_2832,uniform,val,122.5378336504328
3.686544746669033e-17,3.408975333891515,shallow,18.686631534091322,9.036395651535928,27.723027185627195,2.3224211203086655,1.1202237581442032,1.1202237581442032,nan,52.47005583776532,1,8.585576091209164e-17,1.9863293302239696e-15,0.6740472968182664,0.3259527031817356,sample_2859,uniform,val,52.47005583776532
5.255589032000932e-17,5.627185575349136,medium,47.823618661341335,26.401574864457356,74.22519352579857,3.292913549594296,1.6881101836972823,1.6881101836972823,nan,71.14880910048505,1,4.063289569254516e-16,1.5795115624679023e-15,0.6443043984077886,0.355695601592213,sample_2863,uniform,val,71.14880910048505
3.695140696628698e-17,4.191568775356883,medium,76.98664010120748,18.5523651763351,95.53900527754236,3.8609320654055557,1.0973073825232071,0.8735536284373391,7.64198926981712,22.63495761061321,2,1.0155317397219178e-16,2.3799041531017395e-15,0.8058137079987389,0.19418629200126356,sample_2885,uniform,val,138.54914544190333
4.8116346171493874e-17,2.4415361504961193,shallow,78.31762924745445,22.72884887806087,101.04647812551518,3.838573708030839,1.0363567967732026,0.6095820042877408,8.44985206971104,10.104823785434746,3,2.99604039871462e-16,1.371208933191239e-15,0.7750654025781282,0.22493459742187316,sample_2890,uniform,val,149.42413748160251
4.3752475519398334e-17,1.4368387940758713,shallow,53.29232532524489,16.407693441574782,69.70001876681962,2.2983329671090296,1.0652360791503794,0.9049802521828163,5.560575509783136,21.871765738560345,3,8.159706702739648e-17,6.62629345609198e-16,0.7645955663732827,0.2354044336267179,sample_2916,uniform,val,97.13303015833569
4.4255371703040665e-17,5.744825531345958,medium,59.237147118464335,20.434963728105963,79.67211084657013,2.6664201472008937,1.0629886581324868,0.7813418515263063,3.9496835316263006,13.279815762986905,3,-2.057043505776543e-16,2.051217514991426e-15,0.7435117067820788,0.2564882932179232,sample_2962,uniform,val,86.58904347873417
3.8993284539449426e-17,3.538241328561466,medium,254.87519406531288,57.20959881151911,312.0847928768315,4.302050293752603,1.1594715532937327,0.8554044671959518,12.081390648431162,20.58493713496571,3,1.4960734972529668e-16,1.5709656441605683e-15,0.8166857209409202,0.1833142790590814,sample_2963,uniform,val,235.08499524179433
3.960430263214294e-17,6.74530692165433,deep,94.20011010678125,34.34851340496611,128.54862351174722,3.5901186821649422,1.1865416332813326,0.6665117960056736,6.931089380465384,17.991016555992577,2,7.029862598037797e-16,1.1054847828769918e-15,0.732797501314146,0.26720249868585505,sample_2971,uniform,val,106.88952324224704
4.184355662070072e-17,3.735941673316162,medium,75.00179097438188,29.128837685910778,104.13062866029249,3.7178124577883227,1.1235470722291774,0.6964107762503959,8.843076387773657,30.23538507013758,3,2.566645055897466e-16,1.6035391800846402e-15,0.7202663802123175,0.2797336197876841,sample_2975,uniform,val,149.17396276915318
4.081254647694837e-17,5.984619244746308,medium,23.243967918726252,4.128079697640252,27.37204761636644,3.065531946196702,0.6769576649816385,0.6769576649816385,nan,65.47019121626899,1,-1.6497311477212668e-16,2.303834506009091e-15,0.8491863029212361,0.15081369707876616,sample_2998,uniform,val,65.47019121626899
3.842541276468863e-17,2.379761792981304,shallow,29.930221816392745,19.778772663530614,49.70899447992327,3.023648883651687,1.4124678021121233,1.4124678021121233,nan,78.50991787330557,1,3.1149973338006036e-16,1.7867559563266714e-15,0.602108775877193,0.39789122412280875,sample_0002,uniform,test,78.50991787330557
4.274252323984292e-17,7.70462647243154,deep,69.73484378722135,10.172242918206624,79.90708670542784,2.3932244644842555,1.2116405008604454,1.2116405008604454,nan,57.416790228416716,1,6.753918892424504e-18,1.6450406532802492e-15,0.8726991142136643,0.12730088578633733,sample_0006,uniform,test,57.416790228416716
3.8385693705238465e-17,2.026802703795305,shallow,36.31737482019221,15.766818397841195,52.084193218033334,2.512909939281102,1.3803315906221607,1.3721856021857262,15.92733499365164,12.458878042883677,2,4.188217300927182e-17,1.2960085532022442e-15,0.6972820845695251,0.30271791543047616,sample_0022,uniform,test,37.21810676612943
3.8137905699033416e-17,2.7528015864031485,shallow,20.242979343715913,8.769831150077657,29.01281049379351,3.9129510866369994,0.925546548147099,0.925546548147099,nan,122.59308291745383,1,2.7175454477947443e-16,2.0817056848914587e-15,0.6977255563726354,0.3022744436273666,sample_0032,uniform,test,122.59308291745383
4.8096880989103424e-17,6.093093360875906,deep,70.82345427015233,22.299724466629698,93.12317873678192,3.5437492896478267,1.4665193969938348,1.2262188951591817,16.822603841260722,3.628393145120789,2,-1.706823096021648e-16,1.0682193666046203e-15,0.7605351882407164,0.2394648117592846,sample_0038,uniform,test,95.80418252671345
4.2765968300073825e-17,5.893785831705103,medium,54.97884365902956,12.58891879882863,67.56776245785807,3.257363021487442,0.9315504773961149,0.740655629997778,6.817624219623726,29.771872194424095,2,2.6211637849318783e-16,1.7877203667141562e-15,0.8136845391812375,0.18631546081876432,sample_0079,uniform,test,82.63700951260365
3.7000036038986046e-17,3.907560375680096,medium,40.90680481387368,16.6271122527434,57.533917066617,2.474222896931429,1.1091522511317087,0.7817714786329357,9.785703858180057,38.9126265114721,2,7.674444090928971e-17,1.3584978203919606e-15,0.7110032985675001,0.2889967014325013,sample_0096,uniform,test,79.5410593566153
4.4744071726396775e-17,1.5190281532029886,shallow,32.42622901238451,9.66354566861772,42.089774681002126,1.3483405638658268,1.5446918153139189,1.3285489661936585,7.076722405181652,5.5025107604263646,2,-1.9175522443341503e-16,2.4900359842486913e-15,0.7704063340358197,0.2295936659641828,sample_0100,uniform,test,15.770547401721855
3.833768671629576e-17,6.352224253402583,deep,16.584661684471342,5.655003964781754,22.23966564925305,3.3781241957015773,0.7687044286973467,0.7687044286973467,nan,95.08604461271766,1,4.827394754348741e-17,2.1565807427243235e-15,0.7457244162763914,0.25427558372361075,sample_0108,uniform,test,95.08604461271766
4.5221149553151627e-17,5.4313294360581565,medium,13.749107332103497,6.129832298865644,19.878939630969118,2.2911370391950685,0.8540829453257146,0.749743800441867,12.414507642270799,10.161132838596744,3,1.3080229400055216e-16,1.161663516308866e-15,0.6916418877133647,0.3083581122866365,sample_0113,uniform,test,40.869002944584864
4.366561234898472e-17,7.516802625734616,deep,64.24554810017283,12.493865450893981,76.73941355106653,2.3479693853891286,1.120076339631291,0.838705432658965,4.707440918375929,4.359171966942813,3,-2.837502516757736e-16,3.564777740783721e-15,0.8371910225430689,0.1628089774569347,sample_0122,uniform,test,90.27301122669095
4.256829552783146e-17,7.279805544599467,deep,70.57187988040926,24.40335840666209,94.97523828707106,2.937945090096522,1.0534098969319605,0.6939152759346308,8.395236744726144,38.0328205219544,3,3.9530607753327847e-16,2.9551321553614493e-15,0.7430555706225185,0.25694442937748446,sample_0128,uniform,test,132.3720868735997
4.328474350086916e-17,1.931196837529688,shallow,69.08158277447401,23.443912747759356,92.52549552223311,3.21903891481918,1.2663930812756847,0.8375512262310378,5.299056519796706,3.374955136063226,2,3.3631784465502625e-16,2.7645935147915044e-15,0.7466221324680642,0.2533778675319385,sample_0130,uniform,test,70.74876633725553
3.531050982874935e-17,3.7989990466887553,medium,19.967603849619753,13.5100110847557,33.477614934375396,2.506324264988123,1.5782075491871324,1.5782075491871324,nan,38.8536611861703,1,-4.594988979988232e-16,1.6979530642262154e-15,0.5964464281210389,0.4035535718789628,sample_0158,uniform,test,38.8536611861703
4.1725745535351644e-17,7.705565825164653,deep,39.55910405863048,25.05651462827591,64.61561868690626,2.86522123701379,1.4041283974109273,1.1725177615151223,7.166589146867566,11.978889032889866,3,4.055596384483763e-16,2.0343441537340832e-15,0.612222011682862,0.38777798831714,sample_0163,uniform,test,73.18318373651458
4.400951498017333e-17,5.765687297181245,medium,81.12929293713093,9.406916788751513,90.53620972588229,1.9118097471885238,1.324300285083603,1.324300285083603,nan,29.26999335005407,1,-3.9121099659270505e-18,1.687354580570087e-15,0.8960977401502359,0.10390225984976577,sample_0180,uniform,test,29.26999335005407
4.90808027397749e-17,4.517611855822367,medium,138.21357033748225,53.047295067884306,191.26086540536608,4.259470646911321,1.5466325408102906,1.1316944468795567,10.947145746723205,2.8039297652394612,3,2.4325264744913594e-17,2.5262306499179533e-15,0.7226442798140998,0.27735572018590265,sample_0187,uniform,test,255.14821310160877
4.2764166902612436e-17,2.0892506574431526,shallow,111.34730382451826,37.35638325149887,148.70368707601682,3.330358857282236,1.2318871836506238,0.8515645290204268,9.368030742904295,2.4317100517418413,3,1.8872218841611705e-16,2.102428055967598e-15,0.7487864357229952,0.25121356427700686,sample_0189,uniform,test,137.25861643904395
4.5263557878271514e-17,5.837678747810509,medium,66.03327739947939,13.485454606233542,79.51873200571282,2.21770543100116,1.0943915804295277,0.9873450938886968,4.565084884205331,10.910510996836335,3,-5.739799613508198e-17,1.3850085541467541e-15,0.8304115990523515,0.16958840094764985,sample_0192,uniform,test,52.96281939653658
4.272397736407177e-17,4.783394267386893,medium,49.86890100307197,15.777372245540015,65.64627324861188,4.1230678123837095,1.0003846210869445,0.9810117749453144,7.515317691222377,3.027016162014642,2,1.703918409922627e-16,1.6235713786885647e-15,0.7596608083784325,0.24033919162156908,sample_0207,uniform,test,138.74597609174674
4.22310137903946e-17,6.375351134553748,deep,50.64363484467151,14.996161246925281,65.6397960915967,2.6848400976462723,1.1191960878593243,0.9638794680079841,6.606057825965498,2.8103517975024026,3,1.8219927173328692e-16,1.4884206226155755e-15,0.7715385765976653,0.22846142340233613,sample_0234,uniform,test,67.9436920289142
4.0880749501037544e-17,6.857788063557103,deep,14.149677742998103,7.006041763319314,21.155719506317382,3.521877622574299,0.6520274237199162,0.6309955369665391,19.7453792062852,38.49927018599856,2,8.56370728742961e-17,1.6373330322308927e-15,0.6688346259635755,0.3311653740364262,sample_0240,uniform,test,124.27101862063375
4.201491946772352e-17,6.179514651526978,deep,111.46335539249962,40.677284123253294,152.14063951575255,4.0143105098841705,1.1890158913595819,0.6199643676715854,6.459102104782056,18.56123174150251,3,-2.7731511027673456e-16,2.3818540292130875e-15,0.7326336720239616,0.2673663279760408,sample_0248,uniform,test,186.2547900833263
4.4987213303545053e-17,5.574370261349701,medium,39.041473356315166,12.573447888695195,51.61492124501028,2.2045144475116616,1.0493097756882899,0.7167939998907601,4.4810713004816165,5.4256420423427665,3,3.892775841847984e-16,1.5831161346644664e-15,0.7563989717428734,0.2436010282571282,sample_0260,uniform,test,87.73385951549638
4.264269190184047e-17,3.3453393011021406,shallow,60.32184555212549,10.75760569482504,71.07945124695044,3.0751853856948217,0.8920639135924808,0.7115207731049419,11.233877335986895,30.739101448884075,2,3.1688478647468975e-17,1.2245660820903798e-15,0.8486537880343232,0.15134621196567805,sample_0276,uniform,test,76.54543341599539
4.5832951674527156e-17,1.852910633500774,shallow,57.31169460476632,3.0225264783304113,60.33422108309674,1.623929040926953,1.1539854990739526,1.1539854990739526,nan,11.23013706642363,1,1.2934040748320352e-16,1.3984924037604088e-16,0.9499036131722398,0.05009638682776007,sample_0280,uniform,test,11.23013706642363
3.970555688734221e-17,5.863713983810557,medium,134.82274797704108,44.71071485894194,179.5334628359828,2.7763943580263297,1.491253900383244,1.1713620828791083,7.318469785412794,31.173024969096094,3,3.2342184834333136e-16,1.2664696143635065e-15,0.7509616639000146,0.24903833609998663,sample_0290,uniform,test,139.00165097254722
3.740688010695598e-17,1.9426853879821993,shallow,157.4292931082201,25.012486418379975,182.44177952659996,3.8640868199720724,1.444273508324538,1.444273508324538,nan,126.10490005570841,1,3.087201361924684e-16,6.036672319717096e-16,0.8629015432578969,0.13709845674210364,sample_0297,uniform,test,126.10490005570841
4.2723310424947096e-17,2.0857983341483917,shallow,84.88262835449129,16.57744744180213,101.46007579629334,2.9543660399725993,1.2873233020119053,0.7008768747343219,7.090839160494334,7.31519322336488,3,3.3367102943892324e-16,7.703493252906326e-16,0.8366111269709137,0.16338887302908714,sample_0300,uniform,test,65.42192077730269
4.2141980639930166e-17,6.560923895011269,deep,52.991936222820414,20.33168379517595,73.32362001799623,3.5591513333025238,1.179773722308211,0.9325614156338808,17.310112651279887,26.328146306125507,2,5.174685080161089e-16,1.7927429944587557e-15,0.7227130385790322,0.27728696142096954,sample_0308,uniform,test,86.0232029011113
4.579292648947614e-17,7.589032529298667,deep,62.49052183092881,26.08428257532782,88.57480440625646,3.027661029660651,1.3377600687526983,1.2008977191982768,4.770744176750628,16.59959865933822,2,-1.9675939727299576e-16,1.9252682263939458e-15,0.7055112596614982,0.29448874033850375,sample_0322,uniform,test,88.22823947024304
4.2538664837945306e-17,4.228156547660222,medium,36.07106333824252,4.271621612929069,40.34268495117147,3.1687375161277815,0.6772633341817563,0.6772633341817563,nan,64.9690723841773,1,3.467059874444093e-17,2.862060239688223e-15,0.8941165760757103,0.10588342392429262,sample_0328,uniform,test,64.9690723841773
4.1763357065877314e-17,1.7333524142712449,shallow,26.556578175004034,2.699912040301868,29.256490215305867,2.156036221948347,0.6856508579500862,0.6856508579500862,nan,34.169043784642334,1,2.0963102621018994e-16,1.2143335214358208e-15,0.9077157915924808,0.0922842084075204,sample_0335,uniform,test,34.169043784642334
4.3283753649747895e-17,8.220029675254569,deep,10.398816796647141,5.78180531423128,16.180622110878385,2.1752282557574047,0.8822717647998832,0.6488656456245797,5.5497747702046425,15.190304561256996,2,-3.2475670297172307e-16,2.250550996010393e-15,0.6426710126093309,0.3573289873906713,sample_0347,uniform,test,36.222252049242186
4.385750763192926e-17,2.4367538495357324,shallow,19.922241644832816,7.155660891655969,27.077902536488764,1.578326134405165,0.9597451872147945,0.640959287205527,12.237646832622683,9.226892687458149,3,2.7833415201884447e-16,7.544197201232642e-16,0.7357379921870479,0.26426200781295284,sample_0350,uniform,test,35.342377402751765
4.8850433288270767e-17,6.29736708426764,deep,87.32310007213272,30.183432152215733,117.50653222434835,2.9292405823056824,1.3543758772982337,0.9089731146179509,7.740800992145452,39.69763917320872,2,-1.369940218950669e-16,8.767912279847376e-16,0.7431340064177184,0.2568659935822825,sample_0378,uniform,test,96.51608417354002
3.972396764013209e-17,1.3756417503543685,shallow,30.3854775924423,11.302729637729472,41.68820723017172,1.7876240617420627,1.273060957925964,0.8952734405641303,20.37743850438519,10.415962526826217,2,3.7267629185946393e-16,1.235705533178311e-15,0.7288746533204454,0.2711253466795558,sample_0382,uniform,test,32.73242926452031
4.922907134855738e-17,7.129398301962298,deep,72.65298703255873,20.30157722224809,92.95456425480663,2.7937516198704264,1.1816049985977748,0.6898881273965063,5.741080037762929,15.208657528455637,3,3.788109176953977e-16,2.0256544311291306e-15,0.7815967684319696,0.2184032315680325,sample_0386,uniform,test,79.65481100785705
4.540886472455565e-17,7.467106433857134,deep,62.71927177902522,26.390425617378884,89.1096973964039,2.6186896973154252,1.1825372653539834,0.8860086591825449,5.499090833947008,24.488644332200664,3,5.260432720855475e-16,2.2725324584011077e-15,0.703843393160892,0.2961566068391103,sample_0396,uniform,test,100.27510953076441
4.55962132038016e-17,3.7550146897894945,medium,29.173771180607822,12.899038537138434,42.072809717746175,3.61519029638172,1.2368711728101462,0.7488495646321794,3.6932370625238766,3.608187743494074,3,1.9010021382225592e-16,1.9421668094095813e-15,0.6934115257888854,0.3065884742111165,sample_0397,uniform,test,112.92596079286976
4.3043069955246665e-17,6.431065283515832,deep,33.801130639363755,8.78981656340434,42.59094720276808,2.3711584542968605,0.8698463668267964,0.8223018761904596,9.52050418832952,5.298823611503061,3,9.843256790662636e-17,4.170738046616632e-16,0.793622421178906,0.20637757882109442,sample_0401,uniform,test,69.33694472900889
4.4040131609378716e-17,4.453595549435252,medium,70.27265631673485,10.135413803930122,80.40807012066485,2.916181214616828,0.9701291750109259,0.6926241646187925,15.370100845472681,6.218816814118245,2,3.6646095169311164e-18,1.6126994352883007e-15,0.8739502914481069,0.12604970855189476,sample_0409,uniform,test,46.558199277988095
4.3320896189566413e-17,3.701851944213124,medium,37.27679678127324,8.195864381251283,45.472661162524396,1.5833962789514366,1.066819557821054,0.7863847041652883,4.180908992073376,5.572190381744316,3,6.292686460710315e-17,2.8126282730561407e-15,0.8197628163445676,0.18023718365543515,sample_0418,uniform,test,27.39044822128543
4.264678504116543e-17,4.707843711822619,medium,55.10287304080292,11.825610967252652,66.92848400805535,1.9736369011519466,1.445134483206,1.2003380453100059,11.02905254316979,8.48787156090222,2,2.7561546844458363e-17,3.3176398392395464e-15,0.823309744087,0.17669025591300336,sample_0436,uniform,test,24.807465979562313
4.552899333133086e-17,1.9586902136382978,shallow,98.60638548833332,5.372141758513375,103.97852724684651,2.402506354438024,0.7893853794302313,0.6966953907318809,6.359245238233857,10.761055705402052,2,-4.939510745613707e-18,1.7340139735879325e-15,0.9483341233929996,0.05166587660700207,sample_0438,uniform,test,41.401443536871376
3.9800840334328605e-17,1.786145128708413,shallow,13.758393379332725,4.549671135832364,18.30806451516505,2.189529856268221,0.8231974359957722,0.8231974359957722,nan,43.968456897503444,1,2.009460083416261e-16,2.134570283736691e-15,0.7514936037032361,0.24850639629676594,sample_0447,uniform,test,43.968456897503444
4.673433365543432e-17,6.548849780620286,deep,40.86955415838137,17.070834622534594,57.94038878091591,2.3127667488361556,1.4981052067600291,1.3234887830405562,10.720074626605916,5.1993837282465405,2,6.303864077900121e-16,9.197505626603617e-16,0.7053724529346403,0.2946275470653606,sample_0449,uniform,test,57.01779738518681
4.270919209079588e-17,4.544707521472082,medium,57.63936330204498,23.87856158815253,81.51792489019734,2.819450499190395,1.1075481261292126,1.0373617005681002,3.611094017053556,15.74486099421267,3,1.4019664359908736e-16,2.0919356915932803e-15,0.7070759391837292,0.29292406081627287,sample_0456,uniform,test,127.19320825467238
4.166051615484647e-17,6.246158648817626,deep,17.389646112331622,8.999211813784974,26.388857926116557,2.415024690350935,1.1838636336289445,1.1838636336289445,nan,41.72368852146667,1,3.4585879947928266e-16,1.4809223868733218e-15,0.6589768363988733,0.34102316360112817,sample_0458,uniform,test,41.72368852146667
4.1451983779203835e-17,2.7376358856951772,shallow,41.73639834277246,19.683536150937663,61.41993449370999,3.302141239528022,1.2673160834622885,0.6868257387574321,4.7201694884823775,10.373889284250295,3,1.296673393407277e-16,2.198034252352462e-15,0.6795252825781942,0.32047471742180794,sample_0469,uniform,test,81.04215665342747
4.5740377839696157e-17,2.264312188080542,shallow,23.124738723176158,18.23399607682301,41.35873479999906,3.657295048637386,1.1730527499862964,1.1730527499862964,nan,104.94136024871024,1,2.6470039279259666e-16,2.576998810031719e-15,0.5591258735307513,0.4408741264692513,sample_0472,uniform,test,104.94136024871024
4.368777868059579e-17,4.107361655892782,medium,93.72532047653942,9.065218575310524,102.7905390518497,3.070079558923607,0.7871253221554643,0.6688471260658906,9.427618999514142,8.208830704949248,3,1.7941155530465902e-16,2.350260368189856e-15,0.9118088234683,0.08819117653170237,sample_0473,uniform,test,86.25632328371513
4.1495439413981264e-17,8.253830793895666,deep,24.34392949522931,11.345381362589436,35.68931085781871,2.5889503155604365,1.0153271490497568,0.9642376034193221,12.485191228010889,26.614831409063104,2,-2.6358360564839306e-16,9.954559484082003e-16,0.6821070205645653,0.3178929794354357,sample_0511,uniform,test,65.81472405189899
4.031945706736687e-17,5.822642299443126,medium,15.848595887231113,14.916722211754164,30.765318098985244,3.4105802474302114,1.0172687191451575,0.657558249762788,3.458323293158117,4.045686383756001,3,4.1591120070293605e-17,1.0970398498729642e-15,0.5151448730755642,0.48485512692443683,sample_0521,uniform,test,76.69746841799409
5.14379372320218e-17,4.225519875889052,medium,48.35121949287387,22.16222166734947,70.51344116022312,2.3681782159238836,1.234515492123693,0.705123889734967,6.743886120034946,8.10937108966949,3,-4.386871610674246e-16,3.0230097584327786e-15,0.6857021682292957,0.31429783177070725,sample_0525,uniform,test,53.65289625716246
4.313666256816814e-17,5.023370013189387,medium,48.47284121522191,27.10679439280406,75.57963560802577,3.30702142844008,1.472031160534268,1.291375945254465,3.7416573867739396,31.964987400190157,2,-2.763538185711045e-16,2.67935506783688e-15,0.6413479084050334,0.35865209159496925,sample_0535,uniform,test,102.34798115506803
3.8714087096616625e-17,8.382456181686779,deep,18.019711257374855,4.059619007218535,22.07933026459335,2.0231680079077234,0.8412217599900457,0.6023682569568043,17.329743217947577,5.323526609035336,2,-1.2295193464379065e-16,1.850427835291871e-15,0.8161348664760659,0.18386513352393588,sample_0536,uniform,test,40.01194159691512
3.7646463918741207e-17,2.541411450770072,shallow,18.61290741098702,15.55112336074937,34.16403077173625,2.5555751562310927,1.5173855193476922,1.5173855193476922,nan,39.133135289900956,1,-5.074053836808429e-16,4.107600512663043e-15,0.5448100528695635,0.45518994713044064,sample_0541,uniform,test,39.133135289900956
4.2978075527162764e-17,5.118963857944374,medium,44.902702917908435,10.369649117095053,55.27235203500339,3.1890265449686956,0.8217465445151202,0.6681669590818617,6.276941930590087,13.808679738000452,3,4.833425305294899e-16,1.8318804269753574e-15,0.8123899429767714,0.18761005702323044,sample_0566,uniform,test,112.23485229712206
3.302287369487311e-17,6.538637696175914,deep,30.08787239575071,24.418774101091262,54.506646496841896,2.796566079719635,1.2206863853638557,0.9042945611299589,14.643770006388385,54.06656382294065,2,-2.149544242412389e-17,1.4339480771054146e-15,0.5520037340307479,0.4479962659692535,sample_0585,uniform,test,108.52754213030624
4.227152742918235e-17,3.524699512246674,medium,14.171390944732106,10.976971844240733,25.14836278897279,3.1671740188581685,1.093220912880486,1.093220912880486,nan,56.90629207604027,1,3.1630555066914803e-16,1.977782487097587e-15,0.563511472442495,0.436488527557507,sample_0603,uniform,test,56.90629207604027
4.228326803050926e-17,5.854718890954866,medium,38.495189280695826,5.073169071173798,43.56835835186962,2.22161182848627,0.8760089900550161,0.6345570103746061,6.8,8.40606831086442,2,1.0737317538305783e-16,8.154343687012126e-17,0.8835584065343584,0.1164415934656417,sample_0610,uniform,test,54.335719422453025
4.0816980948105376e-17,2.8246251053080442,shallow,28.03188927889349,11.784375576212742,39.81626485510619,1.9869179706721103,1.0477408046972447,0.8969346756717493,7.224956747275378,2.7768082740064006,3,3.634178175006597e-16,1.0707323828779144e-15,0.7040311134382705,0.29596888656173054,sample_0626,uniform,test,52.52146437360752
4.458036038674131e-17,3.8217107845028715,medium,13.924951236760158,9.439992349893688,23.36494358665381,2.1990033923194696,1.1176647522691803,0.7109436650954426,19.787875075409186,5.5787982308979425,2,-6.162624559248638e-17,1.5965582578471635e-15,0.5959762404354433,0.4040237595645583,sample_0633,uniform,test,30.348343463325588
4.688754696969725e-17,8.396407725857461,deep,56.300653404158425,33.07248770553068,89.37314110968885,3.146488396361554,1.4144654828642163,0.935491412018155,8.602325267042625,4.707183260448516,3,-3.3822094111081854e-16,2.941608731291825e-15,0.6299504829427433,0.37004951705725975,sample_0646,uniform,test,80.70245708921642
4.144029839538763e-17,6.946835758505564,deep,98.38258449730195,30.712094983031452,129.09467948033324,2.987636363039669,1.3481182686213466,1.2609992869451152,6.016643582596529,7.897235243342915,3,-7.49802600024874e-17,1.2384097949627586e-15,0.7620963535704034,0.2379036464295978,sample_0647,uniform,test,108.5542518486306
4.399562927629737e-17,3.619006526583271,medium,95.40725265334682,32.7341850719344,128.14143772528112,3.650402001788415,1.1795747677316848,0.7930688560273718,5.095095681142798,13.677908539139366,3,2.38015141786124e-16,7.208484412890989e-16,0.7445464507576993,0.2554535492423014,sample_0652,uniform,test,117.280306562005
4.010080015377084e-17,4.9792989047272584,medium,35.28455341775937,16.234386535556006,51.5189399533153,3.2260545138305448,1.4036523072098757,1.4036523072098757,nan,60.15234904432734,1,-1.5200221308522356e-16,1.517106155608727e-15,0.6848850820636648,0.31511491793633667,sample_0661,uniform,test,60.15234904432734
4.071997428722772e-17,7.941466301368537,deep,30.74049945214579,7.355898290017255,38.09639774216302,2.5117776529097875,1.2040445337674472,1.2040445337674472,nan,31.647281653765333,1,1.1607611981283916e-16,6.761052408584288e-16,0.806913547579956,0.19308645242004463,sample_0666,uniform,test,31.647281653765333
4.363306210393583e-17,2.2076583765623714,shallow,97.03284540864017,28.491060265547816,125.52390567418769,3.2258296522824543,1.384219724593834,0.9443736138800551,6.273754856543249,3.206279260727369,3,-2.037947322866004e-17,2.377459077746095e-15,0.7730228348733869,0.22697716512661556,sample_0674,uniform,test,90.11273520990454
4.330378846725292e-17,5.904633649578206,medium,33.17481401645063,16.11342120449721,49.28823522094779,2.6490961302515115,1.1360135864688168,0.6186855223065352,3.969886648255841,2.9985855485783315,3,3.4573599592093363e-16,1.0812053818343784e-15,0.6730777409200308,0.3269222590799703,sample_0676,uniform,test,99.9643164733643
3.9844291560877247e-17,4.545422762556397,medium,52.004207510428046,11.362466438046102,63.36667394847403,3.739770739630552,0.964760504431834,0.6531047831305085,7.932212806020775,3.936942009231832,3,-3.102075466731733e-17,1.8501768215852497e-15,0.8206870310522333,0.1793129689477686,sample_0681,uniform,test,133.35570763657262
4.480950394704454e-17,3.4001003008591466,shallow,63.3739985635684,11.143322573712178,74.5173211372805,1.8328203580799887,1.1894072015315071,0.8381645075978714,5.2306787322488075,16.70991248195706,2,-1.3984487065567134e-16,9.77365118657944e-16,0.8504599681839988,0.14954003181600217,sample_0712,uniform,test,35.87603524209935
4.4831279119416774e-17,1.793043850510324,shallow,55.04244065467032,23.686791594168053,78.72923224883819,3.966779589120349,0.9462535161135316,0.8407833506348595,11.513470371699405,13.245122669284255,3,-2.77092411866445e-16,2.3916634215521036e-15,0.6991360017420034,0.30086399825799903,sample_0751,uniform,test,197.0512721870859
3.804267797911978e-17,7.056497826326589,deep,35.45433816661445,14.234529657855363,49.68886782446974,2.230551970535836,1.4544811746640263,1.4544811746640263,nan,46.486371522227756,1,3.4439583125473637e-16,1.4657333443919638e-15,0.713526786157817,0.28647321384218455,sample_0761,uniform,test,46.486371522227756
3.729222094821956e-17,5.447426347744496,medium,26.089458922059265,11.835716480254826,37.92517540231401,3.702419402973351,0.748435011743092,0.7410363581479256,18.24280680158621,85.84869835791677,2,-2.397811752074395e-16,2.1077307336101063e-15,0.6879192685412712,0.3120807314587309,sample_0777,uniform,test,202.3166716586752
4.067917981943033e-17,8.055822220094468,deep,38.31715417109336,12.654643001685528,50.97179717277871,3.885444239568729,0.9667427477953602,0.9667427477953602,nan,136.14176186059208,1,-1.748911841235253e-16,3.4849798083025154e-15,0.7517324539531144,0.24826754604688908,sample_0778,uniform,test,136.14176186059208
3.8248005865017704e-17,4.9193982303058394,medium,25.08231846133359,9.919106452426858,35.00142491376036,2.1733660304456075,1.2303316900155439,1.2303316900155439,nan,43.00185927979201,1,-4.414648854619996e-17,2.4867983330699496e-15,0.716608495886486,0.2833915041135165,sample_0791,uniform,test,43.00185927979201
3.1065598390625924e-17,7.1500886226324365,deep,16.34122731389226,13.334396074636114,29.675623388528315,2.8992979475125153,1.2987087946238862,1.2987087946238862,nan,59.75921555486401,1,3.4657217280346544e-17,2.0352102380082033e-15,0.5506616356443342,0.4493383643556678,sample_0796,uniform,test,59.75921555486401
4.41006824754067e-17,3.7529295650676904,medium,124.6209823573581,13.49980593036883,138.12078828772675,2.296853459904539,1.477919646194513,1.477919646194513,nan,40.46542975136276,1,2.4075675936358413e-16,1.2860894159536848e-15,0.9022608682029349,0.09773913179706639,sample_0807,uniform,test,40.46542975136276
4.194976835725664e-17,1.4587865540698817,shallow,65.87195713821801,9.959030823127595,75.8309879613455,1.84213657536427,1.5949407857857603,1.5949407857857603,nan,26.18509089536067,1,-4.457703371865764e-18,1.3586621967490775e-15,0.868668059181768,0.13133194081823338,sample_0817,uniform,test,26.18509089536067
4.252909234594183e-17,7.371995148661072,deep,249.648837502204,30.86696705936375,280.5158045615675,3.7910224916864506,1.542609753605651,1.542609753605651,nan,114.5388187859186,1,1.9568382011442263e-16,8.7388032991714e-16,0.8899635366085449,0.110036463391456,sample_0823,uniform,test,114.5388187859186
4.251570008672724e-17,6.467984129835259,deep,59.995326132376526,19.915521964393033,79.9108480967694,3.4895238457868514,0.9193017492641609,0.6995846339938843,10.697663296253069,28.98373244251421,3,-8.264098028567395e-17,2.0006309450304253e-15,0.7507782430205742,0.24922175697942778,sample_0858,uniform,test,161.85097261769835
5.394801189805448e-17,6.864442866512304,deep,69.12856046559376,24.46649596059665,93.59505642619024,4.0700768241560485,1.361360926849441,1.0339582032472976,7.6837490849194205,11.817415614744625,3,1.1195682287779614e-16,1.8599590289099048e-15,0.7385920058727574,0.2614079941272444,sample_0860,uniform,test,120.16422025596543
4.017417171746281e-17,4.9940650556655655,medium,48.06699714320116,23.843911532551623,71.91090867575274,3.7570300841824715,1.0508234896293804,0.9235560415081601,6.893475175845635,18.990277621945804,3,4.776944711940407e-16,5.928525300359758e-16,0.6684242770444732,0.3315757229555274,sample_0867,uniform,test,176.14131156689973
4.3493041569221156e-17,1.6241726028033845,shallow,70.09886387772107,8.660089297566476,78.75895317528749,2.389658417472111,0.7786770531084328,0.6493481076516193,5.858327406350721,9.242800863652276,3,5.153202344277807e-17,7.668478325910413e-16,0.890043113215429,0.10995688678457177,sample_0870,uniform,test,91.61847541797803
4.759829167879953e-17,1.5382103591690057,shallow,59.15417841884213,18.669707084638496,77.82388550348047,1.849992562407383,1.2450821099793117,1.0065667552190511,8.170679286326202,9.1752743859681,3,-9.450417770169923e-17,2.008630137854413e-15,0.760103123046929,0.23989687695307302,sample_0875,uniform,test,57.126697537781794
4.216893443810117e-17,7.935369935975233,deep,90.22728899808894,26.24249760809731,116.46978660618603,3.546858559719467,0.9579397475250849,0.6417652859255485,5.067543783727972,48.49711648286012,3,1.9656400387279098e-17,1.830198431193042e-15,0.7746840758210569,0.22531592417894494,sample_0881,uniform,test,210.22710669243125
4.336293881743453e-17,6.927597097321815,deep,60.67352478533057,35.7206718596141,96.39419664494442,2.328244385163372,1.626655059828097,1.4882628983832302,20.83266665599966,45.24456004299265,2,6.105071756962808e-17,2.6536388473242363e-15,0.6294313028907089,0.3705686971092937,sample_0895,uniform,test,98.11029838873515
3.221919409884999e-17,5.975616675105904,medium,55.891566412506855,14.654740092266376,70.54630650477307,4.460741016605776,0.7721483993774925,0.7578200140025197,16.24930767755968,56.163263263441415,2,-1.3071528629575395e-16,2.266201073690595e-15,0.7922677909257418,0.2077322090742604,sample_0911,uniform,test,231.08669583875158
4.504898286809607e-17,1.6767637791742551,shallow,46.97262273958013,9.680829359559551,56.653452099139706,2.051754815436476,1.173231041386325,0.7388596952768397,18.089776118017603,10.976803714313085,2,9.446778400008841e-16,4.076122117288228e-16,0.8291219863774801,0.1708780136225195,sample_0913,uniform,test,32.93364947994752
4.4809715471127636e-17,6.566644032141202,deep,37.57079715826838,2.3445068926154327,39.915304050883776,2.4360490571404507,0.6772886503757445,0.6772886503757445,nan,29.566257185654766,1,8.759427318522878e-17,8.34434098166847e-16,0.94126295794649,0.05873704205351086,sample_0914,uniform,test,29.566257185654766
4.729121700520702e-17,5.233758637384116,medium,201.3143945587993,4.188750586419792,205.50314514521907,2.1295180035739056,0.8429185829601086,0.8429185829601086,nan,40.451306917451696,1,2.0293206096463864e-16,1.6423485842396585e-16,0.9796170974246659,0.020382902575334337,sample_0920,uniform,test,40.451306917451696
4.32038889680056e-17,5.499352232027767,medium,32.1797836809289,4.767180965796136,36.946964646725036,2.1753950903121817,1.1462573523403923,1.1462573523403923,nan,18.363486881866145,1,2.4661775461007032e-17,0.0,0.8709723244824471,0.1290276755175529,sample_0932,uniform,test,18.363486881866145
3.8176118185259724e-17,6.411757904506163,deep,25.667588322804257,10.181589746543228,35.849178069347445,2.099957008311196,0.9795135373709679,0.7625805966043171,17.76063061943466,19.103475400566168,2,2.1584080603307336e-16,1.0901184510062847e-15,0.7159881956889584,0.2840118043110426,sample_0942,uniform,test,57.893479035595426
4.348632070865992e-17,5.75474729992456,medium,20.052766721460266,11.984278727105922,32.03704544856617,4.3377810281852245,1.0908375853517647,1.0908375853517647,nan,142.14748231636517,1,1.6938976983959617e-16,6.099165812519479e-16,0.6259243460403973,0.3740756539596033,sample_0953,uniform,test,142.14748231636517
3.858327784768762e-17,4.09315132930715,medium,19.068850286732484,13.520621789421744,32.589472076154124,2.9152848654962975,1.4997221838954973,1.4997221838954973,nan,48.44027897330136,1,-2.957786857858339e-16,3.215917498746509e-15,0.5851230189360832,0.41487698106392,sample_0960,uniform,test,48.44027897330136
4.0573641724352555e-17,5.083572171125942,medium,33.058941466384155,10.766333879854567,43.82527534623867,1.803106358515471,1.2629690476671938,1.167069153311541,11.46472851837321,7.736155751042933,2,2.266531391080339e-16,1.2159810693940392e-15,0.7543350544909116,0.24566494550908952,sample_0974,uniform,test,32.2918741302983
4.334618403896714e-17,3.187590991960352,shallow,71.5068165224459,33.068516453273,104.57533297571878,2.440320790762708,1.261399817104573,0.8733946874617959,8.106787279804495,40.56864027218085,3,7.045897680616265e-16,1.1550741617744946e-15,0.6837828241871243,0.3162171758128768,sample_0977,uniform,test,128.79937074276444
4.041364656867958e-17,3.916300620152504,medium,16.799515533513784,5.361296293931342,22.160811827445098,2.1947253729876497,0.9124639108806094,0.9124639108806094,nan,44.28219732215053,1,1.1995695567326334e-16,1.2424423448515063e-15,0.7580731096100186,0.24192689038998266,sample_0979,uniform,test,44.28219732215053
4.498311612065722e-17,4.212534911139164,medium,93.59546877207963,12.438869791725928,106.03433856380542,2.9563942795663647,1.1154916790963207,0.7145712178136691,5.574943945906542,4.909670719736547,3,-3.671613042389547e-16,1.2732018855682478e-15,0.8826901741435319,0.11730982585646936,sample_1000,uniform,test,73.7555199414844
4.431755768389712e-17,7.0873334760544076,deep,113.4536993063216,35.573910708808604,149.02761001512985,3.69872520844678,1.4074256753317584,1.363166654384997,4.237924020083422,29.27746921528005,2,3.368759718345969e-16,2.336251252282057e-15,0.7612931543007591,0.23870684569924328,sample_1002,uniform,test,146.70286799543473
3.9051511722349566e-17,5.739809852628644,medium,106.0474730193722,42.17224160082077,148.21971462019272,3.497394239914662,1.3710251894795544,0.942228445840742,6.876045375068432,35.85755949066728,3,-5.0999736952309434e-18,1.7257851664949013e-15,0.7154748158240268,0.2845251841759749,sample_1003,uniform,test,186.4501017647696
4.0598611012692354e-17,4.484973072456674,medium,51.594220438270064,22.90919965287225,74.50342009114212,3.3468580019181227,1.0302294826359508,0.6166820702507989,3.6110940170535586,8.206193658027564,3,1.1172770469823675e-16,2.622688355715619e-15,0.6925080805035985,0.30749191949640414,sample_1015,uniform,test,127.16031972274483
3.507319530484001e-17,4.863467183725806,medium,27.53719353803612,15.91184532750286,43.44903886553889,2.6077154814942203,1.4701907001862184,1.4701907001862184,nan,48.220636123344484,1,3.698221356028392e-16,2.1259516449758726e-15,0.6337814197284104,0.36621858027159165,sample_1018,uniform,test,48.220636123344484
3.8730256649589227e-17,3.1557031790600565,shallow,48.11475925581861,23.443919135887942,71.5586783917065,2.7253364715914334,1.6705714081016934,1.605093338683937,10.461357464497617,5.6013288275121935,2,2.0622299354768388e-16,8.440084962023041e-16,0.6723818876648652,0.32761811233513566,sample_1028,uniform,test,62.004787596338595
4.368336992068877e-17,1.766569759498302,shallow,46.13452830026551,25.244964913484157,71.37949321374957,3.272644174306413,1.132189793603047,0.6218344602393109,8.901685233707155,4.74127455041096,3,2.996060436764955e-16,1.3438491226095758e-15,0.646327484591594,0.35367251540840744,sample_1068,uniform,test,106.42790404770273
4.3569231798462405e-17,2.396735794694395,shallow,129.10093274335784,43.83863143605109,172.93956417940876,3.3513378722994007,1.432374217849512,1.2400045188495734,11.15347479487895,38.052098089172716,3,4.3194620244276833e-16,9.860684996610418e-16,0.7465089515862755,0.25349104841372544,sample_1069,uniform,test,184.4910085026931
5.441499998032224e-17,3.5834968682553328,medium,26.966204632155833,11.466810114985252,38.43301474714105,2.8366838337224523,1.0631497135500563,0.9566022075763236,6.764613810115106,6.845972765253896,3,2.605407538356089e-16,8.781715452367786e-16,0.7016416695274156,0.29835833047258525,sample_1072,uniform,test,59.88732894687957
4.657625980752403e-17,4.6565913058200135,medium,55.030210240049975,24.362676247333738,79.3928864873835,3.2085797175987283,1.2495014929790276,1.1585976559323465,8.54400374531753,31.41653920792987,2,1.9405602037984093e-16,2.595413802005726e-15,0.6931377945150659,0.30686220548493676,sample_1078,uniform,test,119.17465579535643
4.0359215960981336e-17,1.3446773930086546,shallow,107.45488592699789,30.640119740702097,138.09500566769967,3.703685484855975,1.2325828621825432,0.8902253780925332,5.223025942880238,37.846623157000955,2,3.291137430234803e-16,2.315393156660937e-15,0.7781228974027372,0.22187710259726504,sample_1081,uniform,test,128.27187794677002
4.833499784585543e-17,5.169898516678671,medium,68.72182635036474,31.715773498338045,100.4375998487026,3.2075319023049986,1.2039625070843032,0.629457275237623,15.596153371905524,60.72422240687235,2,1.3515065952572932e-16,1.7686173724542626e-15,0.6842240998777954,0.3157759001222064,sample_1085,uniform,test,128.00532507044605
4.6446184984879605e-17,7.124113421998907,deep,32.50315428702592,21.61204746953136,54.11520175655715,2.082328765511539,1.5251542855142428,1.2797730191375916,16.615655268450894,6.406128734652821,2,-8.1862094293837e-16,2.4290846536424615e-15,0.600628903376259,0.3993710966237435,sample_1086,uniform,test,44.22743331158854
4.194736894766429e-17,7.056913789501287,deep,21.165502581275927,9.850105574356448,31.015608155632332,2.7579744129626516,0.8514952444306277,0.739354994190476,10.875660899458019,22.513450494538787,3,-1.0151918386978627e-16,1.3745519330680633e-15,0.6824145596330131,0.31758544036698827,sample_1092,uniform,test,91.07033416418783
3.897168386227429e-17,7.706914929039538,deep,27.495841568859447,15.986473712217121,43.482315281076495,3.621057895112519,1.1100641455154925,0.8631635543438604,17.805617091243988,24.24166995347133,2,-1.4708557614776658e-16,1.674948308171303e-15,0.6323453889500138,0.3676546110499878,sample_1093,uniform,test,114.63406366679924
3.95438166375868e-17,1.7001733222341904,shallow,34.06562663550443,13.077328378208685,47.14295501371307,3.880752568595631,1.0368019108829603,0.6326103513383547,10.943491216243563,22.18491842121222,2,-1.6028336787686084e-16,9.420054591844842e-16,0.7226027012009605,0.2773972987990404,sample_1096,uniform,test,134.2320395971315
4.261064179229047e-17,4.306824495024626,medium,64.88342880171538,21.990772901951203,86.87420170366649,2.718428666419661,1.1049422171462164,0.8184282882710069,6.248199740725324,10.958587541877668,3,-4.8839648529305325e-17,1.1450578083667811e-15,0.7468664750789532,0.2531335249210479,sample_1112,uniform,test,88.99510072143808
3.826572318530977e-17,5.286213994212451,medium,27.724767903393104,12.304027807837391,40.02879571123049,2.683122472624426,1.4147925397548518,1.4147925397548518,nan,36.45898442921258,1,-1.7818254492566912e-16,2.2188487160780051e-16,0.6926205850258602,0.30737941497414,sample_1126,uniform,test,36.45898442921258
4.3143060097055875e-17,1.4110201381424086,shallow,27.092877425923795,16.820929492761543,43.91380691868522,3.0452329422635613,1.7365698156179596,1.7365698156179596,nan,40.88549708123396,1,-4.46315599298344e-16,2.7506671262386094e-15,0.6169557896925544,0.3830442103074484,sample_1133,uniform,test,40.88549708123396
4.6851854495923e-17,6.951759012021471,deep,43.35125523552347,19.14842606431921,62.49968129984263,3.869680199284208,1.0773002167089687,1.0028913270204702,3.8418745424597103,3.0912844422495933,3,5.948183279859964e-16,7.95811922057469e-16,0.6936236206956886,0.30637637930431216,sample_1135,uniform,test,140.82030774842573
4.491753725899994e-17,5.532815059506917,medium,70.73829573135632,6.675670436858672,77.41396616821486,2.2472326859603666,1.1027310245976345,1.1027310245976345,nan,26.76194750286099,1,-4.329336146781011e-17,1.7209654736656539e-15,0.9137665880294417,0.08623341197056009,sample_1139,uniform,test,26.76194750286099
4.724441088424806e-17,4.262752795556575,medium,27.9045611233423,9.518014257339347,37.42257538068158,2.841290815786589,0.9692545335197844,0.6986548378076394,11.518680479985544,21.988397052256563,2,-2.1690647429015912e-17,1.851233273816122e-15,0.7456611641364292,0.25433883586357264,sample_1167,uniform,test,73.10481614768653
4.149199054153718e-17,8.196196393053814,deep,16.384819183262664,4.8161743422449925,21.200993525507656,3.0503633098497422,0.8016991298114093,0.8016991298114093,nan,43.15837174797439,1,2.0657102812701587e-16,4.189324517417199e-17,0.7728326110542657,0.22716738894573432,sample_1175,uniform,test,43.15837174797439
4.134539577669938e-17,3.8313188034539962,medium,68.37114097637898,15.334434095969252,83.70557507234824,2.465957821554488,1.368612125891972,0.9835387932945712,10.64894360957931,10.183715855212343,2,2.1691578699770946e-17,6.366446337170182e-17,0.8168051042870749,0.18319489571292502,sample_1185,uniform,test,34.70147432262594
3.575807524042766e-17,5.685649111018236,medium,29.693728240758343,20.57959122158966,50.27331946234793,2.719958462435546,1.6753562844522145,1.6753562844522145,nan,45.49629820447556,1,4.2681272575129247e-16,1.4840274732741138e-15,0.5906458646120908,0.4093541353879107,sample_1211,uniform,test,45.49629820447556
3.483415652318268e-17,2.8708048206801395,shallow,24.088055235719693,15.16672167091861,39.254776906638256,3.6704384208465166,1.2882180012265254,0.8688722484417446,12.074767078498866,5.7839441400252385,2,-2.0341343976589004e-17,1.2218037763372466e-15,0.6136337315840467,0.38636626841595456,sample_1215,uniform,test,135.31719720610457
4.260607381637719e-17,6.964729649677657,deep,48.25513978393715,13.37483289095673,61.62997267489374,2.1284706871092167,0.9728748896084546,0.6115304518000394,10.667708282475669,4.14642680008204,3,-1.4096288155156378e-16,2.277012048226772e-15,0.7829816839038596,0.21701831609614275,sample_1230,uniform,test,50.183518749344515
3.337835898054864e-17,1.5802349633793886,shallow,25.402283353060575,13.662018502375723,39.06430185543625,2.294353221617443,1.3809242989685004,1.3809242989685004,nan,50.590555452927795,1,5.544711367388905e-16,1.273233851388679e-15,0.6502684585805686,0.3497315414194327,sample_1244,uniform,test,50.590555452927795
3.9248779786690964e-17,6.529865211380836,deep,53.7632993870053,14.511566483624318,68.2748658706296,2.114724465334144,1.153462624277985,1.009748734685939,15.942396306703706,18.566420219357813,2,3.4693422217055675e-17,2.601772726681257e-16,0.7874537533164622,0.21254624668353814,sample_1259,uniform,test,58.180537076370626
4.120476667447627e-17,3.3559573878040396,shallow,55.25858190335047,11.506429680179016,66.76501158352941,2.622889808510814,1.4004519630697825,1.4004519630697825,nan,34.41030338107344,1,3.442394765441301e-16,1.0376380546259093e-15,0.8276577895027651,0.17234221049723586,sample_1262,uniform,test,34.41030338107344
4.2245957868974235e-17,4.453808716063065,medium,59.55241288860521,9.4480294689325,69.0004423575376,1.5598340726814872,1.2164427970706133,0.8161764152362255,8.260750571225355,7.959681820987298,2,1.0426811147391974e-16,1.6991130403616797e-15,0.8630729145187823,0.13692708548121937,sample_1266,uniform,test,21.45790453878376
4.7679690203279304e-17,7.972791880124489,deep,13.490814817052955,5.9479004253692365,19.43871524242216,2.4049582001720085,1.230667272405725,1.230667272405725,nan,28.556714627448258,1,3.1593012825003146e-16,1.690574768912032e-15,0.6940178221043756,0.30598217789562615,sample_1276,uniform,test,28.556714627448258
4.38691004395176e-17,5.074395623630771,medium,66.2641172470796,3.9041145861474766,70.16823183322704,1.89734479584072,0.7048586000626518,0.6439873384768035,14.051334456200237,14.483404710991067,2,2.0453644746103768e-16,4.746690898228228e-16,0.9443606531880897,0.05563934681191077,sample_1285,uniform,test,43.09403270727336
4.21217558655073e-17,4.698958481976252,medium,37.39818500329587,20.921904484899304,58.32008948819508,3.9674138661532408,1.1477152911044963,1.1477152911044963,nan,136.09311717272894,1,2.34458528225272e-16,1.6447723275018283e-15,0.6412573322759709,0.35874266772403074,sample_1286,uniform,test,136.09311717272894
4.1515670484340724e-17,3.451163346308112,shallow,4.837425911757064,4.483004198401099,9.320430110158147,2.7853085620921907,0.8860317384906653,0.8860317384906653,nan,37.33112849192802,1,6.199229033041704e-16,1.7152868875845244e-15,0.5190131629746197,0.4809868370253819,sample_1288,uniform,test,37.33112849192802
4.1926493420376585e-17,6.970176982065068,deep,33.27438934833985,5.811394749266375,39.08578409760616,3.454913450240182,0.777221002456576,0.777221002456576,nan,66.30918388826592,1,-6.02463081733664e-17,1.7724581541873878e-15,0.8513169203730461,0.1486830796269557,sample_1292,uniform,test,66.30918388826592
4.509411767424104e-17,5.320626730086508,medium,50.39165074711414,17.44246677951199,67.83411752662602,2.631063229016294,1.7261077533595919,1.7261077533595919,nan,35.08835180447752,1,2.1969764907586185e-16,1.675953662653488e-15,0.7428658702213466,0.25713412977865496,sample_1319,uniform,test,35.08835180447752
4.669864913175751e-17,2.3902028328856186,shallow,54.18099222478364,27.937802467797987,82.11879469258146,2.8689458620789234,1.3153912321942411,0.9646838747925892,8.430895563343197,19.370795866100057,3,-1.650969446247973e-16,1.990102629204648e-15,0.6597879623978249,0.3402120376021771,sample_1327,uniform,test,122.11591497014575
4.033725349112972e-17,4.059856068817208,medium,32.57601054614231,16.546668290465487,49.122678836607705,2.3578632116930494,1.597827059725827,1.597827059725827,nan,41.773012920942875,1,1.0851643819780984e-15,1.8080822152521286e-15,0.6631562308419076,0.3368437691580942,sample_1328,uniform,test,41.773012920942875
4.5159388490693016e-17,3.361758636357571,shallow,58.3022283365001,4.543547726958971,62.84577606345894,1.6598644178748647,0.8174318081419862,0.759994332709831,10.488088481701517,11.131806938199231,2,8.811207987577285e-17,2.0492367017072997e-15,0.9277032123468256,0.07229678765317644,sample_1366,uniform,test,30.287878677212376
4.129739196299887e-17,2.011193764686887,shallow,58.1242099823594,6.013688427254289,64.13789840961363,2.3913550491664264,0.9133955130560203,0.8156868101244905,15.67801007781281,3.7612840494736766,2,2.7242860929435083e-17,1.024748310866976e-15,0.90623814349438,0.09376185650562098,sample_1372,uniform,test,30.659551300572268
4.174797155117783e-17,2.4965523839732775,shallow,33.43568032438635,16.71126343590263,50.14694376028889,3.434365219944868,1.026713482548105,0.9565794956114724,7.161005515987264,9.6140951718618,3,-1.8525047209207156e-16,1.7003055799131878e-15,0.6667540993966594,0.33324590060334236,sample_1378,uniform,test,103.36239087218289
4.2954447681468084e-17,2.707273103784515,shallow,69.6442995817529,10.584865383505806,80.22916496525863,2.0011953110225735,1.0253398623824892,0.7654708243205687,7.28285658241325,7.179139837832928,2,5.248943792203226e-16,9.52064553174482e-16,0.8680671126505024,0.1319328873494986,sample_1384,uniform,test,40.74958027738161
3.689803149906138e-17,5.49158687676216,medium,89.29581775257195,32.579250937906636,121.87506869047827,3.434927856527533,1.3765760502965572,1.1463065406648973,7.318469785412796,45.37489592863606,2,-3.4467047899293346e-16,2.565240020733376e-15,0.7326832198909633,0.26731678010903925,sample_1389,uniform,test,144.79894828516822
4.219703139501728e-17,3.335564408324349,shallow,74.82381552938867,33.015219845594466,107.83903537498297,3.968730254207167,1.282436524860598,1.154666689371325,6.770524351924305,9.195275420305146,3,-1.3340801555418075e-16,1.5154515121222527e-15,0.69384722581399,0.3061527741860115,sample_1404,uniform,test,134.2196002000237
3.0968779112797474e-17,3.1576607729912958,shallow,31.34950635458927,26.22395998321088,57.573466337800106,3.090488256202056,1.5018861457175445,1.4604573934268208,15.02797391533536,8.262875972320261,2,5.056643226006037e-16,7.404897925629227e-16,0.5445130951583267,0.45548690484167403,sample_1429,uniform,test,75.20407549909022
4.327811900959079e-17,4.7416072683714745,medium,37.86068268406669,6.1984366521881515,44.059119336254795,2.0277475624053074,0.9411138856694453,0.8773123797518458,4.054626986542656,4.155717751533589,2,1.4282375828748541e-16,1.0079393699652009e-15,0.8593154664558259,0.1406845335441751,sample_1432,uniform,test,39.08022387036973
5.0467563730917114e-17,7.424343793833582,deep,21.10471229845708,10.298088164005144,31.402800462462206,1.913208979973929,1.7946110254679417,1.7946110254679417,nan,14.776339647858114,1,7.722108669802321e-16,5.656682885730668e-16,0.6720646562616256,0.32793534373837496,sample_1438,uniform,test,14.776339647858114
4.525928551233255e-17,3.2034194361270574,shallow,63.83047374260822,18.515199635808926,82.34567337841709,3.3345735041762996,1.3564163883306215,1.01942864898382,5.6178287620752565,15.124654862022588,2,2.58420800127975e-16,6.903024351939631e-16,0.7751527326672912,0.2248472673327095,sample_1455,uniform,test,92.32666156250085
3.8711098670510706e-17,5.411941835578838,medium,47.55609912243564,23.109451379113064,70.66555050154854,3.7564179682134764,1.1421935387818258,0.7050032900132693,4.014971979976947,6.584610549381165,3,-3.3892250869052058e-18,2.3629270800057583e-15,0.6729742963142064,0.327025703685796,sample_1470,uniform,test,202.13965234469737
4.0614388052914723e-17,5.881936503261816,medium,93.84454306777803,24.561434628029613,118.40597769580747,2.3201624854858753,1.4018375122072364,1.3100074285699266,6.749814812274484,15.421484314433819,3,-1.6435944819106244e-16,1.5302301551388742e-15,0.7925659235623278,0.2074340764376737,sample_1482,uniform,test,77.63112182634865
4.1412825491919135e-17,5.972958308926395,medium,38.90761211495099,11.63323413041794,50.540846245368826,3.1638221479265756,0.8257368275349715,0.6681470189534976,14.770240350109408,35.21956463744373,2,5.4822697731638704e-17,2.108817289021577e-15,0.7698251019790985,0.23017489802090363,sample_1486,uniform,test,116.01024256085185
4.692999955895403e-17,2.98295995910361,shallow,69.7598660624483,27.183320049414874,96.94318611186299,2.4827487013276737,1.3028708254801067,0.9259786018975025,4.770744176750624,20.11170906031536,3,3.5060816456351708e-16,1.905663705796226e-15,0.7195953512601929,0.280404648739809,sample_1513,uniform,test,96.14675404983558
4.0859287015537375e-17,7.309394945425053,deep,155.5483858709216,35.78069308630132,191.32907895722258,3.195057972376673,1.48459601493309,1.3518120509593312,5.692099788303083,4.747858570185914,3,3.0648913038789966e-16,1.819723078269206e-15,0.8129887350040459,0.18701126499595588,sample_1516,uniform,test,106.78228096659512
4.1325452474796896e-17,4.59043174790419,medium,48.883994180022995,25.557976932730533,74.44197111275338,3.3206347056745273,1.184945567086392,0.9726089995296625,6.2545983084447565,24.195666788215508,2,-1.8239434039243926e-18,2.0044334167833142e-15,0.6566724852836171,0.34332751471638484,sample_1529,uniform,test,113.56166949996624
4.401022420047339e-17,5.989477166402084,medium,58.271631017806314,20.46895776215528,78.74058877996154,1.8539768732095778,1.3002481624699067,0.6014053969800169,5.418486873657627,10.62517783558369,3,3.3818107133799843e-16,6.76788248700133e-16,0.740045660321957,0.2599543396780437,sample_1566,uniform,test,47.207952056457
4.2236205685125976e-17,3.6640489453191494,medium,24.901498862418887,5.964066388420149,30.865565250838973,3.1446075123880433,0.9593421339953462,0.6183019815147583,23.03736095997109,2.865331842365197,2,-1.861935557129749e-16,2.043075099588361e-15,0.8067728117093863,0.19322718829061578,sample_1572,uniform,test,79.32992373962071
4.742462848293304e-17,4.703558959772462,medium,20.39413062300719,15.939692182794829,36.333822805801965,2.6121941636764094,1.2328208413145079,1.0717089474650674,7.655063683601854,7.413657415026857,3,4.666049510772847e-16,1.4666968974565976e-15,0.5612987857625197,0.43870121423748176,sample_1599,uniform,test,48.601570205206215
3.673468159350249e-17,4.768391028857011,medium,44.93589941800386,16.153972842515582,61.08987226051933,3.175821607100573,1.072617028771853,0.7518963971141117,6.199999999999999,38.09935198253357,2,-4.17204540333121e-16,1.8028213182889912e-15,0.7355703614237981,0.2644296385762038,sample_1620,uniform,test,87.69243304006594
3.6292323951451725e-17,5.073479645913081,medium,5.061876353772717,1.6532409961611159,6.7151173499338235,2.296223966601338,0.6014177869915914,0.6014177869915914,nan,28.814423679529686,1,9.158209586572569e-17,1.3557214755176245e-15,0.7538031116943326,0.24619688830566874,sample_1634,uniform,test,28.814423679529686
5.1127948731357286e-17,4.991194597367209,medium,63.91850699126924,22.84255251228631,86.76105950355539,3.194117709314314,1.1367691131371966,1.0801156131732725,4.48998886412873,7.238465739636768,3,8.375662220741959e-16,1.8836195657353175e-15,0.7367188385781518,0.26328116142185015,sample_1635,uniform,test,118.6860786554296
3.863624031888197e-17,4.2415316539940395,medium,74.61808275377605,24.71923960007057,99.33732235384637,3.331428083341176,1.2933833241314099,1.193110305034192,8.78179936004006,4.761912508747584,2,-3.640966640127198e-16,2.4677255036534894e-15,0.7511585875848485,0.24884141241515387,sample_1642,uniform,test,102.37340350998946
3.805521300279744e-17,2.5762347036592956,shallow,126.3041135730918,39.11982497808103,165.4239385511725,3.5877350599159112,1.5037820123663856,1.3789646875303727,4.242640687119284,12.134099605634402,3,5.210413136540663e-18,1.889924798506305e-15,0.763517751295836,0.23648224870416584,sample_1643,uniform,test,126.50062505286331
4.108885547105036e-17,4.7576249687984795,medium,16.954997322482324,5.258416278138558,22.213413600620864,2.6417584516091206,1.032951057111811,1.032951057111811,nan,31.357458800764814,1,2.941457675431798e-16,7.996775602965414e-16,0.7632774335056919,0.2367225664943089,sample_1683,uniform,test,31.357458800764814
4.058175880153296e-17,7.270249813510571,deep,42.66527760267254,31.812341894417823,74.4776194970902,2.9409694740460544,1.5966967467013844,1.5326039332747616,15.327100182356743,41.432949722663075,2,1.7777286119977636e-16,2.14657928953098e-15,0.5728603826326572,0.427139617367345,sample_1686,uniform,test,90.8301422081731
5.0824919852626695e-17,6.106716332303994,deep,52.29383391466049,10.864003727699734,63.15783764236009,2.8869088085072296,0.7692610982811304,0.602292188297032,10.295630140987,24.89527843380974,3,-8.168091084205494e-17,2.053174302934742e-15,0.8279864521452031,0.172013547854799,sample_1688,uniform,test,113.84751115067866
4.5126794836714775e-17,2.9519587628649755,shallow,86.67314781248304,5.285807783823621,91.9589555963066,2.289137724647792,0.8083813238474633,0.761395480685521,12.655433615645101,12.339967222720771,2,1.3075269590871551e-16,6.954063995587335e-16,0.9425199237034848,0.05748007629651591,sample_1697,uniform,test,40.74822203448848
4.0847046144579035e-17,4.2613094791776485,medium,55.21796768087907,21.607292784926923,76.8252604658058,3.1901827394161995,1.074480076317976,0.6665301557597703,11.953242237987148,12.61913356289819,3,-2.6453965625213246e-16,2.5434245344472075e-15,0.7187475492576568,0.28125245074234567,sample_1717,uniform,test,130.80311491399897
4.14624297453719e-17,4.748975602431699,medium,41.364507603848196,24.97198965320746,66.33649725705548,3.2679341655722793,1.2248770844963215,0.982657762730538,6.805879810869421,15.733380628067735,3,-3.3921981657027894e-18,2.57068527332119e-15,0.6235557998119762,0.3764442001880264,sample_1718,uniform,test,135.46082068488803
4.305203280081349e-17,6.456869460089046,deep,92.75863504804023,10.278007805784613,103.03664285382469,2.4239089565993424,1.0439275979012,0.7149524011698711,17.62498226949463,19.672829015804705,2,1.2739422346286805e-17,1.534364419567789e-15,0.9002490034504949,0.09975099654950663,sample_1729,uniform,test,50.704278645546076
4.506471543192365e-17,2.2406291540364047,shallow,178.01296438681157,8.93420307169737,186.9471674585088,2.063288547713847,1.2537342988382367,1.0249002830755458,8.027452896155792,4.146066948409541,2,9.014111244704137e-17,7.696554376698658e-16,0.9522100110252802,0.04778998897472054,sample_1731,uniform,test,40.93934751744843
3.2818082733784824e-17,6.630214302086367,deep,29.824453687076783,6.533196847925338,36.35765053500207,3.55218454222841,0.802087705025078,0.7296668093990968,7.531268153505093,13.839322082057642,2,5.116682307250876e-16,1.3435910287018799e-15,0.8203075074492044,0.17969249255079695,sample_1734,uniform,test,78.81661462938271
3.309849550636352e-17,7.814066017587418,deep,152.9017241745431,32.62057906534483,185.52230323988763,3.9253960663257903,1.1080253221924314,0.8479658026071304,6.624198064671676,50.612577929874384,3,-2.490426317656774e-16,1.5319834291650433e-15,0.8241689624607298,0.17583103753927168,sample_1741,uniform,test,194.71620449408533
4.5054664052306954e-17,3.0901331558471905,shallow,111.40431765084706,53.327155337965976,164.7314729888126,3.4152829810367384,1.5368730809838018,1.3474983254573587,11.023611023616537,12.25309929318459,3,-1.5302876439563864e-16,2.588003577707419e-15,0.6762782826473775,0.323721717352625,sample_1760,uniform,test,172.08248242419162
3.99144794839396e-17,4.011477922315873,medium,26.61034527860778,6.5279987808435225,33.13834405945124,3.319700821168256,0.7871770905043158,0.7871770905043158,nan,105.2292938607411,1,1.0039511289886302e-16,1.8493474160737375e-15,0.8030076949792052,0.19699230502079662,sample_1765,uniform,test,105.2292938607411
4.1666494441424446e-17,7.468637333629963,deep,11.019942072628996,4.416086621012103,15.436028693641045,2.0238481420062824,0.7846540227618874,0.7033162733467372,24.358981916328116,4.796793811777552,2,2.2599083520171425e-16,3.5098978290981617e-15,0.7139104423386257,0.28608955766137784,sample_1787,uniform,test,39.52020446868349
4.3002505549497156e-17,3.696735295683117,medium,125.4605920894881,16.56037491979038,142.02096700927837,3.1207723956207722,1.4780278447684223,1.4780278447684223,nan,60.3718205014416,1,2.122930954294231e-16,8.255087531741504e-16,0.8833948587414677,0.11660514125853315,sample_1809,uniform,test,60.3718205014416
4.0626638957501327e-17,2.5531566320070285,shallow,48.073586855988474,21.54067165578147,69.61425851176989,2.1234014235639718,1.6635928583972646,1.5406828753820658,12.671227249165726,10.660653018417724,2,-1.8900979241581555e-16,7.655142254082545e-16,0.6905709819183168,0.309429018081684,sample_1811,uniform,test,50.764397251282666
4.488636049150239e-17,2.5624027052903084,shallow,28.677929968246243,15.486951781053902,44.164881749300065,3.7905613756199243,1.1777911011485207,1.1777911011485207,nan,103.07174034949848,1,1.8438849067369062e-16,1.809946151939558e-15,0.6493378637587032,0.3506621362412986,sample_1812,uniform,test,103.07174034949848
4.2948536862131385e-17,5.9694322614486275,medium,111.44854989899342,18.349645835282516,129.79819573427577,1.9830928039442157,1.524341656560934,1.435930504548855,6.131883886702357,6.50852802333234,3,2.2780152629676397e-16,1.3138106860247532e-15,0.8586294229170339,0.14137057708296735,sample_1815,uniform,test,34.66649241725457
4.1984525758446064e-17,1.9618506601714738,shallow,24.16179499278254,12.056804302319986,36.21859929510245,2.2742649996396036,1.1162450658782386,0.6184797090265906,14.05560386465128,20.008157164236437,2,-6.744107975465622e-17,2.059908133026531e-15,0.6671101440427528,0.3328898559572493,sample_1826,uniform,test,69.28147566506098
3.661069713184735e-17,2.6010585275931817,shallow,17.920527625203615,11.669080336544832,29.589607961748364,3.1398030765011886,1.173858242068516,0.7651388309632043,20.631044568804555,10.575092789779276,2,-2.2307574170327794e-16,2.8215572021008507e-15,0.6056358586558557,0.3943641413441471,sample_1837,uniform,test,77.34278565460073
4.951127395149564e-17,8.225485673829406,deep,47.351958659068636,20.420018008424965,67.77197666749332,2.855772908774184,1.586155194203797,1.586155194203797,nan,62.1989731640051,1,4.3883461538255867e-17,4.1413043329435545e-15,0.6986952570586731,0.3013047429413311,sample_1839,uniform,test,62.1989731640051
4.14436900180554e-17,4.017005754574624,medium,29.788581839388485,19.805990065974207,49.59457190536263,2.80365241515168,1.7749462630664552,1.7749462630664552,nan,43.22923843765622,1,1.2146167961176013e-16,1.2894323665186082e-15,0.6006419794535511,0.39935802054645014,sample_1843,uniform,test,43.22923843765622
4.165316901262744e-17,4.333082142492406,medium,49.5142279318824,17.742211145926635,67.25643907780895,3.8943661528187756,0.927141688291966,0.7484512751223317,7.194442299441978,20.966906262902956,3,9.10971778530785e-17,1.3205849609025418e-15,0.736200557311686,0.26379944268831534,sample_1858,uniform,test,165.76947023782813
3.9498767849256525e-17,1.8233967634686166,shallow,46.248299573425015,11.745986632850617,57.99428620627568,2.004827396537548,1.263355526761577,0.8663435665337733,11.016351483136331,16.735736060080367,2,9.01490551606755e-16,8.576360665307191e-16,0.7974630364261711,0.20253696357382805,sample_1863,uniform,test,34.136950457790405
3.885393678519383e-17,8.115067608262407,deep,24.156098325924088,9.978700414652646,34.13479874057667,3.0424833732556076,0.8232512990181756,0.6509961545099519,14.601369798755183,42.41780425101463,2,-4.623762768402461e-17,1.873420924623523e-15,0.7076678116519634,0.2923321883480385,sample_1865,uniform,test,95.80859167043705
4.309102578791782e-17,7.987628235009919,deep,126.696774859415,24.568446071293895,151.2652209307087,3.8496509789834477,1.1892749917083243,1.0833403470118195,3.2124756808418033,9.469679682687286,3,-6.448778120945688e-17,1.338739192298483e-15,0.8375803378983728,0.16241966210162853,sample_1869,uniform,test,140.5667689102068
4.465727250846249e-17,7.364984657419942,deep,25.123580271318637,3.6224674156221437,28.74604768694072,2.1395462592089682,0.8530893869493074,0.7798334723941333,14.328991590478376,5.1885146412532706,2,1.8708478323283495e-16,2.1164725812758663e-15,0.8739838097023764,0.12601619029762565,sample_1881,uniform,test,22.340594102819306
4.821325668276549e-17,2.129569037009626,shallow,104.56396824410761,28.57455354686926,133.1385217909767,3.300217842441034,1.1081928795485136,0.8548102284093998,6.289674077406554,42.29243075237825,3,1.4959902408326428e-16,1.2274796732488503e-15,0.7853772660047237,0.21462273399527756,sample_1885,uniform,test,174.19165362664728
3.977000265794907e-17,5.5710161901518,medium,69.08931528331246,18.22303105382756,87.31234633713987,2.8419842337447228,1.585495280331956,1.585495280331956,nan,41.9643185371257,1,-2.160462922306692e-16,1.7089676405380279e-15,0.7912891839664613,0.20871081603354036,sample_1893,uniform,test,41.9643185371257
4.2317258502804504e-17,5.657462371046256,medium,32.98923759717875,11.650557051434873,44.63979464861359,2.0549055810063686,1.6732339554886937,1.6732339554886937,nan,24.69867167428173,1,-1.205894992050003e-16,7.95862460113454e-16,0.7390096181413174,0.26099038185868345,sample_1894,uniform,test,24.69867167428173
3.8471869170016406e-17,7.948629693976953,deep,9.144786976730181,4.881876998094769,14.026663974824928,2.22793023422324,0.9033663754969741,0.9033663754969741,nan,46.32264727313955,1,-8.798095797861657e-17,1.5830179244584259e-15,0.6519573715562913,0.3480426284437103,sample_1904,uniform,test,46.32264727313955
4.345136941023649e-17,4.776093059292376,medium,90.71751453015447,11.574522355429737,102.29203688558412,1.6693768497701287,1.1480139073435767,0.6766534532446028,4.166533331199932,3.9035860174778665,3,1.9201839171304095e-16,8.509116425941354e-16,0.8868482561513952,0.11315174384860567,sample_1927,uniform,test,32.14625398321005
4.467685127138051e-17,5.906575058001606,medium,43.984818483189656,14.008736664547321,57.993555147736906,3.6154581756427837,1.0387898033921763,0.9637592747552945,11.074294559925704,16.209977394301674,2,-1.5166626024400727e-16,1.2252098253849295e-15,0.7584432161666862,0.24155678383331508,sample_1944,uniform,test,80.8863854897791
3.6875936656053565e-17,5.433493447691437,medium,15.047005399690581,14.126781488915936,29.173786888606493,2.395918822062635,1.1582054048824895,1.031949535270025,22.02362368003958,26.998666331136274,2,4.542128995527411e-16,8.524431828668709e-16,0.5157714168936713,0.48422858310632955,sample_1989,uniform,test,65.38985483054371
4.23397379512547e-17,8.384649204108225,deep,56.98158112799163,18.583252136304807,75.56483326429637,2.359475960734161,1.0736053966283357,0.8232294697208896,6.251399843235115,28.01097796777292,3,4.2804300605554263e-16,9.403087455707053e-16,0.7540753901843764,0.2459246098156245,sample_1993,uniform,test,111.75229075174988
4.5380416841314175e-17,2.133752097173425,shallow,52.2626889701716,12.232461674927318,64.49515064509886,3.638085186122924,0.8859372723585449,0.6397838985848951,6.660330322138685,5.291086405012419,3,4.622651512967227e-16,9.364445533580308e-16,0.8103351716745415,0.18966482832545942,sample_2021,uniform,test,161.40370927324201
4.109551209159986e-17,7.383778437838735,deep,54.19537250924739,23.652867234003832,77.84823974325109,3.1527522869011038,1.2714702190126108,0.9836243114098884,5.868560300448484,39.02675307922235,2,-1.4454969513881586e-16,1.7798197355545395e-15,0.6961669613595312,0.3038330386404707,sample_2024,uniform,test,102.14532156863162
4.8997701227401664e-17,5.076640590721503,medium,29.753430669674778,8.890928259697398,38.644358929372125,2.0308944946116965,1.1353046621154375,0.6572218439242529,29.697811367169802,10.160410404091522,2,-8.040391850455656e-17,1.333036690730381e-15,0.7699294669127067,0.2300705330872946,sample_2044,uniform,test,45.24777068021227
4.8206951503767875e-17,1.4806425441166544,shallow,69.43217997215967,24.02634431661861,93.4585242887782,3.9397271719895013,0.9275704852456877,0.6502297873175711,11.766052864066184,19.86855307425635,3,2.830437098582414e-16,9.503450075412449e-16,0.7429197122524711,0.2570802877475299,sample_2059,uniform,test,165.27007413494098
4.6222262938773324e-17,5.679356645678794,medium,108.57777950096181,48.717985045968526,157.29576454693003,3.4346543301348285,1.3131654655754834,1.1621592157020495,10.669582934679314,51.61853827269644,3,3.9429949840014316e-16,1.94241324460892e-15,0.6902778330599426,0.30972216694005933,sample_2067,uniform,test,202.01472493754568
4.4394476939828053e-17,2.351123758449374,shallow,52.61319333153492,8.155729383647659,60.76892271518251,2.5483116324370134,0.9660399585319248,0.8983600403727567,16.773789077009408,9.896256627650734,2,6.306151535710997e-17,1.1400221304120859e-15,0.8657911146150702,0.13420888538493098,sample_2069,uniform,test,65.63254302211713
4.140366183489391e-17,6.924925051157915,deep,37.66402652051292,18.16394240618487,55.82796892669773,3.1841589140920923,1.1485217107613521,0.993044951683853,10.495713410721539,10.129916130381337,2,2.2932088421493113e-16,1.081825717480584e-15,0.6746443985803224,0.3253556014196786,sample_2070,uniform,test,82.0554909899977
4.883211116621245e-17,2.837235957171335,shallow,54.51244729348114,20.29115213188865,74.80359942536968,3.039103536748499,1.1217179135216468,0.890142050512676,4.690415759823431,20.034445522600567,3,4.593328124169581e-18,1.4248166021790107e-15,0.7287409658390477,0.2712590341609537,sample_2072,uniform,test,124.81006147489357
4.4943723236365754e-17,4.544514412793748,medium,120.9052024721163,51.460465178028834,172.36566765014481,3.0325074261746177,1.5277461183290388,1.151727111248288,7.9548727205405365,41.09535333141313,3,7.687404208168193e-17,1.855034331668871e-15,0.7014459672881076,0.2985540327118943,sample_2077,uniform,test,164.80706148749888
3.882287307174069e-17,3.690279607731068,medium,16.22567470032092,5.363697515923814,21.589372216244747,2.423994277759901,1.178260782954144,0.6072787504140764,18.58709229546138,4.78815747637149,2,1.7981179580150265e-15,6.5823380934204105e-16,0.7515584305926247,0.24844156940737458,sample_2079,uniform,test,27.18418203802152
3.755685416553114e-17,4.730626720105782,medium,11.66999023978784,9.819328403270257,21.489318643058056,2.326745356356727,1.1524756221848498,1.1524756221848498,nan,52.76369203159121,1,6.957017542854938e-17,1.9012332584776493e-15,0.543060039903021,0.45693996009698096,sample_2086,uniform,test,52.76369203159121
4.4110753018719713e-17,1.3785086242829325,shallow,40.36067462232964,9.440504476442324,49.80117909877193,2.2593892631410633,1.1465722387930741,1.0567328786713424,7.769169839822015,11.036087313038996,2,-2.3408620017119027e-17,6.420414875276111e-16,0.8104361252628436,0.18956387473715702,sample_2087,uniform,test,41.25785325682236
4.336448306280131e-17,4.203835736488889,medium,40.884759413266245,7.925444074888832,48.81020348815501,3.097758752758733,0.790643350228691,0.7495917486651118,5.495452665613634,2.528149297935926,2,2.6735389517424146e-16,1.3465463849942583e-15,0.8376273092815097,0.16237269071849156,sample_2111,uniform,test,83.03891349598659
4.420234012102347e-17,3.2366600379850494,shallow,49.16443029595019,15.289471813480043,64.4539021094301,3.2458855491064633,1.0592127387554005,0.7796606904284455,14.715977711317722,24.20012129694216,2,1.8535962227185883e-16,2.0118882648261875e-15,0.7627843883288651,0.23721561167113692,sample_2119,uniform,test,117.08405379729788
4.319799349879181e-17,2.945745555069005,shallow,20.641101253762443,19.429935830554854,40.07103708431722,3.28176638646321,0.9397446061040128,0.8807627587763427,13.125547607623844,90.19533104204328,2,-5.996181817270803e-16,1.9505285268546428e-15,0.5151127286855484,0.4848872713144536,sample_2121,uniform,test,187.72821396121674
4.713592426317235e-17,5.810659675648995,medium,55.170667978235095,31.273392154309693,86.44406013254466,3.3976880615395078,1.4626737998636237,1.264770292274958,3.2186953878862177,9.231710496069311,3,-1.1675995727277414e-16,1.4384444526015946e-15,0.638223932259104,0.3617760677408975,sample_2129,uniform,test,125.195467563803
4.2000480774755676e-17,4.840703183649827,medium,43.76260445924592,10.524088862416274,54.2866933216621,3.4197696248146525,1.0344658606691566,0.7916137385309312,4.1999999999999975,5.183656269879962,3,-2.5698158235514216e-16,1.766975725694774e-15,0.8061387014298633,0.1938612985701384,sample_2166,uniform,test,84.8506724616151
4.418927303099782e-17,2.9122221774571395,shallow,33.81185674681988,8.414267025079283,42.22612377189909,2.6429669556285367,1.0937482882763123,1.0937482882763123,nan,46.74624641612089,1,2.9934057515217266e-17,1.682708883245771e-15,0.8007331416321288,0.1992668583678728,sample_2167,uniform,test,46.74624641612089
4.055369223620214e-17,2.666011223926056,shallow,20.515901868606626,10.871060672295343,31.38696254090194,3.320520218214894,1.1509062964318826,1.1509062964318826,nan,56.9527960838146,1,2.500812113462896e-16,9.055259614040778e-16,0.6536440677198794,0.3463559322801215,sample_2172,uniform,test,56.9527960838146
4.1673026542767814e-17,2.7233392904383424,shallow,67.78785815119821,21.092554168554237,88.88041231975235,2.5106810495927223,1.4764034100476544,1.3557132095088407,6.572670690061991,18.27541739367529,2,-3.1765463185229634e-16,1.039267857089869e-15,0.7626861350207008,0.23731386497930018,sample_2175,uniform,test,48.265590189648776
4.42396240797657e-17,2.728249532114382,shallow,85.94597095387398,10.387986309227143,96.33395726310098,2.296085749573357,0.9382620629935912,0.6491210485068806,10.892199043352083,8.955987342851126,3,5.2078188977031826e-17,1.4567261046834577e-15,0.892166930495173,0.10783306950482846,sample_2196,uniform,test,48.52852658794717
3.173825989718499e-17,3.9287002702760296,medium,79.88737058000845,17.51010131840574,97.39747189841411,3.3877687718956775,1.1423113946704722,0.8922136978018154,13.770983988081609,43.07870674214508,2,1.0783662733661237e-16,8.389582708844624e-16,0.8202201661181847,0.17977983388181612,sample_2199,uniform,test,124.61603924351246
4.4223180320517046e-17,3.5655548267524906,medium,57.213402618058915,6.290044277243427,63.503446895302325,2.042577442359773,0.9284173771944686,0.8670777821756374,13.093509842666327,12.121355718179649,2,1.760403899528289e-16,2.657397479876126e-16,0.9009495612480097,0.09905043875199054,sample_2202,uniform,test,34.04116684866556
3.758718536996717e-17,7.158869216118256,deep,23.898780216959622,13.018910654080013,36.91769087103955,3.3763971606240544,1.1613113317844481,0.8546195609856395,12.247448713915894,14.141356356557266,2,-6.34356857737832e-16,2.405834164446254e-15,0.6473530617189078,0.3526469382810946,sample_2207,uniform,test,76.83638087321371
4.1403116837903124e-17,3.5447003995598396,medium,57.955272797364195,28.30328579774552,86.2585585951096,3.1667196235158657,1.213513572098771,0.6155164164897325,8.390470785361213,6.139162718802569,3,1.3263162594180967e-16,1.2767906841543205e-15,0.6718785212885524,0.32812147871144887,sample_2208,uniform,test,131.0679837819445
4.615484131782135e-17,6.403776427633786,deep,144.666753600231,6.0937897439066,150.76054334413746,2.0657374713666474,1.0517264260892725,1.0517264260892725,nan,36.92444630749636,1,7.637952845032156e-17,9.60284960506214e-16,0.9595796777543026,0.04042032224569829,sample_2209,uniform,test,36.92444630749636
4.9512830015549303e-17,2.010883653103051,shallow,73.4744616930518,38.71362514188082,112.1880868349324,3.4192587363571376,1.4600588828762644,0.9980421050501815,9.99599919967984,13.085523911292663,3,-6.868620901398266e-17,1.8367136759682064e-15,0.6549221380444629,0.3450778619555389,sample_2225,uniform,test,145.97951053175817
4.046120151737257e-17,7.79770930750784,deep,29.7329515768966,9.97760287569879,39.710554452595304,2.6501547537588905,0.9248687636298101,0.9180381500770521,5.7965506984757775,32.27660130913384,2,2.5329490610152136e-16,2.1471653938500843e-15,0.7487417888458464,0.2512582111541557,sample_2234,uniform,test,71.95996043660222
4.284408945897911e-17,4.689765344452487,medium,67.15275623483825,6.677329827731842,73.83008606257008,3.2587760209724834,0.748135569714179,0.7460993090231187,13.69379421489895,7.74726219412748,2,2.517514130343184e-16,2.285706393461427e-16,0.9095581464977182,0.0904418535022821,sample_2259,uniform,test,89.23987154223218
3.653439551071578e-17,4.3219923336013775,medium,25.392708485546322,18.77089614314379,44.163604628689995,2.504400786191157,1.33757519602692,1.0874846600121284,8.802272433866154,13.013532925748356,2,-6.548188357512971e-16,2.6546644547273713e-15,0.5749691108558304,0.42503088914417225,sample_2263,uniform,test,41.57644090107928
4.363935466769129e-17,6.223376169791008,deep,81.39414292557561,10.08788740756589,91.48203033314137,1.97098622716236,1.1319176743992236,0.6308638882859036,8.930845424706442,16.285261999214196,2,7.801680220254777e-17,1.4368986525214641e-15,0.8897282081428488,0.11027179185715266,sample_2266,uniform,test,32.84330163960921
4.7415238557396944e-17,6.650508844290066,deep,68.99065350358583,18.331745262909852,87.3223987664956,1.986582276408621,1.2049648784848432,0.6810912121277103,4.064480286580315,8.028522305304609,3,-6.521339109013902e-17,1.0171255396626908e-15,0.7900682353913598,0.20993176460864119,sample_2270,uniform,test,52.49785377057553
4.772427143048582e-17,2.8554358024590747,shallow,61.354031096977636,21.875634751758867,83.2296658487365,3.2166894899452907,1.1864850201152073,0.6334413120170943,4.45869936192159,9.30311525382137,3,3.778436318779619e-16,0.0,0.7371654141743624,0.2628345858256375,sample_2271,uniform,test,104.0585454237714
3.837155488485668e-17,8.161174511619413,deep,43.199527133062325,21.041822133845233,64.2413492669075,4.106504284465487,1.1527800018106293,0.6903675512310186,13.001538370516009,39.36079216360009,2,3.9132210178564176e-16,8.29539008600167e-16,0.6724567218160157,0.3275432781839851,sample_2281,uniform,test,193.5205085237886
4.188791724122258e-17,8.347009246703422,deep,34.61368126578338,18.279133382619495,52.892814648402734,3.973067047406799,1.262710825695367,1.262710825695367,nan,97.6969437673119,1,8.155300957181825e-17,2.6195587131115866e-15,0.6544117853412184,0.3455882146587843,sample_2293,uniform,test,97.6969437673119
4.103964367501487e-17,4.943655210989041,medium,24.559743599605707,6.212507687213781,30.772251286819465,2.3504683301271774,1.1278463696106746,1.1278463696106746,nan,24.93108625816018,1,2.8077880492068493e-16,7.504370966219952e-16,0.7981133187393822,0.2018866812606186,sample_2299,uniform,test,24.93108625816018
4.093774481350864e-17,2.8664638305561434,shallow,199.89973546580975,54.23713697497439,254.1368724407836,4.152967275523446,1.2640467062149086,1.150739602039637,6.529931086925802,47.63876604279017,3,8.181968140933445e-17,2.124888348515835e-15,0.7865829682482944,0.21341703175170765,sample_2306,uniform,test,268.3058119909533
4.600397231718981e-17,2.115703159359229,shallow,169.6149196204071,53.99924245466107,223.61416207506758,3.5023016653148646,1.5059840072565809,1.1168038959827902,5.830951894845299,61.397550261461824,3,5.209914895309184e-16,2.6691328156493003e-15,0.7585159993733632,0.24148400062663944,sample_2323,uniform,test,227.2574552272808
4.362627425817603e-17,4.8293328425795945,medium,53.818508553172535,23.91351373537128,77.73202228854359,3.208796453004359,1.1799873195015589,0.7779921988796517,5.429548784199289,10.573937764003139,3,-1.114102643006685e-18,2.8793919825422972e-15,0.6923595574729372,0.3076404425270656,sample_2357,uniform,test,118.26098489007806
4.7173118035276246e-17,3.144966802896863,shallow,81.70922628013084,28.84309185629997,110.55231813643057,3.572258721582678,1.5056951772845062,1.4423550541013457,10.091580649234293,8.0676282437662,2,-5.423144641245433e-16,2.1209786167619455e-15,0.7391000718709037,0.2608999281290985,sample_2361,uniform,test,97.49823722897456
4.1984725729758725e-17,8.180767432039058,deep,53.4749622756885,10.637703052614096,64.11266532830247,2.1037600045828886,1.1202957097179806,0.7334812279904681,2.891366458960192,7.461415353912478,3,-5.0049565389324993e-17,1.9394760476932717e-15,0.8340779782256538,0.16592202177434812,sample_2372,uniform,test,46.07936538087921
4.4395192278777925e-17,5.07926136534451,medium,71.38290254218457,38.47224139522464,109.85514393740901,2.899035797754927,1.6830512509045945,1.5948241180084195,10.303397497913005,25.14525508114532,2,1.342217881315348e-16,1.8110391455695766e-15,0.6497911702965465,0.3502088297034553,sample_2375,uniform,test,84.58399569474102
4.4876170695724943e-17,1.5314543210298839,shallow,84.53464818592145,22.055361769024167,106.59000995494553,2.552336380427588,1.0716643736076186,0.6163559314970487,6.203224967708327,27.209043851600956,3,1.7303411517916128e-16,8.665967447404975e-16,0.7930822806157289,0.2069177193842719,sample_2378,uniform,test,116.54243990509349
4.7896283871748364e-17,8.28694832878176,deep,32.55789183019206,21.52007336987673,54.077965200068704,2.253142884603759,1.6448879252723618,1.5339648748719057,29.21095684841563,18.606900164278965,2,-5.464552909744446e-17,1.6424035490503197e-15,0.6020546762390147,0.397945323760987,sample_2385,uniform,test,37.641109843953544
4.136956045906407e-17,1.4661779950193465,shallow,68.04613454248293,11.918316586757513,79.96445112924033,2.090181448048513,1.1506502673309487,0.8049422974148364,14.963956696007914,16.40494786628304,2,3.2582561316763997e-16,1.421717227044713e-15,0.8509548128143248,0.14904518718567658,sample_2409,uniform,test,40.49458668263653
5.046461261539138e-17,2.8228702804483943,shallow,116.26574422225241,31.136783466369618,147.40252768862186,3.24703545618701,1.2177647529918079,0.8196449336975191,5.560575509783139,7.873909003205097,3,-3.353966283094051e-17,1.1327997254996373e-15,0.788763571733696,0.21123642826630507,sample_2413,uniform,test,121.92032270420447
4.531215285535256e-17,6.533648438451719,deep,158.95033881456402,9.699544317033574,168.64988313159762,1.9505315052097323,1.3868993262533207,1.3868993262533207,nan,31.084759938024305,1,-4.228205003143805e-17,1.4745931209568767e-16,0.9424870973111494,0.05751290268885045,sample_2418,uniform,test,31.084759938024305
3.8943009581820586e-17,1.8759623191615464,shallow,23.097441011067577,9.936946797842996,33.03438780891054,2.566789365382134,1.3183757334028874,1.3183757334028874,nan,31.577435848336577,1,1.212622118974274e-16,1.0754592152127635e-15,0.6991938565556642,0.30080614344433687,sample_2435,uniform,test,31.577435848336577
4.0958485720028594e-17,6.6046569447442165,deep,39.8729633116248,18.64256625663636,58.515529568261094,3.3499238700682024,1.057051459366505,0.7030561211124956,8.084553172563094,8.912782233569551,2,2.1364446342204579e-16,1.1535665898480129e-15,0.681408227966409,0.3185917720335922,sample_2440,uniform,test,77.34610575285774
4.606831996019897e-17,5.344070585117202,medium,55.70014390794602,19.95431787451215,75.65446178245803,3.298686154695637,1.290255595286239,1.0421837479808127,8.2,4.386549944481518,3,1.140465623048375e-16,1.8783895067636408e-15,0.736244004591692,0.2637559954083098,sample_2442,uniform,test,86.73552780942254
4.2698839366061647e-17,4.647732911627825,medium,10.474928023795343,6.626557841488838,17.101485865284108,2.7666886074562695,0.9371360234283901,0.9371360234283901,nan,64.12539275019518,1,-3.1817709829196493e-16,4.25873114120779e-15,0.6125156671362323,0.38748433286377193,sample_2453,uniform,test,64.12539275019518
3.7687810541767214e-17,4.343716811381561,medium,56.46805890593767,20.61315422154798,77.08121312748555,2.3924605173023594,1.2642168120906045,0.987369448587723,11.532562594670797,36.92837369262839,2,2.7053207056545624e-16,1.198353683095779e-15,0.7325787518749148,0.2674212481250864,sample_2472,uniform,test,91.25484492946237
3.172706474774873e-17,4.965654949822606,medium,117.2543415889112,25.49975462076412,142.75409620967525,3.817325778517755,1.2379874544791718,1.0244158457547248,9.4424573072903,54.329534635509674,2,1.3640986483546371e-16,4.728519999738863e-16,0.8213728691657971,0.17862713083420337,sample_2477,uniform,test,155.35821775982964
3.378947570782607e-17,4.5449963651925955,medium,208.3019241810231,31.28011154382686,239.5820357248495,3.7105651645807254,1.153472725084334,0.7791771810896048,5.145872132107444,4.5521882020055155,3,1.1125621420791901e-16,1.9425725744202518e-15,0.8694388272927509,0.130561172707251,sample_2478,uniform,test,180.5933820121402
4.907375828054927e-17,4.725873844755524,medium,74.96409053993422,18.57492185874504,93.53901239867913,3.1819780298155678,0.9770960972474709,0.7267047526626674,14.195774019052289,22.043259618301434,3,1.1805775932612704e-17,1.329338161365636e-15,0.801420590378104,0.19857940962189735,sample_2483,uniform,test,158.53801800965505
4.667792705138829e-17,6.332065135421349,deep,57.31523169259619,17.39820907885574,74.71344077145184,2.7134103611924476,1.0294758925832437,0.7139747236398065,3.7788887255382364,9.470960801967577,3,4.713128862547239e-16,1.1887799712197166e-15,0.7671341474946026,0.2328658525053986,sample_2494,uniform,test,99.84529556976231
4.7864546852053427e-17,4.085500083878043,medium,62.714824602092314,15.942636812885524,78.6574614149778,2.8362453767530096,1.1319797549181299,0.7288655076583482,4.586937976471885,5.287852311189855,3,5.267333221662458e-16,4.516689980696479e-16,0.7973156452535891,0.20268435474641136,sample_2505,uniform,test,108.05324250538403
3.609374321133902e-17,7.293387313665775,deep,11.271056834055932,7.478415284663873,18.749472118719783,2.741608835135164,1.136857211087526,1.136857211087526,nan,43.40791584413618,1,-3.9393165180259546e-16,1.1369003851324688e-15,0.601139955444544,0.3988600445554571,sample_2533,uniform,test,43.40791584413618
4.4415145635901646e-17,3.184457606534014,shallow,81.99975609622156,37.88210851833615,119.88186461455743,3.317567546748983,1.4098784221011806,0.9914327464911183,4.770744176750624,9.862234907648604,3,2.9653541070372124e-16,2.3708097569040247e-15,0.6840046771032974,0.31599532289670507,sample_2536,uniform,test,121.0093187018741
4.522336091347044e-17,6.308972632416053,deep,39.97230653612963,20.20918220281201,60.181488738941525,2.9507148766922366,1.617970915881631,1.617970915881631,nan,64.09362322097681,1,3.09226209386111e-17,1.889066556907106e-15,0.6641960405719379,0.33580395942806396,sample_2584,uniform,test,64.09362322097681
4.429988533480287e-17,3.2035874868654526,shallow,127.2718326464103,28.846793949738707,156.11862659614874,2.620147516252841,1.2321330380473485,1.0326676939679367,7.238784428341543,17.471277006882097,3,3.5076073986019893e-16,1.7067375733409806e-15,0.8152251619253609,0.18477483807464087,sample_2589,uniform,test,110.528810122401
3.725151272306837e-17,3.349361692488242,shallow,13.42011135231626,6.950263884264562,20.3703752365808,2.172014567267617,1.0237991573172958,1.0237991573172958,nan,42.92168967441236,1,-1.0123950723870993e-17,1.1336383666970385e-15,0.6588053090066125,0.3411946909933886,sample_2600,uniform,test,42.92168967441236
4.469612537235183e-17,6.572984364224833,deep,58.576079035307224,28.468551448068308,87.04463048337541,3.3551260781019794,1.6478760640125079,1.6478760640125079,nan,90.51033524044124,1,4.1020322607490897e-16,1.346890103954293e-15,0.6729430489855962,0.32705695101440513,sample_2603,uniform,test,90.51033524044124
4.4810255675846453e-17,5.001666820772391,medium,54.97909454692373,25.38306607804609,80.36216062496977,2.17335484351065,1.4849724837765141,1.2446562483738703,12.504399225872472,8.512104401896414,3,2.427001509417229e-16,6.189230244234205e-16,0.6841415676153544,0.31585843238464617,sample_2614,uniform,test,64.54149851266178
4.0731315876361285e-17,6.031717761916437,deep,17.44976481920813,6.751202308726582,24.200967127934668,4.135756922374363,0.7008361408932688,0.7008361408932688,nan,133.75324615591268,1,5.2735477775434744e-17,1.8717061663383235e-15,0.7210358464999621,0.2789641535000397,sample_2643,uniform,test,133.75324615591268
3.9309729302440504e-17,4.746435800192328,medium,62.03470627665166,17.478299393641112,79.51300567029264,1.8374681863929103,1.2470459649660703,0.7395872304864053,11.803389343743602,9.761722629037818,3,2.5203804038789416e-16,1.6531937763828056e-15,0.7801831380124628,0.21981686198753886,sample_2650,uniform,test,45.6903475489259
3.863090944472822e-17,2.8579466190810177,shallow,17.32084610670429,9.151763477465385,26.472609584169575,2.602002045660757,1.2449382698480764,1.2449382698480764,nan,40.06505280067979,1,1.244685369420904e-16,3.824796324815761e-15,0.654293111966643,0.3457068880333608,sample_2655,uniform,test,40.06505280067979
4.715252861339707e-17,2.35805148566077,shallow,45.10303133150252,18.137286696784145,63.24031802828653,2.352662728385743,1.1241664672723761,0.8190582856532818,7.984985911070852,11.524517391469956,3,-6.866559977085975e-16,2.134763454763684e-15,0.7132005773805336,0.28679942261946856,sample_2676,uniform,test,67.35387038042425
4.694770511699408e-17,4.279460116223287,medium,71.38635937617832,34.28213624217338,105.66849561835143,3.441115179987626,1.5058974096200413,1.2881258006349108,12.796874618437114,24.147295414340494,2,8.16861449312672e-17,2.5552198695440322e-15,0.6755689948876367,0.32443100511236583,sample_2682,uniform,test,131.79907569379196
4.156300831775605e-17,3.8991744128523163,medium,58.78231133266281,40.1491579418874,98.93146927454991,3.0133461994989874,1.3482817935332034,1.0689265394202758,8.260750571225357,18.09269944544763,3,-2.0301032198999337e-16,3.0165118461048934e-15,0.5941720239647198,0.40582797603528326,sample_2684,uniform,test,133.76222047091017
3.946738407738912e-17,7.358594215082207,deep,18.54391136203455,19.43898877868087,37.98290014071533,3.866332210677137,0.9459170904687388,0.7676057142088913,14.97464523786791,45.81940537310692,2,-3.7784727586137267e-16,2.3383638858794057e-15,0.4882173634276183,0.5117826365723841,sample_2698,uniform,test,152.5292960728724
4.3433919293978316e-17,7.257985614402353,deep,18.568596376982825,13.028874012832185,31.597470389814955,2.3584868542234867,1.1752266088817778,0.605862638390845,11.095945205344158,9.409771300640875,2,-2.5476859621420263e-16,1.7427680552288115e-15,0.5876608522107573,0.41233914778924446,sample_2702,uniform,test,32.36605749167614
4.1642359111836696e-17,8.217732701105708,deep,142.9203372674686,43.643247138936175,186.56358440640432,3.0714171072118956,1.4969391554750568,1.2414769922919673,7.0823724838503095,19.06717808792151,3,7.715135005716808e-16,2.437492570339218e-15,0.7660677067403217,0.23393229325968073,sample_2711,uniform,test,125.5902086463396
4.1667520128653455e-17,2.514753488220624,shallow,16.498010810421075,4.382212013652387,20.88022282407346,3.3707986045461933,0.830306660706991,0.830306660706991,nan,70.70157589831199,1,2.1971671048178876e-16,8.507365339761764e-17,0.7901261854064127,0.20987381459358748,sample_2719,uniform,test,70.70157589831199
4.1083146194558e-17,4.132234149667398,medium,38.26110314688223,20.192267043502852,58.45337019038496,3.112106924213035,1.0644299172742666,0.8991963851129259,7.8204859184068605,6.469644218412886,3,-6.186347127855732e-17,2.0664722099990437e-15,0.6545576931195634,0.34544230688043875,sample_2741,uniform,test,108.26554648014202
4.8372354966285976e-17,5.948604519468583,medium,51.513686714989205,15.992075608757382,67.50576232374655,2.1987757443011526,1.4394998124468459,1.1474851326785829,16.70449041425688,16.014894931702926,2,9.16454281979553e-17,5.262830248123515e-16,0.7631005849239658,0.23689941507603474,sample_2745,uniform,test,60.54271371842775
4.7017655293734276e-17,2.7506410635271648,shallow,93.15741782877768,30.667743084303922,123.82516091308136,3.157695015140338,1.2927913582213417,0.8737943867754308,11.649892703368558,44.970393080125085,2,3.2378563667955614e-16,1.951013254309546e-15,0.7523302787724153,0.24766972122758665,sample_2747,uniform,test,114.13221626471511
4.073190639076866e-17,3.608652122589138,medium,38.73741538174871,9.921673162299095,48.65908854404768,2.296252786110265,0.9920412706394082,0.8675428267833627,12.014990636700473,18.163140587146913,2,-2.421489254668076e-16,2.6649502314214828e-15,0.796098252984793,0.20390174701520963,sample_2751,uniform,test,68.87945646089452
4.171754310194595e-17,3.6951307888864773,medium,26.39514294266458,18.055248165485224,44.45039110814967,3.1425138046923116,1.2875864257193264,1.2875864257193264,nan,73.86633081470691,1,-4.974136242692569e-17,3.117089186821942e-15,0.5938112643023565,0.4061887356976466,sample_2759,uniform,test,73.86633081470691
4.086289375369188e-17,2.486927462609539,shallow,89.17220175099266,22.493553059720863,111.66575481071318,3.3945426818829385,1.335748485067171,0.6536902484476546,5.986651818838307,4.735168271585941,3,-7.062107465767759e-16,3.0224825870578112e-15,0.7985635515754155,0.20143644842458752,sample_2769,uniform,test,126.6530991087455
4.0419900025148897e-17,3.159729582851209,shallow,72.7074159328839,27.731289324823244,100.438705257707,4.228698115174946,1.4984542278582929,1.4984542278582929,nan,155.80668694205713,1,3.3281158230798947e-16,1.4856222422099706e-15,0.7238983790793622,0.27610162092063933,sample_2771,uniform,test,155.80668694205713
4.304547960563651e-17,6.021853297548664,deep,28.487781397665984,16.725140689774587,45.21292208744056,2.0547009750122758,1.664776590578517,1.664776590578517,nan,36.33578024746014,1,1.3921755176721629e-15,2.357321877092781e-16,0.6300805186307443,0.3699194813692559,sample_2784,uniform,test,36.33578024746014
4.0405666880147555e-17,3.7041818281991796,medium,23.510674852429066,11.602398402586594,35.11307325501561,3.536608887770434,1.0734475045752525,0.7819542165477906,5.3404119691274765,3.5472427259260537,3,6.295683375637893e-16,1.517688434588829e-15,0.6695704099062524,0.33042959009374917,sample_2799,uniform,test,108.2624655132471
4.5632707204555365e-17,5.16225602704498,medium,70.80397179355029,30.94585417168121,101.74982596523137,3.216748609058997,1.2734012937927288,0.8216944627955486,13.056798995159573,17.451083193123626,2,4.784608033023761e-16,1.2918980928825968e-15,0.6958633208644948,0.30413667913550657,sample_2804,uniform,test,91.51721691782697
4.210254548331358e-17,5.384120341724658,medium,45.450839080794594,8.963469053112139,54.414308133906644,2.1230532468847767,0.9662105196245335,0.7320561324330529,4.967896939349688,8.744793276254528,3,-1.8347908809021654e-17,1.6322516083718861e-15,0.8352736741400056,0.16472632585999603,sample_2833,uniform,test,60.003249878991674
4.5275889110988975e-17,5.760541259475331,medium,54.594693337859255,16.69036335793371,71.28505669579285,2.8912433701491267,1.0210550304966746,0.9332696729663557,11.694443124834976,37.714809632669734,2,-5.963340394415462e-17,1.6446581771090302e-15,0.7658644864496736,0.23413551355032805,sample_2844,uniform,test,103.30355194303229
3.407005040319591e-17,6.730403851527422,deep,68.84807073620517,24.478206502658182,93.32627723886321,3.797227926174483,1.1318738838350033,0.7703095723278237,5.051732376126036,17.331343691233286,3,-2.355435047333296e-16,1.5227066947961657e-15,0.7377136726454063,0.2622863273545952,sample_2850,uniform,test,163.9994190063855
3.791336258093202e-17,5.845124286736171,medium,11.651703660623316,8.07782096169859,19.729524622321886,2.4159163271545947,1.003467328222372,1.003467328222372,nan,45.251661483621035,1,3.7401039491770216e-17,9.90390068055435e-16,0.5905719414770205,0.40942805852298053,sample_2872,uniform,test,45.251661483621035
4.440204672881649e-17,1.819595105524357,shallow,45.0657427989404,7.008948714875879,52.07469151381627,2.054914495698599,1.0472999298154784,0.8112719145823291,21.723719755143225,3.4246386623030305,2,-7.992699142855036e-17,1.535027005427443e-16,0.8654058524184194,0.13459414758158078,sample_2873,uniform,test,23.00172163732511
4.0466957345529985e-17,5.613843691513161,medium,11.78738397822808,5.335946007147218,17.123329985375268,2.606908820849625,0.9021430520182152,0.9021430520182152,nan,36.63993520331828,1,2.1860777368489644e-16,1.7635627121357755e-15,0.6883815232373304,0.31161847676267146,sample_2874,uniform,test,36.63993520331828
4.384747684778352e-17,3.466400437618983,shallow,67.19916498715102,22.629713116531928,89.8288781036828,3.517982976191272,1.016746337045901,0.6590008564644053,14.330387294138287,73.30547871654254,2,1.9768272634329125e-16,1.7006411681118215e-15,0.7480797534795884,0.25192024652041334,sample_2887,uniform,test,166.10504035056542
3.732853954785832e-17,6.6024252727173485,deep,177.70896287050857,36.350833761733256,214.05979663224127,4.047215513844268,1.1636586546639398,0.8120645688851269,10.592450141492291,88.45492345194954,2,1.6656940311867585e-16,2.5891052061730406e-15,0.830183741488907,0.1698162585110957,sample_2909,uniform,test,201.31701889712656
3.5616198372659856e-17,3.620683832746508,medium,28.450720174778045,17.277232069637176,45.727952244415135,3.2067091415107263,1.0823185792491414,0.7303020987239492,18.85099466871709,41.05076517740199,2,-4.442100542748489e-16,1.864617244075819e-15,0.6221735017284269,0.37782649827157494,sample_2932,uniform,test,122.2460879416133
4.855736118339666e-17,8.346130662995469,deep,102.28287504673835,35.18734094039759,137.47021598713573,3.2619322529941606,1.7996255159731653,1.7996255159731653,nan,104.29982121105691,1,5.310798012843792e-16,1.5506109392304841e-15,0.7440366214039399,0.25596337859606166,sample_2934,uniform,test,104.29982121105691
4.5391432563126527e-17,6.552289430001614,deep,97.77462073957228,9.251665904054256,107.02628664362649,2.199271790797513,1.6880940566239442,1.6880940566239442,nan,17.41754111411102,1,3.9083518787128496e-16,4.647268728366085e-16,0.9135570690697681,0.08644293093023238,sample_2936,uniform,test,17.41754111411102
4.4109221866982716e-17,6.144637253113004,deep,59.59699765469864,20.370236887364914,79.96723454206347,1.9146682481518835,1.4978487063771704,1.3245706541265976,6.1546730213716465,7.541418397049635,3,3.5555544786632415e-17,1.1106779230097492e-15,0.7452677086557257,0.2547322913442754,sample_2945,uniform,test,44.261963710889525
4.8212578231577964e-17,6.377429106179556,deep,46.79808632224534,22.379203050833542,69.17728937307875,2.628142038003156,1.373071647325124,1.090465063684906,16.830923919975397,35.173270595397206,2,3.600789192123187e-16,1.900195964700146e-15,0.6764949414230362,0.3235050585769656,sample_2948,uniform,test,74.70585110974889
3.768437748509741e-17,2.8124111368103852,shallow,27.57894401365497,10.598373338679625,38.17731735233454,2.4696343398092147,1.3267852644454674,1.3267852644454674,nan,34.05891382774245,1,4.330614235809084e-16,1.395873489229038e-15,0.7223908311611245,0.27760916883887693,sample_2951,uniform,test,34.05891382774245
4.175991486943248e-17,6.72296373741041,deep,17.23511624940227,8.52690018190949,25.762016431311736,2.3695358215737943,0.9610181363198977,0.8890168506483332,17.590906741836815,8.866055727147739,2,-1.1734328053670396e-16,9.653357615818134e-16,0.6690127030760807,0.33098729692392026,sample_2956,uniform,test,39.9139990358254
4.505456204590754e-17,4.934108059214983,medium,53.93363293881252,17.85793815546545,71.79157109427788,2.9523027394896983,1.176120567710603,1.1343033265643547,6.6992536897776915,29.217137233583458,2,3.683182426345663e-16,1.2371625333756168e-15,0.7512529969289289,0.24874700307107236,sample_2961,uniform,test,79.77247439238474
4.3324404835656604e-17,5.814942435562405,medium,14.906374559279612,10.547004785491326,25.453379344770866,2.6419874595451187,1.04808546513789,1.04808546513789,nan,65.52656790415902,1,1.7433322311566864e-16,2.8613344196424972e-15,0.5856344007359467,0.4143655992640561,sample_2977,uniform,test,65.52656790415902
4.26228006964101e-17,7.477225938768172,deep,46.78290042710423,11.56156717215145,58.34446759925559,2.094519986838606,0.9820520759352055,0.6539263573101901,4.935585071701225,5.727416320779441,3,4.309874488536027e-16,1.6136390708862084e-15,0.8018395291295988,0.19816047087040287,sample_2987,uniform,test,68.78201600585722
4.390087998668194e-17,6.2527305009091245,deep,51.23865773382422,17.431773181986898,68.67043091581098,2.2398780411751336,1.114388178770593,0.9134959782299152,5.9497899122574065,22.27047659624741,3,1.6927800891385913e-16,1.9659570792548402e-15,0.7461531411771992,0.2538468588228027,sample_2993,uniform,test,72.45011004292871
