closure_rel,depth_mm,depth_tier,energy_inv,energy_rep,energy_total,max_source_radius_mm,mean_intensity,min_intensity,min_inter_source_distance_mm,min_source_volume_mm3,num_foci,orthogonality_cos,pythagorean_rel,ratio_inv,ratio_rep,sample_id,source_type,split,total_source_volume_mm3
4.4584225120418223e-17,6.2945131993710275,deep,106.27195400099465,10.063800043096444,116.3357540440909,2.7878995743012593,1.6717937182944844,1.5542674066880668,13.555810562264437,2.214915946862547,2,1.730571111008166e-16,1.664345558126909e-15,0.9134934902361822,0.08650650976381942,sample_0000,uniform,train,73.56105481130683
4.314260286932859e-17,6.988032161966966,deep,49.92182590985846,10.266370828293073,60.18819673815145,2.6854836785128473,1.3393477886868124,1.0844768965109775,6.35609943282828,7.656118790327081,2,-1.7208639267902756e-16,1.4756687653629872e-15,0.8294288351425978,0.17057116485740362,sample_0003,uniform,train,58.12953366166441
4.045062221945455e-17,6.018868171608834,deep,17.489231902031985,13.560747342559518,31.049979244591416,3.4775888429877555,1.2095327383090455,1.0442042682378854,9.469952481401373,16.767911976522694,2,-2.0208642163100932e-16,2.8032703160590357e-15,0.5632606632121478,0.436739336787855,sample_0004,uniform,train,104.22242740146272
3.975635892909683e-17,1.3692204940800285,shallow,17.189141167102353,13.509567742442357,30.698708909544628,3.7773585052856427,1.7679958479178506,1.7679958479178506,nan,117.96783906985105,1,-3.4854076891751836e-16,2.6617541100240235e-15,0.5599304263169851,0.4400695736830176,sample_0005,uniform,train,117.96783906985105
3.972127420522504e-17,4.963184659791062,medium,30.485199970209138,17.293118714960187,47.77831868516924,4.143955374442238,1.111476769377866,1.111476769377866,nan,145.88895291536218,1,1.4844079552127012e-16,1.7845987602255035e-15,0.6380551013334838,0.3619448986665181,sample_0007,uniform,train,145.88895291536218
4.2052946581544205e-17,5.533895532207659,medium,29.642978399825065,7.69062531089259,37.33360371071762,2.3472467041172456,1.4900834253518758,1.4900834253518758,nan,54.170746828445886,1,3.1047182829484023e-16,9.754031646629156e-16,0.7940025996289034,0.20599740037109754,sample_0009,uniform,train,54.170746828445886
4.159718808056417e-17,1.4437455817265612,shallow,59.114720716512565,20.687978698517917,79.80269941503038,3.3026289222636267,1.3452745260473407,1.0291646753910442,11.256997823576231,19.456763285693587,3,6.887294356482358e-17,1.335561467785901e-15,0.7407609159819806,0.25923908401802076,sample_0010,uniform,train,142.5852450939853
4.0044946360823965e-17,4.801806487675275,medium,18.008128023681106,5.668227153560676,23.67635517724174,2.017502784622293,0.9814545713995322,0.9814545713995322,nan,34.39782936337285,1,3.670147703241042e-16,1.8381521243244098e-15,0.7605954501388346,0.2394045498611673,sample_0011,uniform,train,34.39782936337285
3.977016541250995e-17,6.367471963979263,deep,23.19924169234243,17.201856584493406,40.40109827683573,3.8642835252305865,1.0017454425864645,0.8714674237981017,17.804493814764854,37.62701550668081,2,-1.847783989218274e-16,2.5501459385891694e-15,0.574223045457254,0.4257769545427486,sample_0012,uniform,train,125.43925285582273
4.00388065361088e-17,2.715465682584263,shallow,8.964179155255739,10.827570600489468,19.791749755745162,3.7896144293029512,1.7364134642602815,1.7364134642602815,nan,83.76551386826985,1,-2.2646394891298553e-16,2.243809745629752e-15,0.452925045328729,0.5470749546712732,sample_0015,uniform,train,83.76551386826985
4.2572271477754933e-17,3.2615742514741832,shallow,37.24496913998231,18.093725494652926,55.33869463463513,3.9303226183521867,1.4793044162715445,1.29012816791592,8.01498596380555,21.06540219802919,3,-1.4643543370563954e-16,1.861784007834753e-15,0.6730366407427254,0.3269633592572765,sample_0016,uniform,train,180.30069797850422
4.875343549961861e-17,7.762474047970137,deep,112.23176475814962,15.773112318142813,128.0048770762922,3.438657679539851,0.9547328534087303,0.610050134441408,9.43610088966836,28.579335523652247,2,-8.292847649438017e-17,1.928939008546306e-15,0.8767772550670735,0.12322274493292845,sample_0017,uniform,train,130.98328168195627
3.4864011195172947e-17,2.658956394574608,shallow,7.6673394648028,9.184630621527958,16.851970086330727,2.288618465827984,0.8526447037235229,0.8493926328757522,12.989226304903616,8.85341110887942,2,1.0595737381825015e-16,1.897370037176851e-15,0.4549817870269109,0.5450182129730909,sample_0018,uniform,train,59.06555937465781
4.1533157489049186e-17,7.187414033788291,deep,52.442784985004636,15.313636215458718,67.75642120046328,4.135771086356568,1.3413226564563132,0.9782692382705136,6.2257529665093525,6.13968284098253,3,1.4793133583509444e-16,1.1011057835253612e-15,0.7739898899005909,0.22601011009941022,sample_0019,uniform,train,167.91924208538776
4.220835730705433e-17,6.531227395103202,deep,28.757368943774928,18.006999564551343,46.76436850832616,3.3511983678685495,1.182126298235702,0.8590742359906143,3.8522720568516458,16.46131798792173,3,-1.3129065627558726e-16,2.431056835534402e-15,0.614941885479643,0.38505811452035943,sample_0020,uniform,train,127.04421496390975
4.209573945955293e-17,1.6988164101858438,shallow,60.781100443783295,16.253706889536048,77.0348073333192,2.857659626038889,1.02727080152167,0.6034458075842751,8.946507698538017,6.368368637167247,3,4.792538093198675e-17,1.936968231308639e-15,0.7890082749320277,0.21099172506797423,sample_0021,uniform,train,114.43826917331324
4.202659447535075e-17,5.8345680808836065,medium,17.287158117120494,4.975148304149586,22.262306421270036,2.5117333992199566,1.647192857238501,1.647192857238501,nan,29.81848076151387,1,-1.2191749017237062e-16,1.9948032402687947e-15,0.7765214344819122,0.22347856551808976,sample_0023,uniform,train,29.81848076151387
4.444493045477796e-17,6.701006206822599,deep,61.97334122392131,14.179328872710231,76.15267009663147,2.4702938736308546,1.3621876679670233,0.7710795496402385,10.256705123966467,20.33034480054804,3,2.62467994866206e-16,9.563765830271506e-16,0.8138039171217798,0.1861960828782212,sample_0024,uniform,train,88.6478481784837
4.574387067088521e-17,2.0892397956978095,shallow,124.3250132378352,6.269181129237144,130.59419436707225,2.209142534975026,1.6472113022693389,1.6472113022693389,nan,45.16061237692469,1,3.4929254623371217e-17,6.86906648679713e-16,0.9519949477109546,0.04800505228904604,sample_0025,uniform,train,45.16061237692469
3.9304007103919606e-17,1.578435545712379,shallow,31.95345380083506,13.922288415413655,45.87574221624866,3.859725600338593,1.2454917726948143,1.2454917726948143,nan,128.63565860179725,1,-3.906673505164394e-17,1.20035250354824e-15,0.6965217837830974,0.30347821621690385,sample_0027,uniform,train,128.63565860179725
4.158677657738696e-17,3.791815499217247,medium,11.720127034658578,6.344353753923779,18.06448078858233,2.2593831679941685,1.3263217112715358,1.3263217112715358,nan,48.3123626235218,1,1.5153991244713763e-16,1.524180591346222e-15,0.6487940158272523,0.3512059841727493,sample_0028,uniform,train,48.3123626235218
3.99176318444406e-17,7.489405148535959,deep,17.390894254216228,6.302306877106634,23.69320113132284,2.1129283382040187,1.668771763188806,1.668771763188806,nan,39.513264605342655,1,3.5224661737708657e-16,8.99679277386562e-16,0.7340035716501453,0.2659964283498556,sample_0030,uniform,train,39.513264605342655
4.0281637405978774e-17,3.3670457902589606,shallow,37.278159194727955,18.15810631913436,55.43626551386224,4.330629664937051,0.9599928611714778,0.9297014119697908,3.852272056851646,16.65881485414783,2,4.928523238220861e-17,1.409901987608935e-15,0.6724507657429825,0.32754923425701893,sample_0031,uniform,train,190.83997760601363
4.4836635891468444e-17,5.821360095246357,medium,32.399058372866,4.085678524239278,36.484736897105265,2.2062995322736856,1.6830868293341559,1.6830868293341559,nan,24.3001740949766,1,1.8585033764408097e-16,4.1384519717065855e-16,0.8880167743634345,0.11198322563656585,sample_0033,uniform,train,24.3001740949766
4.509033005357862e-17,8.356038072139015,deep,42.640147779089126,3.9295916442461,46.569739423335164,2.413850245353991,1.298331774107433,1.298331774107433,nan,21.67911554966706,1,-2.854371431592529e-17,1.325504521466741e-15,0.9156192048118483,0.08438079518815302,sample_0034,uniform,train,21.67911554966706
4.333234814020859e-17,3.6389137991677556,medium,55.05536090214039,9.436940228142547,64.49230113028284,2.3430302906088047,1.545473983405464,1.543783723201766,9.775479527879948,21.87146896035594,2,-1.2495151421207743e-16,1.5424474125285062e-15,0.8536733832914629,0.14632661670853858,sample_0035,uniform,train,47.33512401160063
4.100698095588793e-17,5.524649949547486,medium,17.72919821470797,13.51821551389169,31.247413728599593,3.0820917458964394,0.9499073753149323,0.6375463156673958,10.121264743103994,31.09504702763255,2,-4.527814767530179e-16,2.1602286987171633e-15,0.5673812997355713,0.4326187002644309,sample_0036,uniform,train,92.35949958813607
4.2664974273446544e-17,7.7474564079393495,deep,26.488430733958474,5.500411703405194,31.98884243736365,3.0709899399673386,1.4239404782887437,1.4239404782887437,nan,45.83815906543804,1,-3.822862879084522e-17,5.275398760472671e-16,0.8280521805634149,0.17194781943658569,sample_0037,uniform,train,45.83815906543804
4.2323678793014274e-17,7.447290685105758,deep,43.2325412320793,13.224022999050565,56.45656423112974,2.830770162541484,0.911188540134278,0.821963329400603,6.6603303221386865,40.15242261732771,2,-1.9494264892148555e-16,2.202489302199772e-15,0.7657664227509118,0.23423357724909044,sample_0040,uniform,train,90.8582542017384
4.237775019208439e-17,3.051894108199775,shallow,83.23830513894563,20.184442077871747,103.42274721681711,3.0721511188492783,1.1548083245623442,0.7505498794278714,8.27768083462995,18.58766460063392,3,2.1138239968426038e-16,2.5763532015973246e-15,0.8048355645053936,0.1951644354946089,sample_0041,uniform,train,141.7566399310288
4.143380833663037e-17,3.0641251588414278,shallow,27.750163778875425,7.890899027651929,35.64106280652734,3.0236723646419357,0.7904817737936445,0.7904817737936445,nan,66.53595426819295,1,3.6074868597620625e-17,4.734816710126782e-16,0.7786009056327364,0.221399094367264,sample_0042,uniform,train,66.53595426819295
4.319554674210838e-17,3.5376291386511993,medium,22.384890502667837,6.754025661270358,29.138916163938166,1.6273212237034471,1.4226576753404092,1.0865780621545702,7.475292636412303,14.666619766428989,2,6.379702643631297e-16,9.75386636568804e-16,0.7682128730090174,0.23178712699098353,sample_0043,uniform,train,32.717919398100534
4.346823488475563e-17,3.8464399406405443,medium,25.28535245250977,9.488326091054006,34.773678543563726,2.0028159718381335,0.9524318094572093,0.7989165938781008,5.015974481593782,13.869599695805766,2,2.4183836363376943e-16,1.4303344824705937e-15,0.7271405704413129,0.2728594295586885,sample_0044,uniform,train,47.5216669056947
4.542446088909092e-17,7.634091627920272,deep,69.53383411886652,15.981395022461728,85.51522914132809,3.284195133994841,1.3866363310287615,1.1537171197059852,4.223742416388576,46.18302145089097,2,7.805110620296056e-17,1.8487439055485993e-15,0.8131163866023248,0.18688361339767706,sample_0045,uniform,train,134.65245845348906
4.3207140836278904e-17,7.698386198800989,deep,11.358753530886831,7.9697665757174345,19.328520106604223,3.1393105134498804,1.5841108320843924,1.5841108320843924,nan,83.46089572079178,1,-4.607973721522226e-16,2.205681754757789e-15,0.5876680401934,0.41233195980660214,sample_0046,uniform,train,83.46089572079178
3.931380946212901e-17,6.383536544482844,deep,38.79370002050261,20.8014997864419,59.595199806944414,3.473155831514609,1.0273391463429438,0.8952111037829644,7.456540752922901,6.267440088952275,3,-2.900233941634904e-16,1.6691945547403375e-15,0.6509534349439688,0.3490465650560329,sample_0048,uniform,train,142.10999307082392
4.219365337827255e-17,2.045795020944956,shallow,26.23382077539105,13.731537445260207,39.96535822065118,4.356343233049867,1.3788306083825062,1.3788306083825062,nan,129.60696428765078,1,3.63386393137734e-16,1.8223439913464034e-15,0.6564140031112076,0.3435859968887943,sample_0049,uniform,train,129.60696428765078
4.3353098852602276e-17,5.2088681930724565,medium,25.538089511604014,17.714493081280523,43.252582592884416,3.627117384720794,1.129280286827036,0.8464159454678726,5.7445626465380295,12.577945896476754,3,-3.460918658505912e-16,2.792717979783451e-15,0.5904408010032988,0.40955919899670395,sample_0050,uniform,train,125.26650717653008
3.8597608297178205e-17,6.533502585767204,deep,11.204083423397451,8.305729167441852,19.50981259083927,2.6900753554410484,1.508150352386991,1.508150352386991,nan,59.01757981687786,1,-1.2491667603836198e-16,1.6388893004650351e-15,0.5742793976738797,0.4257206023261219,sample_0051,uniform,train,59.01757981687786
4.0692652511617997e-17,2.059840628006734,shallow,12.633759276689133,11.315442765366303,23.949202042055393,3.7108123428319875,0.6770042701340069,0.6770042701340069,nan,97.05877187378395,1,-1.690819641915387e-16,1.780124618379442e-15,0.5275231823801034,0.47247681761989835,sample_0052,uniform,train,97.05877187378395
4.3059175650903244e-17,1.497461021308255,shallow,50.78577866865403,14.029603704940873,64.81538237359476,3.119884465222812,1.1654707673829887,1.1457306647703063,8.560373823613078,34.60507290702488,2,1.720937005494905e-16,2.274731896517911e-15,0.7835451525368726,0.21645484746312962,sample_0053,uniform,train,98.33013208146917
4.207287558086823e-17,7.062275383732256,deep,48.621557770697976,19.463868169778184,68.08542594047607,2.902540823155601,1.389281561705186,1.1723965880848033,10.950799057603056,20.571858545071482,3,3.0559169853805856e-16,1.3045059312350023e-15,0.7141257780072574,0.2858742219927439,sample_0054,uniform,train,121.23185020824772
4.002860000902264e-17,3.962586845674071,medium,7.757302553147108,5.028817974992912,12.786120528140012,2.226475080869227,0.9552356481382409,0.9552356481382409,nan,28.68284208821794,1,3.336106462107641e-16,6.251783533331006e-16,0.6066971241256989,0.39330287587430174,sample_0055,uniform,train,28.68284208821794
4.074490637269438e-17,5.014422050881622,medium,58.60207268238754,18.183248764404226,76.78532144679158,3.974943730825666,1.3137940045313106,0.9110337352411401,8.260750571225353,22.182734233650905,2,6.410218946703448e-17,2.4059430606882654e-15,0.7631936883014271,0.2368063116985753,sample_0056,uniform,train,148.9073682294376
4.3246611991779184e-17,4.896396736062358,medium,34.68780498732617,6.934415234373791,41.62222022169992,2.027838825289569,0.9831616031119987,0.8340698874199405,14.612323566086266,5.6606817355366585,2,-1.7452615792439874e-16,9.389179687831997e-16,0.8333963157794628,0.16660368422053815,sample_0057,uniform,train,40.589903610918334
4.6163100219798617e-17,4.454943903305539,medium,239.70311096594796,14.350182590883684,254.05329355683125,3.577214465305429,1.384517056442107,0.8616483600104707,3.867815921162744,11.429362020728526,3,-3.4214260063535673e-17,1.538254037949066e-15,0.9435150696533947,0.05648493034660688,sample_0058,uniform,train,87.23907566881007
4.3822026724785853e-17,2.4522767129378664,shallow,41.26544109859275,7.199756709980821,48.46519780857357,2.0290860882643726,1.1741806715121093,1.092996627722994,3.9293765408776973,15.701990351027769,2,1.9624019607025844e-16,5.4978322168923763e-17,0.8514448091511313,0.14855519084886873,sample_0059,uniform,train,39.20203169384809
4.238706580018976e-17,4.990263852927802,medium,14.228223023385498,14.596888512233907,28.82511153561934,3.809769798372352,0.8984563509211947,0.8764922602897118,10.316976301223145,12.53306655390198,2,-5.132243078535519e-16,2.2801369901584697e-15,0.4936051333506068,0.5063948666493955,sample_0061,uniform,train,114.49610365686371
4.348283741123155e-17,4.99721202002271,medium,58.01125220404852,10.122372497809534,68.13362470185794,2.3604158109296223,1.1079089853326614,0.988441467937724,13.518875692896948,25.142242768570352,2,2.300037379820144e-16,1.6425147109363182e-15,0.8514335243119189,0.1485664756880828,sample_0062,uniform,train,57.126144819540656
4.233546548370328e-17,2.2505145279256418,shallow,26.360751113561385,11.101383618457966,37.46213473201926,2.276477152120593,1.1956340849025315,0.746317114908023,4.16653333119993,3.5423599399108987,3,-1.8310326494602331e-16,2.4657045389851476e-15,0.703663880932834,0.29633611906716845,sample_0063,uniform,train,70.50830556646241
3.927956526259171e-17,4.4442702264779035,medium,56.285715962483984,14.570753367436268,70.85646932992016,4.166893477930959,0.7492324028134638,0.7492324028134638,nan,148.50393752212497,1,3.2088423230866206e-16,1.3036291043337131e-15,0.7943624131257205,0.20563758687428077,sample_0064,uniform,train,148.50393752212497
4.0630917080724405e-17,7.540115734039368,deep,54.928500673700135,19.985512150518666,74.91401282421863,3.5914016094342913,0.8235295423928557,0.7830594001086603,10.13903348450926,54.38678159029257,2,1.3804536361606438e-16,2.2763465759411843e-15,0.733220643280539,0.26677935671946323,sample_0065,uniform,train,149.33889517690665
4.035318124980033e-17,6.00854608771258,deep,13.749824303484653,12.088155640664233,25.83797994414882,3.373618897656567,1.0514395011097282,0.7897325999325743,14.226735395022994,2.5779558001970773,2,-1.7691580800299175e-16,2.5437438685175993e-15,0.532155545178306,0.4678444548216965,sample_0066,uniform,train,89.67810359499589
4.479670417441722e-17,6.023137976405052,deep,25.98845960964902,9.559604956139092,35.54806456578806,2.126754786312591,1.5450728244825294,1.2069100020402073,6.749814812274483,6.273588425672867,3,2.667876376732793e-16,1.4491463592137551e-15,0.7310794533286818,0.26892054667131965,sample_0067,uniform,train,53.38549824808583
4.308833698482667e-17,8.225059755418624,deep,28.12612101876515,13.032830586031857,41.15895160479694,3.282379470939995,0.8879261474037227,0.7783306807242816,4.237924020083418,2.33339386147218,3,-5.0843621320006603e-17,1.6400213626758763e-15,0.6833536793849517,0.31664632061504994,sample_0068,uniform,train,99.03852381063521
4.168623968237e-17,1.8807699676555734,shallow,31.364034404461098,6.221574878513676,37.58560928297477,2.3564754162847685,1.0049778126241433,1.0049778126241433,nan,54.81221460576498,1,4.054245040858687e-17,4.7261621489927275e-17,0.8344692291224377,0.16553077087756232,sample_0069,uniform,train,54.81221460576498
4.6541549106076854e-17,5.80318349579797,medium,10.049677629402684,3.4681660229884077,13.517843652391083,2.034738117667308,0.7118273261464629,0.7118273261464629,nan,16.144926022617987,1,3.740869486583773e-16,6.570414945900201e-16,0.7434379245557454,0.25656207544425524,sample_0070,uniform,train,16.144926022617987
4.433585638398221e-17,7.826304435471986,deep,72.6081443037645,6.535126345381389,79.14327064914585,1.7758718390445105,0.7653061954989928,0.7036402993609294,11.745637488020819,13.71940582592817,2,3.4106714969933913e-16,5.835654433483407e-16,0.9174266328421964,0.08257336715780421,sample_0071,uniform,train,29.60860350929552
3.7439103431212414e-17,7.618702098489152,deep,10.284556835693456,10.830447813255232,21.115004648948624,3.1746497228008326,1.689861098807167,1.689861098807167,nan,93.67137759287782,1,9.069894804865361e-17,3.028597307062076e-15,0.4870733872277671,0.512926612772236,sample_0072,uniform,train,93.67137759287782
4.16608237887996e-17,3.8487953298883726,medium,27.7796941387053,10.365267349056566,38.1449614877618,2.219432060383623,1.317194750202508,1.1029753953467112,9.208691546577072,6.614516206798079,3,-3.244372031330931e-16,1.7696061881951648e-15,0.7282664093819565,0.27173359061804525,sample_0073,uniform,train,61.54332125795615
4.0561027261795653e-17,8.225204414497155,deep,36.793008279856565,14.690681975162192,51.483690255018686,3.8810621607469433,1.0092129869782138,1.0092129869782138,nan,121.71248949726703,1,2.8655178774074492e-18,1.3801317120830043e-15,0.7146536718251261,0.2853463281748753,sample_0074,uniform,train,121.71248949726703
4.285374632416055e-17,7.677935280865308,deep,27.291810397466914,7.320030170897269,34.61184056836411,3.006391590448426,0.6000672344338032,0.6000672344338032,nan,46.920636590756516,1,2.10504318201096e-16,2.1555336563927997e-15,0.7885108087089756,0.2114891912910265,sample_0075,uniform,train,46.920636590756516
4.1152310148688686e-17,3.7384455425829026,medium,20.377751371879736,12.481956988512163,32.859708360391856,3.913071739989606,1.1695597411181746,1.1695597411181746,nan,126.69669340232632,1,4.1656458442690436e-16,1.2974115192389861e-15,0.6201440118818123,0.37985598811818894,sample_0076,uniform,train,126.69669340232632
4.512283946655047e-17,8.061790004104244,deep,88.47154778797605,13.54698499214745,102.01853278012341,3.6159739213718014,1.3788943965173353,0.9808424893573511,4.42718872423573,4.997039499754906,3,2.7197581382524983e-16,9.05429171853468e-16,0.8672105486819277,0.13278945131807318,sample_0077,uniform,train,86.28031534433012
4.300222897451791e-17,5.032675414016897,medium,38.06357823398087,10.053966441513447,48.11754467549426,2.2502034072781107,1.313546714515792,0.8421955974303809,7.967433714816836,2.6237337121688076,3,-1.404265265605012e-17,1.2182619893750039e-15,0.791054042567684,0.20894595743231725,sample_0078,uniform,train,64.53781957274195
4.15367514834696e-17,6.875460954268881,deep,17.71642033043482,13.19958043696679,30.916000767401542,3.3902778454819256,0.9142656709304426,0.7701718226024844,9.340235543068495,13.73470049303544,2,1.6129287701912598e-16,2.1833858915019996e-15,0.57305019700722,0.4269498029927822,sample_0080,uniform,train,102.0470975339941
4.1078489947091673e-17,4.7197640923511,medium,36.9181618994313,12.17128206801784,49.08944396744912,2.3090684834877857,1.4548741701101895,1.2220834900220916,3.352610922848043,12.688617855270317,3,2.3145453154978466e-16,3.256751403662927e-16,0.7520590765687116,0.2479409234312887,sample_0081,uniform,train,68.1625086917101
4.312038735694492e-17,4.5184085771493745,medium,73.15332410857252,21.724165701668344,94.87748981024069,3.4554699306974435,1.0573185713536282,0.79969875225302,7.704544113703289,32.7162085130607,3,8.165028948980895e-17,1.8348184654695063e-15,0.7710292953036859,0.22897070469631592,sample_0082,uniform,train,152.87381211051448
4.341959828765543e-17,2.9913935939709972,shallow,70.8121652300846,31.049019856751755,101.86118508683613,3.7950612400537334,1.2536288207552297,0.7252445110856491,14.415269681833916,33.249166028218845,3,2.857945927276851e-16,2.232191538409819e-15,0.6951830097962988,0.30481699020370345,sample_0083,uniform,train,262.96092986773414
4.236173603732503e-17,5.901376811325256,medium,42.67698415928139,22.476283933229734,65.15326809251101,3.4640236817016383,1.4109962312712494,0.8112386763892452,3.9496835316263006,26.976667729645055,3,4.557943593118721e-16,1.6903852602825123e-15,0.6550244586147914,0.3449755413852103,sample_0084,uniform,train,186.15364078060855
4.1182563944464424e-17,7.3477839645838,deep,21.79787711237052,5.715548634251056,27.513425746621564,2.115483338260484,1.595571712577292,1.595571712577292,nan,39.656778967943566,1,7.649146261196323e-17,4.842245534305301e-16,0.7922632867718092,0.2077367132281912,sample_0085,uniform,train,39.656778967943566
4.326182312056431e-17,3.1449021548492353,shallow,26.54281835027715,4.096178952791304,30.638997303068425,2.2161549259855833,1.6269055972632032,1.6269055972632032,nan,23.616647020535996,1,-5.351124907091604e-17,9.856088295285038e-16,0.8663083222902647,0.1336916777097363,sample_0087,uniform,train,23.616647020535996
4.265785575084955e-17,5.86884328110318,medium,52.72988687301027,15.58776426547412,68.3176511384843,3.5685279215757717,1.6675908172530343,1.5637106523470277,9.734474818910368,29.526068053577223,2,-3.9053390060025204e-17,1.4560802566933952e-15,0.7718340135278273,0.22816598647217415,sample_0088,uniform,train,110.69958991496246
3.995051540213019e-17,5.297680206403777,medium,27.0581790421523,22.095294493796224,49.15347353594843,3.6180586779281985,1.1772118908929796,0.9937988073293927,11.822013364905319,33.87533874853349,3,2.993148390273528e-17,1.9515054059701392e-15,0.5504835588549664,0.44951644114503553,sample_0089,uniform,train,200.91421394969134
4.3400535182600274e-17,5.794827238018232,medium,57.41147114752771,14.496713566757705,71.90818471428531,2.8558154323220712,1.3591091360825633,1.127617316953555,7.05691150575094,2.354541518428041,3,3.7779458905536336e-16,1.48218746986171e-15,0.798399672800005,0.2016003271999965,sample_0090,uniform,train,90.3270987853681
4.2957846900453576e-17,5.330977172707914,medium,20.539012061691903,6.45792130932021,26.996933371012055,2.549414643191639,0.7213269651418257,0.7213269651418257,nan,35.27761789058924,1,2.9231805831025367e-16,2.1384501894017865e-15,0.7607905601510154,0.2392094398489867,sample_0091,uniform,train,35.27761789058924
4.3673624297759914e-17,3.540153905201178,medium,31.93626066656613,4.960616177756132,36.89687684432221,1.7165425218729817,0.9209752213858768,0.7671699521349707,19.853463173965395,2.250540177281731,2,1.9530131343631616e-16,1.5165305366412994e-15,0.8655545780016493,0.1344454219983523,sample_0092,uniform,train,23.436703103285595
4.165493399545534e-17,5.656268689785156,medium,31.42345876797168,18.8345385688602,50.25799733683179,3.3336766773463102,0.8767893507042271,0.8517293770010734,12.59523719506703,57.166075966080264,2,2.7642205233756457e-17,1.7672379855239871e-15,0.6252429550141041,0.37475704498589774,sample_0093,uniform,train,144.78764287445023
4.314818016525714e-17,5.7391000674553645,medium,63.60184396145762,12.558485012667925,76.16032897412542,2.5296654447724367,1.3984450411092637,1.3515315398157357,6.791170738539856,37.020998033492326,2,3.544915089762013e-17,1.609349953835658e-15,0.8351046380467395,0.16489536195326207,sample_0094,uniform,train,79.88833311526412
4.31007012629854e-17,3.644913128822159,medium,29.975190149383568,12.87355262147097,42.848742770854464,2.8596993418122043,1.1949547239797065,0.6950703102758575,11.677328461596,3.3366471183706294,3,-2.3820268837375083e-16,1.7411709756291352e-15,0.699558218304892,0.30044178169510977,sample_0095,uniform,train,88.23599682296631
3.9522089988817815e-17,2.8911590294591534,shallow,40.447174351369945,21.315759361962314,61.76293371333215,2.9714772139845684,1.184247255105998,0.8686340827949638,6.884765791223404,29.310055779307387,3,2.0594780171998203e-16,1.7256532997396843e-15,0.6548778032323134,0.3451221967676884,sample_0097,uniform,train,132.33685575205388
4.23091778986095e-17,8.355885491750524,deep,39.67975168206439,11.228332999556603,50.90808468162089,1.9277637726061114,1.2466521031910585,0.6170581750625752,7.426977851050859,16.01035074741846,3,1.5570846935621818e-16,2.0238179717338786e-15,0.7794390995108442,0.22056090048915777,sample_0098,uniform,train,62.22945175492572
4.2498978157416716e-17,5.493964620168004,medium,26.141420330647716,10.090933835304785,36.23235416595241,2.8971827599923583,1.1546483826764735,1.0021043212781877,6.23858958419289,3.6051828735638467,3,-3.790779308713281e-16,2.5493942575670053e-15,0.7214938397575293,0.27850616024247327,sample_0099,uniform,train,59.86414412739378
4.347122975368679e-17,6.5477692744808405,deep,53.08805834224181,16.37158289868896,69.45964124093074,3.8973187332110646,1.0409023860251896,0.9016485911241583,6.257795138864805,10.43562597647806,3,4.405249287496267e-16,4.603309567680696e-16,0.7643007852300627,0.23569921476993777,sample_0103,uniform,train,136.24612141977343
4.4523998532476155e-17,6.368076658918203,deep,80.849872667883,28.670525402941742,109.52039807082453,4.237130852043502,0.9117401779084136,0.6140903590431225,7.54188305398592,119.67181797566018,2,6.638604680475289e-17,2.0112075190156655e-15,0.7382174836106704,0.2617825163893316,sample_0104,uniform,train,259.78115325089084
4.332355436395801e-17,5.147910183891296,medium,39.24130753174089,11.57164242328545,50.812949955026276,2.283952685250112,0.9370898710038921,0.7366613565632811,4.979959839195493,10.698398803749015,3,1.4404716430286203e-16,1.1885972491867557e-15,0.7722698163848534,0.2277301836151478,sample_0105,uniform,train,58.42276369484317
4.0394533735385173e-17,2.229567825936331,shallow,13.847145722743317,5.219782319398039,19.066928042141335,1.9521277422817527,1.4053957213576727,1.4053957213576727,nan,31.16113798634107,1,2.058657850426474e-16,1.1179714962835227e-15,0.7262389458930478,0.2737610541069533,sample_0106,uniform,train,31.16113798634107
4.172085607254191e-17,5.9258954849438,medium,27.044144795335935,19.507546862242542,46.551691657578395,3.371494442713032,1.502722840557811,1.1618405274242245,10.948972554536798,14.019443873619785,3,1.5931603053860104e-16,1.7553049460257182e-15,0.5809487009465805,0.4190512990534213,sample_0107,uniform,train,135.46282686617423
4.383839744942903e-17,3.88337280075933,medium,89.36875371234288,12.632922288470516,102.00167600081322,3.3303229248596855,1.6256293337271999,1.5493532094531868,14.8,6.952769567407973,2,9.497648530697428e-17,1.7240827209468866e-15,0.8761498557301194,0.12385014426988238,sample_0109,uniform,train,92.83404912791694
3.9452260779757856e-17,4.517139227921771,medium,28.832916020841285,20.065923279688185,48.898839300529396,3.3424731874763203,0.8918084397134378,0.6697467185850826,11.412274094149685,70.96153678273734,2,1.0243133107023295e-16,1.5257414761172623e-15,0.5896441803789222,0.4103558196210793,sample_0110,uniform,train,153.61097549866338
4.302283315814985e-17,2.672287080922406,shallow,33.73258369008333,15.550783325436717,49.28336701551998,3.228585174599039,1.199352654481858,0.8632335406807485,9.20434679920308,5.6867300380472505,3,5.549259820296561e-17,1.4057058381338524e-15,0.6844618323147543,0.31553816768524706,sample_0111,uniform,train,109.78034290168831
4.44873627533846e-17,4.789680477177096,medium,75.0231797256216,7.6720627392900855,82.69524246491154,2.8573713443686253,1.6581856554571321,1.6581856554571321,nan,63.038924193937994,1,1.7681789055857029e-16,1.7399417391208708e-15,0.9072248594887997,0.09277514051120199,sample_0112,uniform,train,63.038924193937994
4.353997716584603e-17,2.390236795117129,shallow,26.67298605824421,11.479732259410216,38.152718317654355,3.4451067860342777,1.5312051714159445,1.443042092515768,7.8204859184068605,8.665430391954418,2,3.238385992856035e-16,1.862364641607494e-15,0.6991110262752066,0.3008889737247953,sample_0114,uniform,train,81.38480365734195
4.288967013115207e-17,2.418061405038312,shallow,45.7885167658902,21.241652142381167,67.03016890827124,4.187228399188181,1.065370408243434,0.8501325127797147,6.529931086925803,16.25268441846945,3,9.682927938950929e-17,1.9610633279994335e-15,0.6831031088188126,0.3168968911811893,sample_0115,uniform,train,220.71362555866415
4.43362677511979e-17,6.337542945564269,deep,79.86238694686712,9.578945004243863,89.44133195111084,2.587774860953865,1.0795869189198117,0.6489761216188522,8.354639429682171,21.687347146434277,2,1.1857218110112757e-16,1.5888464991744243e-15,0.8929024781352806,0.107097521864721,sample_0116,uniform,train,52.31887934306579
4.5734973053780815e-17,3.2694448998024077,shallow,57.555428111531384,4.7405418170037645,62.29596992853502,2.438698468566704,1.1300671354645395,1.1300671354645395,nan,25.88662669831987,1,9.09391008869275e-17,2.024550476412876e-15,0.9239029134237429,0.07609708657625912,sample_0117,uniform,train,25.88662669831987
4.236328201637422e-17,5.107285238161908,medium,8.775704367757468,8.509624036206997,17.28532840396443,2.95871288519065,1.626280305858634,1.626280305858634,nan,57.81438033970355,1,-2.169598705822458e-16,1.952568048453389e-15,0.5076967103352655,0.4923032896647364,sample_0118,uniform,train,57.81438033970355
4.305845976443601e-17,7.926241050217346,deep,21.819352731408834,16.188989122672794,38.0083418540815,3.603554657528919,1.0802618819593655,0.6224073920261962,3.903844259188626,7.090780268679885,3,-2.762460582718223e-16,3.3649900573887788e-15,0.574067472219017,0.42593252778098634,sample_0119,uniform,train,103.05640119274314
4.005179385256505e-17,5.018645940497093,medium,27.331332754150036,14.039688534037644,41.37102128818758,3.9831781316474304,1.3930203564520065,1.3930203564520065,nan,140.3236406269066,1,1.4207121458523383e-16,2.4903590357976416e-15,0.6606395467919906,0.3393604532080119,sample_0120,uniform,train,140.3236406269066
4.303253273453641e-17,2.351598817875199,shallow,19.287146687920526,2.5334748256290154,21.820621513549547,1.7127626905154747,0.8351058674315299,0.8351058674315299,nan,10.523572676991737,1,1.016477840742537e-17,2.6457356975217055e-16,0.8838953865701829,0.11610461342981686,sample_0121,uniform,train,10.523572676991737
4.175727627498793e-17,6.80226928219492,deep,37.121299382726264,11.895702879634111,49.017002262360315,2.2170261857317755,1.2740778502227588,0.9720854428171156,3.8832975677895205,5.330295551829235,3,9.04881251991473e-17,1.2321465971407665e-15,0.7573147616012281,0.24268523839877307,sample_0123,uniform,train,69.96826411484463
4.431829242909878e-17,3.977827138066336,medium,31.934093682952575,13.475992839040043,45.410086521992575,2.4694260159523895,1.1581349876899378,0.755912039299602,8.968834929911468,37.0248251008862,2,-4.309663804646596e-17,9.38834682135182e-16,0.7032378955606385,0.2967621044393624,sample_0124,uniform,train,85.74269808141301
4.402275260835578e-17,7.578065518885491,deep,77.21137774295629,10.564533808631088,87.77591155158723,2.309358743684066,1.2094069843134454,0.6025840504778388,5.249761899362675,6.801259715173834,3,5.917515130364674e-17,1.679704773940963e-15,0.8796419926391535,0.1203580073608481,sample_0125,uniform,train,51.90643359180151
4.485894342706825e-17,4.915084985472241,medium,95.5738499647362,9.512639079515461,105.08648904425151,1.7401027723397382,1.1746819711833871,0.6079754105614479,3.206243908376278,7.228540168426008,3,2.0923384418447619e-16,1.4368196399200269e-15,0.9094780007779156,0.09052199922208579,sample_0126,uniform,train,40.8916456588973
4.0678893134966553e-17,6.422593118060798,deep,15.84498494288151,10.665147170387034,26.510132113268494,4.212214307066245,1.249526499625802,1.249526499625802,nan,136.52325126011968,1,3.066364111083638e-16,1.876187990715928e-15,0.5976954349069801,0.40230456509302187,sample_0127,uniform,train,136.52325126011968
4.187645636200977e-17,3.5028937084186347,medium,17.84294204524161,12.126862841140639,29.9698048863822,3.167720569517868,1.150114026501027,1.0009340951374297,13.05679899515957,9.25129999516322,2,-8.635688790945802e-17,1.6596034472619194e-15,0.5953639709329291,0.40463602906707247,sample_0129,uniform,train,100.08638028953808
4.395515989684374e-17,7.849815208182191,deep,53.87517741182793,7.315176247386199,61.190353659214075,2.351123796112107,1.033145189049071,1.033145189049071,nan,54.439621937356456,1,4.125638136087878e-17,8.273554064560276e-16,0.8804521332214162,0.11954786677858456,sample_0132,uniform,train,54.439621937356456
4.266448400055249e-17,5.092323034461756,medium,68.66774373596489,23.712864199169676,92.38060793513434,3.5151773826415504,1.477367198664933,1.2437758302322348,5.2,87.30522771054156,2,-9.508577874577119e-18,2.499727965464127e-15,0.7433133995413886,0.2566866004586138,sample_0133,uniform,train,177.9337882579587
4.650699820044825e-17,5.251618890156374,medium,97.53656295764911,4.762994338421593,102.2995572960706,1.9130830336582378,1.6328511236788645,1.6328511236788645,nan,29.32851472806939,1,1.7332564010382502e-17,9.810810924200276e-16,0.9534407140723331,0.04655928592766787,sample_0134,uniform,train,29.32851472806939
4.6637293702583117e-17,4.251125777163628,medium,54.77467509655692,25.381102067507765,80.15577716406455,4.0704692428249905,1.4674685486084222,1.319468582451925,7.258098924649622,24.383898687154996,3,-1.8622786491006746e-17,1.7285819983957054e-15,0.6833528041833211,0.31664719581668066,sample_0135,uniform,train,213.17067868248236
4.29450037651322e-17,5.429884280689336,medium,48.103765538826295,23.43449805592828,71.53826359475447,3.238894763234794,1.4201072030120496,1.0886347487871957,11.953242237987146,45.91939588584422,3,2.9543249155934554e-16,1.4898517941079869e-15,0.6724200885182443,0.3275799114817572,sample_0136,uniform,train,186.86850990232432
4.537677480591157e-17,3.9651395425415785,medium,51.28875117121397,8.485246814950344,59.773997986164204,2.1334986865886654,1.0733271034675957,0.9572513863927998,15.721323099535864,11.728033230071,2,1.4724640312980375e-16,1.7830731414131822e-15,0.8580445159964989,0.14195548400350283,sample_0137,uniform,train,52.40660991130326
4.5153921668435324e-17,1.8617131832834766,shallow,60.01155385943904,23.8567758702665,83.86832972970542,3.5417809130101854,1.2363348350088066,0.9937000186841786,6.4776538962806605,41.04309619693601,3,3.101221037461498e-16,1.3979001582392467e-15,0.7155448791319314,0.28445512086806995,sample_0138,uniform,train,203.26664171841853
3.9363766086468493e-17,3.641298384536557,medium,23.18255555849923,17.96706089293074,41.149616451429914,3.0770205167441778,1.490362647694104,1.2233754889229842,11.691022196540386,53.56970512030406,2,1.8082030987162252e-16,1.381383929250032e-15,0.563372336309921,0.4366276636900804,sample_0139,uniform,train,118.62490424432121
4.437768776395922e-17,3.1511841228682305,shallow,128.49789476561742,9.59854857733138,138.09644334294862,1.7698460504244555,1.3854267644466856,1.3261604111048229,8.146164741766519,9.46199263898035,3,2.1163948103972037e-16,1.299179301337063e-15,0.9304938755483066,0.06950612445169461,sample_0140,uniform,train,44.5782819107548
4.215468052777186e-17,3.1977077512805563,shallow,16.534280659129234,5.3319287984273895,21.866209457556593,2.081405682008766,1.2694089328879972,1.1130009278594333,18.821264569629747,5.234154341653579,2,6.205392163636716e-17,1.3810380042512726e-15,0.7561566942465772,0.24384330575342425,sample_0141,uniform,train,24.040729221037196
4.200394579823693e-17,6.389435725582954,deep,28.27488386868975,14.15962775056397,42.4345116192536,2.8679615058007446,1.296452340559371,0.9129444307663543,9.509994742374989,6.7579815711473685,3,1.4268418241561117e-17,2.84655721180518e-15,0.6663181167816417,0.3336818832183612,sample_0142,uniform,train,104.05546004110053
3.9614915898294316e-17,5.936763862662979,medium,18.233585622181753,7.853848404102965,26.087434026284654,2.9091328358490682,1.260637236310918,1.260637236310918,nan,46.933355077566915,1,-2.683807369634934e-16,2.417281352208557e-15,0.6989413218567346,0.3010586781432678,sample_0143,uniform,train,46.933355077566915
4.353456104693042e-17,1.528669751974999,shallow,38.00291650214159,11.447499252111635,49.45041575425312,2.870232749928724,0.9517359203216296,0.7189974368221782,10.00199980003999,21.06522895954989,2,-1.6351879027574857e-17,2.047552852720066e-15,0.7685055003581651,0.2314944996418369,sample_0144,uniform,train,70.27300416504937
4.2315115225172624e-17,6.066942873347025,deep,52.77453819594874,11.544587811554171,64.31912600750285,2.3840436454801934,1.2121391157966965,0.7322613706990148,8.106787279804498,23.16210281215471,2,4.853910669333028e-17,1.0770966746116618e-15,0.820510810264937,0.17948918973506406,sample_0145,uniform,train,79.92064274347683
4.1589015433387227e-17,2.5922447511155635,shallow,27.386084007723593,7.5617484364770515,34.94783244420058,2.316364459987809,0.6120195150847053,0.6120195150847053,nan,52.06061426761002,1,2.863796254452545e-17,1.880666080299811e-15,0.7836275411772549,0.216372458822747,sample_0146,uniform,train,52.06061426761002
4.3260850530236174e-17,1.9462677772793353,shallow,36.412499711921775,12.656252673289725,49.06875238521144,1.9488969889548093,1.3086944192347947,0.6259024178122203,8.494704232638119,18.73077328811314,3,-3.7246682692640814e-16,1.2308471196795901e-15,0.742071031805894,0.2579289681941072,sample_0148,uniform,train,71.7551010011785
3.8537529794286025e-17,5.816635097427088,medium,14.68182242700127,7.333187416555581,22.015009843556843,2.266252643215654,0.8856801227144201,0.8856801227144201,nan,48.754373516398935,1,2.2073656125519834e-16,3.6309798787760365e-16,0.6669005615411167,0.3330994384588837,sample_0149,uniform,train,48.754373516398935
4.016814431741836e-17,1.8324566344472073,shallow,14.756886998611805,7.198224737435498,21.95511173604727,2.353447747359523,1.2146242969988474,1.2146242969988474,nan,54.6012129028118,1,5.0861715261300346e-17,1.4159000902949198e-15,0.6721390068984722,0.3278609931015292,sample_0150,uniform,train,54.6012129028118
4.39757390172967e-17,1.6598047447612037,shallow,61.51793731197159,9.70783361753301,71.22577092950446,2.249222039651956,1.3078647682306122,1.3043352324493878,7.934733769950947,12.237974986772514,2,6.413269846122016e-17,1.9702445966013235e-15,0.8637033549676679,0.1362966450323341,sample_0151,uniform,train,59.901438824540186
3.962870819921194e-17,6.195890246839914,deep,40.89074998063609,19.637503753715563,60.52825373435148,3.9916637452015764,1.3503397354853173,1.166656593245511,9.65608616365865,12.055731252767261,3,1.2487165507677918e-16,2.8173662060507017e-15,0.6755646736497445,0.3244353263502583,sample_0152,uniform,train,145.47206655837482
4.44608816883961e-17,3.7312082906970376,medium,98.52260269689346,16.420188287732355,114.94279098462573,2.8398093308980292,0.7642323744913618,0.6916064514720043,5.772347875864725,12.844589404615702,3,5.701635505254081e-17,7.10896385170785e-16,0.8571446878305872,0.1428553121694135,sample_0153,uniform,train,98.89596297169821
4.593401328011329e-17,5.149384961139037,medium,87.67231946008997,23.480773470169474,111.15309293025936,3.460924872529822,0.7015628599600047,0.6145961011562106,5.347896782848377,37.09716447870888,3,1.5943751895373224e-16,7.031716245867369e-16,0.7887528556231728,0.21124714437682796,sample_0154,uniform,train,185.36382980904654
4.4801279058689894e-17,4.436466594492455,medium,8.979770786690418,7.887698204239882,16.867468990930277,2.27195513200449,1.5731557094963309,1.4949834613746675,9.709788875150684,22.748378762739105,2,7.250799415282621e-16,1.3690636647750937e-15,0.5323721532565963,0.46762784674340513,sample_0155,uniform,train,45.59323619753923
4.195744609102137e-17,3.6936786648223796,medium,94.21980949014872,24.93281277880029,119.15262226894876,4.233333582955722,1.344440448677691,1.2704038132922162,5.110772935672256,8.974207086973985,3,7.901730623426886e-17,2.087154716198334e-15,0.7907489377571378,0.20925106224286424,sample_0157,uniform,train,202.66664150190903
4.099725106909526e-17,8.387240184984105,deep,25.160587741039034,17.503978260829257,42.66456600186819,3.856876669724936,0.8853142265686866,0.7087659199664738,19.21457779916072,19.161855152812898,2,1.3848984194704927e-16,2.414853972280021e-15,0.5897303101580198,0.4102696898419826,sample_0159,uniform,train,127.0721105123684
3.9907338479223115e-17,5.8917327626125795,medium,68.06169663113496,17.83587163396887,85.89756826510367,4.0758031918904285,1.2557933579781635,1.2458191576699589,16.89260193102294,2.3706195270501267,2,-1.5637986472760896e-16,1.9025547815329157e-15,0.7923588293102516,0.20764117068975033,sample_0160,uniform,train,153.45387409144317
4.25227704893036e-17,4.780027759769101,medium,55.963902680815714,16.2455868392682,72.20948952008384,3.6593961833942625,1.2854648155565558,0.8041434818468842,7.238784428341543,7.019128681903729,3,-2.910367012252163e-17,1.0824020700474865e-15,0.7750214418182573,0.22497855818174378,sample_0161,uniform,train,117.20827259165308
4.380969395698439e-17,1.4107839298542963,shallow,22.016781395535077,16.003245313070884,38.02002670860589,3.6827499941270863,1.304974400711301,0.8398921464789985,16.76901905300367,23.047217179645457,2,1.4800828102424697e-16,1.86886437825481e-15,0.5790837961339871,0.4209162038660148,sample_0164,uniform,train,126.4388817334982
4.1757894231543287e-17,4.273269784796634,medium,25.922878609501765,9.758623671230831,35.68150228073253,1.8197894314930498,1.482033105522521,1.328017869639968,8.042387705153239,7.051753029233125,3,6.6107581915026954e-18,1.8419965207939094e-15,0.7265074885453947,0.2734925114546071,sample_0165,uniform,train,46.20639011591525
3.88594215416972e-17,5.663213447738069,medium,10.11685288921087,10.011031412623876,20.12788430183471,2.5485907625463904,0.7517972234908323,0.6098255441853843,9.391485505499118,5.354941121522212,2,3.1489499384912246e-17,1.853324128259469e-15,0.5026287282607588,0.49737127173924306,sample_0166,uniform,train,58.14329881685745
4.0894957610498716e-17,3.258121952412203,shallow,62.61667914666576,19.641009953123874,82.25768909978945,3.9564519328693004,1.0459783810811962,0.9448810444028999,10.417293314484334,26.039061771541025,2,-6.402511436956127e-17,2.2890726330519844e-15,0.7612258480870214,0.23877415191298085,sample_0167,uniform,train,149.01500312441615
4.175709158862314e-17,5.604976061345378,medium,6.472087034361072,8.995358068097923,15.467445102458983,3.1508788805828094,1.5092326827330098,1.5092326827330098,nan,88.5769135713507,1,4.03077620690256e-16,8.03914143120181e-16,0.4184328434003721,0.5815671565996287,sample_0168,uniform,train,88.5769135713507
3.8814400556979506e-17,2.7411464497000146,shallow,25.60191976468766,14.817133547925785,40.4190533126134,2.9633606239974046,1.3239439150790644,1.0383670240744938,19.536632258401138,43.608475657755946,2,1.2586092961975178e-16,1.1426610481743685e-15,0.6334121575454659,0.3665878424545353,sample_0169,uniform,train,97.75512515204517
4.050874543533899e-17,6.262350663889844,deep,12.050501202832132,8.128396471947411,20.17889767477952,3.385185819046765,1.3889060504182196,1.3889060504182196,nan,88.02565142831777,1,1.3353593556512978e-16,1.1443954612578e-15,0.5971833247310323,0.4028166752689688,sample_0170,uniform,train,88.02565142831777
4.36313115211018e-17,3.3630722411389087,shallow,17.1166253174667,8.2842970302625,25.400922347729136,2.0838675681524172,1.6322594593625117,1.5191656056774896,19.548913013259842,9.964117062810358,2,3.090735015231139e-16,2.517579690334595e-15,0.6738584167593009,0.32614158324070164,sample_0172,uniform,train,47.869331361352096
4.1330194956804405e-17,4.369087936717668,medium,63.14142481808723,19.73357399102037,82.87499880910744,3.7000568126049864,1.4007117845180475,1.067800855625384,4.551922670696419,71.82855728386015,2,3.8631968865371986e-16,1.971943669058173e-15,0.7618874898994072,0.23811251010059473,sample_0173,uniform,train,181.27067499201866
3.9751156405628224e-17,5.334416704871765,medium,29.932468115579322,15.291623127668265,45.2240912432475,4.368192713700429,1.0674744512266257,1.0674744512266257,nan,154.61162449263833,1,-8.502215564231167e-17,1.92467073937298e-15,0.6618699744474932,0.33813002555250876,sample_0174,uniform,train,154.61162449263833
4.055138397008557e-17,4.1861129333882205,medium,19.509379353711754,8.455814247882193,27.96519360159388,2.373826121807522,1.211423636060482,0.7050347949285961,8.858893836140043,2.490823216736382,3,-8.547109024744527e-16,2.350250243004334e-15,0.697630763142645,0.3023692368573573,sample_0175,uniform,train,46.08647022529208
4.389745870033987e-17,5.901900410081856,medium,56.99958547627339,26.773864601704403,83.77345007797751,3.719456853794354,1.1765308520261144,0.9730805948750618,5.0950956811428,17.011711445031636,3,-1.5565646450902095e-16,3.3078698166125377e-15,0.6804015523201846,0.3195984476798187,sample_0176,uniform,train,229.050634941415
3.757169158456044e-17,4.830697542059641,medium,15.668377471879124,10.554363209035994,26.222740680915077,2.789604973809364,1.6370283353684767,1.4906521936248391,12.863902984708801,18.757593429797865,2,-4.4330198748824627e-17,1.5580448971125633e-15,0.5975110558631492,0.4024889441368524,sample_0178,uniform,train,66.90108060346607
4.1646836707243125e-17,4.030612492093151,medium,22.868001287818526,5.741315447776601,28.609316735595076,2.06055383434951,1.1768899067931216,1.1768899067931216,nan,36.6471753045577,1,8.325736466600367e-17,1.7695693466149501e-15,0.7993200781117106,0.20067992188829115,sample_0179,uniform,train,36.6471753045577
4.4228406623054833e-17,7.015333031474286,deep,39.75686035186757,8.40689831346882,48.163758665336346,2.2141390272648604,1.362884314850584,1.2181990443810733,11.716654812701448,15.738713589214486,2,9.570673608518188e-18,9.958034005831223e-16,0.8254517806244376,0.1745482193755634,sample_0182,uniform,train,38.44046659090826
4.173330561126738e-17,5.811695959126811,medium,40.19831268007414,15.028180707153984,55.22649338722807,3.0539918136692585,1.1294892739312827,0.6265888754296587,6.334035048845248,14.35014983771925,3,3.8286776651633424e-16,9.971131361771889e-16,0.7278809537701082,0.2721190462298928,sample_0183,uniform,train,95.81425501949954
4.5297770706189865e-17,4.715260940718909,medium,12.907820860843728,6.471222575078572,19.37904343592224,2.981829678228205,0.9138158961633438,0.9138158961633438,nan,48.07312881994422,1,-7.016455592715896e-16,3.0249055323105824e-15,0.6660711042587871,0.33392889574121587,sample_0184,uniform,train,48.07312881994422
4.3074431978637236e-17,5.762724316962823,medium,52.55736279339436,10.680218919691715,63.23758171308598,2.230724388505325,0.8922455242597834,0.7394833717788669,6.29285308902091,4.429216827442379,3,-7.273096028636653e-18,1.5168712453747069e-15,0.8311096245244065,0.16889037547559504,sample_0185,uniform,train,59.19077424903887
4.2301738294821926e-17,4.432557981618076,medium,94.80690636552679,17.468764215821324,112.27567058134794,4.062817853606022,1.003672577150049,0.8028441957627271,4.52990066116245,6.707163309231043,3,-9.89970340869708e-17,1.518853155803407e-15,0.8444118469712066,0.15558815302879486,sample_0186,uniform,train,151.62348774786463
4.2862228579812376e-17,3.872562547619696,medium,84.86945266004822,18.955797143831433,103.82524980387933,3.049505014297097,1.171426189099651,0.8368573963045585,8.24135911121461,22.76858151403138,3,-1.5069950577964484e-16,3.148074857195611e-15,0.8174259423441056,0.18257405765589757,sample_0188,uniform,train,131.0518815017351
3.9909474030386077e-17,5.474326531304563,medium,26.03857095193766,14.918284270406005,40.95685522234359,3.0805777882363885,0.7702621001581982,0.657716882201217,20.46851240320117,49.53963674977812,2,1.6187080733030668e-16,1.821599506353443e-15,0.6357561099498817,0.3642438900501201,sample_0190,uniform,train,105.10101971252234
4.4459764511847724e-17,5.537436866293886,medium,63.115981218543226,17.600547983038524,80.71652920158158,3.8528301263710456,1.0973805102713634,0.7127191961037145,10.16857905510893,7.667720530134942,3,-4.2502844257315456e-17,2.112705517311597e-15,0.7819461743816719,0.21805382561833017,sample_0191,uniform,train,131.48616965979454
4.5594512758817676e-17,4.39073274670687,medium,62.5358213942517,21.03126498714705,83.56708638139861,3.049484426731585,1.5983160282392375,1.379715710933933,9.011104260855047,48.797122711489635,3,1.4369913840263447e-16,1.6580191971855202e-15,0.7483307615732753,0.25166923842672645,sample_0193,uniform,train,156.58781349723986
3.571629570288779e-17,1.9577598060869814,shallow,7.202932137105333,4.364591076176881,11.567523213282206,2.490443786097564,1.6875368397231232,1.6875368397231232,nan,35.68913256522659,1,1.3686160279919849e-17,6.91038663153285e-16,0.6226857732893669,0.37731422671063375,sample_0194,uniform,train,35.68913256522659
4.327090409819347e-17,5.998999829271506,medium,44.231097883207546,19.34190414161712,63.57300202482461,3.6237480968344498,1.4030876028291834,1.2014487293846483,11.15885298765066,9.974061150098374,3,3.4993710404495904e-16,8.941440084677965e-16,0.69575285851588,0.30424714148412096,sample_0195,uniform,train,141.39841462173976
4.071950762002445e-17,3.0936469810612097,shallow,14.347767797650004,6.030475240362857,20.37824303801283,2.8813381257771717,0.7075308163966827,0.7075308163966827,nan,39.084535143415714,1,1.191644912109136e-16,1.5254624567739838e-15,0.7040728570606506,0.29592714293935096,sample_0196,uniform,train,39.084535143415714
4.375252277625907e-17,2.944150942018566,shallow,16.879328083440093,9.767385924922152,26.64671400836216,2.3533378495439488,1.2204015822097682,0.9341028759376779,6.749814812274483,5.1105614180336065,3,-4.2942287366042633e-16,3.199836507587933e-15,0.6334487651326574,0.3665512348673458,sample_0197,uniform,train,56.452658542155056
3.559568342456722e-17,8.116067931219419,deep,5.6268242462902816,5.769846780674324,11.396671026964592,2.202137592366011,1.6547484904166927,1.6547484904166927,nan,44.73237546945327,1,1.7832507932983077e-16,1.1689971803152294e-15,0.49372524950287516,0.506274750497126,sample_0198,uniform,train,44.73237546945327
4.458661305029493e-17,6.228789704223048,deep,69.91114258530683,17.10555351731419,87.01669610262091,3.7288551509954,1.2716111807433792,1.132368582271189,4.261455150532503,8.2023908225929,3,-3.6105787677022954e-17,1.2656665786636126e-15,0.8034221674293278,0.19657783257067346,sample_0199,uniform,train,139.00119574541378
4.249296989047708e-17,4.0189140035218465,medium,55.62030150233834,23.347247030932497,78.9675485332706,4.15703278808745,1.367059069728532,1.0135556694342385,8.522910301065009,37.44044252955131,2,-1.1702040322436569e-16,3.014299176064026e-15,0.7043437783674442,0.2956562216325588,sample_0200,uniform,train,196.97706877771876
4.3048271233687806e-17,1.7271696362390794,shallow,37.589858753245785,22.03994415379344,59.62980290703907,4.40543565098673,1.53615952880811,1.5325379022793122,9.433981132056603,13.067701256579403,3,-2.6068349213945244e-16,2.561918382097956e-15,0.6303871037750561,0.36961289622494636,sample_0201,uniform,train,163.43526190711194
4.0639359808221607e-17,1.8728673198778751,shallow,37.98961976193056,14.348378312816457,52.33799807474693,3.580255178193446,1.1568814473346003,1.1113488370505649,6.11228271597445,9.436661452666048,2,-2.4336586155508747e-16,1.7648851512603383e-15,0.725851602265631,0.2741483977343709,sample_0202,uniform,train,105.83670409874203
4.0173116666318934e-17,4.898453310884492,medium,12.680292133662755,8.542910747662676,21.223202881325403,2.2547410463227036,1.4535343292432812,1.2118031191977874,16.329115101560156,13.727228060422695,2,2.1818300419479494e-16,1.3391809704374392e-15,0.5974730677818815,0.4025269322181198,sample_0203,uniform,train,43.99600791580578
4.0775094988818934e-17,2.3380893130355282,shallow,15.563059671743098,5.724583787477292,21.287643459220355,2.4429113086933048,1.0757517721504837,1.0757517721504837,nan,35.55353660868739,1,3.37247522823435e-16,1.6271861389759254e-15,0.7310841945261086,0.26891580547389304,sample_0204,uniform,train,35.55353660868739
4.125288323082522e-17,7.79780101615923,deep,88.18834620341153,19.697362967395833,107.88570917080715,4.091590337656423,1.1054686194915857,0.6835604659080257,11.71153277756588,20.343735141467707,2,3.2505737075367e-16,1.975820730719263e-15,0.817423798584757,0.18257620141524503,sample_0206,uniform,train,169.2563486248057
4.106501220583746e-17,4.710478739937347,medium,15.313011605764931,11.393397822453966,26.706409428218837,3.730637568365302,0.7077768739259951,0.6969810119311703,10.871982339941507,3.339614142422317,2,-4.0432356168502985e-16,2.261484558676467e-15,0.5733833912388356,0.4266166087611666,sample_0209,uniform,train,100.13964615918219
4.171149581260956e-17,2.1942293375790567,shallow,42.54642571263832,10.967968455634482,53.51439416827265,1.871179876014055,1.034017626004588,0.7620589811901484,7.602631123499285,13.14467731227797,3,-6.792280659134273e-17,2.7551020610756136e-15,0.7950463865638421,0.20495361343616064,sample_0210,uniform,train,47.671528431126916
3.9494912798468764e-17,7.915949086184703,deep,38.95187156880387,14.221223462702413,53.17309503150625,4.287700515871293,1.6545390035717769,1.6545390035717769,nan,152.13606571897708,1,6.256042738383807e-16,5.679200402367255e-16,0.7325485105902526,0.26745148940974794,sample_0211,uniform,train,152.13606571897708
4.404022362912815e-17,8.337399802760656,deep,44.393651418910245,6.9406020690164345,51.33425348792659,2.6950511519328546,1.0198084547845334,1.0198084547845334,nan,47.957793284008396,1,3.4512171057431475e-17,1.782092287572251e-15,0.8647958897337678,0.13520411026623402,sample_0212,uniform,train,47.957793284008396
4.2801670589418504e-17,6.866512758478489,deep,30.642641918225785,5.499405674551393,36.142047592777175,2.126915660545812,1.2788858747124516,1.2788858747124516,nan,40.303189473758074,1,1.0294867590925658e-16,7.372397073686747e-17,0.8478391225501452,0.15216087744985496,sample_0213,uniform,train,40.303189473758074
3.927630317899425e-17,4.81818329734452,medium,75.41162357120326,20.52296411266888,95.93458768387188,4.407330346132129,1.551171455690944,1.4531453665647427,5.381449618829483,4.523084830185128,3,1.508991301811756e-16,2.740417388330891e-15,0.786073358856799,0.2139266411432038,sample_0214,uniform,train,162.24235296268662
4.015690884388683e-17,1.8428518656527815,shallow,17.565381726861368,7.514161614189981,25.07954334105131,2.749067500589177,1.3175011409300923,1.3175011409300923,nan,56.125279638345084,1,-2.035734389201801e-17,1.593650583784123e-15,0.700386824751692,0.29961317524830955,sample_0215,uniform,train,56.125279638345084
4.222638390268449e-17,5.557077767509354,medium,34.86988774695943,18.742502910942324,53.61239065790161,4.026995759941024,1.2398086572593732,0.9780894002408582,12.260505699195287,37.31637193937758,2,-1.5107722170291126e-16,2.7169327657906335e-15,0.6504072532311179,0.34959274676888485,sample_0216,uniform,train,195.66618194214823
3.8681602047356206e-17,4.440517979004875,medium,12.178995851603275,10.4264443683963,22.60544021999954,3.0611282451437036,1.2466195347874565,1.2466195347874565,nan,69.1120437243281,1,5.277664823140265e-16,1.5716188865268526e-15,0.538763931738354,0.46123606826164754,sample_0217,uniform,train,69.1120437243281
4.3029014162250745e-17,2.732554695190583,shallow,28.043801175791337,7.699963703792638,35.74376487958391,2.0573315280136324,1.0667603358216906,0.6701686864798981,18.108561511064316,12.590963019059314,2,9.1322434836779e-17,1.9133333756895998e-15,0.7845788285108537,0.21542117148914822,sample_0218,uniform,train,49.066479832452494
4.2038191122196035e-17,1.8002388524366466,shallow,20.469616061251717,8.878781055926888,29.34839711717857,2.5476633582359214,1.5675524988574336,1.53749229923827,3.560898762952974,12.065009800200427,2,1.7709159902689586e-16,1.150004200019814e-15,0.6974696430446685,0.30253035695533265,sample_0219,uniform,train,47.775334677569155
3.806076259267901e-17,1.3032191753190956,shallow,20.76109959199342,12.85889420390168,33.619993795895056,3.0942607289436217,1.0513621102341686,0.8452986541999561,15.120846537148637,41.21503115459959,2,2.1928072740085609e-16,1.373744388675219e-15,0.6175224099692819,0.38247759003071946,sample_0220,uniform,train,86.75936757181303
4.2358483909889627e-17,3.231652131261952,shallow,31.865319538771892,9.704147323383204,41.56946686215503,3.2061544795856958,0.8642496636825661,0.8642496636825661,nan,62.588930732520794,1,3.281528691731686e-17,1.5383609905429949e-15,0.766555886907036,0.23344411309296556,sample_0222,uniform,train,62.588930732520794
4.298109443242673e-17,3.095596588777492,shallow,21.82737265915166,12.888083811145703,34.71545647029727,3.550876109675167,0.9715540488121357,0.9715540488121357,nan,112.0009046377945,1,4.5594647014153763e-17,2.7119595148854192e-15,0.6287508469844628,0.37124915301553985,sample_0223,uniform,train,112.0009046377945
4.035168577168185e-17,1.837397115295666,shallow,12.221574175480544,7.54578037564626,19.76735455112678,2.04767473961798,1.154360362937673,0.8956226164914162,22.579636843846714,13.131634638202486,2,1.855305752708151e-16,1.2580841653485658e-15,0.6182706008469854,0.3817293991530159,sample_0224,uniform,train,37.907473155526596
4.2610436861872355e-17,4.912066362848357,medium,114.0587330524208,30.81837354318761,144.87710659560813,4.456422454385093,1.287673038731765,0.9421674546272616,8.590692637965814,25.639474203241843,3,-3.030017944818704e-17,2.0108250951946633e-15,0.7872792032683957,0.2127207967316063,sample_0225,uniform,train,274.1145026194681
4.5576881833669525e-17,7.379986002493695,deep,73.78288045359291,17.993473561655104,91.77635401524786,2.6667986301630187,1.3033579333765413,0.8576998998006002,6.112282715974452,19.08661431860274,3,4.173194911318744e-17,1.6645539020109761e-15,0.803942161848514,0.19605783815148772,sample_0226,uniform,train,116.5619008575159
4.451389386505291e-17,4.451782393735538,medium,55.94423780739474,14.083774265709263,70.0280120731038,3.1694064692828303,1.4016382738919724,1.2831184678653451,3.8418745424597076,3.565502770811529,3,2.443882563275867e-16,2.9932322915351777e-15,0.7988837059803056,0.2011162940196974,sample_0227,uniform,train,92.05746990134686
4.515742613695866e-17,4.747671399228309,medium,93.18462345343018,12.173682073823015,105.35830552725307,2.6272422170081002,0.9160435950428342,0.6876677262805684,4.4766058571198775,11.49184121925363,3,8.24281767015537e-17,1.1970706530088788e-15,0.8844544622001925,0.11554553779980872,sample_0228,uniform,train,68.66105622712354
4.068931590355061e-17,7.904516048789292,deep,20.594628602861075,8.865627555740248,29.460256158601283,2.868569658166564,1.255193879062849,0.8763115787688409,18.214280112043962,5.434809813169916,2,-8.505557200420111e-17,1.3868245777040636e-15,0.6990648177662984,0.300935182233703,sample_0230,uniform,train,50.434813753584976
4.468456924373979e-17,4.876901684512887,medium,52.60589557318005,6.425822285927396,59.03171785910747,2.628833477438408,1.1156313238089106,1.0319029198126912,10.334408546211051,6.342530406348782,2,6.763113688402259e-17,3.6109879308745733e-16,0.8911462766293861,0.10885372337061362,sample_0231,uniform,train,36.48054794556977
4.05593370059877e-17,2.7720870203678425,shallow,12.377718924641977,9.603228135893811,21.98094706053574,1.9687122331176725,1.097420447132971,0.9028772426638032,7.5815565684099475,6.671469640104842,3,8.137854143197418e-17,2.181963976880521e-15,0.5631112658864798,0.4368887341135224,sample_0233,uniform,train,51.27551905657686
4.131355679704637e-17,3.226069363921198,shallow,29.40857784148521,16.874483148262623,46.283060989747746,2.6447801573796985,1.5207603085869736,1.380511983082577,3.8781438859330652,20.852917463663584,3,-1.3396373356713295e-17,1.9190139993049884e-15,0.6354069331758235,0.36459306682417836,sample_0235,uniform,train,93.19441303524968
4.1736051540610395e-17,8.122964433463718,deep,47.111318915533566,21.827837934120634,68.93915684965397,3.0720743685004517,0.9689228811546188,0.8239002179490924,5.161395160225576,29.465129568327423,3,-1.136406586191337e-16,3.349712988594401e-15,0.6833753278746407,0.3166246721253626,sample_0236,uniform,train,158.21512444691717
4.006686841540766e-17,5.451100686224988,medium,73.32587014849491,27.075471654255423,100.40134180275012,3.7739929090411732,1.3168655317899134,1.2138493811901627,8.704022058795578,25.402717801636268,3,1.6010588241099342e-16,2.1231072902074625e-15,0.7303275915629887,0.26967240843701346,sample_0238,uniform,train,228.6206602413674
4.2817922481256236e-17,3.329735664892439,shallow,27.60778214070683,6.46329522357376,34.07107736428056,1.712455507117095,1.3827741696120588,1.1317939406560118,9.095053600721657,10.313180167023484,2,1.8904065118758211e-16,8.602571482178029e-16,0.8102996522690028,0.1897003477309981,sample_0242,uniform,train,31.348373058277232
4.124531254812646e-17,3.9264199867901803,medium,10.32316748206726,7.667986440888225,17.99115392295543,2.828269925687834,1.4941579644874854,1.4941579644874854,nan,45.338938512168426,1,-1.525514374834289e-16,3.060785442513841e-15,0.5737912935587547,0.42620870644124836,sample_0243,uniform,train,45.338938512168426
4.2515594056635827e-17,1.6602177683388117,shallow,57.6224314414196,14.061194325596782,71.68362576701617,3.420511916012921,1.499972534594057,1.3846095897571007,14.263239463740344,17.083911375019962,2,2.129121853660884e-16,2.998441767803693e-15,0.8038437066325606,0.19615629336744247,sample_0244,uniform,train,101.80302647544147
4.1159869336916216e-17,5.410457297678736,medium,19.498247434219927,7.196182777083248,26.694430211303136,2.318706074294875,0.9415077538461671,0.9415077538461671,nan,52.21865825106142,1,-1.9068391970895616e-16,1.4639702049252978e-15,0.7304238105057529,0.26957618949424855,sample_0245,uniform,train,52.21865825106142
4.599812471434198e-17,8.354876773810952,deep,162.3232021101953,16.77153902311612,179.09474113331115,3.220066331990804,1.2080791647213578,0.8811500906930878,6.135144660071187,15.018114181214955,3,2.1436793996513878e-16,1.507616794777106e-15,0.9063538163265678,0.09364618367343372,sample_0246,uniform,train,120.29214796083309
4.215864101415631e-17,4.637518641435635,medium,27.092991961232098,15.458383601803206,42.55137556303525,3.170192167871863,1.2857607521502463,0.8577947899627236,9.312357381458254,41.86465199007255,2,1.8813834041248525e-16,1.2523850163918464e-15,0.6367124823284918,0.3632875176715095,sample_0247,uniform,train,108.03334005834037
4.4539068107062394e-17,4.42821423269084,medium,56.19222432078723,15.584856198365967,71.77708051915306,2.588082869411727,1.1764171005581725,0.9172337447002772,5.692099788303082,24.83880627446165,3,-2.9079578133978453e-16,1.9551114269014246e-15,0.7828714112409859,0.21712858875901606,sample_0250,uniform,train,98.07545744661131
4.336826244696249e-17,3.3313328854749793,shallow,103.53159648687938,19.79186485632672,123.32346134320588,3.7442778305671274,1.2044271921494678,0.6711774697339683,8.101851640211637,4.002673395381584,3,-2.6233539187028554e-17,1.7861017334944113e-15,0.839512574162622,0.1604874258373797,sample_0251,uniform,train,150.0708850709125
4.06097697143852e-17,3.090228156253467,shallow,19.883398755925615,15.91047785463277,35.793876610558264,3.434979300765785,1.5385595001799723,1.4736573870199532,12.323960402403117,35.77387972251193,2,-2.2371304440558852e-17,3.374662833910157e-15,0.5554972145727443,0.44450278542725913,sample_0252,uniform,train,127.19827480212962
4.0805118951021266e-17,5.514070576179165,medium,34.25100295857742,12.5124070382542,46.7634099968315,4.125507004141843,1.1137073758672917,1.1137073758672917,nan,110.42372159697273,1,-6.848394216982042e-17,2.6590229148482254e-15,0.7324316802580936,0.2675683197419091,sample_0253,uniform,train,110.42372159697273
4.044496472907665e-17,6.540307258742249,deep,19.138971028959233,15.792684381899587,34.9316554108588,3.730567409417971,1.135313577114034,1.0242499646010264,17.648795992928243,38.84662359983336,2,5.948491940649418e-16,5.085235207169869e-16,0.5478976247718773,0.45210237522812324,sample_0254,uniform,train,118.34640258132373
4.090061167055958e-17,4.9235938957349505,medium,21.758720837813414,8.022571943202507,29.781292781015832,2.863653043600599,1.4568023599630777,1.4568023599630777,nan,59.14308094528976,1,-4.3695480381209573e-16,2.9823366844111517e-15,0.7306170688360302,0.26938293116397277,sample_0255,uniform,train,59.14308094528976
4.3267610142477645e-17,6.1509371756917135,deep,23.86332861755021,13.010477054363562,36.873805671913686,4.111424548770454,1.099374626387071,1.099374626387071,nan,112.5479776218171,1,-5.185286536756852e-16,2.312349559192839e-15,0.6471620756988099,0.3528379243011925,sample_0256,uniform,train,112.5479776218171
3.916368315269146e-17,1.8291382889475267,shallow,13.084121513222298,6.918759017400314,20.002880530622573,1.7271699643178877,1.284094645729204,1.2673782603362604,19.38246630333715,14.311531779092553,2,-7.220528000805928e-17,1.9537111371023712e-15,0.6541118661980563,0.3458881338019456,sample_0257,uniform,train,35.893638720918055
3.813237856373221e-17,7.187821025754467,deep,14.195336329976247,9.886809076422649,24.08214540639886,2.916816283376795,1.0814496898988533,1.0566282017047026,17.16041957529011,7.062283328558728,2,1.3990991390358708e-16,1.5490103974496127e-15,0.5894548052269633,0.4105451947730383,sample_0258,uniform,train,62.479627662239565
4.096373159547169e-17,5.513289882674666,medium,53.13349693294286,22.80193669263239,75.9354336255751,2.9823186792301395,1.1324197373791807,0.9362223463770941,7.464583042608608,17.930137440460925,3,-1.6999526106479554e-16,1.9650111599463584e-15,0.6997194115587096,0.30028058844129235,sample_0259,uniform,train,137.3316072995072
4.116009579553461e-17,8.034765924466258,deep,73.53781815303785,22.108272573455185,95.64609072649287,3.449740189418714,1.3135910221115725,1.0309586602048308,7.853661566428745,19.326835721703493,3,4.129007481993382e-17,1.6714966009764976e-15,0.7688533592379089,0.23114664076209282,sample_0261,uniform,train,164.79285000977586
4.240850841783769e-17,4.00135478010919,medium,19.080551001602114,4.908011449191078,23.988562450793175,2.018359097627611,0.8754652130431426,0.8754652130431426,nan,34.441647611412044,1,-1.468372327271208e-17,7.034765008915488e-16,0.7954020188054753,0.20459798119452532,sample_0263,uniform,train,34.441647611412044
4.244202944686492e-17,6.044103850728656,deep,49.80127670096181,23.442281462065495,73.24355816302715,4.31189402551503,1.0887567044578543,0.9493867270717884,18.111874557869488,47.25361911320419,2,4.0572082222850377e-16,2.1342409597207554e-15,0.6799407067323656,0.3200592932676365,sample_0264,uniform,train,195.39933944020365
4.3423857462638506e-17,5.936139084791671,medium,11.21177583066029,9.006027108795367,20.217802939455623,3.2224233791586383,1.738829209852887,1.738829209852887,nan,76.49799860031594,1,4.810940879459935e-17,1.6693594279099013e-15,0.554549664186319,0.4454503358136826,sample_0265,uniform,train,76.49799860031594
4.013981293641325e-17,6.667111452742908,deep,10.05333348882953,11.425362936075416,21.478696424904882,2.3666354721561147,1.4746617024964834,1.3635394365625015,20.14547095503106,21.971576582531195,2,-4.993065015482606e-17,2.9773150545700406e-15,0.46806069092594155,0.5319393090740614,sample_0266,uniform,train,77.49582878021221
4.240028470456977e-17,5.972985695867769,medium,68.00784283603721,17.359558127590958,85.36740096362799,3.9003314862494096,1.4382336241333806,1.380699420361167,6.755738301621815,2.4900299083559285,3,2.974082110178241e-16,2.1640709358873146e-15,0.7966488620757347,0.20335113792426746,sample_0267,uniform,train,119.60854303318037
4.2773424827143796e-17,5.423692948842568,medium,20.7625319174245,12.543520404415506,33.30605232183996,3.7111355813234765,1.0744606945820974,0.9519654480714187,11.400000000000002,7.017853999616659,2,3.939376256765624e-16,1.493361957838277e-15,0.6233861556690636,0.3766138443309379,sample_0268,uniform,train,124.78556184664025
4.4153002298314356e-17,5.551170854551129,medium,34.16008626886101,9.78642928126726,43.94651555012823,2.423705567776764,1.0686374780660828,0.6621297004443288,7.469939758793241,3.224854308353009,3,8.525349965835392e-17,8.084176036091067e-16,0.7773104611649087,0.2226895388350921,sample_0269,uniform,train,52.31244730374
4.513720411852817e-17,4.780810274363886,medium,29.28170179627707,17.731014549373636,47.01271634565058,3.237788885999885,1.3634360717643197,1.267509896017291,9.423375191511797,20.15438112684332,3,-1.514350098412304e-16,2.6449222343120663e-15,0.6228464141699417,0.377153585830061,sample_0270,uniform,train,117.7724550395486
4.259585936110874e-17,5.362826070695045,medium,28.557888006646017,12.385242125043204,40.94313013168913,4.023306709056292,0.642039717161208,0.642039717161208,nan,104.213160782814,1,-3.7540094881039965e-16,2.2126837522687293e-15,0.6975013369713716,0.30249866302863065,sample_0272,uniform,train,104.213160782814
3.702898623242707e-17,2.125187091055671,shallow,10.989695478757502,9.987809584869641,20.977505063627106,3.6112229067773174,1.2745704536005644,1.0491668855167946,9.370165420097983,4.458674410625009,2,4.744883146198158e-16,1.778261690999936e-15,0.5238800060076035,0.47611999399239824,sample_0273,uniform,train,85.5704159590097
4.343485429877435e-17,5.742312380861734,medium,28.767253653481998,5.853097685453037,34.620351338934995,2.1397013608740756,1.3804924712609874,1.3804924712609874,nan,31.926566474360783,1,-7.002745559210178e-18,1.1544662991780934e-15,0.8309347693167272,0.16906523068327395,sample_0274,uniform,train,31.926566474360783
4.354609146399445e-17,2.040103795271059,shallow,28.962933715838126,8.998311875478775,37.96124559131679,1.9778086417448728,1.0036168246481922,0.669193864767886,8.829496021857649,4.681814180624047,3,1.5488973118033482e-16,2.9480192006084767e-15,0.7629605737295162,0.2370394262704867,sample_0275,uniform,train,46.88228576447223
3.881752045642275e-17,7.151059930135523,deep,15.719767324188973,14.197477722330168,29.91724504651908,4.186544838556377,1.0117008093556172,1.0117008093556172,nan,142.73363605202886,1,-1.0996818967167647e-16,2.018773200730784e-15,0.5254416741830977,0.47455832581690427,sample_0277,uniform,train,142.73363605202886
3.958028240747716e-17,5.168036330763957,medium,13.92786010325923,8.26115590219821,22.189016005457376,3.132547914058921,0.9943662456382112,0.9943662456382112,nan,57.46712231802812,1,1.545686779588842e-16,2.8820046009557538e-15,0.627691651573629,0.37230834842637384,sample_0279,uniform,train,57.46712231802812
4.337949478659023e-17,3.012742374826013,shallow,26.279838749286423,6.667515284385794,32.947354033672205,2.120095850418733,1.092732648129413,0.6616507845227416,32.840219244091536,14.871141035742324,2,5.184937683133337e-16,3.504475486651003e-16,0.7976312368643752,0.20236876313562513,sample_0282,uniform,train,35.57013898083745
3.895295673430439e-17,8.278168290508106,deep,21.061428936573847,14.31905514042274,35.380484076996524,3.7097354113341448,1.4269499779826411,1.3927534996993187,14.386104406683552,8.626430001863646,2,5.585824802835701e-16,1.8074610307547176e-15,0.5952837980039805,0.4047162019960213,sample_0285,uniform,train,121.4323680357553
3.975738657332809e-17,6.756374180449239,deep,4.980294438517,3.6568654585860156,8.637159897103002,1.9514944013274875,0.7667791403667116,0.7667791403667116,nan,22.745360059434066,1,6.788379478134476e-16,1.593899576870108e-15,0.5766125089553391,0.4233874910446625,sample_0287,uniform,train,22.745360059434066
4.188660111099739e-17,5.296837627108297,medium,15.034054131272752,6.810735099357747,21.844789230630433,2.6105013108260757,1.6082190106705738,1.6082190106705738,nan,44.98433344077563,1,-2.736933766075758e-16,3.0493945615234005e-15,0.6882215237944356,0.3117784762055675,sample_0288,uniform,train,44.98433344077563
4.1130177664306736e-17,6.889381559363965,deep,3.3675875124496284,3.193772570774623,6.56136008322424,1.7056591863831743,1.7423466523608169,1.7423466523608169,nan,20.785734812362126,1,1.149923785820774e-16,1.8274273190109127e-15,0.5132453439127216,0.48675465608728025,sample_0289,uniform,train,20.785734812362126
4.340433604782397e-17,3.7628887492878773,medium,25.069210699200298,8.112396546731857,33.1816072459321,2.1537665520744502,1.1634157058828736,0.8518787522596416,7.751128950030441,10.548048570148469,2,-6.473369143908342e-17,1.6595658436093e-15,0.7555152622172532,0.24448473778274848,sample_0291,uniform,train,37.0432102515745
4.1734363418309214e-17,7.86123640887046,deep,39.617585218134586,13.711220395850033,53.32880561398459,3.2909482061997517,1.250514154667102,0.6450969699484668,5.813776741499454,14.989056488680909,3,1.7810397458480323e-16,4.996427781239574e-16,0.7428927905286807,0.2571072094713198,sample_0293,uniform,train,103.4199057812228
4.00815481388894e-17,3.879097658545687,medium,23.934041690177846,13.154425569615645,37.08846725979341,2.297217285816626,1.2929909208144597,0.9519481862656518,11.670475568716128,11.68478667458182,3,9.243309118471814e-17,2.155280702572138e-15,0.6453230197550947,0.35467698024490746,sample_0294,uniform,train,79.44019720416705
4.0630283205935753e-17,8.315999861397142,deep,8.916176941048091,10.487653778613659,19.40383071966169,3.3582905857540313,1.5174259538771562,1.4016870830158863,6.7201190465645775,3.7105963873820165,2,-6.624107823834565e-17,3.0210413885341454e-15,0.4595060155834809,0.5404939844165221,sample_0295,uniform,train,103.40480480621136
4.681875075530651e-17,1.8040554248756746,shallow,50.46479634459721,14.641923859601281,65.10672020419844,2.3904391045452984,1.2330554388223534,1.2037830052261582,10.455620498086184,46.726443257684416,2,9.999094889779292e-17,8.185131275983249e-16,0.7751088702720885,0.2248911297279123,sample_0296,uniform,train,103.94299271743593
4.1885558546988753e-17,3.850835707644221,medium,46.34988958377545,17.795409652296886,64.14529923607225,3.784360955238342,1.5467013200710429,1.5150147563453993,8.506468127254696,16.257782875965265,3,-1.8923537409481038e-16,1.3846352426097284e-15,0.7225765587778331,0.2774234412221683,sample_0299,uniform,train,148.9671078203775
3.9598343605238306e-17,8.26042123980712,deep,88.76530715173767,25.953592800242674,114.7188999519801,3.6789915911556066,1.1921275666847826,0.8530647671531393,5.0199601592044525,43.6330743938506,3,6.6511505148394466e-18,2.105882555181041e-15,0.7737635837590294,0.2262364162409727,sample_0301,uniform,train,209.7455886934618
4.9381168836198276e-17,4.165856111344509,medium,131.1713440184402,25.28683360581863,156.45817762425858,3.8679706584381437,1.434904520290293,1.2463974123971608,5.153639490690052,24.220190024288417,3,9.99329051660207e-18,1.6349122094975457e-15,0.8383795977315686,0.16162040226843308,sample_0302,uniform,train,197.0074260834304
4.210626132160034e-17,5.140258956761956,medium,35.538745715777985,13.778386248067102,49.317131963845014,2.3970891770077634,0.9604156281076373,0.8107657267185459,10.287856919689348,11.928300144832852,3,-1.380728959330652e-17,1.4767815465993295e-15,0.7206166356517217,0.2793833643482797,sample_0303,uniform,train,83.8294364681776
4.3141191131966057e-17,5.066242299763098,medium,64.10845255415462,10.46947848460412,74.5779310387586,2.8629508115807667,1.0146792299231064,0.9475200667750181,17.834797447686363,13.526659126947974,2,-1.414991968082193e-16,1.8340476160800728e-15,0.859616935750565,0.14038306424943683,sample_0304,uniform,train,51.0757719754212
4.4504362461860824e-17,4.509348507761845,medium,25.44532114315194,18.90400671076971,44.34932785392156,4.132657187967873,0.8417136565157952,0.7430299480244897,11.034491379306978,48.07161093861621,2,-5.06933979382004e-17,2.0827949400510527e-15,0.5737476163554067,0.42625238364459533,sample_0305,uniform,train,197.4589519912921
4.005732494849278e-17,6.8621845513545265,deep,9.75204641350713,10.967375803189046,20.719422216696145,3.84877763906443,1.3918826992901114,1.3918826992901114,nan,107.5981348725664,1,-3.300265236795004e-16,1.5432101713453595e-15,0.47067173551049735,0.5293282644895042,sample_0306,uniform,train,107.5981348725664
4.4456866513895614e-17,2.1985116764149693,shallow,55.763937001817325,8.919563096465177,64.68350009828241,1.8682593759052988,1.1065155817671313,1.0024806272776114,4.47213595499958,19.54112706969949,2,4.6341553317468794e-17,1.4555012073428789e-15,0.8621045075960271,0.13789549240397436,sample_0307,uniform,train,46.856058879234354
4.125391146883174e-17,5.275988435093532,medium,35.629410664632054,9.353383766607266,44.9827944312393,3.221057548643784,1.1328292914629026,0.6445283250021482,16.15301829380503,15.5226915725112,2,5.19470348837486e-16,4.738763418841636e-16,0.7920675252644691,0.20793247473553134,sample_0309,uniform,train,68.58835866536359
4.392125888329172e-17,1.477524439647495,shallow,48.957915571186454,13.180325604742201,62.13824117592853,2.8650276003447526,1.5056942323785467,1.4918664125591135,6.3686733312362644,44.37030792233557,2,3.0978786765521843e-16,2.058276674981972e-15,0.7878870506259527,0.21211294937404943,sample_0310,uniform,train,92.1314162012396
4.245796493604339e-17,5.575900668368215,medium,39.51342580463623,17.0101636343455,56.52358943898165,3.276301289558881,1.4030865982988898,1.1085189571926084,10.547037498748166,6.946558263115228,3,1.8266854500726384e-16,1.3199265650910272e-15,0.699060802698876,0.3009391973011252,sample_0311,uniform,train,116.23935937882551
4.36003055040897e-17,7.536520840440243,deep,29.03092059403462,10.656746693206218,39.687667287240814,2.7319369994366176,0.7878922458296997,0.7309097789515528,16.28004913997498,23.998528912399113,2,1.7714017774184422e-16,5.818593152646013e-16,0.7314846797097537,0.26851532029024683,sample_0312,uniform,train,58.43990481025057
4.2749044733511604e-17,6.740968934950173,deep,14.308110831648893,10.355142433896276,24.66325326554513,2.7810016546630485,1.244987103907679,1.2101170785100666,11.160645142642966,13.77478879663258,2,3.6296616444666773e-16,1.5845375322565634e-15,0.5801388274935124,0.4198611725064892,sample_0313,uniform,train,60.12052843187795
4.182454059135847e-17,4.060784212469815,medium,38.19518498853704,21.267881981645925,59.46306697018269,3.1944112146360335,1.2642034628631846,1.0238601172033575,4.223742416388576,9.571758397537831,3,4.591634381187173e-16,4.600485094467338e-15,0.6423345941387404,0.3576654058612642,sample_0314,uniform,train,150.3385071379833
4.1216970281982174e-17,3.8062406499473296,medium,45.504154590943585,20.121715627566093,65.62587021850953,3.9646840942059702,1.148896102404945,0.6576277875378322,8.392854103342914,32.85406565602042,2,2.7878336232465205e-16,2.2195707324843567e-15,0.6933874467406195,0.30661255325938275,sample_0315,uniform,train,161.2752011057794
4.020370866739877e-17,7.70460343695584,deep,31.783291124963444,15.068276505411438,46.85156763037479,2.344841469618919,1.2862803972077987,1.1295666778572426,10.647065323364933,26.517700398201466,3,1.2411176705330582e-16,2.009471982473773e-15,0.6783826610821387,0.3216173389178632,sample_0316,uniform,train,94.1573511603678
3.995979244179855e-17,5.8801690632037555,medium,32.7031694655036,11.959745561684242,44.66291502718778,2.281190664285087,1.0671206743801722,0.9922167458854172,15.499677415998052,26.00197021380696,2,9.19005137969449e-17,1.3920383239912204e-15,0.7322220111606265,0.267777988839375,sample_0318,uniform,train,75.72680697003891
4.3866452601052117e-17,6.656986088858064,deep,131.87166093365343,26.30356699221154,158.17522792586485,4.364717233682333,1.2404389104204163,1.159548244206593,8.24378553820998,7.747638047959619,3,1.0442128013887022e-15,7.861216979962045e-16,0.833706154009529,0.16629384599047178,sample_0319,uniform,train,235.53466310900333
4.4277690309348e-17,6.299332744611733,deep,80.60050562288163,12.262288609364106,92.8627942322456,2.730134099646048,1.036568043650061,0.725944943180654,5.455272678794343,7.110600341131473,3,-5.563790351788941e-20,1.377275942364514e-15,0.8679526207374662,0.13204737926253524,sample_0320,uniform,train,63.64912093914285
3.971151077889518e-17,5.44029925894921,medium,7.894809247019025,5.754758459262714,13.649567706281703,2.1256032711653194,1.6329556759033919,1.6329556759033919,nan,40.228629610055044,1,3.277115049645877e-18,2.6678731510996022e-15,0.578392621429742,0.42160737857026065,sample_0321,uniform,train,40.228629610055044
4.68398013628439e-17,6.659800118841359,deep,10.816168146996676,7.846418296657297,18.66258644365395,2.146822199017461,1.2070679295513989,1.1052873780941987,31.936812614911965,24.12909947809928,2,-6.606255670668441e-17,1.1897847364052566e-15,0.5795642624162965,0.42043573758370467,sample_0323,uniform,train,49.888240321086705
4.329525637538723e-17,6.726877170169942,deep,20.785359084613024,4.098089759604671,24.88344884421762,1.8058350974035433,1.667904870830026,1.667904870830026,nan,24.667371691123876,1,-3.4631613196455385e-17,2.9268704218360206e-15,0.835308610745214,0.16469138925478888,sample_0324,uniform,train,24.667371691123876
4.236716864787849e-17,7.430205244334708,deep,15.15915352110627,5.532644511437193,20.69179803254345,2.6712425614243682,1.0785529623127554,1.0785529623127554,nan,37.291814473850586,1,1.195802438162631e-16,6.438626684132702e-16,0.7326165419391973,0.26738345806080327,sample_0325,uniform,train,37.291814473850586
4.5272483811980576e-17,7.895424486110344,deep,177.47011279026697,3.596712269240941,181.06682505950795,2.0042978259324276,1.7014726284747579,1.7014726284747579,nan,20.24496359697198,1,-2.948341194312565e-17,2.2564159554229934e-16,0.9801359952710337,0.019864004728966086,sample_0327,uniform,train,20.24496359697198
4.184432917405436e-17,1.511227249555774,shallow,33.965683447143576,17.70264490541843,51.66832835256188,3.1314636773497226,1.4396780157102045,1.1009298534390013,5.8034472514187625,5.334175968257156,3,-2.894785803711996e-16,2.4753595967746548e-15,0.6573791823760339,0.3426208176239686,sample_0329,uniform,train,126.78412110486407
4.290767491607362e-17,8.024975844084686,deep,57.96622595940403,14.887098606503114,72.85332456590702,3.7223772106985726,1.4202064418354432,1.4202064418354432,nan,136.1982323799364,1,3.0378532779073424e-17,1.7311678821646867e-15,0.7956565648142067,0.2043434351857951,sample_0330,uniform,train,136.1982323799364
3.7188200342953886e-17,7.688659627554214,deep,8.39018079519481,10.466323688497331,18.85650448369211,3.3404717731089906,1.029726396816194,0.7868522759392504,11.568923891183655,5.9448913645560095,2,4.0407797067575213e-16,1.695670750475377e-15,0.44494889296428125,0.5550511070357205,sample_0331,uniform,train,103.36869948980755
4.4399390105981376e-17,3.20777146324464,shallow,52.18431380075319,20.213599939594303,72.3979137403473,3.494192147256815,0.9680187338476866,0.6641868732445394,6.788225099390854,27.7100710643102,3,-4.2983017978581706e-17,2.551746338439998e-15,0.7207985852729194,0.2792014147270832,sample_0332,uniform,train,149.430885857926
4.3352060614160395e-17,1.3972207688719698,shallow,19.20758144783165,13.229996069772081,32.43757751760371,3.3500406813493426,1.1148415018026676,0.8325939934764548,12.782800945019838,10.02798753054279,2,6.198589015063415e-17,7.66672410666525e-16,0.5921398241717587,0.40786017582824213,sample_0333,uniform,train,90.43997191550027
3.587511386856013e-17,3.3248959022804545,shallow,12.604917119155457,7.28323445989834,19.888151579053744,2.550222326981662,0.8765452398927842,0.8765452398927842,nan,48.93714146681143,1,1.6444538489323422e-16,2.6795202646249654e-15,0.6337902780483124,0.3662097219516902,sample_0334,uniform,train,48.93714146681143
3.8624778815855885e-17,4.428614902259055,medium,5.063582967446809,7.095005971842504,12.158588939289285,3.0924202457426837,1.7891072888013757,1.7891072888013757,nan,68.91505436607018,1,5.943686175565037e-17,2.3375828866589976e-15,0.4164613996517588,0.5835386003482436,sample_0336,uniform,train,68.91505436607018
4.398963479626617e-17,7.512929167447691,deep,28.03615501658121,9.924913657946805,37.96106867452797,2.8165645200044813,0.745844272056944,0.6199592678069322,15.56663097783204,25.760938127423767,2,5.738828684281188e-16,1.0762659938923278e-15,0.7385502040777261,0.261449795922275,sample_0337,uniform,train,65.74107435750183
4.131828356755489e-17,5.917776875131764,medium,23.636161744015237,6.308147357458733,29.944309101473916,2.672813102858872,0.8213436177679448,0.8213436177679448,nan,42.19887003769016,1,3.8101848690389743e-17,1.779660535877398e-15,0.7893373550185474,0.21066264498145437,sample_0338,uniform,train,42.19887003769016
4.176196987510236e-17,6.108849366076332,deep,58.87135345462488,30.089587832802756,88.96094128742736,3.9845867467536293,1.3061820964561928,0.8787456702469951,9.985990186255941,40.33833562915351,3,1.9946366754622794e-16,3.114981282078707e-15,0.6617663055566728,0.33823369444333035,sample_0339,uniform,train,249.3311715387576
4.4749476790658316e-17,3.994773502977048,medium,24.645130018370917,10.160748275977918,34.8058782943488,2.0111466271446337,1.490064535161159,0.9212303254528549,11.899579824514813,12.451385635192088,3,1.594006741824382e-16,9.69686202519551e-16,0.7080737859837999,0.2919262140162011,sample_0340,uniform,train,43.86033071333365
3.991957373701424e-17,4.365954133390714,medium,25.865287042803512,13.247601200982826,39.11288824378622,4.15022744309918,0.9461920180464508,0.9461920180464508,nan,133.29939129558738,1,-1.528081479843526e-17,2.952049816453012e-15,0.6612983137831216,0.3387016862168813,sample_0341,uniform,train,133.29939129558738
4.052434933039942e-17,6.097651714072813,deep,45.440190911495804,18.283738056289394,63.7239289677851,3.6660407640660235,0.7156436480914188,0.647016592543592,4.837354648979131,6.563744897455131,3,2.7882137340411384e-16,1.561045977825739e-15,0.7130789272969589,0.2869210727030427,sample_0342,uniform,train,142.23831146129265
4.071291999653649e-17,6.1121302673074736,deep,21.104835697034545,6.8744573549624555,27.979293051996958,3.0549251381706264,1.7943914977547983,1.7943914977547983,nan,46.9242485577876,1,-1.7909165241515176e-16,1.5237184179878059e-15,0.754301963877827,0.24569803612217453,sample_0343,uniform,train,46.9242485577876
4.063330087371906e-17,2.6782167963655548,shallow,27.767404670533775,14.938926920382741,42.706331590916434,3.2187825619636157,1.2392469891687232,0.6797380608030003,14.950585272824606,33.32954996580647,2,2.0373971990015083e-16,1.9133559724851575e-15,0.6501940961943885,0.3498059038056134,sample_0344,uniform,train,101.4058075297041
4.4585306773065836e-17,1.4028635024769542,shallow,66.50617849567004,9.069637124166013,75.575815619836,1.7239089901937192,0.9700558596387996,0.7140070419019483,4.498888751680798,6.201633780817243,3,1.7196127531431175e-16,6.346161701392015e-16,0.8799928647837775,0.12000713521622319,sample_0345,uniform,train,40.67142014828572
4.7253263197408336e-17,4.828682783426087,medium,67.6311199852084,7.138559088613666,74.76967907382193,2.1259310472072386,1.0313482053451581,0.9459550420318372,6.3843558798049465,5.641447357168797,2,3.4313683358725416e-17,1.7699498804141921e-15,0.9045260167351332,0.09547398326486853,sample_0346,uniform,train,45.8886900564068
4.3879859055505236e-17,2.5676591264384765,shallow,63.50267166972802,13.682970477031173,77.18564214675894,2.724657613009972,1.0858629002101088,0.6382712138492559,14.452681412111733,42.52613971432415,2,5.140301867178659e-18,3.2679999048945836e-15,0.8227264799972196,0.17727352000278368,sample_0348,uniform,train,88.60143820115373
4.192013186175238e-17,5.744462584716339,medium,12.21191398903064,16.81806562292017,29.029979611950772,3.769962953814583,1.0000214446866935,0.8334250913322843,19.81716427746412,17.457759230651007,2,2.984742058033378e-16,1.3461893872883571e-15,0.42066560680612264,0.5793343931938787,sample_0349,uniform,train,147.08785768631998
4.109892161946178e-17,6.999924262813361,deep,50.885550487724615,27.30042460412489,78.18597509184933,3.8726200594098406,1.4316838181051816,1.1943470537487575,5.18844870842914,43.9809671681752,3,-5.017578194666339e-16,2.2265242590722926e-15,0.6508270879521114,0.3491729120478908,sample_0351,uniform,train,217.12494029202367
4.1666647791997586e-17,6.353390787585608,deep,19.404108901688442,4.645289311537557,24.04939821322599,2.1379834374615885,0.780184977332173,0.780184977332173,nan,29.527650618131275,1,-2.243817729539502e-18,2.9545135785116503e-16,0.8068438440599787,0.1931561559400216,sample_0352,uniform,train,29.527650618131275
4.255629619412641e-17,5.487194810104462,medium,36.42832656550679,13.974964409321736,50.40329097482847,2.5525215894941673,1.5616136319773453,1.4254684136304467,3.376388603226828,7.351908813404573,3,1.4171236688806623e-16,9.868004755492313e-16,0.7227370646035629,0.27726293539643804,sample_0353,uniform,train,82.92834216455311
4.3960853437230226e-17,3.0655806096216365,shallow,108.1864621822112,12.774194506168865,120.96065668837987,3.4865714852650442,1.1265310597481673,0.7196489533922419,8.34026378479722,2.283366593949126,3,3.148573529172471e-16,1.6153951018752915e-15,0.8943938065822701,0.10560619341773152,sample_0354,uniform,train,86.72389839484761
4.4346515129889265e-17,6.305936505866825,deep,109.96956112303624,12.329578988500964,122.29914011153691,3.043276581640364,1.3064163591952747,1.285839092306118,3.521363372331801,4.937818492449666,3,2.8881222509691087e-16,2.396573501937421e-15,0.8991850721333274,0.10081492786667492,sample_0355,uniform,train,85.4080609235488
4.421325501820088e-17,5.751801695369222,medium,63.07336449138929,16.172653703605597,79.24601819499482,2.3118957135447338,1.301180179548049,0.6068727069720181,7.12460525222275,21.243296726577448,3,2.1440798344431993e-16,8.966289435662498e-16,0.7959184060982007,0.20408159390180014,sample_0357,uniform,train,100.11518590443754
4.110497001854636e-17,6.582743003850068,deep,47.22969467233836,17.32106212274678,64.55075679508512,3.7059599466484308,1.1235630953498177,0.7005701066701662,4.223742416388575,16.681636437619662,3,4.863111992374492e-16,3.302251302873342e-16,0.7316675592552374,0.2683324407447629,sample_0358,uniform,train,164.87875813959207
4.0420908012072184e-17,6.034034914300803,deep,14.203545701240623,8.98298622563527,23.18653192687583,3.4647801543554575,1.067727663492501,1.067727663492501,nan,73.5766909755191,1,2.1908508333851075e-16,2.7580168703144873e-15,0.6125774111469037,0.3874225888530991,sample_0359,uniform,train,73.5766909755191
4.5585464827508884e-17,7.741052524620206,deep,84.48034612522814,6.2812138167722535,90.7615599420002,2.6856956672507817,0.933697763650194,0.933697763650194,nan,45.3000369948739,1,-5.200613007490285e-18,2.064812974528921e-15,0.9307943382552484,0.0692056617447537,sample_0360,uniform,train,45.3000369948739
4.269373774312954e-17,2.936095128719579,shallow,53.65911346527947,10.690758109469419,64.34987157474885,2.077103320485053,0.6413446695478567,0.6283984561614051,8.32586331859946,28.83800333117192,2,2.0850000300032695e-16,6.349073635484597e-16,0.833865121283871,0.16613487871612967,sample_0361,uniform,train,66.37529278900476
4.673968659938653e-17,3.0275279975189155,shallow,51.92499378710105,11.343476875386573,63.26847066248759,2.703313417804178,1.2777681320765648,0.7369096486933755,10.6,9.468167493363696,3,4.698383549022357e-16,5.896063748151071e-16,0.8207088498171621,0.17929115018283848,sample_0362,uniform,train,58.206835757313826
4.251581845601793e-17,7.128918574017492,deep,31.138073696873427,9.766209086699698,40.90428278357309,2.173782979048808,1.1101292353239158,0.9383591205990595,6.979971346646059,14.668704672704989,2,1.0743050642240259e-16,9.119703632204038e-16,0.7612423828973305,0.23875761710267043,sample_0363,uniform,train,57.695317728190496
4.101399216690272e-17,2.2068944726972957,shallow,21.82634482029455,7.288475850282706,29.114820670577163,2.339110180583047,1.0647324791844994,1.0647324791844994,nan,53.60936298239096,1,4.6129984220388963e-17,3.2031361320648112e-15,0.7496644086271774,0.25033559137282574,sample_0364,uniform,train,53.60936298239096
4.5845124102739466e-17,3.5038856720848917,medium,152.1856530118936,8.860146625594494,161.04579963748793,2.2168677472035387,1.5849855220388833,1.5771643488154172,6.499230723708769,8.404247245925363,2,1.0562415720709742e-16,1.0478627826549137e-15,0.9449836838617437,0.055016316138257394,sample_0365,uniform,train,54.04028851439368
4.3655154440274376e-17,6.372834802697057,deep,58.823196906461035,13.597606383806587,72.42080329026756,3.6243498421823603,1.416010016504288,1.3131612513115614,5.6780278266313555,3.8625990914156993,3,2.998666660103961e-16,9.075458994065302e-16,0.812241707271509,0.18775829272849193,sample_0366,uniform,train,91.18292748090074
4.050200955519139e-17,1.654799205686665,shallow,11.091935586645135,13.337460249453146,24.429395836098248,2.988253149008424,1.2822328540403227,1.2384000923476934,17.85945127936466,35.21768900822321,2,-9.527745063199178e-17,1.3815642505056432e-15,0.4540405199155629,0.5459594800844385,sample_0367,uniform,train,88.2432579261301
4.131702215983598e-17,5.800917152192529,medium,23.92559679116092,11.231181825453454,35.15677861661431,2.778891646874512,1.187015586289113,0.6366386337543084,16.9008875506584,19.732619070075888,2,8.409067040564254e-17,1.8189620532578665e-15,0.6805400759856369,0.31945992401436485,sample_0368,uniform,train,84.30648614260201
4.2921463068570405e-17,6.993449456140952,deep,21.898945776417925,16.526351307679278,38.42529708409712,3.0883972162262308,1.5618826356555762,1.2297384282113448,8.901685233707154,5.056078268108864,3,1.9739452422732567e-16,2.218984230742624e-15,0.5699096022209059,0.4300903977790963,sample_0369,uniform,train,118.33640391951607
4.491851512895219e-17,8.297417328559643,deep,45.53884816705144,6.752876228226424,52.291724395277726,2.402646546712942,1.0583689155271376,0.8062376444525536,5.102940328869229,3.248539221509018,2,1.7200159836124234e-16,2.66665545084821e-15,0.8708614736591835,0.12913852634081907,sample_0370,uniform,train,30.178430100073683
4.038745786475447e-17,3.9732806979055546,medium,29.86333693743444,15.293316502183007,45.15665343961732,4.148457316966737,0.9062591313896022,0.9062591313896022,nan,159.7327801602447,1,-1.2821397942521006e-17,2.7536358274266145e-15,0.6613275046470652,0.33867249535293753,sample_0371,uniform,train,159.7327801602447
4.212020158696037e-17,4.01177273986082,medium,66.74046060197676,7.709839152971891,74.45029975494862,1.7261222727468626,0.9860369736182708,0.628760578054464,6.587867636800244,3.815302686507446,3,4.155404574201617e-17,5.129821125342995e-16,0.896443141554183,0.10355685844581744,sample_0373,uniform,train,37.47028498069047
4.422932889043147e-17,3.9649159525679982,medium,61.20826409255661,10.346655525827272,71.55491961838383,2.4048913763812094,1.26281167060809,1.1480307022347425,13.004614565607088,27.69916979138033,2,2.3560917861137973e-16,6.70277248854382e-16,0.8554025973195424,0.1445974026804583,sample_0374,uniform,train,65.54948927801578
4.06266818539393e-17,5.48553690756996,medium,18.908215167580355,14.567023599942543,33.475238767522825,4.226045911132777,0.8676597613916539,0.8676597613916539,nan,121.06473891567124,1,6.360777629164205e-16,2.1756567868328234e-15,0.5648418312679766,0.4351581687320256,sample_0375,uniform,train,121.06473891567124
4.384333400232554e-17,6.78025293461559,deep,65.29662052243523,13.811174148397175,79.10779467083223,2.1674440449097645,1.2261381162373048,0.7938458037670799,6.066300355241242,14.955654352828795,3,2.781148718532493e-16,2.2005792347717984e-15,0.8254132325914869,0.1745867674085153,sample_0376,uniform,train,79.15188816725839
4.275740316996115e-17,5.639638345772021,medium,21.85727594876289,14.433857440881853,36.291133389644656,4.099740971476084,0.702061413014524,0.702061413014524,nan,135.54966304856865,1,-3.2643080732647527e-16,2.398422892889004e-15,0.6022759254743932,0.39772407452560915,sample_0377,uniform,train,135.54966304856865
4.131164462479525e-17,7.69086561672981,deep,29.16644422263223,12.71063788760208,41.87708211023423,3.3504760501478827,1.6778483546539744,1.6108470171611207,11.542963224406462,15.671472762934071,2,-4.985113570995838e-18,1.951244224641001e-15,0.6964774705615012,0.3035225294385007,sample_0380,uniform,train,116.78358688148633
4.509654024018072e-17,3.9915289461981875,medium,30.53847150892846,7.747753728969817,38.28622523789821,1.567692071916123,1.0683574771931645,0.8179581594861167,6.27694193059009,6.7287181110902905,3,-1.0793160446421168e-16,1.809473676397692e-15,0.7976359988265306,0.20236400117347125,sample_0381,uniform,train,29.70682140596636
4.3597186379112424e-17,6.42910458453048,deep,19.01986903430561,9.341396673139442,28.361265707444986,3.127573583964547,1.191059464448211,1.191059464448211,nan,55.77450537902175,1,-7.732864607436517e-17,2.380061616202481e-15,0.6706283573695652,0.32937164263043717,sample_0384,uniform,train,55.77450537902175
4.547440520450358e-17,3.1696100651879373,shallow,53.25191300008824,16.877929049882958,70.1298420499711,3.1630305573125455,1.311894036103861,1.2186798780663772,4.551922670696415,14.007260496691734,3,4.392943410953579e-16,1.3171362282977092e-15,0.7593331375556717,0.2406668624443296,sample_0385,uniform,train,117.01398751476675
4.358553431148874e-17,7.360283149055318,deep,67.45252972307792,10.361532278299775,77.81406200137764,2.8594283081864984,1.2070047333790683,1.125543460420724,8.513518661517109,2.687226354355858,3,4.1125717253013175e-17,7.076749446704484e-16,0.866842418814786,0.13315758118521473,sample_0387,uniform,train,63.86722303620847
4.3419886920294045e-17,7.253281426067483,deep,13.496037378931218,3.0763388247627397,16.572376203693928,1.6371973780855043,0.9858687558116448,0.9858687558116448,nan,18.381956359016247,1,7.271139239757095e-17,1.8221929009234784e-15,0.8143694792496321,0.18563052075036976,sample_0388,uniform,train,18.381956359016247
4.040359088028102e-17,6.408713213025765,deep,50.917859927479974,19.134818650145835,70.05267857762557,3.4081154251117423,1.6903510427848234,1.584811935403447,8.084553172563098,60.68357389384042,2,3.054924445009653e-16,3.397897429658879e-15,0.7268510064330767,0.27314899356692673,sample_0389,uniform,train,158.93953250080386
4.454833225974567e-17,4.510916894679869,medium,74.22647369749902,7.532869427900862,81.75934312539978,2.449604053024467,1.3612738906570372,0.9429455486025503,6.867313885355758,7.597062082323323,2,1.1400792735816442e-16,1.2058292155736033e-15,0.9078653381993652,0.092134661800636,sample_0390,uniform,train,42.744207932255875
4.0055722611150586e-17,5.798552137800812,medium,24.68204521753994,15.753903343408107,40.43594856094796,2.684201127287034,1.0983894524772282,0.7733894383681925,2.8635642126552723,8.970239145883653,3,-2.2773124581843306e-16,2.0647165312808604e-15,0.6103985709729893,0.3896014290270128,sample_0391,uniform,train,101.4662414626005
4.299116596164353e-17,7.799372947938538,deep,32.822022147324944,9.716507478977286,42.53852962630215,3.4068118526229996,1.2244487938882647,1.2244487938882647,nan,77.340421832017,1,-5.007434113006736e-17,1.8791448241216526e-15,0.771583372431158,0.2284166275688438,sample_0392,uniform,train,77.340421832017
4.004758559784807e-17,4.0691612659551275,medium,21.72216156918547,13.30480092346485,35.02696249265025,3.643012753440088,1.2832027492379918,1.2832027492379918,nan,98.62731096355992,1,6.133998053984553e-16,2.028559387383917e-15,0.6201554466432383,0.37984455335676376,sample_0393,uniform,train,98.62731096355992
4.1447004579108186e-17,4.489689100840089,medium,14.500560442837255,11.623166369673465,26.123726812510654,3.6166472702669106,0.6939294590471353,0.6939294590471353,nan,94.78014908695782,1,1.0536810441437087e-16,2.515919858200839e-15,0.5550724269514614,0.4449275730485411,sample_0394,uniform,train,94.78014908695782
4.230124905226511e-17,1.6628176740884613,shallow,39.709304329966294,13.45521852095696,53.164522850923156,2.912416244458286,1.186521493648275,0.6238181587485033,13.469966592386188,42.30634871347257,2,-1.1725553492727755e-16,1.8376846236534467e-15,0.746913584484033,0.2530864155159689,sample_0395,uniform,train,87.7651415453733
4.566522521456381e-17,2.3463777866350695,shallow,182.12107677608273,8.918050390886311,191.03912716696865,2.2271951959697254,1.345126386591429,1.0357455509438396,6.102458520956945,5.635249693627418,3,-1.4475540635528614e-17,2.027049624503366e-15,0.9533181996634044,0.046681800336597606,sample_0398,uniform,train,41.32677993876163
4.4219341263994e-17,2.0558214823181924,shallow,67.43178651873104,10.546114402055505,77.9779009207866,2.81963451864657,1.3065317087709991,0.9772089477976623,13.741906709041507,18.138495938258796,2,1.145909727053928e-15,5.922867540551465e-16,0.8647550873064824,0.13524491269351704,sample_0399,uniform,train,56.84834770214749
4.284020091378848e-17,4.02134858121597,medium,43.99701529047649,8.633747626187214,52.630762916663606,2.118152183044804,1.1551656712175808,0.794088262158856,9.693296652842108,14.200164145669786,2,-6.589572298042212e-17,1.85632167866753e-15,0.835956251672469,0.16404374832753285,sample_0400,uniform,train,48.34571471863571
4.338025079941618e-17,7.699359647872701,deep,39.79666440928012,12.988380096003768,52.78504450528381,2.7729794297213823,1.3154044233663595,1.221060771052291,7.8993670632525985,14.41635457087501,3,3.7075021338111984e-16,1.5143694302466607e-15,0.7539382562289296,0.24606174377107184,sample_0402,uniform,train,88.65697072324932
4.2359019822511514e-17,1.6781221119987324,shallow,42.54680826023853,11.112329483880428,53.65913774411886,2.2320285822317043,1.3648336183811034,1.306129949229378,10.63202708800161,4.941728751484418,3,-1.5853058307192364e-16,1.8207453618227743e-15,0.7929089070183901,0.20709109298161169,sample_0404,uniform,train,64.27174357223923
4.086377923106387e-17,3.614871555841164,medium,20.977766128814313,19.316141752848882,40.29390788166311,3.511338517630296,0.9412885799016499,0.7154540285603935,15.285287043428399,50.0268618480192,2,7.42140951412282e-17,2.1160798933084955e-15,0.5206188039746039,0.47938119602539825,sample_0405,uniform,train,140.03460803783307
4.133994672373887e-17,2.697413156086113,shallow,21.64393007459925,7.763972715696116,29.407902790295307,3.0723023220073005,0.6336213646887338,0.6336213646887338,nan,66.38894668731015,1,4.391768740639913e-17,2.0235361407528246e-15,0.7359902618333535,0.2640097381666485,sample_0406,uniform,train,66.38894668731015
3.986811903076795e-17,6.198645508219059,deep,40.51894447952728,22.877649881975533,63.396594361502665,3.9136426914790827,1.2563941083034313,0.901815601304711,7.315736463268752,6.058133751582805,3,4.704851986697031e-16,2.297619648150576e-15,0.639134402843132,0.3608655971568703,sample_0407,uniform,train,180.17257809171042
4.4658405370144955e-17,7.359431628172454,deep,62.866912766414664,12.609785439317193,75.47669820573174,3.0068933337346895,1.2452062209650796,1.2168447549840098,10.633908030446754,7.64300473276514,2,-3.481824350146361e-17,1.6003914844017913e-15,0.8329314114278586,0.1670685885721429,sample_0408,uniform,train,81.87611922783242
4.370790169134578e-17,6.281281187380876,deep,42.765968470408545,7.168923304077313,49.93489177448577,2.7809612172678855,1.7287635528704932,1.7287635528704932,nan,48.0519169060353,1,-8.767028007535679e-17,1.7608862345675506e-15,0.8564345881342195,0.14356541186578228,sample_0410,uniform,train,48.0519169060353
4.027165621590804e-17,4.1254737879167855,medium,18.21773982486243,5.970634780034918,24.188374604897316,2.0530314172636634,1.3122342867139292,1.3122342867139292,nan,36.24727772934972,1,3.394087865984278e-16,1.3586114017868354e-15,0.7531609759828163,0.24683902401718508,sample_0411,uniform,train,36.24727772934972
4.3977515241646275e-17,5.650219327861971,medium,35.20190101180124,14.64298712093043,49.84488813273161,3.250795646318068,0.9748941226246599,0.9124371730669667,9.472064188971695,23.245513803660746,2,5.636748060716444e-17,1.1760438812523776e-15,0.7062289099348029,0.29377109006519825,sample_0412,uniform,train,113.47675778094009
4.2897005373541257e-17,5.5596029969498275,medium,42.61826120002047,14.480777928979087,57.09903912899943,3.4703045907945476,1.0626341607816407,0.6969036830259066,5.834380858325928,4.476322894565578,3,5.927350834478849e-17,2.2399272279848475e-15,0.7463919156982018,0.25360808430180043,sample_0414,uniform,train,91.4353226659619
4.097245211941602e-17,7.464398847718975,deep,10.578815543717353,8.652129397126613,19.230944940843933,3.1970563308100655,1.5701687490195821,1.5701687490195821,nan,66.20174958938371,1,4.039329654140043e-16,1.662654810128188e-15,0.5500933821119406,0.4499066178880611,sample_0415,uniform,train,66.20174958938371
4.242038540687542e-17,1.7104895323016847,shallow,15.980203918608625,14.262644386040312,30.24284830464886,3.3677277703567814,0.8337848576732892,0.8145785557100242,16.4851448279959,17.39656634725716,2,-5.062756079551982e-16,2.584402770078918e-15,0.5283961271647878,0.4716038728352148,sample_0416,uniform,train,114.71689981024073
4.4221528213527237e-17,5.704402064596609,medium,37.91202015392656,17.112937402078668,55.02495755600512,3.9704926631019037,1.0790766799195939,0.6001785459232647,7.093659140387278,4.490987110091729,3,-2.564880190915103e-16,2.0015303770242726e-15,0.6889968086815735,0.3110031913184285,sample_0417,uniform,train,133.7960519778826
3.7553161439515666e-17,2.9274419256320914,shallow,9.464984442215236,8.017956841675364,17.482941283890554,3.4204301276864295,1.7519596689151764,1.7519596689151764,nan,56.6552897071388,1,-7.517611143854379e-18,2.641733852127238e-15,0.5413839861680845,0.4586160138319182,sample_0420,uniform,train,56.6552897071388
4.301783271443485e-17,5.760247444392042,medium,26.74609981036107,9.958985887728572,36.70508569808963,2.222096295862874,1.0467168657241346,0.6286961651407531,13.512956745287093,20.613204965927352,2,5.842583537451565e-16,2.419769366582222e-16,0.7286755854585325,0.2713244145414678,sample_0422,uniform,train,66.57291029763829
3.708565497644501e-17,6.1161461639571835,deep,14.360936348159438,14.371155801234337,28.73209214939375,3.3643479102696214,1.0827498861257259,0.6138680501487213,9.355212450821195,4.543216265696563,3,6.593203621310801e-16,8.655476817454187e-16,0.49982215960777,0.5001778403922309,sample_0423,uniform,train,91.35458956274083
4.090384607614005e-17,7.350809418287428,deep,17.003280251176626,5.151312701361268,22.154592952537868,2.072510416199739,1.5124492624567434,1.5124492624567434,nan,37.28883156920724,1,2.657253175755685e-17,1.1626110317839569e-15,0.7674833064007549,0.23251669359924623,sample_0425,uniform,train,37.28883156920724
4.1067434491289136e-17,4.673694877779716,medium,26.742042430612642,10.842043845127803,37.58408627574038,2.9624871257629977,0.9356265052477724,0.7164086446576706,21.96269564511606,17.99789599883249,2,4.960527565623953e-17,1.6542237829828418e-15,0.7115256769691374,0.28847432303086423,sample_0426,uniform,train,63.27818584725923
4.2960223913805946e-17,3.7020380206431756,medium,19.86648411357074,4.495438359590837,24.36192247316155,2.0346496143251,1.5254336174735441,1.5254336174735441,nan,26.90172347466987,1,2.13496625287624e-16,1.093729471488047e-15,0.8154727581723801,0.18452724182762106,sample_0427,uniform,train,26.90172347466987
4.2371977172446174e-17,4.39189375202556,medium,28.26779937792124,19.579052034534172,47.84685141245527,3.370294940751137,0.7478163636934251,0.690054211609622,5.264978632435273,7.1043983574302905,3,2.1795477391721147e-16,2.8958192521138667e-15,0.5907974828739242,0.4092025171260787,sample_0428,uniform,train,146.6506473216515
4.6360396552939233e-17,8.344670081511593,deep,150.51286963899778,5.954353674602298,156.4672233136,2.0600799749288594,1.0278483175897652,0.8352342410775025,5.744562646538029,6.214170954930004,2,4.8449180617207265e-17,6.073801841388786e-16,0.9619450415971902,0.03805495840281043,sample_0429,uniform,train,29.917804377599065
4.2709207247071857e-17,6.929934226097486,deep,46.95247897313891,22.047469603781686,68.99994857692047,3.252219639795599,0.9302238639570269,0.6863489798584296,8.14616474176652,15.390856887239169,3,1.7377500574854366e-17,1.7506138420459689e-15,0.6804712168849915,0.3195287831150103,sample_0430,uniform,train,161.50908348372718
4.052218485535851e-17,6.639972469026689,deep,19.335070018412846,7.166279298316182,26.50134931672901,2.291091813919794,1.2480565172259586,1.2480565172259586,nan,50.375119579431804,1,3.6154891167158544e-16,7.373181267064072e-16,0.7295881348278203,0.27041186517218047,sample_0431,uniform,train,50.375119579431804
4.444344234549579e-17,8.001392602760708,deep,86.10315206426856,6.933351988139215,93.0365040524077,2.375867724313562,1.0048186978439193,0.9973201426418932,8.282511696339462,7.755104135411158,2,4.842952388521849e-17,8.400971396085935e-16,0.9254770795747703,0.07452292042523051,sample_0432,uniform,train,32.4784532228162
4.3692103055250834e-17,2.449005575297371,shallow,50.92941726912198,18.487931628699368,69.41734889782119,2.696570140360912,1.1640789678388619,0.8034799484724543,7.934733769950948,14.186999096020577,3,3.2730866285998187e-16,2.3030570611583883e-15,0.7336698689557778,0.2663301310442245,sample_0433,uniform,train,126.42874524584404
4.5096182576258856e-17,4.958235267518435,medium,44.00798997416553,12.559164573670298,56.56715454783581,2.702846151023214,1.2191666324197052,0.9819545579803605,5.9363288318623315,30.732679429904525,2,2.528798637027839e-16,3.1402619657986874e-16,0.7779777916343721,0.22202220836562825,sample_0434,uniform,train,85.55533675367184
4.021058002981559e-17,7.215076834562332,deep,12.680487508261795,8.440835448486258,21.121322956748028,3.0359671913869506,1.2054220752429345,1.2054220752429345,nan,66.85771848392126,1,5.288350563759911e-17,1.1774355139841342e-15,0.6003642638403254,0.3996357361596758,sample_0437,uniform,train,66.85771848392126
4.38714016837411e-17,1.6377392599668974,shallow,61.938755198733624,9.065282132235716,71.00403733096921,2.358679363454711,1.0820827290251858,0.892223755583583,13.682105101189656,8.577322772760155,2,-4.9786104053971517e-17,1.8012735225273454e-15,0.8723272299294781,0.12767277007052372,sample_0439,uniform,train,63.543474368838226
4.1857618996422053e-17,7.940281432964003,deep,94.8408571063768,22.3448392784225,117.18569638479896,3.7498269986041173,0.8467030783714342,0.8250536786893854,4.78748368143433,86.53916788418923,2,-3.4926498171971206e-16,2.9407447962936795e-15,0.8093211034472235,0.19067889655277945,sample_0440,uniform,train,202.92517250199296
4.173128026059186e-17,6.642909964702906,deep,35.15165991943479,8.91993360869173,44.07159352812645,3.385556192583928,1.7011600798489694,1.7011600798489694,nan,66.99424394030656,1,3.7199902210852207e-16,1.6525526894989589e-15,0.7976035606019337,0.20239643939806798,sample_0441,uniform,train,66.99424394030656
4.090527518236038e-17,6.575342504871152,deep,23.53004201833013,10.839579939897254,34.369621958227356,3.4023864431955544,1.4983404872269586,1.4983404872269586,nan,98.67641805952445,1,5.394671253343764e-16,7.752588208095034e-16,0.684617423110688,0.3153825768893128,sample_0443,uniform,train,98.67641805952445
4.445590280495306e-17,3.420229934201476,shallow,87.4910530908637,11.690054838734216,99.18110792959772,2.4940532661788786,1.3609586207132918,1.097568375004395,12.44668630600129,12.5104986123216,3,-2.380586055158806e-17,2.0417666622092344e-15,0.8821342584009847,0.11786574159901736,sample_0445,uniform,train,57.01485994225257
3.860354462988426e-17,7.370200345874171,deep,14.375344563195394,8.501479694550028,22.876824257745373,2.650458737564862,1.1699560749628,1.0889058635929119,12.039933554633924,13.243810990538917,2,1.268724857485116e-16,2.174165038941858e-15,0.6283802507390577,0.3716197492609445,sample_0446,uniform,train,56.43029305571854
4.109628956172591e-17,2.7125221849450294,shallow,21.913119873484987,8.999925853711286,30.913045727196234,2.968330188802529,0.9247275217503217,0.8579388337107141,15.60256389187367,15.548002072179868,2,-2.1269372286706823e-16,1.2641863506973822e-15,0.7088631792177817,0.2911368207822195,sample_0448,uniform,train,54.41724581984804
4.024796438415506e-17,4.166388560354078,medium,11.915843878825877,9.269192667393433,21.185036546219283,2.874450381956014,1.189486042838528,1.189486042838528,nan,62.23589242784294,1,4.656898890838915e-16,1.2577439993021362e-15,0.5624651084660224,0.4375348915339789,sample_0450,uniform,train,62.23589242784294
4.0991078844883676e-17,8.331135424080578,deep,71.78731779734818,21.418865130431115,93.20618292777914,3.394128556294429,1.0444229634357578,0.8248250289567591,4.551922670696415,33.482244786632556,3,-1.522114763171185e-17,1.6771355392629502e-15,0.7701990956219356,0.22980090437806613,sample_0451,uniform,train,169.66432201518035
3.9600569300480385e-17,4.863613467754334,medium,59.89051285830933,22.629542966166575,82.52005582447566,3.4075862034368747,1.2781053815307362,1.077989613536898,6.212889826803629,20.595063331856515,3,-5.481401778331008e-17,2.927585636542668e-15,0.7257691752620657,0.27423082473793714,sample_0452,uniform,train,175.7257580795212
4.2248875386843923e-17,6.618116492153058,deep,42.584340749691975,10.635259564260295,53.21960031395215,2.247650015995012,1.3894073154868714,0.9911983931674524,8.515867542417508,9.674751595085128,3,3.9799405992995314e-17,2.2696950816361148e-15,0.8001627313711333,0.19983726862886897,sample_0453,uniform,train,48.97928183798646
4.2948268599033646e-17,1.3840568041315902,shallow,20.576171727794076,12.936019599637952,33.51219132743199,3.3663680698230363,1.4022909898610383,1.2690897725318926,16.09223415191315,9.247961943760021,2,3.1771748379160366e-16,1.0601257447143914e-15,0.6139906378175601,0.3860093621824409,sample_0454,uniform,train,103.14666280893995
4.01891236534138e-17,5.5293215443618875,medium,13.287344952256365,4.778515400522513,18.065860352778834,2.523957580577983,0.725143013913631,0.725143013913631,nan,29.465939456213647,1,-7.557259074033889e-17,2.4090047036487754e-15,0.7354947227969991,0.2645052772030033,sample_0455,uniform,train,29.465939456213647
3.979064787105393e-17,3.0884125953823,shallow,33.07633987753556,13.836662153126229,46.913002030661694,3.7126743429307316,1.228144960515047,1.0527045562445438,4.651881339845203,37.07757176511038,2,-4.417407389324381e-17,2.0068405007780176e-15,0.7050569873127565,0.29494301268724554,sample_0457,uniform,train,111.42558312565174
4.2024100480073887e-17,3.429665753787086,shallow,35.98048819870676,14.744176090415005,50.72466428912168,2.238349423296951,1.0263234881200278,0.7427171992248245,10.465180361560902,12.926784145505048,3,-7.897440975245484e-17,1.7159598067419648e-15,0.7093292524051868,0.2906707475948148,sample_0459,uniform,train,77.20219023792723
4.2879536292382554e-17,1.3767447521641905,shallow,38.338440963108134,18.167952919968123,56.50639388307622,3.6005844146715216,1.222453847686249,0.7819733514204177,11.158852987650656,56.12382623492895,2,1.4336428502791204e-16,6.287277305559125e-16,0.6784796963408875,0.3215203036591132,sample_0460,uniform,train,162.39614846963093
4.2451116616595385e-17,3.056161300022751,shallow,26.665212986571774,13.820744612725235,40.485957599296896,3.7955962268666776,0.7618810520165843,0.7618810520165843,nan,137.13964120226115,1,2.9424020289672494e-16,2.808056038758248e-15,0.6586286843079354,0.3413713156920674,sample_0461,uniform,train,137.13964120226115
4.1518093812788847e-17,3.2252304931647213,shallow,15.674054991999006,10.20557910081514,25.879634092814115,2.928213927438784,1.5296589026363163,1.309167815174133,11.776247280012424,10.613881547645882,2,1.0196645565117834e-16,1.166866044608769e-15,0.6056521099095119,0.39434789009048926,sample_0462,uniform,train,65.74877514630037
4.535575072588143e-17,7.977180327205847,deep,72.04489267514981,4.218995982542922,76.26388865769262,1.8960045304249185,1.3843620701065467,1.0489175526729457,7.238784428341543,6.559807574887276,2,-3.03859717497141e-17,1.5023495150579258e-15,0.9446789816674626,0.05532101833253895,sample_0463,uniform,train,18.593740342794536
4.380818168625227e-17,5.970371811051393,medium,49.728636868714496,11.479525937708756,61.20816280642314,2.171273495282337,1.4869982148179044,1.2946571458449285,5.786190456595772,9.086695725504924,3,-1.9568198409152322e-16,1.828358763783578e-15,0.8124510618949016,0.1875489381051003,sample_0464,uniform,train,58.06312539833861
4.424821954609325e-17,6.609108076385523,deep,6.735885794499781,6.259258279589551,12.995144074089312,3.0009883536142947,1.630401433553656,1.630401433553656,nan,45.66454407262227,1,1.2932344791920134e-17,1.5036328279240025e-15,0.5183386775934476,0.4816613224065539,sample_0465,uniform,train,45.66454407262227
4.122737848456764e-17,4.001609921767601,medium,92.96383264269181,23.01190997582602,115.97574261851769,4.15701917897956,1.4272563958117406,1.2894993540826114,3.458323293158116,5.413831979803891,3,2.4422409087922813e-16,1.2559631655901378e-15,0.8015799730507474,0.19842002694925395,sample_0466,uniform,train,244.35190812074995
4.2353388173929924e-17,6.405902089454542,deep,11.671663891243918,9.146689548772466,20.81835344001633,3.171388999048847,0.8197766151581882,0.8197766151581882,nan,58.06068224914147,1,1.6168947532562725e-16,2.5597944302153087e-15,0.5606429886433306,0.439357011356672,sample_0467,uniform,train,58.06068224914147
4.4327532537276277e-17,6.986001943703111,deep,59.20279538947372,10.13012038212338,69.33291577159697,2.177571589960483,1.3986236688442812,1.1703901223336923,3.3763886032268227,2.6891865020360997,3,-1.5408466718140277e-17,1.8446893659881644e-15,0.8538916145471964,0.14610838545280538,sample_0468,uniform,train,52.79840536353896
4.122624296875781e-17,7.467171327706508,deep,18.964400502738087,16.241731682833937,35.20613218557195,3.074394250172322,1.2815024040638108,0.8704013762712346,7.787168933572713,23.181927036416827,3,-3.922077709921594e-17,2.0182357210238853e-15,0.538667536745488,0.46133246325451405,sample_0470,uniform,train,107.8868613003063
4.424983054836401e-17,3.031432459983958,shallow,90.39549854981611,7.984245966941629,98.37974451675757,2.4913195636934766,1.22375697089414,0.6953417218257123,14.294054708164508,7.103904547928178,2,4.318743310692956e-17,1.7333878779627923e-15,0.9188425828288113,0.08115741717119043,sample_0471,uniform,train,38.89088740532125
4.3398837765475897e-17,6.893830367077106,deep,11.593613167864822,5.290598299973881,16.884211467838664,1.790999988277989,1.5880433776488507,1.3990301789413746,19.515122341404883,7.316857640691878,2,-2.934963414525241e-16,2.3145795432167787e-15,0.6866541081855398,0.31334589181446254,sample_0474,uniform,train,20.774632191386146
4.058927172761402e-17,4.657009202565125,medium,20.493948989403606,6.491833522724111,26.98578251212764,3.0372713420407234,0.7564311773213741,0.7564311773213741,nan,41.840293201831074,1,-4.438298602569281e-17,2.896328868673176e-15,0.7594350462208554,0.24056495377914744,sample_0475,uniform,train,41.840293201831074
4.0789804149992166e-17,4.767612845276568,medium,55.50940544573832,20.642697633972414,76.15210307971066,3.6029041936614457,0.8011652624352181,0.6829087751493348,16.533602148352312,76.68498039904459,2,2.1004342738023576e-16,9.797101358673862e-16,0.7289280689679047,0.2710719310320963,sample_0476,uniform,train,153.90134315221712
4.315324427464054e-17,7.316637755613118,deep,10.109144947129582,7.37627564536164,17.485420592491213,2.3703233812195585,1.1567487876168534,1.1567487876168534,nan,55.7842258818689,1,4.468011196911256e-16,5.587490769822777e-16,0.5781470850904648,0.42185291490953575,sample_0477,uniform,train,55.7842258818689
4.066965080832354e-17,3.4544436049537532,shallow,25.76607152600431,16.101402451163953,41.86747397716819,2.9887954596423207,1.2903308311608739,1.145686305159385,8.676404785393547,48.343942095809815,2,2.4157613289575217e-16,1.781979665061626e-15,0.6154197776549752,0.3845802223450265,sample_0478,uniform,train,110.90528086081697
3.640390741668869e-17,6.537445201454434,deep,7.621435120620472,10.294488792294464,17.915923912914902,3.3549060049441484,0.7676658710333355,0.7676658710333355,nan,79.39035404509569,1,5.112687417817187e-16,1.8838425588688237e-15,0.4254000607318092,0.5745999392681927,sample_0479,uniform,train,79.39035404509569
4.2320558691221494e-17,4.407010313268009,medium,80.40805098226285,26.708596547303777,107.11664752956652,3.6515120451222973,1.4724521686548053,1.3541340784858213,7.655063683601854,36.73421418234217,3,3.664999204769115e-16,9.950032307965598e-16,0.7506587709447169,0.2493412290552841,sample_0480,uniform,train,204.56935872726763
3.6881126143549546e-17,5.0110931457850985,medium,10.488340895942718,7.008408135045391,17.49674903098807,2.1932454611229053,0.6333478528254217,0.6333478528254217,nan,44.192678737788874,1,-8.55918027253701e-17,2.2335492380665764e-15,0.599445124198048,0.4005548758019543,sample_0481,uniform,train,44.192678737788874
4.438478777827005e-17,4.596566064060673,medium,32.75033108631062,19.416199299715334,52.166530386025855,3.8269358457750817,1.2362652542317387,0.9487094167508348,11.499565209172044,3.208202767526392,3,2.13758268935686e-16,1.838789519214585e-15,0.6278035139381942,0.3721964860618076,sample_0482,uniform,train,149.9730303970207
3.5717523670734535e-17,3.585664588982534,medium,4.68786721999559,4.7882330606476,9.476100280643184,2.4247485463434435,1.563124613316394,1.563124613316394,nan,28.30783193015284,1,1.7871332875939799e-16,6.560978412819081e-16,0.4947042645350102,0.5052957354649904,sample_0483,uniform,train,28.30783193015284
3.972866536298841e-17,4.258584665896437,medium,20.28969263933258,8.967691960429004,29.257384599761558,2.489464103596267,1.2651524664405287,0.8609760005849489,19.768662069042506,8.655160349216043,2,2.0554470287964643e-17,8.500074798827434e-16,0.6934896237956258,0.30651037620437505,sample_0484,uniform,train,46.18502133202041
3.872047954475483e-17,2.7135107886630045,shallow,44.74501916944445,18.11086040743377,62.85587957687808,4.247377935217634,1.008877531960148,0.6929428304567388,5.321653878260028,6.180941016474847,2,-2.0966580167877327e-16,2.1478200719361304e-15,0.7118668845404905,0.2881331154595116,sample_0485,uniform,train,178.30139966614604
4.104472724843485e-17,1.575544961921421,shallow,22.759896458810534,12.934312922181794,35.694209380992284,3.862847836845284,0.7808396392203418,0.7808396392203418,nan,116.67084700498106,1,2.766367306746262e-16,1.2441491702756328e-15,0.637635539587845,0.36236446041215625,sample_0486,uniform,train,116.67084700498106
4.215534596111782e-17,4.155524758895783,medium,43.04469269758578,14.429024025048221,57.47371672263388,2.4851176793560903,1.2013205778412859,0.7295221968345134,7.823042886243179,18.041602271671046,3,3.598083805594742e-16,2.101695730974842e-15,0.7489456946958545,0.25105430530414763,sample_0487,uniform,train,84.41612476455616
4.27680513137158e-17,3.0397055255281593,shallow,40.278130404329765,11.95335678692881,52.231487191258545,3.148721757804172,1.2374905985793996,1.0252727448409356,10.507140429250958,17.607430463613245,2,2.2386263475060574e-16,5.781582699191878e-16,0.7711465357446439,0.22885346425535671,sample_0488,uniform,train,78.86265973444897
4.598776454539676e-17,6.504039511637258,deep,58.51912840014666,18.27208343405693,76.79121183420347,4.0039921384860335,1.0915424676341716,0.7941408356410471,7.675936424958198,52.966813926543075,2,-1.7557335385694358e-16,1.6655251217151818e-15,0.7620550190885481,0.23794498091145358,sample_0489,uniform,train,182.70010756560276
4.2087127038906705e-17,3.18075938227771,shallow,28.07306092460167,7.7192134714132505,35.79227439601487,2.6175251792214986,1.1372900897018372,0.6554321504939021,14.058449416631982,3.011151968095581,2,3.859372943224843e-17,1.464073676417219e-15,0.7843329712438543,0.2156670287561472,sample_0490,uniform,train,39.44550033776693
3.9471493026211337e-17,1.836498155004595,shallow,12.841843805697726,11.64801021292243,24.48985401862008,3.6159528779656744,0.8504675768700087,0.8504675768700087,nan,94.6266600222919,1,-1.70517360849856e-16,3.1189791509632984e-15,0.5243740446935224,0.47562595530648066,sample_0492,uniform,train,94.6266600222919
4.462984501447582e-17,3.3402341966372475,shallow,35.227099900985074,9.504165275891857,44.73126517687686,2.4560834275680405,1.2109937193991702,0.7478375326102619,11.637869220780926,2.374693281057677,3,-6.876035763059412e-17,1.588470017448566e-15,0.7875274656705927,0.2124725343294088,sample_0493,uniform,train,51.22761819596885
4.2061340325405313e-17,3.424693342436507,shallow,37.963430756787965,12.775529402906164,50.73896015969407,3.1715023183945967,0.8839625390751846,0.6480275769937923,8.838551917593744,22.19620316854309,2,2.506508435213236e-17,1.2253402352616057e-15,0.7482106577924176,0.2517893422075837,sample_0494,uniform,train,82.40911263752702
4.265082520604208e-17,3.164199094254154,shallow,115.06003437397086,26.25519829929649,141.31523267326693,3.790630423513743,1.4400082930734337,1.3783471395236155,4.911211663123468,18.903039748524346,3,1.2263067604795185e-16,2.9917010344861213e-15,0.8142082930295252,0.18579170697047773,sample_0496,uniform,train,221.55138299259895
4.288977160289991e-17,2.869982797610673,shallow,46.328910062450966,14.57671366954547,60.9056237319963,2.6307133084583274,0.8550090182683124,0.7132388980093071,8.28251169633946,8.57752330000496,3,3.0040559006415445e-16,2.2165953079878925e-15,0.7606671966173861,0.23933280338261614,sample_0498,uniform,train,96.97612700684827
4.21334030703685e-17,7.170728590393127,deep,19.822073239714094,13.562878836871814,33.384952076585826,3.97338410996717,1.7573717934378705,1.7573717934378705,nan,112.10567833285772,1,-4.2329739566228637e-16,2.4475822048497005e-15,0.5937427495550035,0.4062572504449989,sample_0499,uniform,train,112.10567833285772
4.353119144748154e-17,3.1851976146096326,shallow,75.52404731630178,19.796631789372427,95.32067910567407,2.612312875868148,1.5493208504002318,1.1946911780914165,9.14330356052997,37.969396138172776,3,1.500474927886809e-16,1.3417622874363761e-15,0.7923154558369708,0.2076845441630305,sample_0500,uniform,train,138.09636810395855
3.972542535400038e-17,4.8246544141348995,medium,54.57608682875085,23.151776631109257,77.72786345986002,3.508450896825759,1.274275820317288,0.9173934518695406,9.232551110067032,11.898277700424108,3,5.846095924344666e-16,1.188384081810183e-15,0.7021431491801504,0.2978568508198508,sample_0501,uniform,train,186.20576283824605
4.025105734233081e-17,3.5157453016663354,medium,68.26518715773895,28.90115304190808,97.16634019964681,3.5443410152350734,0.7540663757203206,0.6232548403019537,5.772347875864724,27.99321180441658,3,-7.808081911114032e-19,2.2669192606518664e-15,0.7025600328001969,0.2974399671998054,sample_0502,uniform,train,217.99662717751949
4.3148373951863773e-17,4.302072075131638,medium,12.685597800874806,11.49921723530924,24.184815036183956,2.761554086573843,1.30414635864317,0.9886549400879214,11.35077089893017,25.149623386292564,2,-1.0560928891439381e-16,3.745912411315565e-15,0.5245273855473085,0.47547261445269523,sample_0503,uniform,train,68.8747748531898
4.262713420021617e-17,6.9281595058131344,deep,53.3253933437272,20.59105539311684,73.91644873684389,3.8090575760589798,0.7182577907441481,0.6447628770218503,6.232174580353151,87.93321498766919,2,1.8099848009048065e-16,2.018684299090858e-15,0.7214279670493285,0.27857203295067345,sample_0504,uniform,train,184.9543765522494
3.87835140063249e-17,5.82907738903511,medium,35.12747037388767,17.47483122753709,52.60230160142463,2.9127029632619648,1.279758066582055,0.7652973735028297,5.706137047074842,9.230673945946132,3,-6.262181124247378e-17,2.4989478048249215e-15,0.6677934102589973,0.3322065897410052,sample_0505,uniform,train,105.27974544069049
4.397566075304658e-17,6.548579194365987,deep,94.06928716996808,16.813627712584623,110.88291488255244,3.901178090322347,1.1989798958452005,0.9962025484503148,7.8230428862431785,5.162622877602316,3,-1.672093892680816e-16,2.3389365153967946e-15,0.8483659296800286,0.15163407031997378,sample_0506,uniform,train,112.29289712595455
3.9604687086168986e-17,7.49129114530244,deep,97.0717488443806,35.778032777911676,132.84978162229197,4.404267404262895,1.1384364319323104,0.7788755745201077,6.477653896280659,55.52207223045867,3,2.8848966439207208e-16,2.2463563385275926e-15,0.7306880572853882,0.269311942714614,sample_0507,uniform,train,318.8834600497978
4.129495685547397e-17,3.68152313214836,medium,21.572573404866695,12.332874082234131,33.90544748710075,4.3633199318459335,1.7205960248066865,1.7205960248066865,nan,120.63354926140865,1,1.5418778437814746e-16,2.2004424888712815e-15,0.6362568555708911,0.3637431444291111,sample_0508,uniform,train,120.63354926140865
4.302258876761709e-17,6.444721801928568,deep,50.103452749616075,12.672144920484829,62.77559767010081,1.915010308056715,0.79309900600403,0.6875024866700786,6.046486583132387,17.429900868511208,3,-2.0112813366640549e-16,1.5280343459525597e-15,0.7981358140613879,0.2018641859386136,sample_0509,uniform,train,67.6142500661632
4.288590912574369e-17,4.237999778245607,medium,43.51693036761267,15.568170297730491,59.085100665343106,3.1331410745861095,1.2847986209309008,0.6400168794834258,7.4993333037010705,2.1960874751703185,3,-3.4685576832409404e-17,9.921244956868156e-16,0.7365127566438745,0.2634872433561265,sample_0512,uniform,train,103.337444710954
4.1743361306300565e-17,3.9124166648682177,medium,21.000789196549714,5.527865990134108,26.528655186683785,2.496358049768422,1.4421073380291185,1.4421073380291185,nan,29.03903750138285,1,-1.0639296946831089e-16,1.406158486545898e-15,0.7916266033376311,0.2083733966623703,sample_0513,uniform,train,29.03903750138285
3.761119948582796e-17,7.303524658782839,deep,11.136311373187036,10.741341673509682,21.877653046696683,3.5281660884430304,0.7298569728173738,0.7298569728173738,nan,97.55542300542929,1,-4.186197856732093e-16,1.6239007315900948e-15,0.5090267840621283,0.4909732159378733,sample_0514,uniform,train,97.55542300542929
3.838495359740078e-17,6.028368176821886,deep,26.37487478039933,12.704756732764592,39.07963151316389,3.5450763657809876,1.4391743004057163,1.210402719140413,5.374011537017759,18.59282666993223,2,3.167393218031306e-16,8.63641202380219e-16,0.6749008053342318,0.3250991946657691,sample_0516,uniform,train,99.82730218289731
4.036136148160521e-17,4.3758410037132816,medium,38.766325353854846,21.68449271854176,60.45081807239646,3.9990485913978717,1.5005857619959473,1.23325622182562,19.284190415985837,74.41945812623295,2,1.5292301147704955e-16,2.4683532707683294e-15,0.6412870262140694,0.3587129737859331,sample_0517,uniform,train,188.28684639275258
4.1472640249900656e-17,4.162598916026765,medium,27.82474023171128,14.634904250723798,42.45964448243501,3.3906638224676002,0.988114453915402,0.6279279608881403,12.167168939404105,10.755349354641213,3,1.1408399266862148e-16,1.6316179181686064e-15,0.6553220256759805,0.3446779743240211,sample_0518,uniform,train,91.5946667673915
4.14791260122194e-17,8.320267015138008,deep,39.4937227853233,15.228560485772682,54.722283271095826,2.3937540484216924,1.1515591107864396,1.0509290118965389,4.489988864128731,7.262297590108024,3,-3.777294089533641e-16,2.856595019853449e-15,0.7217118954936551,0.2782881045063478,sample_0519,uniform,train,93.04160614566057
4.203478379972509e-17,5.3837842763792345,medium,37.26908261855055,22.355062277218188,59.62414489576864,3.4497710812447635,0.9577406626079122,0.7755159151419344,5.4954526656136355,10.99406362288048,3,3.5007793283770617e-16,1.6683842289111565e-15,0.6250669537265839,0.3749330462734178,sample_0520,uniform,train,172.54022842205404
4.379726118908619e-17,6.212887138413652,deep,62.6321847437681,13.991737906999145,76.62392265076718,2.901204045258655,1.5458007652152217,1.4821288690681842,6.8963758598266685,39.86491970378659,2,-1.1260154538567842e-17,7.882150958895578e-16,0.8173972641576972,0.1826027358423036,sample_0523,uniform,train,91.044792355739
4.338635706221451e-17,6.043228898615299,deep,35.13407244642168,13.369020629022561,48.50309307544424,3.516095618076315,1.0813609627157565,0.6520805477728217,4.294182110716777,8.377642436411149,2,3.3229313036039525e-16,7.324715710963886e-17,0.7243676685066727,0.27563233149332744,sample_0524,uniform,train,107.13440531170293
4.414275988835995e-17,3.726598243701396,medium,22.755199923571897,12.515472030250788,35.27067195382262,3.2272992410732773,1.503351420556604,1.4220926034541062,14.452681412111733,20.770558546486352,2,-8.676113475242622e-17,1.8130884010980194e-15,0.6451592403275918,0.3548407596724101,sample_0526,uniform,train,92.50519858414677
4.132709807761022e-17,6.046815227739939,deep,45.90815874607223,15.81836515056858,61.72652389664067,3.2396132621759746,0.987907685679804,0.680152364109454,12.796874618437112,12.854653983989293,3,1.6663125926527373e-17,2.273450397880854e-15,0.7437347164234317,0.2562652835765705,sample_0527,uniform,train,120.50934165880001
4.166281815305846e-17,3.5095246555480215,medium,25.92124964149488,12.466069391069414,38.38731903256428,3.753358396693898,1.7812286466289664,1.7812286466289664,nan,121.32134404404809,1,2.7231634292423616e-16,4.627457410853184e-16,0.675255534764115,0.32474446523588546,sample_0528,uniform,train,121.32134404404809
4.0707427527654956e-17,4.845113971079657,medium,13.70714127263128,9.48645606545974,23.193597338090985,4.340155914836094,0.7184619592604989,0.7184619592604989,nan,126.57581174214533,1,2.828919650202205e-16,1.4551765927735432e-15,0.5909881538781376,0.4090118461218638,sample_0529,uniform,train,126.57581174214533
4.389324069416343e-17,3.176841500952299,shallow,68.83744325032012,12.874627500138104,81.71207075045805,2.5953328447548873,1.0408552986769053,0.9075830891388754,6.11228271597445,5.9028150158435615,3,7.831633808031013e-18,2.0869653041006565e-15,0.8424390988761503,0.1575609011238518,sample_0530,uniform,train,70.96229758027165
4.0981280254142474e-17,1.329525361735063,shallow,33.55168516995402,9.767383247103718,43.31906841705772,2.322724570311394,1.1159484700742526,0.6140455610321196,7.932212806020774,6.48242638234559,3,-1.0734980284213747e-16,3.690571413190174e-16,0.7745246238199895,0.22547537618001087,sample_0531,uniform,train,42.30846069613251
4.1324939802456395e-17,3.576688127299192,medium,18.21221912180723,5.822895549540947,24.035114671348122,2.1891918209229178,1.4720925301238603,1.4720925301238603,nan,43.94809554283375,1,2.4524759863899926e-16,2.2911087704129964e-15,0.7577338144975745,0.24226618550242776,sample_0532,uniform,train,43.94809554283375
4.1811353070831934e-17,6.846469456874441,deep,58.07393821017629,19.33777942000607,77.41171763018215,4.306675164372734,1.3498437609314162,1.1032632963845652,8.111719916269298,28.722990389675942,2,2.4431839732266184e-16,2.6159435017196125e-15,0.7501957066449817,0.24980429335502094,sample_0533,uniform,train,180.59871837015916
4.2042862555602766e-17,6.012045861545508,deep,14.001052197868638,6.195193328987913,20.196245526856487,2.309464927711877,1.1306595099860202,0.6585444719937696,14.014278433083883,13.215908910832894,2,5.540750317455638e-16,3.2103503867533405e-15,0.6932502468961557,0.30674975310384756,sample_0534,uniform,train,43.774083571208735
4.2033626751646895e-17,5.849274922140447,medium,35.54374615668927,20.121948441238207,55.665694597927384,4.049648864626119,1.2769680792745977,0.9840560517466665,7.784600182411425,7.278766682090377,3,1.5117704598742847e-16,1.59555795740164e-15,0.6385215600635419,0.3614784399364598,sample_0537,uniform,train,146.52895391301985
4.1385843701025847e-17,3.8591872291055775,medium,15.605615904468744,5.051820599726318,20.65743650419504,1.9683284866476454,0.7874314981476809,0.7874314981476809,nan,31.943414934566544,1,1.1294210483641395e-16,1.0318938687515351e-15,0.7554478456849962,0.24455215431500474,sample_0538,uniform,train,31.943414934566544
4.2642170325867456e-17,5.2468309431882725,medium,16.706149281335275,12.702696297859031,29.408845579194267,3.3665757198813955,1.6328350530934344,1.4708964743784794,8.383316766053875,6.22719956453174,2,3.950884714960674e-16,1.3288468043251974e-15,0.5680654562365512,0.4319345437634501,sample_0539,uniform,train,96.03035668614062
4.450964793787543e-17,4.962728107722487,medium,34.03017269535139,14.5209697297024,48.55114242505372,3.0043394212726757,1.2102124271502077,0.781817531045759,15.379206741571556,29.890234872977317,2,2.7880077178543123e-16,1.4634933397436198e-15,0.700913943433613,0.2990860565663885,sample_0540,uniform,train,107.10921303011266
4.5265131316206866e-17,4.138361946251051,medium,97.03394935465931,28.65123497924733,125.68518433390642,3.694730204623854,1.0094832675191443,0.7709441429993124,5.01597448159378,39.64814588519429,3,2.451933777995726e-16,1.7808062497629707e-15,0.7720396788922257,0.22796032110777603,sample_0543,uniform,train,206.5366374289411
4.1102587153990786e-17,7.154458549683824,deep,11.130669182565226,8.851582704334536,19.98225188689973,2.6475112121812643,1.4036226908676386,1.0582415049102638,13.067516979135709,4.2618985924813435,2,2.379872878840862e-16,1.6890378591780045e-15,0.5570277687202232,0.44297223127977847,sample_0544,uniform,train,55.40383717584262
4.3171348378516665e-17,4.5944932125253075,medium,68.26221592502307,12.034434904304074,80.29665082932702,3.9173979856484027,1.0457748410615066,0.7469466839948329,11.636150566231086,4.832790198578576,2,5.872028859022068e-17,1.5485699275592027e-15,0.8501253193002594,0.14987468069974216,sample_0545,uniform,train,98.04606199097648
3.9638621254833323e-17,2.1827882410140114,shallow,17.373951229549878,11.110179126995321,28.484130356545162,2.110456669667574,1.1198226176038995,0.8174089375719,11.331372379372237,11.29034236739105,3,-2.7463422611201113e-16,1.3096237505047634e-15,0.6099519631484078,0.39004803685159356,sample_0547,uniform,train,59.47394108548675
4.382079878680748e-17,6.599094562607337,deep,28.451745926893636,15.294471635939917,43.74621756283349,3.1100635712550018,1.1167067469890612,1.0581760142152161,6.135144660071184,15.482249566175627,3,5.54801705732571e-16,1.3806023904320516e-15,0.6503818504086182,0.34961814959138326,sample_0548,uniform,train,103.37851972468366
4.4483424665941144e-17,4.0350680952218365,medium,54.9984285046649,6.891604496302417,61.890033000967236,2.7018236435586314,1.0585410425936501,0.7096502266693312,8.574380444090407,6.598130184748629,2,3.199249193629159e-17,1.320283907606488e-15,0.8886475873070768,0.11135241269292445,sample_0549,uniform,train,40.936515372818874
4.163856580562035e-17,2.9528237825601584,shallow,17.280894824027715,5.159478880662871,22.440373704690522,2.0180352765016174,1.2992223109672034,1.2992223109672034,nan,34.42507304269356,1,9.617838947240254e-17,2.849722872709661e-15,0.7700805276881657,0.22991947231183713,sample_0551,uniform,train,34.42507304269356
4.146816779131834e-17,7.152511395264781,deep,57.198772247402765,24.920702635676815,82.11947488307943,3.769079499340189,1.3459399085936161,0.8258670246001001,7.631513611335565,14.460812003367492,3,6.122340223216292e-17,1.7737724338618948e-15,0.6965311496309685,0.3034688503690332,sample_0552,uniform,train,171.7932423931897
4.12305973608365e-17,3.3615179203684136,shallow,14.737505277243471,12.440587897271854,27.178093174515265,3.7357900046344636,0.7984545304329221,0.7260233818308388,10.616967551989601,6.549052968188889,2,-9.888378889943242e-17,2.222235833536755e-15,0.5422567794808629,0.45774322051913924,sample_0553,uniform,train,76.59141180572277
4.459009074781431e-17,3.6430458647693604,medium,59.428121284873505,14.022577409394884,73.45069869426831,2.7056099773151434,0.996393821608413,0.696385213567493,5.310367218940702,17.35571213072026,3,2.125700969638944e-16,1.0641110612023379e-15,0.8090885769819226,0.1909114230180785,sample_0554,uniform,train,97.58611404537568
4.320089578076703e-17,6.286820897166767,deep,198.68871401130517,46.049438758490545,244.73815276979522,4.369450455880555,1.2537925598309398,0.6252322588144876,8.822698000045111,105.96046881942102,3,1.736001699573339e-16,2.0032613719023593e-15,0.8118420105842471,0.18815798941575496,sample_0555,uniform,train,469.1312371079229
4.61462298344672e-17,5.692934678123659,medium,49.307227337374805,20.63994816928932,69.94717550666398,4.08960062124011,1.0218877902962742,0.8853604520731719,7.735631842325486,49.27346700447227,2,3.1336751275982293e-16,2.03165526159782e-15,0.7049209203976682,0.29507907960233387,sample_0556,uniform,train,163.4588932138693
4.0387474721541074e-17,1.5675855611459322,shallow,10.662188444386564,11.384021103657815,22.04620954804434,3.1043322258230055,1.533941079904825,1.3307312476951443,23.85455931263456,22.258739839746667,2,-2.9925206865341986e-16,1.6920592878386365e-15,0.48362909828789036,0.5163709017121113,sample_0557,uniform,train,83.96755547284911
4.334888199916857e-17,2.4281937086335637,shallow,52.9214784476266,10.410587436179235,63.332065883805704,2.991765201707954,1.112585126293546,1.0753524987392546,14.68332387438212,5.335453321471349,2,-7.234932814680126e-17,2.0194776635183483e-15,0.8356190139876498,0.1643809860123522,sample_0558,uniform,train,65.86681813890567
4.300941721608256e-17,3.2856491445909066,shallow,41.265413130145156,15.464372728748101,56.72978585889315,2.2070830882475674,0.9716599280079636,0.694118035914639,8.366600265340756,21.936066861413625,3,5.186005631767613e-19,1.8474431365791095e-15,0.727402941953398,0.27259705804660384,sample_0559,uniform,train,90.13361411744471
3.6946481061955294e-17,1.7690260458518305,shallow,8.837527137165088,7.784779838877079,16.622306976042136,2.9879630003553874,1.6045578335055093,1.6045578335055093,nan,55.09901982903912,1,5.011382156190821e-17,1.870152243867788e-15,0.5316667024560843,0.4683332975439176,sample_0560,uniform,train,55.09901982903912
4.3965282575810385e-17,2.350210646829023,shallow,59.42564915411563,8.956274903409213,68.3819240575248,2.043414075742005,1.5377799105799386,1.431765774835466,11.60861748874516,15.977387823537173,2,-1.4652652141534145e-16,6.754018472126371e-16,0.869025696090755,0.1309743039092457,sample_0561,uniform,train,51.631818371967185
3.968995736486627e-17,1.9962401661791185,shallow,33.31647970025791,21.579781486642712,54.89626118690052,3.891528031384542,1.4396618514142223,1.3974915181482628,14.386104406683556,56.9884815420725,2,-4.4002363974220384e-16,1.8767889553432737e-15,0.6068988849136409,0.393101115086361,sample_0562,uniform,train,188.17994971631344
4.195498465268718e-17,7.116223134901079,deep,19.328037795368395,13.68222882971766,33.01026662508599,4.17825965613272,1.4948828443607933,1.4948828443607933,nan,120.34775119327354,1,2.4494300749186467e-16,1.991053383611925e-15,0.5855159552295208,0.4144840447704811,sample_0563,uniform,train,120.34775119327354
4.324743122416115e-17,1.6296429492605715,shallow,35.746788814655595,15.107373699511031,50.854162514166525,3.8961023277887294,1.069678765015872,0.8620873425956479,3.8262252939418007,6.868593068832357,3,-3.633211309331046e-16,1.9910334737615283e-15,0.7029274900495619,0.29707250995044004,sample_0564,uniform,train,131.51310438475917
4.2174097794158033e-17,6.7701437550399834,deep,37.478394209628455,17.369353737785254,54.84774794741361,3.519974309114581,1.161083671547444,0.9719558832867152,10.235233265539192,25.348913013377828,2,2.6867064606915967e-16,1.813674886009698e-15,0.6833169202418599,0.316683079758142,sample_0565,uniform,train,138.8184556129579
4.214019213016953e-17,5.283960766568004,medium,16.649939790194924,3.0936573328210266,19.7435971230159,2.0895586900788485,0.8550742497155089,0.8550742497155089,nan,15.51203868022838,1,-9.705143465441765e-17,2.631660139169235e-15,0.843308323526589,0.1566916764734136,sample_0567,uniform,train,15.51203868022838
4.4897890124493145e-17,7.469508611325914,deep,61.386404792763706,14.151547454913628,75.53795224767721,2.60394934802651,1.2132795987352096,0.8102802218157288,4.690415759823431,9.236276072012195,3,3.808984674625297e-16,1.6226098043634253e-15,0.8126564589874931,0.18734354101250855,sample_0568,uniform,train,88.35758915696937
4.136792400982808e-17,5.640080459588357,medium,29.33912892754499,11.973902000904566,41.31303092844945,2.4576551631828454,1.6277849736003223,1.6091678176299116,9.92169340384997,28.09839000050013,2,-3.172822872493134e-16,2.5798496979949183e-15,0.7101664600294709,0.2898335399705317,sample_0569,uniform,train,75.83779277312121
4.037170468291176e-17,7.73386674518137,deep,42.01600387585414,19.689918246497005,61.70592212235101,4.446217825855861,1.3570479691074253,1.226337074253319,8.546344247688596,5.249489602098743,3,-5.936429103737475e-18,2.1302721293910426e-15,0.6809071549493169,0.3190928450506853,sample_0570,uniform,train,186.48541160182765
3.967110398153326e-17,8.03243427356847,deep,13.509315498350283,11.426125865262135,24.93544136361237,3.8330719598183673,1.6780753180896313,1.6780753180896313,nan,90.55984849905566,1,2.4819033838855225e-16,1.9234323533489127e-15,0.5417716615220644,0.4582283384779376,sample_0572,uniform,train,90.55984849905566
4.150177658409871e-17,6.475373576877253,deep,30.0693320584173,13.114716474518936,43.18404853293617,3.350916787321412,1.5642107353483654,1.3709465049998473,12.894960255851897,23.500929546356915,2,-1.755371494841059e-16,1.5631132835015819e-15,0.6963064622225874,0.30369353777741415,sample_0573,uniform,train,92.8802029307102
4.564407908635787e-17,3.643707034728192,medium,43.672061840094706,11.89105486365587,55.563116703750524,2.738640819586364,1.5354257621440757,1.2733218775527053,10.516653460107927,2.6123841822800475,3,-9.978786981991264e-18,9.591021588321085e-16,0.7859901393390848,0.21400986066091612,sample_0575,uniform,train,62.90130279965895
4.250398196102704e-17,8.24993895327085,deep,24.327457236701918,5.828086066774418,30.155543303476296,1.8837084864970204,1.3326781347441838,0.9318792653323114,7.707139547199079,6.5039775788386,2,1.8478990425026197e-16,1.295942509591609e-15,0.806732513219136,0.19326748678086536,sample_0576,uniform,train,34.50215055993929
4.181752055071331e-17,7.480495032650744,deep,14.64119937165541,5.921179107532199,20.56237847918758,2.751422184336258,0.8517085727217508,0.8517085727217508,nan,52.935604775222494,1,6.876923079477473e-16,1.4686076467452215e-15,0.7120382200179153,0.2879617799820862,sample_0577,uniform,train,52.935604775222494
4.205874913185628e-17,1.7546465611128523,shallow,31.289345550412747,21.543860342940587,52.83320589335324,3.8284025831381525,1.211322609146645,0.658384043000015,8.289752710425082,90.65118338085365,2,5.464440181052033e-16,1.8155867641505603e-15,0.5922287890985081,0.40777121090149376,sample_0578,uniform,train,189.6445223918268
4.1067645843656675e-17,8.299316919783282,deep,37.93193456497001,15.792664386880782,53.72459895185069,4.286799632429125,1.6426568170843567,1.5773082638634868,15.734039532173549,3.434156958943307,2,3.8897864782337865e-16,1.8846551081108882e-15,0.7060440711519418,0.29395592884806004,sample_0579,uniform,train,117.5403331845512
4.194430826782474e-17,3.8941978044663417,medium,65.85399758384015,20.683635817639797,86.5376334014799,3.5712107873236416,1.2558395713067494,0.7917739578791514,10.363397126425294,87.29317041723766,2,3.630932698116748e-16,6.56863570524173e-16,0.7609868099618492,0.23901319003815144,sample_0580,uniform,train,177.1530814300254
4.42214351542416e-17,4.508656170964741,medium,35.864955382888695,8.415593329547407,44.28054871243603,2.0697646823833216,1.302640933937347,1.1854833241277496,3.9648455203198036,7.43101472494629,3,1.2028660954992145e-16,1.6447544696968955e-15,0.8099483051983083,0.19005169480169334,sample_0581,uniform,train,38.237766876039686
4.419723946959944e-17,1.614410181633651,shallow,34.18321849532234,11.171756485162073,45.35497498048436,2.911112548635561,1.2295986774441658,1.0772895773100566,7.291090453423274,12.065566429664335,2,1.4806264078971605e-17,1.2924662779646903e-15,0.7536817848544934,0.24631821514550786,sample_0582,uniform,train,88.41583544394457
4.3013661804311914e-17,5.976919183215328,medium,31.86807508349973,8.941459301982839,40.80953438548253,1.9831978113744755,1.3057458281531582,0.8957945053250065,8.822698000045111,6.936067636206267,3,-6.514981712203781e-17,9.576156909231404e-16,0.7808977868376854,0.21910221316231554,sample_0583,uniform,train,54.221955512073684
4.646492168444509e-17,5.82595243613479,medium,27.875164615458665,10.250828218559123,38.12599283401772,1.9947853642594398,0.9849898388537178,0.7518515895488549,5.916079783099617,6.144269359352559,3,-1.274816180064477e-17,1.7238948594452415e-15,0.731132818935726,0.26886718106427576,sample_0584,uniform,train,53.70122665372187
4.737794279897504e-17,4.389401037397219,medium,107.208365212064,24.792930888484566,132.0012961005485,3.7304267471727766,1.2494817803808862,1.08305631019604,5.989991652748777,39.7421960075295,3,3.2136478317691423e-16,4.575419660546617e-16,0.812176610223591,0.1878233897764095,sample_0586,uniform,train,215.66728913890944
3.93901391529333e-17,4.300293930527623,medium,13.305417996213524,8.608066807192712,21.913484803406206,3.2220835895529545,1.1995959705526387,1.1995959705526387,nan,58.26396048981703,1,2.0581869577104354e-16,1.378058603673584e-15,0.6071794657755825,0.3928205342244189,sample_0587,uniform,train,58.26396048981703
4.321460731604614e-17,6.9600223095974725,deep,59.24429695324568,24.17941836024508,83.42371531349055,3.29783202501203,1.0625063011355644,0.7548826338445725,8.657944328765344,40.34497427763996,3,-9.827899119812588e-17,2.555182539245639e-15,0.7101613339877854,0.28983866601221725,sample_0588,uniform,train,174.8608011569981
3.982897536413435e-17,2.04119931848773,shallow,19.93820752982245,12.21570250221122,32.15391003203359,3.16626656245484,0.7253602667208596,0.6197811969271596,3.8626415831655962,21.929790820186525,2,1.2093862894638155e-16,2.375553829009077e-15,0.6200865620995658,0.37991343790043663,sample_0589,uniform,train,82.34827947873211
4.171676586107901e-17,1.6483387590507774,shallow,44.79300213905206,11.90364709646823,56.696649235520205,2.432777056427238,1.611755845002614,1.4524075236947653,9.624967532412771,34.36672950525364,2,-3.9311138992331374e-17,1.4412212311343973e-15,0.7900467266236509,0.20995327337635056,sample_0590,uniform,train,73.23356776478772
4.418816377334247e-17,4.034445540328747,medium,88.52411764954543,11.568765976803522,100.09288362634874,3.3772134620844136,0.9262158923761166,0.7920755419795271,5.946427498927403,11.264044682525594,2,3.4412483691284976e-17,2.1651442795457813e-15,0.8844196954102148,0.11558030458978731,sample_0591,uniform,train,88.67685225778742
4.3265524474750836e-17,8.380817777014538,deep,77.49247832327298,17.253940154483104,94.74641847775601,3.0797830686867176,1.4635212564715225,1.2308585058658241,6.292853089020906,12.034731708122232,3,4.615834197798068e-16,7.499415251531825e-16,0.8178934841897606,0.18210651581024015,sample_0592,uniform,train,122.60105660336875
4.351442948151913e-17,1.8962752544395012,shallow,74.00562379804552,16.786023790215115,90.7916475882605,3.3081353440336434,1.256438903569613,0.8514792968834519,4.569463863518346,7.691575558746678,3,3.4875677380729764e-16,1.4478248782503125e-15,0.8151148895728879,0.18488511042711347,sample_0593,uniform,train,123.34568906770947
4.7227950258070605e-17,1.676520508129321,shallow,58.40316553643434,16.23570729408371,74.63887283051804,3.614953140618422,1.2461933561575913,0.8612300176792775,14.503792607452715,52.1955169800886,2,1.1150719591716275e-15,9.51974097161843e-17,0.7824765209015145,0.21752347909848552,sample_0594,uniform,train,151.32430031826738
4.5258515930423194e-17,5.351211032671157,medium,166.11884496729564,6.1707416049373744,172.28958657223265,1.9255766579312614,0.6558449332372156,0.6012384944602763,10.507140429250958,7.360242605150707,2,9.997187537361295e-17,2.1342315172466365e-15,0.9641838968465462,0.035816103153456014,sample_0595,uniform,train,37.26711842906561
4.038370836501839e-17,5.803601665858356,medium,10.959388788572458,7.482544528735296,18.441933317307733,3.0609850694974754,0.6875362303949903,0.6875362303949903,nan,50.71033452122657,1,-1.1455795110712172e-16,1.1558594050873018e-15,0.5942646359255125,0.40573536407448874,sample_0596,uniform,train,50.71033452122657
4.3643589747852746e-17,3.289666708974791,shallow,127.71106302424411,22.642850446629666,150.3539134708735,3.8711383081741206,1.0099549963191565,0.6189725581353247,9.493155429044656,6.6323332201180305,3,7.317359392427293e-17,1.8903205626177365e-15,0.8494029857692015,0.15059701423080038,sample_0597,uniform,train,187.07713413035842
3.9482367953186096e-17,1.787882584251697,shallow,59.05208549176742,18.83075521463623,77.88284070640356,3.9904897227972804,1.1034187940501397,0.8691453748527342,3.1622776601683813,9.592242779027172,3,3.7607281114657117e-16,1.23163547268669e-15,0.7582168929145408,0.24178310708546047,sample_0598,uniform,train,139.29168630814323
3.813722442563486e-17,4.097184561346046,medium,14.971315734951997,10.604839942486548,25.576155677438525,3.3749710278478195,1.4262036234452067,1.4262036234452067,nan,79.18609767328208,1,1.7037266436753623e-16,7.639899240463059e-16,0.585362238319445,0.4146377616805557,sample_0599,uniform,train,79.18609767328208
4.355407351772182e-17,7.058497367679751,deep,26.41503055484669,4.37318269709941,30.788213251946086,1.8079685812641608,1.7227877233709128,1.7227877233709128,nan,24.754904002440686,1,3.1455997698892653e-16,4.904160241889885e-16,0.8579591916779071,0.1420408083220934,sample_0600,uniform,train,24.754904002440686
4.328874450173133e-17,1.4150887977527038,shallow,41.491800886880526,11.863451740977712,53.35525262785816,3.2197904358287337,0.7899792512927724,0.6892791412109887,8.091971329657564,21.057385875999476,2,3.795088235054667e-17,1.531478356636013e-15,0.7776516620824054,0.2223483379175961,sample_0601,uniform,train,83.20124345960926
4.3180425236415016e-17,2.9541767263295267,shallow,25.83121399432285,12.691099284193843,38.52231327851668,2.1832178514268685,1.076345859620252,0.6376626249684809,12.701181047445942,11.15204021696592,3,2.189789521468254e-16,4.611241351362194e-16,0.6705519943094522,0.3294480056905482,sample_0602,uniform,train,70.58894237437028
3.84801306645389e-17,4.988556963371018,medium,13.80671002592629,11.050707770301985,24.857417796228255,2.5155868611753665,1.6982566016548266,1.6897447579534108,18.952572384771415,29.20932385189811,2,7.593185084033088e-17,7.860802515202383e-16,0.5554362138138601,0.4445637861861406,sample_0605,uniform,train,68.28632300556048
4.096740066610027e-17,4.511219444295943,medium,35.09738106719554,14.656532656198925,49.75391372339439,3.5028411526983305,1.2851685229180636,0.9064325309792769,12.271919165313957,17.400589620124975,2,4.934014123288596e-16,1.535222827270675e-15,0.7054195025203149,0.29458049747968656,sample_0607,uniform,train,117.1680653101232
3.9972443778958107e-17,4.891904324575122,medium,33.621878548001916,14.800728288797874,48.42260683679975,4.110974696482886,1.074647515818271,1.074647515818271,nan,120.56164122911531,1,4.049493122174127e-16,8.070579636184721e-16,0.6943425962447417,0.3056574037552592,sample_0608,uniform,train,120.56164122911531
4.3231024691216425e-17,4.04006546205092,medium,31.64163299426914,8.93523106861429,40.57686406288338,2.8966980432448537,0.9146986656092047,0.9146986656092047,nan,62.664272091551965,1,1.630898547362472e-16,1.2257721894458457e-15,0.7797949330247157,0.22020506697528547,sample_0609,uniform,train,62.664272091551965
4.180042319935613e-17,5.509403678871916,medium,62.613143091421854,20.884266054974837,83.4974091463965,3.640162335466846,1.3070171355937255,1.0501934364411083,11.581018953442744,7.6562338428715355,3,3.494861173153379e-16,2.212537049786998e-15,0.749881268551002,0.25011873144900015,sample_0611,uniform,train,156.18708433454282
4.200563764230734e-17,2.764513595301481,shallow,28.23826644130859,7.445094089102748,35.683360530411306,2.39366441710162,1.3697892732163224,1.3697892732163224,nan,57.448461279170225,1,2.268909030509526e-16,8.711692012026442e-16,0.7913567001976285,0.2086432998023724,sample_0612,uniform,train,57.448461279170225
4.316128577993462e-17,2.0816416531090676,shallow,93.94784312729877,27.606450136872073,121.55429326417065,4.406236568494362,1.381080914474639,0.9596059155807071,3.984971769034256,9.066179729735987,3,4.084604569762878e-16,1.5490512092996392e-15,0.7728879055149822,0.22711209448501932,sample_0613,uniform,train,235.18145050136192
4.499459649331719e-17,8.019562234426992,deep,68.54128165835188,7.992579095294681,76.53386075364645,1.9026863426610543,0.7958799981587936,0.7865791803793992,12.294714311442947,11.390232441137746,2,-1.1596688315544365e-16,1.4042096886977542e-15,0.8955680659960203,0.10443193400398104,sample_0614,uniform,train,40.243181692057966
4.484864749629154e-17,4.185422289080035,medium,16.234561907033164,5.140172487302079,21.37473439433524,2.5924881066596703,0.9671107544198759,0.9671107544198759,nan,35.27893024310486,1,1.3630630191500022e-16,2.493163386214085e-16,0.7595211059715282,0.240478894028472,sample_0615,uniform,train,35.27893024310486
4.2723728131566036e-17,7.503850047186779,deep,5.23219190238211,5.2817550725612135,10.513946974943298,1.9779967907498457,0.8736851652224169,0.8736851652224169,nan,32.41644288389289,1,-2.6284697289759317e-16,2.3653339522132816e-15,0.4976429798296873,0.502357020170315,sample_0616,uniform,train,32.41644288389289
4.373776546240955e-17,3.567623889404795,medium,15.015366207165771,7.389866694203169,22.405232901368894,2.2816942167933525,1.144607639680268,1.144607639680268,nan,49.75777296917706,1,-1.296863706546817e-16,2.0613612019888767e-15,0.6701722884678595,0.3298277115321426,sample_0617,uniform,train,49.75777296917706
4.204866660294904e-17,6.359473981241019,deep,27.248744665511577,7.061496277585709,34.31024094309722,1.9661099081948508,1.3560010230020494,0.9724627186994894,9.947864092356712,12.121221702786002,2,-3.206586206444054e-16,1.9156147334206448e-15,0.7941869225198104,0.20581307748019156,sample_0618,uniform,train,31.609206914814365
4.1364545965478853e-17,7.927912109744037,deep,22.39361865003042,6.648586198310115,29.04220484834046,2.3126170959161803,1.6357794343973104,1.6357794343973104,nan,37.52048418104384,1,-2.869393074747799e-16,2.507751418865568e-15,0.771071575556015,0.22892842444398745,sample_0619,uniform,train,37.52048418104384
4.06946930703027e-17,1.6888237965662907,shallow,7.701606318498302,6.955801800701401,14.657408119199669,2.339737183756549,1.622459674905162,1.622459674905162,nan,53.65248483090426,1,2.9341295267142394e-16,2.3632389905914866e-15,0.5254412141536814,0.47455878584632094,sample_0620,uniform,train,53.65248483090426
4.184839135170432e-17,3.4154600627586467,shallow,10.124976014226826,12.945027840644336,23.0700038548711,3.6030935981744814,1.3356704668510395,1.3356704668510395,nan,105.00184247261552,1,3.956679051782207e-16,2.6949492410198014e-15,0.4388805514693919,0.5611194485306108,sample_0621,uniform,train,105.00184247261552
4.009251478318728e-17,8.011635884727578,deep,22.52009358483224,8.218834607368803,30.738928192201033,3.016497558996251,1.7071319864494603,1.7071319864494603,nan,57.00070023302589,1,1.4325590027832446e-16,2.889425467754177e-16,0.7326245548973289,0.2673754451026713,sample_0622,uniform,train,57.00070023302589
4.445155116840239e-17,5.414577215424858,medium,66.11906753683009,17.597289412415847,83.71635694924584,2.58286697141158,1.0901718052947669,0.8756863383345022,5.9866518188383075,21.77936557015057,3,-3.924185428873068e-16,1.1882502611374105e-15,0.7897986719240023,0.2102013280759988,sample_0623,uniform,train,104.28371967926995
4.0545628254041034e-17,7.392288240230512,deep,28.019316609519233,16.83454008547679,44.853856694995955,3.344254578481092,1.199409865630114,0.9318572757745643,6.006662967072484,23.5572386065588,2,8.32316138223236e-17,1.5049220930145839e-15,0.6246802097765912,0.3753197902234103,sample_0624,uniform,train,130.0166019369263
4.2026488536075775e-17,4.953368925523784,medium,31.020196808240666,10.822174724255323,41.842371532495946,2.5326925766084276,1.2880622206756371,0.9048015215959819,3.949683531626301,36.627172071423814,2,4.3932442120225705e-16,1.0188849862990289e-15,0.7413584763987271,0.25864152360127396,sample_0625,uniform,train,76.68658591101492
4.478970996450927e-17,6.183096035254357,deep,57.90423123990864,11.15220653696367,69.05643777687217,3.287807884108199,1.331134296344309,1.331134296344309,nan,92.41549268530888,1,9.605887791776363e-17,1.9806911714120934e-15,0.8385059105858116,0.16149408941419038,sample_0627,uniform,train,92.41549268530888
4.1070890649121217e-17,3.5677491431684323,medium,16.837863513928998,8.592502297698688,25.430365811627627,2.962893067130436,1.3191575335745702,1.0021588051234338,9.977975746613136,16.422890654505757,2,2.3482563823400994e-16,2.3051094166095447e-15,0.6621164492344878,0.3378835507655145,sample_0628,uniform,train,59.04119378247211
4.027780777223638e-17,7.125251833916261,deep,27.137754770645184,19.020829414462646,46.15858418510779,4.052748184506571,1.0004983336567757,0.7296130864552878,7.644605941446558,7.253134807264659,3,7.277936019593224e-16,8.466431793073475e-16,0.5879243319469204,0.41207566805308044,sample_0629,uniform,train,199.56396428144714
4.0650318796189954e-17,5.696420635690103,medium,8.856287858200545,8.503497548035568,17.359785406236085,2.902277487566258,1.3588632075578875,1.3588632075578875,nan,50.614946211747615,1,1.3321037780611277e-16,1.637215481949114e-15,0.5101611368432664,0.4898388631567353,sample_0630,uniform,train,50.614946211747615
4.401879639111563e-17,2.3178917876876066,shallow,34.85524628050673,6.365874720018535,41.22112100052517,1.9381867583482744,1.3099264488729552,1.2899895821129395,3.2249030993194214,7.225276461151047,2,-4.867286288175331e-16,2.154668282041164e-15,0.8455676467426166,0.1544323532573855,sample_0631,uniform,train,28.560271644896797
4.244799483792834e-17,2.212047045858135,shallow,64.14920573045636,13.676197776765752,77.82540350722195,2.5723892934580475,1.2302081967423835,1.1268417882478308,9.374433316206371,46.95627422694843,2,1.3130530657740394e-16,2.07706565081185e-15,0.8242707758592414,0.17572922414076073,sample_0632,uniform,train,96.77576154780327
4.242477283104634e-17,3.590577813835783,medium,26.289421075026723,16.67549715855419,42.96491823358076,3.97914808740047,1.380473421740132,1.1204294624801583,19.4411933790084,13.920198289240558,2,-4.503303529321621e-16,3.555614544822322e-15,0.6118810917340299,0.38811890826597367,sample_0635,uniform,train,140.75889012609838
4.3614188110434515e-17,1.3024450094008777,shallow,33.43334226168545,7.915377409695866,41.3487196713812,1.943869253014496,0.9830971008468515,0.8808501964361946,5.051732376126035,12.30671434909195,2,-7.16322085013625e-17,2.964266436608702e-15,0.8085701934037335,0.1914298065962695,sample_0637,uniform,train,43.07404086785424
4.1890374129793214e-17,4.839531110358523,medium,27.0667081667405,6.548514924376968,33.61522309111741,2.729317043180448,1.3907052579179116,1.3907052579179116,nan,43.2462343539325,1,-2.1925437861905284e-17,1.823111832195533e-15,0.805191983803692,0.19480801619630983,sample_0638,uniform,train,43.2462343539325
4.4370434953056967e-17,4.138702032555671,medium,45.897009002647344,14.68849662881843,60.585505631465615,2.3154012663519956,1.4058295598689607,1.1114698612465128,8.333066662399863,3.8462521408765813,3,1.5195635311545372e-16,2.638784869082475e-15,0.7575575795609161,0.2424424204390865,sample_0639,uniform,train,94.64206992424943
4.358461555594791e-17,7.393978168961846,deep,54.39024192702407,12.123560339681724,66.51380226670581,2.219255919677331,1.0930687086522983,0.9416136266854989,16.590358645912392,33.58127273430829,2,7.886049147644671e-17,2.1365271914872016e-16,0.8177286529032138,0.18227134709678597,sample_0640,uniform,train,79.36496041295052
4.3292066906412134e-17,4.404174874050778,medium,39.7469679237913,16.44460747762304,56.19157540141427,3.4914656131653397,1.0316849184869077,0.7427194579126294,5.74108003776293,29.524835199909734,2,-1.425502663057076e-16,1.327725494824492e-15,0.7073474562663876,0.2926525437336137,sample_0641,uniform,train,111.7123748145699
4.06095172110775e-17,2.822219027425419,shallow,51.01703315699726,17.824785175394656,68.84181833239178,3.0079873742256606,0.9386417617281619,0.6456516057431446,5.418486873657628,48.904031723462104,2,2.3185451124495517e-16,1.9094557537822595e-15,0.7410762003796822,0.25892379962031964,sample_0642,uniform,train,130.03274082644805
4.109420146285167e-17,6.106960565908871,deep,31.300287819268718,13.196117178083407,44.49640499735203,2.9944086571192354,1.30092922493137,0.6385689359931618,4.5431266766402185,4.686481129253601,3,-2.766359406091956e-18,2.1158318856054984e-15,0.7034340823968002,0.296565917603202,sample_0643,uniform,train,74.6583644725149
4.067968540125946e-17,6.122031236132541,deep,10.855881275734847,8.758421000336705,19.6143022760715,2.671305404931272,1.5306705982082136,1.5306705982082136,nan,59.407200055198594,1,2.7014446138480522e-17,2.7169309635357053e-15,0.5534676239275917,0.446532376072411,sample_0645,uniform,train,59.407200055198594
4.3378355891482356e-17,6.9577126292720415,deep,42.219868924891514,11.980193177725273,54.20006210261671,3.360388962442149,1.1531965463998624,1.0565020475403077,9.13892772703669,2.6635316457574603,3,1.1964081969671528e-16,1.3765111027651126e-15,0.778963478767918,0.2210365212320833,sample_0648,uniform,train,87.25162898872205
4.365376722598106e-17,5.578451934289655,medium,22.130268952470292,13.070012857026166,35.200281809496396,2.8688158365903678,1.1802311344341547,0.7532423473156662,12.21310771261762,37.29775851268308,2,3.5028174610699177e-16,1.7662497623026348e-15,0.6286957892052997,0.37130421079470205,sample_0649,uniform,train,88.33182254479047
4.413995025882607e-17,3.5249182866454127,medium,42.96138935801786,11.627469574898598,54.58885893291638,2.303383026577125,1.0249920875906002,0.8050342422388342,7.539230729988307,9.776837874209964,3,3.319012878979309e-16,1.4317885088908081e-15,0.7869992192145401,0.2130007807854614,sample_0650,uniform,train,57.345506518848396
4.092419863849081e-17,5.184786790233322,medium,47.13888259934201,20.67117141699678,67.81005401633868,4.231690358635642,1.1443909384031403,0.7658164146909407,4.019950248448356,4.4578701943923935,3,1.456793489056909e-16,1.6241562647373642e-15,0.6951606702449168,0.3048393297550848,sample_0654,uniform,train,163.36606082827169
4.4695912447166004e-17,7.893165858372005,deep,34.76744992738151,7.255383602208918,42.02283352959038,2.373090084748526,1.1926289185439143,0.7674431786500041,11.575836902790227,21.247525098107236,2,1.4124567227511826e-16,1.2470012695695102e-15,0.8273466353214857,0.17265336467851555,sample_0656,uniform,train,43.50821609271107
3.9128928540355126e-17,5.2465503633728865,medium,32.846834125166225,11.418409339978405,44.265243465144565,3.4281443807656293,1.1738925268006897,0.7384096011759775,8.874683092933516,2.9169272001530455,2,1.3108549564797027e-16,1.4848038305620696e-15,0.7420457124793757,0.2579542875206258,sample_0657,uniform,train,87.35652945309036
4.3939988521225426e-17,1.4987967213363504,shallow,61.45518437674837,7.118357323846476,68.57354170059475,1.8419728763556,1.6114705822660245,1.4771309393674672,12.345039489608771,18.38518522383525,2,1.995919654239111e-16,1.4765511206625646e-15,0.8961938213002547,0.10380617869974679,sample_0658,uniform,train,38.569916496059264
4.576337301663107e-17,2.322912707974459,shallow,63.08192595143992,20.70528207568959,83.78720802712942,3.4054334031500164,1.1274600139376998,0.7646525675882972,7.962411694957754,14.49829142909868,3,2.113516390583268e-16,1.0176389725697038e-15,0.7528825394326859,0.24711746056731518,sample_0659,uniform,train,159.10289384357708
4.2982765616711906e-17,7.560835412772828,deep,81.60941582136675,25.850927430011634,107.46034325137818,4.040180464739528,1.0886403215850227,0.7895134518069526,5.418486873657629,4.304316089065162,3,2.828817368396094e-16,1.9505810302401143e-15,0.7594375129666274,0.2405624870333745,sample_0660,uniform,train,217.97258870311677
4.196919354408498e-17,6.015345729354605,deep,52.78971541749744,17.048945658412666,69.83866107590995,3.093385908124071,1.3666564584492142,0.8516459047918814,3.682390527904392,7.6666217352524555,3,-5.674011435829218e-19,2.1874229235634167e-15,0.7558809777312103,0.2441190222687918,sample_0662,uniform,train,114.2027088720551
4.318041447083825e-17,4.46233255858593,medium,38.75025262575802,14.155670393757704,52.90592301951563,2.9002431656812315,1.4667483014051932,1.3069005721573694,11.208925015361643,39.32249079644842,2,-1.2109137625861654e-16,1.7795155459906616e-15,0.7324369449421392,0.26756305505786265,sample_0663,uniform,train,88.7308704922479
4.19210596861866e-17,6.15755117990274,deep,56.106641919787265,13.457573277072207,69.56421519685937,2.8091553109437783,1.3835309520346553,0.9782736999709316,12.240914998479486,39.38490689650202,2,-1.3570897714632854e-16,1.5321298466805227e-15,0.8065445971180931,0.19345540288190846,sample_0664,uniform,train,89.71666629090757
4.444347768463192e-17,2.120260006448005,shallow,68.69422326758863,12.511997489594512,81.206220757183,3.3691071891487554,1.5830479921636271,1.5272493012030557,12.789057822998537,11.002320103890979,2,-2.262128379389087e-16,1.64059799499085e-15,0.8459231648397127,0.15407683516028883,sample_0667,uniform,train,103.04108530831363
4.402984305653463e-17,5.942391189692789,medium,42.908118450773635,13.680762729000511,56.588881179774056,2.2051867121082367,1.020801647895124,0.7027738115052424,5.610704055642215,23.050446913442567,3,-4.070245034337808e-18,1.6009187126638735e-15,0.7582429190367138,0.24175708096328782,sample_0668,uniform,train,85.57075242086736
3.963974346990839e-17,3.986089066947999,medium,23.961109181070185,16.44819750760667,40.409306688676786,3.0051228176895735,1.1442432739096564,0.8766728703049531,11.079711187571634,41.716742460210824,2,3.697707142031093e-18,1.758364084873556e-15,0.592960165480503,0.4070398345194987,sample_0670,uniform,train,97.92714085215499
4.1025498221013636e-17,1.571296342110173,shallow,26.17806088038213,7.662077984217749,33.84013886459982,2.3100602717503755,0.9774332048869654,0.8024522879627949,13.81882773609976,15.539728367359496,2,5.167578985431786e-17,1.6797631678832124e-15,0.7735801849136915,0.22641981508631015,sample_0671,uniform,train,40.632850051838005
4.2189346926492916e-17,7.149084523352493,deep,23.44958892130091,8.928824123358831,32.37841304465971,2.584301783980001,1.386851041237298,1.200353567526205,9.775479527879948,12.471864038435697,3,6.99194997102858e-16,1.0423852429719806e-15,0.7242352764157025,0.27576472358429854,sample_0672,uniform,train,66.58113866920579
4.014428897399631e-17,6.127378156398291,deep,20.312696487205518,6.6785376993553305,26.991234186560828,2.266545083352063,1.2918964186467534,1.276228378267923,11.551623262554921,4.470699446905882,2,2.7391272052525806e-16,7.568421477841948e-16,0.7525664201498199,0.24743357985018088,sample_0673,uniform,train,25.60526222639782
4.349406348161674e-17,2.281032605594312,shallow,48.24850441470115,14.240973147261654,62.4894775619627,3.101837040828752,1.2249416791880778,0.8696473306201091,4.57820925690384,2.766646851308101,3,2.997420434564081e-17,1.6771632219311357e-15,0.7721060616462888,0.2278939383537129,sample_0675,uniform,train,100.71997572900139
4.147408061119323e-17,4.004446871772002,medium,29.213696730004475,13.692325860436478,42.906022590440905,2.6047528846102908,1.1291675558735303,0.8584437401707636,12.445079348883239,26.99701145328866,2,1.6971350966503707e-16,1.1178298935239037e-15,0.6808763657462167,0.3191236342537845,sample_0677,uniform,train,87.7562375364056
4.3135362515945923e-17,7.2666973882210435,deep,37.61313374161785,17.265610974526336,54.878744716144126,3.2522789451294982,1.221780662012623,1.2025839239621643,10.512849280761138,11.119522939368169,3,3.374149692426099e-18,1.1005377920359263e-15,0.6853861897929471,0.314613810207054,sample_0678,uniform,train,109.44086134687485
4.1124164871854204e-17,3.9538441823976207,medium,78.93653805881371,23.882893973503187,102.81943203231667,3.451257925730062,1.5332427518749636,1.101653907364664,6.68430998682736,39.18607440864154,3,2.966433922925647e-17,2.211388168063089e-15,0.7677200359753354,0.23227996402466677,sample_0679,uniform,train,189.31957663795617
4.299866356890164e-17,5.389101859256086,medium,13.745367217893207,5.8782344825738555,19.623601700467002,1.8367329297907424,1.1911900763032492,0.6676674681543038,27.253623612283196,12.836388326125226,2,-1.6205242411644413e-16,3.0777292293988625e-15,0.7004507851158687,0.2995492148841344,sample_0680,uniform,train,26.722403987160384
4.1208287598176305e-17,7.511589281352564,deep,9.129758229878885,9.975707815728441,19.105466045607297,3.247924821881453,1.0117739159266192,1.0117739159266192,nan,71.59050686460137,1,1.19829225397032e-16,1.4876218859334599e-15,0.47786105861458356,0.5221389413854179,sample_0682,uniform,train,71.59050686460137
4.180098770231327e-17,6.360098410405993,deep,12.211072591897286,7.488556514469892,19.699629106367155,3.0365187585684676,0.7010589419238131,0.7010589419238131,nan,57.293577329879305,1,3.9850351896494174e-16,1.1722372430219735e-15,0.6198630708204818,0.38013692917951947,sample_0683,uniform,train,57.293577329879305
4.287716789513704e-17,6.467708318207794,deep,39.83394782852808,18.69775661231732,58.53170444084527,3.7575662765358087,1.53951730054131,1.5052700833176518,7.602631123499284,36.666004707943436,2,1.3955119739390356e-16,2.3064956177870948e-15,0.6805533549563046,0.3194466450436977,sample_0684,uniform,train,155.4190218992532
4.035705889487986e-17,1.600097196774505,shallow,18.52338557090029,13.171390805366107,31.69477637626635,4.011677810187631,1.7324201584166758,1.6843071191529924,12.574577527694522,23.82005216488623,2,2.775579834374969e-16,1.513234676100171e-15,0.5844302338971842,0.4155697661028173,sample_0685,uniform,train,116.5123739905116
4.097718829341659e-17,7.8882570474538465,deep,8.05076662623234,5.078119214703128,13.128885840935444,1.9999530867888216,1.3210230786522748,1.3210230786522748,nan,33.50796357841056,1,1.0668205477340953e-16,1.826569110467239e-15,0.6132101934446188,0.3867898065553831,sample_0686,uniform,train,33.50796357841056
4.0931128402736805e-17,2.0414327397828016,shallow,55.54823110136673,17.898634518232413,73.44686561959902,3.7437364575408663,1.4583315046865024,1.2579323214957459,5.649778756730213,4.863818238835258,3,-3.335084579562727e-17,1.6446211020744234e-15,0.7563049918163409,0.24369500818366072,sample_0687,uniform,train,137.60064543998286
4.146679607691312e-17,6.038668926926938,deep,30.708118024360857,16.37697705033015,47.08509507469085,3.1491156980769373,1.1695860786587469,0.8163152182733363,7.222188034107115,13.288514076244262,3,1.766410366279364e-16,3.395386911557006e-15,0.6521834133635862,0.34781658663641724,sample_0688,uniform,train,103.30587271280196
4.39753049525064e-17,7.274874761192569,deep,62.859887231330546,20.13404717434269,82.99393440567313,4.34164229555556,0.9258605335297545,0.6316116968777371,9.82445927265211,44.824964954664914,2,4.458848555950264e-16,1.2842072270371792e-15,0.757403389554619,0.24259661044538225,sample_0689,uniform,train,221.2256696468435
4.114473789647788e-17,7.626388602214813,deep,36.21417814848543,24.123740595117017,60.33791874360236,3.9046506727190264,1.2511818405390174,0.7542947541738008,9.156418513807678,90.68219155716396,2,3.146489807065172e-16,1.4720070532666475e-15,0.6001893817778596,0.3998106182221418,sample_0690,uniform,train,208.9488683795364
3.9460529089095516e-17,2.1072057633361276,shallow,19.508450462385653,10.189093304180426,29.697543766566064,2.724325230143816,0.9054007155849693,0.8687830698255345,13.266499161421597,15.935538508116975,2,7.789600418143174e-17,5.383344723815474e-16,0.6569045108824305,0.34309548911757004,sample_0691,uniform,train,75.13726576962205
3.8335104841298304e-17,5.4421521038137906,medium,9.359955930317348,7.180192745057627,16.54014867537494,2.236806825759919,1.4940276926688583,1.4940276926688583,nan,46.87853675324464,1,-2.009933782035716e-16,2.0942350064770304e-15,0.5658930952810901,0.43410690471891195,sample_0692,uniform,train,46.87853675324464
4.3316816767686956e-17,7.613832841867142,deep,40.703174798881086,5.089995552914695,45.79317035179576,2.473256452731534,1.7681862723843889,1.7681862723843889,nan,26.173718202501206,1,6.165356931731524e-17,5.042812876854613e-16,0.8888481510711767,0.11115184892882381,sample_0693,uniform,train,26.173718202501206
4.381692663951147e-17,2.1822944700390026,shallow,28.995346054085744,8.917069339486357,37.912415393572054,2.8641518332143256,0.7298919870920921,0.6253167635215805,14.46927779814874,10.41011679836792,2,-9.30732548808174e-17,1.2182098488042284e-15,0.7647981737138759,0.2352018262861253,sample_0694,uniform,train,50.45488579776104
4.2907593323572596e-17,7.035322485360504,deep,45.99386902801326,6.898057422913783,52.89192645092689,2.9183765571116886,1.7377566265819788,1.7377566265819788,nan,45.183241630470945,1,2.5273518493533857e-16,2.8714875777805948e-15,0.8695820348061316,0.13041796519387128,sample_0696,uniform,train,45.183241630470945
4.2190833144767374e-17,1.9237250731870486,shallow,23.66443868321625,13.490748312629862,37.15518699584613,3.0719277916996783,1.2032554563348878,0.632199269796012,15.276125163142648,11.793058017191717,3,9.028129174934894e-16,4.780912122979877e-16,0.6369080765455947,0.36309192345440483,sample_0697,uniform,train,95.9855451201265
3.804455781892599e-17,3.4703425833182395,shallow,16.773466991801588,7.406791664393358,24.18025865619492,2.5953913498725605,1.4495995480048793,1.4495995480048793,nan,47.99856455591407,1,2.1156900221653342e-16,1.1019465494500526e-15,0.6936843492988968,0.3063156507011044,sample_0698,uniform,train,47.99856455591407
4.318624871375619e-17,4.679994902161191,medium,29.888420933713302,4.688125937960229,34.576546871673536,2.1597736505342975,1.3126086756162354,1.3126086756162354,nan,23.900191778722014,1,3.32943375375393e-17,1.2843654153731527e-16,0.8644131250191173,0.13558687498088265,sample_0699,uniform,train,23.900191778722014
4.4336642736005314e-17,2.8255294354774945,shallow,18.082063998577258,10.893927684803506,28.975991683380684,3.209730348844316,1.2078791471058081,0.9441917286138388,6.095900261651267,5.301517143590202,2,-3.3514438543444144e-16,2.7586996381856007e-15,0.6240360708326788,0.375963929167324,sample_0701,uniform,train,76.93441322758152
3.9719109857553976e-17,8.069986475532936,deep,20.496338469984057,13.09624700309461,33.59258547307863,4.268807526821363,0.9698023741612101,0.6371519940558944,12.097933707869291,5.48910930020282,2,3.7058042386326664e-16,1.1633475041129067e-15,0.6101447144165187,0.38985528558348237,sample_0702,uniform,train,125.09385161395497
4.337388443748023e-17,4.2549196624432755,medium,16.193887252561638,10.672125762707612,26.866013015269232,3.150597995898504,1.0811629269552012,1.0811629269552012,nan,95.37352670599017,1,-4.423882956894198e-17,6.611910886779748e-16,0.6027648108172166,0.39723518918278405,sample_0703,uniform,train,95.37352670599017
4.33776297547931e-17,6.52364403015832,deep,173.136780639165,23.52290614453546,196.6596867837001,3.758600784385204,1.1638727910863775,0.667334239529398,5.203844732503073,5.77535488649182,3,-8.49094397188402e-17,1.9149204196946078e-15,0.8803877575051403,0.11961224249486159,sample_0704,uniform,train,188.43571772663947
3.8919551103441125e-17,5.159631262411326,medium,15.667252195756845,8.258092103660433,23.925344299417244,2.8153609246990214,1.3233173654952888,1.3233173654952888,nan,60.67287058591495,1,4.1270939311368144e-16,1.4106706062920413e-15,0.6548391529788123,0.34516084702118904,sample_0705,uniform,train,60.67287058591495
4.11320861579845e-17,3.798558961481912,medium,48.118240719470194,13.206011053943064,61.324251773413174,3.7125856836934434,1.208408165270585,1.10852119426767,6.2801273872430325,10.510963032860857,2,2.9165387504532337e-16,1.3614315550117795e-15,0.7846527161433973,0.2153472838566041,sample_0706,uniform,train,119.21264719909227
3.978289913233836e-17,1.5292792870732492,shallow,69.68705674802872,25.254086613326578,94.94114336135509,3.358121997435085,0.9948842246636719,0.6525823238235686,5.888972745734182,10.882646787513002,3,1.446995086525062e-17,2.2452101710710597e-15,0.7340027124256668,0.26599728757433544,sample_0707,uniform,train,199.5276804174235
4.6545951626593e-17,1.5684911779335184,shallow,25.946653304935403,7.126779853289892,33.073433158225264,2.0924555463683157,1.0797268946727347,0.6717317403701504,14.252017401055896,20.212866895021268,2,-3.1784674782572483e-16,9.399158696584641e-16,0.7845164782502342,0.2154835217497668,sample_0708,uniform,train,40.54561336805301
4.359012910083474e-17,1.5660953155836603,shallow,63.42439131832692,9.409371097485753,72.83376241581254,2.9733729634077872,1.7667259851423687,1.7667259851423687,nan,75.03639645907707,1,-3.0611132807043202e-18,1.7560220451971441e-15,0.8708103112431989,0.12918968875680292,sample_0709,uniform,train,75.03639645907707
4.1554277114906005e-17,2.9149351566102055,shallow,8.849036756368458,8.378482070758126,17.227518827126545,2.674602908191555,1.3091858558574185,1.3091858558574185,nan,65.13489724519944,1,-6.774234057443709e-16,2.2684549562221442e-15,0.5136570649068,0.4863429350932023,sample_0710,uniform,train,65.13489724519944
4.150290219016862e-17,8.353881321423703,deep,30.1776619369762,13.381410152462985,43.55907208943915,2.907320746550611,1.111882482525606,0.9334140268734951,12.124355652982143,6.021039415615195,3,8.870905622186671e-17,8.563886198220796e-16,0.6927985489455075,0.3072014510544933,sample_0711,uniform,train,80.39913789652051
4.550640815603037e-17,5.88902599908618,medium,60.622096544539964,6.95636040246727,67.57845694700708,2.5528062520172496,0.7171478629960987,0.7171478629960987,nan,37.997890538952355,1,-9.790095914940234e-18,2.2342968183991415e-15,0.8970624557479601,0.1029375442520422,sample_0713,uniform,train,37.997890538952355
4.2704269212510774e-17,4.296955115477053,medium,33.4006261614459,12.290127845628119,45.690754007074,2.6022240879148506,1.2058338001503308,0.9843395434240645,2.7276363393971708,2.583456582993799,3,-1.1640290463865883e-16,4.2765600301491013e-16,0.7310149917043326,0.26898500829566785,sample_0714,uniform,train,79.72559862147757
4.0793367313255124e-17,3.949247374474778,medium,38.60177388784775,19.67294428654835,58.274718174396014,3.5030095607193137,1.3003443450287326,1.0030479406170993,3.6823905279043947,11.853163392869618,3,1.0336110412670407e-16,1.4631581406544613e-15,0.6624103058263796,0.3375896941736218,sample_0715,uniform,train,179.93268108055892
4.3485798886719817e-17,6.303635373341859,deep,64.79546399122489,10.082605461690152,74.87806945291491,3.5664982829340874,1.2184137028834274,0.7932650035543086,11.31901055746482,2.419985705705983,2,5.672222809592262e-17,1.7318027858311754e-15,0.8653463485990354,0.13465365140096636,sample_0716,uniform,train,65.6259179477637
3.955880710294022e-17,2.531897073691587,shallow,38.564668420363844,12.466778949593312,51.03144736995707,2.3851200820782155,0.9504373439159365,0.7064895892255781,10.44030650891055,4.488365609876481,3,6.756262795463406e-17,1.6708349985269828e-15,0.7557039905371644,0.24429600946283722,sample_0717,uniform,train,83.40343232415003
4.277857857501748e-17,3.0932171192378473,shallow,26.601088241198415,9.025969820116767,35.627058061315125,3.649313730023037,1.4259695086118906,1.4259695086118906,nan,76.05821419247887,1,3.327550412734603e-16,1.5955125669646639e-15,0.7466540794756958,0.2533459205243057,sample_0718,uniform,train,76.05821419247887
4.3249566680333723e-17,7.984389161147989,deep,38.776223683762595,20.400231380755493,59.17645506451794,3.217377329284484,1.4456176184235094,1.2152926893566378,8.901685233707155,35.39153022901365,3,-3.637913707733892e-17,2.5215091770356717e-15,0.6552643892150398,0.34473561078496273,sample_0719,uniform,train,138.71873655422615
4.497135575164016e-17,3.9569907828724524,medium,50.13868248915628,11.81599650602623,61.95467899518242,2.726146360912006,0.9577405356630533,0.8021917791102086,4.845616575834285,28.074048213245558,2,1.775616467175247e-16,1.4909375231529443e-15,0.8092799979329254,0.19072000206707615,sample_0721,uniform,train,72.46825326146448
4.499572494489723e-17,8.0239119782597,deep,77.85214646487242,8.63918837613411,86.49133484100636,2.719291006224374,1.1846459105178195,0.7777603549442988,6.675327707311456,4.193569100347579,2,3.6165324611221534e-17,1.910031639214566e-15,0.900114983864973,0.09988501613502893,sample_0722,uniform,train,52.43243041925304
3.985476715625753e-17,4.573240704576949,medium,19.555264982764733,7.098806196079667,26.65407117884435,2.797330650883572,1.6616180584488762,1.6616180584488762,nan,49.3383373004233,1,1.8183758737449408e-16,1.8327336471690506e-15,0.7336689713009387,0.26633102869906317,sample_0723,uniform,train,49.3383373004233
4.200857263816155e-17,7.429921768317665,deep,49.75493040773865,27.09788593996757,76.85281634770605,4.318890692279483,1.0831176577872712,0.9696174200858089,8.062257748298547,30.53861878853908,3,-2.756691094808575e-16,2.1264650664907094e-15,0.6474054273122778,0.3525945726877243,sample_0724,uniform,train,227.33782343370228
4.473152494607768e-17,2.6392168292813185,shallow,41.77078834557298,8.656789840523121,50.427578186096014,2.364712767414978,0.8601750600756155,0.833243788758368,18.508376482014842,22.107711152751964,2,1.5363737021257935e-16,1.761295012864638e-15,0.8283322310546752,0.17166776894532657,sample_0726,uniform,train,45.35575398928842
4.341714991581184e-17,5.9848099452002375,medium,18.912398630165896,15.179768856347778,34.09216748651349,3.672549503035733,0.9583341502687973,0.9039934482392566,11.939849245279436,25.148501844977115,2,5.900173354934265e-17,5.4188725715579024e-15,0.554743215949747,0.4452567840502584,sample_0727,uniform,train,121.06256161217172
4.2959819528002914e-17,6.741658137342685,deep,47.7892888561068,12.120157182649486,59.90944603875614,3.219377322358667,1.2047636437991203,1.011666401886191,4.983974317750845,3.0343799043303648,3,1.5787179671858726e-16,2.4906585584699404e-15,0.7976920505189005,0.20230794948110203,sample_0728,uniform,train,76.35540495516915
4.184527507170424e-17,6.014968262006906,deep,53.16698513592443,11.553474776243629,64.720459912168,2.6466354248782866,1.1426298812257762,0.7566760116596876,8.829496021857647,8.262974032698025,3,7.516855160664952e-17,9.331845388857246e-16,0.8214865161353494,0.17851348386465155,sample_0729,uniform,train,66.17972262367155
4.5292750623763284e-17,3.182285199988262,shallow,65.08058231390817,7.177963217419624,72.25854553132766,2.6040384052335743,1.787843255143022,1.787843255143022,nan,46.67744165951412,1,-1.7638833760914477e-16,1.868334309827597e-15,0.900662777466127,0.09933722253387485,sample_0730,uniform,train,46.67744165951412
4.48370962700199e-17,5.368676045975492,medium,44.711955918531096,10.56343540940441,55.27539132793543,2.102407809442551,1.1100702672002383,0.9296028444457664,5.283937925449163,5.426786693638124,3,5.3358069409305085e-17,1.3497324118826305e-15,0.8088944256091459,0.19110557439085543,sample_0732,uniform,train,60.03122314932548
4.4346550825095284e-17,5.449242659836622,medium,88.54717646612544,20.023982448009583,108.57115891413493,4.275829436185596,1.1462848611988465,0.8908079979641204,15.363593329686907,14.8796417583062,2,1.164331663156916e-16,8.507835466863314e-16,0.8155681246449091,0.18443187535509167,sample_0733,uniform,train,189.95349233281368
4.057383331967492e-17,2.6006562875460215,shallow,14.685479869941773,7.882828329065545,22.56830819900731,3.285420669503701,0.6098775068642625,0.6098775068642625,nan,49.721387651845355,1,2.065410274152874e-16,4.3290629189170324e-16,0.6507124832063278,0.34928751679367265,sample_0735,uniform,train,49.721387651845355
4.4673233198138133e-17,4.305158034431058,medium,54.25190753582685,5.144231605996196,59.39613914182298,1.94096567326264,1.485443744021924,1.485443744021924,nan,30.629659834680186,1,1.8287980268094464e-16,1.1813241764548193e-15,0.9133911449410373,0.08660885505896385,sample_0736,uniform,train,30.629659834680186
4.268810489708035e-17,3.175429660736084,shallow,25.360182530078404,12.232797338915322,37.592979868993666,2.285101548172455,1.1427217929803801,0.7426182415144857,2.7856776554368254,3.2136566561064606,3,2.8682745969930415e-16,1.606580078250798e-15,0.6745988910284615,0.3254011089715401,sample_0737,uniform,train,74.09018614663842
3.8117892762006007e-17,1.3649483135387064,shallow,16.89285298231928,7.31966152771335,24.21251451003261,2.3093354792803655,0.7418717198193259,0.7418717198193259,nan,51.58811898902289,1,8.520795510496325e-17,8.80382831116961e-16,0.6976909802292373,0.3023090197707637,sample_0738,uniform,train,51.58811898902289
4.4167547682692564e-17,4.276313104046091,medium,39.0415867865322,18.985856192223576,58.02744297875564,3.9809940650016244,1.3068278445188615,0.9637286483441141,6.289674077406557,11.166239081416656,3,-1.933800807553741e-16,2.3877638986082163e-15,0.6728124622142263,0.3271875377857761,sample_0739,uniform,train,136.42186828285674
4.1887080962743774e-17,4.175033540035269,medium,23.894463424959753,12.83490411943161,36.72936754439132,3.121935320611541,0.9630412587541395,0.6607385627073119,9.046546302318912,4.88183260386989,3,2.7162351575714093e-16,1.0639946473233818e-15,0.6505547201726457,0.34944527982735535,sample_0740,uniform,train,88.48455799063078
3.933082517365498e-17,3.766376826371358,medium,8.919627031419637,8.975650014937239,17.89527704635683,2.910568085147636,1.2263702806885566,1.0807397349616386,3.492849839314595,3.0873951732750817,2,-9.672004844342788e-17,2.481600081963925e-15,0.49843469918424754,0.5015653008157549,sample_0741,uniform,train,55.81581434363337
3.709538004865313e-17,4.915346364662544,medium,33.003734728931704,17.72900183502964,50.732736563961254,3.991083862106738,1.4974696944103665,1.4581824671355048,17.405746177627663,5.648588375568086,2,5.218491123632282e-16,1.7507007897757597e-15,0.6505411882783472,0.3494588117216546,sample_0742,uniform,train,165.011529116188
3.931195441378284e-17,7.09277911562594,deep,20.279708035243747,12.224587746099413,32.504295781343075,3.8255509227045197,1.238517127950666,1.238517127950666,nan,104.11123586360945,1,-2.0758696302996296e-16,2.623195680496877e-15,0.623908549554978,0.3760914504450247,sample_0743,uniform,train,104.11123586360945
4.1110942653214895e-17,2.2675181220400527,shallow,77.40728075994714,33.869802517375675,111.27708327732256,3.9583045565375032,1.3753998851461446,1.0225658730659322,4.673328578219171,87.66747415448602,3,7.141972050470337e-17,2.29872474493376e-15,0.6956264352026036,0.30437356479739874,sample_0744,uniform,train,295.1054869924044
4.7210540459772173e-17,5.314877811209634,medium,117.21120788372207,26.36664440869968,143.57785229242162,4.1485357197633395,0.9875254802918838,0.8430338267131111,7.952358140828418,97.96516263397992,2,1.2670642119125633e-16,8.660456802541318e-16,0.8163599469714923,0.18364005302850858,sample_0745,uniform,train,250.49748758207528
4.4377021685518507e-17,8.088333940422489,deep,37.874883955398055,9.83496809768493,47.70985205308295,2.475629570208353,0.8154287226457778,0.7216553075617755,12.181953866272847,26.56667875902139,2,4.3315366300513567e-16,7.818824000103928e-16,0.7938587592612464,0.20614124073875445,sample_0746,uniform,train,66.6827924157314
4.4624879066371866e-17,1.6494159576291794,shallow,63.47916268628011,8.251068759934544,71.73023144621457,3.323406178945557,0.8252311146180382,0.8252311146180382,nan,70.6080068195648,1,2.466638170539752e-16,1.1391628461938239e-15,0.8849708331678624,0.11502916683213878,sample_0747,uniform,train,70.6080068195648
4.2438638439925425e-17,3.525684647348893,medium,50.565451294384516,14.817947146071152,65.38339844045552,3.1706013583804653,0.9760080751197573,0.6045714929454645,11.852425912023243,23.681884105817,2,-1.163617493332834e-16,2.2278019238090512e-15,0.773368354972162,0.22663164502784014,sample_0748,uniform,train,107.43818194589811
4.176594022027627e-17,6.726700430349808,deep,45.39222313266322,13.416402830240823,58.808625962903896,2.594485079178725,1.1218644647038207,0.8029934380068131,10.654576481493766,38.64220183719575,2,-4.006224449039733e-16,2.476868970254512e-15,0.7718633514970464,0.2281366485029561,sample_0749,uniform,train,87.84553329147249
4.141095500232166e-17,2.8222002925652685,shallow,41.52413582109156,22.898078878917733,64.42221470000919,3.588935956462091,1.329194896064222,1.136375024051401,9.348796714016196,31.647209655442353,3,2.0531377245362838e-16,1.5992728155183995e-15,0.6445623767275676,0.3554376232724341,sample_0750,uniform,train,173.32855548756365
3.7654903068981284e-17,4.733232558903868,medium,34.44769102692377,16.64632665666615,51.094017683589804,4.414548678533489,0.8024550682231649,0.8024550682231649,nan,190.36500692442578,1,2.448349616693314e-16,2.2945847031730118e-15,0.6742020414258313,0.325797958574171,sample_0752,uniform,train,190.36500692442578
3.97359154842522e-17,3.4259517075901016,shallow,32.283419348043886,16.423114786959346,48.70653413500312,3.613978414359812,0.7623516133223195,0.6415457134709248,8.845337754998393,35.89821777039281,2,2.8694187709635054e-17,2.3341188146646343e-15,0.6628149574051359,0.3371850425948665,sample_0753,uniform,train,152.04669304401634
4.128598600364784e-17,7.66477061475576,deep,6.980792459651855,6.932221726826968,13.913014186478787,3.2770192101511797,1.3951070983392029,1.3951070983392029,nan,57.191022676944165,1,-1.5039606047887708e-16,2.6173562909965955e-15,0.5017455143858089,0.4982544856141937,sample_0754,uniform,train,57.191022676944165
4.071780598546854e-17,5.144952480146305,medium,16.869594951509747,12.163860683914248,29.03345563542393,3.8141803498494826,1.3586054559889154,1.3586054559889154,nan,116.39472182974639,1,3.2963114831665783e-16,2.202591624690537e-15,0.5810398584082782,0.418960141591724,sample_0755,uniform,train,116.39472182974639
4.037064423333087e-17,4.429087326998264,medium,31.54452756218312,12.870096724532274,44.414624286715295,2.147774162079286,1.1316270985353831,1.050504587916637,11.79152237838694,5.176374824508211,3,1.0773293689095317e-16,2.239712360601189e-15,0.7102284004149123,0.2897715995850899,sample_0756,uniform,train,81.51561022034045
4.1707077619126995e-17,5.108609571540749,medium,12.09268775365898,5.854220662850394,17.94690841650935,2.0875213560987556,0.9072647648273996,0.9072647648273996,nan,38.10494953583432,1,2.905043786478515e-16,1.43518725195085e-15,0.6738033912590162,0.32619660874098516,sample_0757,uniform,train,38.10494953583432
4.3897653648866373e-17,1.812978306000272,shallow,51.62538494340004,5.502188247141191,57.12757319054112,2.332262629698653,1.3414334905028273,1.004280983477901,15.82024020045208,2.8379070826880297,2,-5.514642706874348e-17,1.9900519376594084e-15,0.9036859446350138,0.09631405536498817,sample_0758,uniform,train,26.270320912879086
4.2833527284142885e-17,7.008661301794236,deep,9.803300787917774,10.375351380404366,20.17865216832211,3.0332251887904067,1.2782311003341302,1.2782311003341302,nan,74.78572262384432,1,6.639465756914275e-16,1.4965353492346402e-15,0.4858253517699114,0.5141746482300901,sample_0759,uniform,train,74.78572262384432
4.318661999657198e-17,5.836923343350389,medium,27.528963452492686,10.610011475653238,38.138974928145885,3.546009128199663,1.2943771581965526,0.918815579733048,9.331666517830564,7.720340564812164,2,1.2922942368753714e-16,1.0246696598540532e-15,0.7218065903542887,0.27819340964571226,sample_0760,uniform,train,86.06598063166876
4.2773563452519156e-17,4.847705517738663,medium,41.2317967605706,11.19581082989661,52.4276075904671,3.9768069106826114,1.1949517495633746,1.1949517495633746,nan,80.70036996752825,1,1.6087209801799058e-16,2.2023357514793585e-15,0.7864519983945972,0.213548001605405,sample_0762,uniform,train,80.70036996752825
4.0740117352630294e-17,2.909306957569732,shallow,24.96459050949197,10.113917972127982,35.07850848161991,2.3421105331155965,1.5085928694416728,1.454002929960227,18.95890292184651,10.475929845387382,2,-7.21988837691298e-17,1.1140681904215563e-15,0.7116776507921557,0.2883223492078454,sample_0763,uniform,train,64.29185008316226
4.5732293198184684e-17,5.039022872173888,medium,48.440584023620836,15.533913043551497,63.974497067172194,3.4484129396911185,0.7030712545939135,0.6747401052098155,11.523888232710346,25.415132984171482,2,-2.565335885127949e-17,2.1657979323813697e-15,0.7571858513050755,0.24281414869492662,sample_0764,uniform,train,111.48110162718145
4.2148337287125874e-17,4.145168717500352,medium,47.24717941069809,10.500548191995952,57.747727602693914,2.041306643549361,1.0362199664340581,0.9803529368250976,11.02905254316979,27.085477000230707,2,1.2827335359850119e-16,2.1840051692620067e-15,0.8181651706844656,0.18183482931553666,sample_0765,uniform,train,62.71527468523202
4.101105491531999e-17,6.098480483092993,deep,27.204999091582625,16.438340789898938,43.643339881481445,3.568093181053687,1.2155766638169656,0.7465866007803279,8.287339742040263,7.198844892613686,3,-1.7409756172836153e-16,2.686310253037328e-15,0.6233482397419848,0.37665176025801783,sample_0766,uniform,train,124.92855162055652
4.2822485732189404e-17,5.940795432751842,medium,14.166670708314847,11.320778846057655,25.487449554372496,3.3328660976639584,1.6893453281524713,1.6893453281524713,nan,94.79547735148229,1,8.571305420338763e-16,2.0908606437188704e-16,0.5558292789591607,0.4441707210408395,sample_0767,uniform,train,94.79547735148229
4.024543966871251e-17,2.706547611565367,shallow,13.526129269382757,6.180473925575834,19.70660319495852,2.0664033090486926,0.6816523966671936,0.610364183240069,11.28007092176286,8.589368581532112,2,-3.069655534761714e-16,3.515467178754222e-15,0.6863754821451474,0.3136245178548561,sample_0768,uniform,train,28.484745934555797
4.2212220357955226e-17,1.3870491246035586,shallow,14.882707484677654,12.748286911971261,27.63099439664887,2.3065961022141086,0.8605517934372505,0.6511391747733398,8.858893836140041,21.58789442549028,3,1.1187493820016206e-17,1.6715025583736479e-15,0.5386236655486656,0.4613763344513361,sample_0769,uniform,train,73.35474727161728
4.350519387950076e-17,5.069216773298935,medium,37.714844599341134,7.479110888360926,45.193955487702006,2.272143145471472,0.8877724994445301,0.784541479820132,14.247806848775006,18.315322185908112,2,2.4696003981200736e-16,1.1988081816925845e-15,0.8345108143854313,0.16548918561456988,sample_0770,uniform,train,41.07986206102014
4.483448297484222e-17,3.6779482508528005,medium,68.52799533793983,7.90054649579343,76.42854183373314,2.331296707202892,1.207459636944464,0.7933283443905463,10.291744264214886,12.129589328051773,2,4.397188548584668e-18,1.603702216185935e-15,0.8966283235786365,0.10337167642136513,sample_0771,uniform,train,49.62871703882362
4.1406621909279373e-17,5.993625212883926,medium,43.92655585447203,19.633428020689536,63.55998387516142,3.5819430530446463,1.4734442216994932,1.297515186006704,17.299710980244726,43.501671486294185,2,-4.966057295002367e-16,2.2358178603559176e-15,0.691103948999554,0.3088960510004483,sample_0772,uniform,train,155.5382365929447
4.244151509221698e-17,2.59482767568017,shallow,46.4452717513502,16.70145944514828,63.146731196498415,2.909807704933092,0.8706484023213434,0.738014825401774,10.705138952858109,11.964058345159515,3,2.0230910337319654e-16,1.0127023997396572e-15,0.7355134758570949,0.26448652414290613,sample_0773,uniform,train,103.54027458472576
4.174078310610104e-17,5.132304134278497,medium,63.02030271784237,25.321840052477985,88.34214277032015,4.196862683386631,1.1117243900703524,0.7965729225357009,4.83735464897913,21.960979587982877,3,8.932983376164482e-19,2.292277200227285e-15,0.7133662456172047,0.2866337543827976,sample_0774,uniform,train,232.70573085606043
4.600032212349056e-17,2.0007759023579297,shallow,46.4089891331596,5.477544487803496,51.886533620962986,2.1847637822989463,1.2768293532591384,0.7886961080399311,11.223190277278562,4.050345069475072,2,-7.709785506483862e-17,2.139713230287191e-15,0.8944322523486061,0.10556774765139602,sample_0775,uniform,train,25.508136757765953
4.282930374051856e-17,3.9874693935589267,medium,13.694205705804233,5.9775003117010055,19.671706017505223,2.0772272779482375,0.7166174230056198,0.6616871882090305,16.858232410309217,16.86176212737298,2,2.089024883210862e-16,8.127008171215931e-16,0.6961371674433421,0.30386283255665875,sample_0776,uniform,train,37.69602206794956
4.059469055889735e-17,6.512335852233707,deep,17.241450632980204,8.011390342282244,25.252840975262412,2.8651138776039575,1.2785674105783842,1.2785674105783842,nan,59.05739075764031,1,1.543174743507106e-16,1.4068570274056395e-15,0.6827529088655753,0.3172470911344261,sample_0780,uniform,train,59.05739075764031
3.782702972593864e-17,4.881742142088744,medium,13.952946469188412,10.961019113447367,24.913965582635722,3.6150184929589475,1.6747002256854304,1.6747002256854304,nan,86.95077747928413,1,1.6863195611634242e-16,2.2815885601297514e-15,0.560045185215845,0.43995481478415727,sample_0781,uniform,train,86.95077747928413
3.9853733950293204e-17,7.575683271695099,deep,21.04369495845914,12.748166986915194,33.79186194537427,3.908685511055047,1.4503908017690121,1.4503908017690121,nan,138.84739861192912,1,1.8323583866824184e-16,1.892433341547872e-15,0.6227444641102349,0.37725553588976696,sample_0782,uniform,train,138.84739861192912
4.4874635669501763e-17,3.889355368950037,medium,21.941359686842798,6.486427763946212,28.427787450789005,1.8985071015573203,1.4338780189235332,1.1684127711557357,16.976454282328802,10.506293992045606,2,1.7678129277295285e-16,1.874599114484671e-16,0.7718279069317378,0.22817209306826244,sample_0783,uniform,train,34.928365560790326
4.1246773599544036e-17,6.883889200402198,deep,42.034174260399595,14.91745460859312,56.951628868992636,3.133138205750689,1.2217271251286044,1.1232056416453666,5.517245689653486,53.47688332672728,2,1.6046055177500335e-16,1.4035780777559556e-15,0.738067990242947,0.2619320097570544,sample_0786,uniform,train,110.6968167142059
4.0706215174664525e-17,4.661192282661276,medium,44.65468843440139,14.030856305729282,58.6855447401306,2.97665802862385,1.0071579067298926,0.6144216604200312,6.056401571890689,10.89945364295407,3,6.769991027642296e-17,1.2410318544015646e-15,0.760914610780897,0.23908538921910427,sample_0788,uniform,train,92.91207239064708
4.513530057575073e-17,5.067001124545648,medium,29.051472741170485,13.615371052541839,42.666843793712246,3.232047496837602,1.3147498264590163,0.7316880390201639,4.656178690729127,3.4089883475255562,3,1.2129172286322576e-16,1.8318603858185853e-15,0.6808910657097107,0.3191089342902912,sample_0789,uniform,train,85.31799578086397
4.2992178887345835e-17,4.8808582624946375,medium,56.93060301756472,16.41341484459467,73.34401786215932,3.255455804562255,1.3210969070460912,0.9873888421886277,7.665507158694719,8.591876930798621,3,3.1212175785374723e-16,9.687807628639518e-16,0.7762133119644262,0.22378668803557475,sample_0790,uniform,train,125.8676852852246
4.28699560831501e-17,7.6422591744946295,deep,37.697229142849324,18.265287711535017,55.96251685438422,4.145969471015777,1.4934352522235776,0.9621752996991857,7.881624198095213,7.205785387268766,3,1.8196652578685193e-16,2.158449474199335e-15,0.673615685315555,0.3263843146844472,sample_0792,uniform,train,170.3838513855622
4.419381866372071e-17,6.738072221661041,deep,78.16424372038473,7.380613504987931,85.54485722537258,2.2345095245305693,1.639755898355599,1.5728670435565646,9.301612763386785,9.302782597630463,2,-3.712646781439192e-17,9.551996141291781e-16,0.9137223002717367,0.08627769972826424,sample_0793,uniform,train,35.032780706077745
3.782620289477662e-17,6.457149153613573,deep,13.24111233247027,11.512321492269981,24.7534338247402,3.198158973978567,0.9399306507583683,0.822099557530242,12.550697191789785,5.191896455684472,3,-3.414163075631534e-16,2.0810990793172484e-15,0.5349202226333639,0.46507977736663814,sample_0794,uniform,train,100.48208761754644
4.2842442739869164e-17,8.010440408047769,deep,76.05298430754969,21.016764180557182,97.06974848810664,4.089208055560359,1.441671347033166,1.3164263335118882,8.282511696339464,15.490902005763102,2,-3.520807536453442e-16,2.4155734042059698e-15,0.7834880124044825,0.2165119875955199,sample_0795,uniform,train,163.25889476226547
4.299911187816362e-17,4.4884152724423325,medium,43.15732860790274,6.858248442588891,50.01557705049156,2.6640534121682937,1.7056081173957103,1.7056081173957103,nan,36.49906162233514,1,-1.6796574175507807e-17,1.4916750271519115e-15,0.8628777503523493,0.13712224964765227,sample_0797,uniform,train,36.49906162233514
4.148054687618974e-17,3.8425084750829193,medium,38.50113697729443,16.69229839834809,55.19343537564241,2.7532503701818154,0.9639147208832696,0.7744046457081928,4.054626986542659,17.67168190241537,3,2.3505118567508844e-18,1.9954207106923294e-15,0.6975673232742002,0.3024326767258017,sample_0798,uniform,train,99.27837140408698
4.581291810782395e-17,8.25564658906336,deep,109.29806242768197,5.497567110827938,114.79562953850987,2.0261310776239947,1.78082327582421,1.78082327582421,nan,34.84104907404565,1,-1.045476018919278e-16,3.172186550489632e-16,0.9521099615644891,0.04789003843551116,sample_0799,uniform,train,34.84104907404565
4.402897195244183e-17,2.2824350120634307,shallow,44.08287614868569,10.438162965920283,54.521039114605934,2.6128904341483463,1.1080168238895156,0.9254685255106803,13.72880184138441,22.529994870077832,2,4.800464145523655e-16,7.493658956191936e-16,0.8085479819271474,0.1914520180728534,sample_0800,uniform,train,59.13188761110672
3.9664155696795714e-17,6.139720497950688,deep,20.14438963713662,7.957392058348981,28.101781695485563,3.289969342837065,1.3071564696195028,1.3071564696195028,nan,63.98837978004469,1,2.3066401292471596e-16,1.3274422964220063e-15,0.7168367420764903,0.2831632579235111,sample_0801,uniform,train,63.98837978004469
4.363556091939263e-17,2.2950700128506205,shallow,36.37636803822024,10.186744614397215,46.563112652617406,2.45750826988367,1.5588539195663083,1.3646637250361302,7.096477999684066,5.462679974668756,3,4.299209687385368e-17,1.1063338640380077e-15,0.7812271552721348,0.21877284472786632,sample_0802,uniform,train,53.01797011741158
3.7935496346661805e-17,6.056700528949946,deep,6.740846958677033,5.59937543059339,12.340222389270396,2.806371743012105,0.7621718569366338,0.6749486357452488,16.248076809271925,3.9351236280480664,2,-5.345459490605128e-16,2.1592279093909538e-15,0.5462500387787241,0.4537499612212781,sample_0803,uniform,train,39.3645102375478
4.5506385856889055e-17,4.801877016270661,medium,21.593425264958295,10.419794501065816,32.01321976602407,2.553075752043145,1.2870580124403048,0.9188043791216749,8.982204629154248,20.794919452953742,2,5.933422805457636e-16,1.2207410173806171e-15,0.6745158850868103,0.32548411491319096,sample_0804,uniform,train,58.637528088918195
3.835174157675591e-17,2.4471489438534153,shallow,8.099424279531267,7.654061449852327,15.753485729383556,2.5209427280830305,0.8815405396460275,0.8815405396460275,nan,52.57000136929673,1,1.7769206822916746e-16,2.4243315227606994e-15,0.5141353741428883,0.4858646258571141,sample_0805,uniform,train,52.57000136929673
4.3341713178759785e-17,4.1040340355739175,medium,48.42712915774178,16.057644593980196,64.48477375172183,3.882884562760686,1.122467953172228,0.7361836857395575,9.97196068985433,30.415395544285246,2,-8.225509064781848e-17,2.2588473581630763e-15,0.7509854860341928,0.24901451396580943,sample_0806,uniform,train,138.39957768762775
3.998501517046497e-17,3.9783041753057296,medium,20.43503267770362,6.304924052251294,26.739956729954866,2.869232939465416,1.2124180221756617,1.2124180221756617,nan,40.102062159123854,1,-1.7843737039214138e-16,1.8268471253277656e-15,0.7642133786556099,0.23578662134439196,sample_0808,uniform,train,40.102062159123854
4.2443885924678954e-17,1.3648458564893762,shallow,26.64601447195597,11.597971831559047,38.24398630351499,2.1953281498297574,1.0415528516454864,0.7737749621320997,6.575712889109437,5.934430918093113,3,3.205208136828249e-16,7.431680684341157e-16,0.6967373709551545,0.30326262904484624,sample_0809,uniform,train,67.27039053851456
4.227126834642262e-17,2.0154863372086878,shallow,79.99694860445388,20.371428587339718,100.3683771917934,4.01876273199565,1.6331694160282604,1.5121777295625758,10.182337649086284,47.898957490984365,2,-1.8175597875836007e-17,1.9468208792560247e-15,0.7970333967997523,0.20296660320024965,sample_0810,uniform,train,181.7914949963195
4.0118731439072406e-17,1.3189458251670083,shallow,33.64599982225459,17.511917186446805,51.15791700870132,3.316277306023847,1.2494783050241627,1.0613345114907995,14.1718029904455,37.958105857496555,2,3.761488729753176e-17,1.4583663999087534e-15,0.6576890106086967,0.3423109893913047,sample_0811,uniform,train,135.03200775304788
4.0308401559682035e-17,1.6359333354824455,shallow,10.442760496787564,12.145645117440496,22.588405614228027,3.7421850387747213,1.4218381591883884,1.250603596668105,18.721111078138502,12.049919280053949,2,4.069414853398621e-17,1.4941638876603913e-15,0.46230622360570056,0.5376937763943009,sample_0812,uniform,train,96.33148851514491
4.325458598902638e-17,3.7836708072349055,medium,69.23606422145144,8.425544047774325,77.66160826922571,2.2648511350852396,1.1866546453757925,0.6432944617930593,9.505787710652916,5.118579467768261,2,5.740114669228443e-17,7.548102209909682e-16,0.8915095343046999,0.10849046569530085,sample_0813,uniform,train,53.78255608644865
4.6483648908341716e-17,2.9515455283066805,shallow,128.43708425121415,6.157274418070057,134.59435866928416,2.0633048913313554,1.7190334095580262,1.7190334095580262,nan,36.79415491121722,1,1.6096013334719271e-16,2.969517391491294e-16,0.9542531018465696,0.04574689815343064,sample_0816,uniform,train,36.79415491121722
4.262597464382129e-17,2.6557441266079715,shallow,53.49031207008352,9.892103156318626,63.38241522640202,2.888481925967148,1.1892737972193352,0.6021980443848566,11.513470371699402,15.714220460303642,2,-1.129562604268805e-16,2.017873442972588e-15,0.8439298483501473,0.15607015164985477,sample_0818,uniform,train,70.22254845938652
4.3048918754561824e-17,4.713612882913565,medium,47.87972109643984,9.334798521491665,57.214519617931415,2.5604009736575954,1.270500527664645,1.105678804116626,17.94658741933965,9.691187991258829,2,4.304640471690906e-17,1.521318114909644e-15,0.8368456366700667,0.1631543633299348,sample_0819,uniform,train,54.2178637981689
4.869230755013527e-17,1.9301710877732088,shallow,147.3348336748747,28.931883394807762,176.26671706968216,3.926746375791618,1.4376407343653443,1.128840131957483,7.840918313565063,28.72474575647186,3,1.072792967510062e-16,1.6527369800986014e-15,0.8358630382650739,0.16413696173492778,sample_0820,uniform,train,235.40216804716172
3.701218119684447e-17,5.950117240095887,medium,7.633143198210048,6.444382652805496,14.077525851015524,2.2424563485413085,1.381300700446558,1.381300700446558,nan,47.23463925653044,1,-1.0579610078945334e-16,1.3880226852499925e-15,0.5422219272756233,0.457778072724378,sample_0821,uniform,train,47.23463925653044
3.9862782095572874e-17,5.556546946440972,medium,22.909744358656642,13.37334411844498,36.28308847710154,3.5148196939085,1.1559939196923088,0.7091507832654353,4.866210024238576,4.800184263143958,3,5.932298997882065e-16,2.1541633916566403e-15,0.6314165998607066,0.36858340013929547,sample_0822,uniform,train,94.2384478252009
4.393419940867629e-17,2.737023759259473,shallow,66.02733561031262,6.638367072329105,72.66570268264165,1.7870641379689696,1.3557233641794169,0.9858332317033152,5.134199061197377,9.709078129220005,2,3.1752303210799996e-16,1.0022696778078225e-15,0.9086451127938407,0.09135488720616027,sample_0824,uniform,train,31.450517689443437
4.332156477004429e-17,3.5364873025266137,medium,47.94880400134299,18.585040940782726,66.53384494212565,2.4413998055750605,1.1240676015598803,0.7934766358061387,6.723094525588644,20.054929169593418,3,1.229390574416713e-16,9.611476125276512e-16,0.7206678652504026,0.27933213474959834,sample_0825,uniform,train,111.55786754785746
3.982280796947314e-17,4.092131718743556,medium,70.93073059051557,23.566864664369024,94.49759525488444,4.090351948050423,1.1296813882252446,0.6035921779810521,5.617828762075256,148.15434056361372,2,-1.5936443926607126e-16,1.5414282282838463e-15,0.75060884247051,0.2493911575294916,sample_0826,uniform,train,297.6188617138118
4.2029329889763757e-17,4.816803331680538,medium,31.486639040451777,13.994843637446252,45.4814826778979,3.4597952726988,1.2380193492950067,0.896747910383311,5.234500931320958,6.509515521063441,3,3.7851697700326133e-16,2.812082740191119e-15,0.6922957913100966,0.3077042086899062,sample_0827,uniform,train,103.95714681757269
4.4371423816464104e-17,6.648777691809265,deep,63.406837744447685,13.352399089054554,76.75923683350223,2.5026787119694602,1.517258342557568,0.9917414871740915,4.608687448721165,12.515056207914029,3,5.941012798572004e-16,1.38851576384481e-16,0.8260483084528691,0.17395169154713097,sample_0828,uniform,train,69.0959050643487
4.015521432155388e-17,4.473806138627603,medium,61.811085823716496,23.453153901472714,85.26423972518901,4.082180179439358,1.5380418080573708,1.364540758707351,7.034202158027591,44.49844865715779,2,3.33074608948784e-16,2.291690548860921e-15,0.7249356356537837,0.27506436434621856,sample_0829,uniform,train,201.29266048034927
4.288179826409857e-17,4.460606045451865,medium,36.081048913032355,16.429719868646956,52.51076878167925,3.1406853045668446,1.3801162191491583,1.0450765176895565,6.977105417004964,35.092011186648826,2,1.2491310691775875e-16,1.0825097438040253e-15,0.6871171333073466,0.3128828666926545,sample_0830,uniform,train,105.08989504126029
3.919104714598716e-17,5.880711900325238,medium,31.01025415182423,18.351904035614282,49.36215818743836,3.979602149759601,1.1537477324344356,0.7512167363098045,9.81631295344642,4.390282974564099,3,-2.8601184725542584e-17,3.0948137965997093e-15,0.6282191721454289,0.3717808278545742,sample_0831,uniform,train,183.360658308663
4.1545588216254903e-17,4.797216990529115,medium,15.381074404047249,5.495663470653394,20.876737874700616,1.9856160430806502,0.7698941190426609,0.7698941190426609,nan,32.79249255753033,1,2.0239079927426757e-16,1.276317820864811e-15,0.7367565994439551,0.26324340055604617,sample_0832,uniform,train,32.79249255753033
4.364759675532515e-17,5.752167049611236,medium,15.604652185305545,5.643343534663417,21.247995719968905,2.441992374436965,1.2286409524597568,1.2286409524597568,nan,32.936581233376636,1,4.5013653403823e-16,2.675236742794826e-15,0.73440584189502,0.2655941581049827,sample_0834,uniform,train,32.936581233376636
4.055610556287126e-17,1.502518464438909,shallow,23.650213041022667,13.106334980487105,36.75654802150971,2.9964752720679875,1.4571310864872495,1.3988961473939323,20.57279757349496,28.590353805447368,2,9.373197455898224e-17,1.7397946668165504e-15,0.6434285675353058,0.356571432464696,sample_0835,uniform,train,82.28289935859509
4.250820037081048e-17,3.652865596439879,medium,22.446223533969622,13.690150491000733,36.13637402497029,3.3285936103893796,0.982216075842896,0.7360610889674941,10.463269087622663,10.69390963866445,3,4.405994949395079e-16,1.8679671582590396e-15,0.6211531770857599,0.378846822914242,sample_0837,uniform,train,126.89790220196764
4.35147880208708e-17,5.673261737999127,medium,42.00797190685952,6.5141259360930315,48.5220978429525,1.600342994574309,1.2768181045374545,1.0200774282616358,9.875221516502808,4.266959810204037,3,7.156997736304077e-17,1.0433631721110806e-15,0.8657492930916401,0.134250706908361,sample_0838,uniform,train,30.631050494491696
4.620009000276222e-17,1.9103782610740847,shallow,108.28938362295816,6.487184765538596,114.77656838849678,2.7432942879704245,1.5864836005607288,1.5864836005607288,nan,40.38338415998269,1,3.3856427844751024e-17,2.863180350336926e-16,0.9434798856890306,0.05652011431096906,sample_0839,uniform,train,40.38338415998269
4.320919687615729e-17,1.5628848846820627,shallow,22.571238916495307,14.93910721710947,37.5103461336047,4.052247601437504,0.7380431274049646,0.7380431274049646,nan,124.29931326755046,1,-2.53674833274636e-16,2.0836838096673666e-15,0.6017336879830663,0.3982663120169358,sample_0840,uniform,train,124.29931326755046
3.967594687490241e-17,6.848899584603077,deep,15.344303704686752,6.071722964568572,21.416026669255324,2.221721796939632,1.1077053414167086,1.1077053414167086,nan,45.936471919770874,1,1.2398069937875857e-16,0.0,0.7164869535166816,0.28351304648331843,sample_0841,uniform,train,45.936471919770874
4.1362004829932736e-17,7.666924913366536,deep,3.4880693762116524,5.5018737180102795,8.989943094221903,1.9045551660452562,0.7429957475711066,0.7429957475711066,nan,28.938051104759783,1,-4.1400738532579445e-16,3.1615004825415928e-15,0.3879968248579388,0.6120031751420644,sample_0842,uniform,train,28.938051104759783
4.492814684407042e-17,5.296471851973851,medium,110.59392012525504,9.080523937329119,119.67444406258399,2.023623588647172,1.3971514107233556,1.0644113696133082,6.180614856144979,10.748029342619231,3,-5.648787085349026e-18,1.424951316199513e-15,0.9241231157708134,0.07587688422918798,sample_0843,uniform,train,43.17876398920912
4.21999340236039e-17,6.098773409642369,deep,25.745767844871867,4.8484734770559035,30.594241321927715,1.9280626033633512,1.434206190835301,1.434206190835301,nan,30.022855967018813,1,2.928629291787995e-16,1.8289468221264003e-15,0.8415233302882783,0.15847666971172356,sample_0844,uniform,train,30.022855967018813
4.1758882277805996e-17,2.1729202792742006,shallow,39.67573617039827,16.629508294002406,56.30524446440055,2.3546736418944487,1.7108140824978575,1.5948085963975833,4.02492235949962,24.13810172038626,3,1.0842962842668173e-16,2.145311084753196e-15,0.7046543629782759,0.2953456370217262,sample_0845,uniform,train,112.13910960058115
4.264844063876421e-17,8.189780835818496,deep,100.1295217902038,27.031885142877446,127.161406933081,3.889340588292297,1.088376729089969,0.8573523554166065,7.13582510996451,44.16964086346302,3,2.8789993881874106e-16,1.927764482554354e-15,0.7874206821484541,0.21257931785154785,sample_0846,uniform,train,233.60196052001956
4.502929245962105e-17,6.413031628212677,deep,12.578879233340077,15.699790110883797,28.278669344223832,3.647026383319054,1.0778696918876052,1.0576842841273477,12.043255373859681,34.48959588589143,2,2.7993674740388387e-16,1.4447712093126122e-15,0.4448186398102011,0.5551813601898004,sample_0847,uniform,train,122.63994230955572
4.1350001338895456e-17,3.120292994041967,shallow,19.94649039955847,13.330285676998946,33.276776076557354,2.706648378547862,1.1562733546414576,0.6408668955906976,4.064480286580316,41.98004761281779,2,2.613341537131091e-16,1.8683447349578948e-15,0.5994117445052097,0.4005882554947922,sample_0848,uniform,train,99.19309353832897
4.0185574179841255e-17,1.3820845599194889,shallow,12.474164800144397,8.498212271228258,20.972377071372637,3.5023811598313457,1.5467986739553854,1.5467986739553854,nan,63.46843862042613,1,-9.084997200775277e-17,8.46998331831914e-16,0.5947902213322147,0.40520977866778607,sample_0849,uniform,train,63.46843862042613
3.9933605708992985e-17,4.2032867196762975,medium,28.29557850835321,11.10308835594254,39.39866686429565,3.379229296366847,1.30254679718458,1.30254679718458,nan,88.73233383570083,1,1.7959201825108932e-16,2.5699432976899134e-15,0.7181861915737962,0.2818138084262064,sample_0850,uniform,train,88.73233383570083
4.170806348839626e-17,5.133338606073693,medium,23.01601013653351,5.487018487132541,28.503028623666,1.995959514567418,1.6527934486104066,1.6527934486104066,nan,33.30763471748802,1,-2.0054060008825723e-16,1.7450072467706e-15,0.8074934927239054,0.19250650727609633,sample_0851,uniform,train,33.30763471748802
4.288506433858404e-17,2.43229759482695,shallow,17.423250900866957,10.2577725065959,27.681023407462792,3.503022216410886,1.7147305409557645,1.7147305409557645,nan,83.74198237232181,1,6.548083081929677e-17,2.374377640968642e-15,0.6294294341794334,0.37057056582056896,sample_0852,uniform,train,83.74198237232181
4.175636421942919e-17,5.7407091378321,medium,29.12087460170086,14.909021516835368,44.02989611853612,3.7863251762506622,1.3916930157092307,1.2255669014425292,11.308403954581744,10.98255925763405,2,-7.210604143764982e-17,2.380315711907686e-15,0.6613886738070517,0.3386113261929507,sample_0853,uniform,train,112.79452409038619
4.000905970826953e-17,3.5736201321897716,medium,25.22660148043211,10.292728157877292,35.51932963830931,2.6505008494216873,1.3948773949584847,1.3902217847531462,6.957010852370437,26.612832873115853,2,2.0195799813942908e-16,2.6005714800762155e-15,0.7102217788824484,0.28977822111755425,sample_0854,uniform,train,59.6373667964224
4.339353068737556e-17,6.909647767658528,deep,98.01883362605724,7.892318429655636,105.9111520557128,1.7836245424950523,1.2774455480284712,1.111283452526076,9.123595782365635,6.189347330938627,3,1.568561351811903e-16,7.128160180412132e-16,0.9254817054062074,0.07451829459379322,sample_0855,uniform,train,33.97988507182913
4.225887692347644e-17,2.932342043537619,shallow,81.79642284820378,19.512541045652185,101.30896389385582,3.7473192843201395,0.9773254218024601,0.6613108709172476,6.899275324264135,24.79244881232616,3,1.6006952004133606e-16,1.402724316684465e-15,0.8073957101555607,0.19260428984444072,sample_0856,uniform,train,150.15457791940088
4.1018098109596735e-17,2.0058934678201936,shallow,12.019419031463787,5.618060066716319,17.63747909818005,2.0439722111471026,0.8546866510183903,0.8546866510183903,nan,35.769557734933784,1,3.782973803943336e-17,3.1221617168118963e-15,0.6814703487134978,0.3185296512865054,sample_0857,uniform,train,35.769557734933784
4.466592443139634e-17,2.9931565772635915,shallow,35.87202342405091,13.72160518757294,49.593628611623764,2.895995232867342,1.4153094766638066,1.225640817260571,9.8,20.580546600530344,3,3.9346773154560563e-16,1.7192758561576107e-15,0.723319192974785,0.2766808070252167,sample_0859,uniform,train,101.35493802136261
4.215180759646325e-17,2.179465098563196,shallow,25.766156364926907,15.351339407198587,41.11749577212543,3.50053822922054,0.7357003918238849,0.6111965281214017,9.836666101886351,16.40902587736544,3,9.235338015331575e-17,1.5552709380166465e-15,0.6266470241214063,0.37335297587859523,sample_0861,uniform,train,108.36853460325284
3.988691212518508e-17,7.3729653057883375,deep,32.98751074671693,23.025545201481805,56.01305594819861,3.612506701505253,1.0165627152016563,0.9607282270095232,6.006662967072482,28.63257016798517,3,3.957196118948292e-16,2.156501962523288e-15,0.5889253887026639,0.41107461129733824,sample_0863,uniform,train,187.7301217520561
4.015104736789953e-17,1.958164358558822,shallow,48.428789132082606,12.853088575935237,61.28187770801765,3.6506975760821456,1.3534520866998268,1.1567559610797291,6.791170738539857,5.5580814897265975,2,4.0027814382055356e-17,3.1015724211557483e-15,0.7902628141197859,0.2097371858802172,sample_0865,uniform,train,104.64165658397424
4.530559770347328e-17,7.46866188561785,deep,24.20721181519569,5.142371397986898,29.349583213182566,1.8633867758697809,1.4749795569033506,1.1680418141879416,9.29731143933557,6.3909024244615535,2,-1.0867495550478666e-16,8.170752258291774e-16,0.8247889463834994,0.17521105361650136,sample_0866,uniform,train,19.940620471996542
3.929839217924707e-17,2.280679175684491,shallow,8.52219798261422,9.268712785524547,17.79091076813875,3.117450698242931,1.779182595612387,1.779182595612387,nan,82.24640200263605,1,1.1624392219929963e-17,8.986168141112432e-16,0.47901976990837297,0.520980230091628,sample_0868,uniform,train,82.24640200263605
4.514376274921233e-17,4.923455862063095,medium,10.156371875354077,11.069357322745805,21.225729198099845,3.8162616541942525,1.493943472581512,1.493943472581512,nan,106.1401468749789,1,-1.0794374230852527e-17,1.7574658226933714e-15,0.47849342562343106,0.5215065743765707,sample_0869,uniform,train,106.1401468749789
4.298856862003675e-17,6.6005695125402735,deep,10.295159658172617,8.001708038647214,18.2968676968198,2.8009707316375834,1.0479404879279923,1.0479404879279923,nan,61.647565683695944,1,-3.8382546354721334e-16,1.7475353508055383e-15,0.5626733399816861,0.43732666001831566,sample_0871,uniform,train,61.647565683695944
4.4641949448843504e-17,3.926935879455945,medium,83.44559212288148,12.586544171604967,96.03213629448635,2.3300201490763017,1.1562156330334,0.759181732848834,5.656854249492381,5.7315435575189175,3,-4.911150800034016e-17,9.988663485883623e-16,0.8689340396114095,0.13106596038859147,sample_0872,uniform,train,79.17602445523728
4.317434902912642e-17,3.7497649400009454,medium,27.413180582856196,16.257142963447492,43.67032354630365,3.825274637838573,1.4174259088871566,1.2342181346735503,12.29471431144295,15.294292253328253,2,7.44515083033073e-16,8.94883465321001e-16,0.6277301919641148,0.372269808035886,sample_0874,uniform,train,146.96097231594115
4.5652754356085485e-17,2.83253166408607,shallow,200.16078968702644,8.405855333858247,208.5666450208845,2.7883548215601968,1.2990074987456848,1.1062928804745207,7.830708780180758,7.508690728566048,2,1.1831551467469842e-17,9.113162931531761e-16,0.9596970295369313,0.04030297046306968,sample_0876,uniform,train,49.21576650384205
4.425892331021096e-17,3.311648742761445,shallow,68.95947102964791,10.119164245837286,79.07863527548506,2.284601781631311,1.1768012193846908,0.6608017263140262,5.079370039680119,3.557631746277721,3,-3.468846521582077e-18,1.8419799522763966e-15,0.872036685881273,0.12796331411872885,sample_0878,uniform,train,60.845735194138896
4.174477900706527e-17,2.173638820723418,shallow,7.93505930879467,8.82175452103964,16.756813829834275,3.9689488654182616,0.9400662424045751,0.9400662424045751,nan,111.24475242781011,1,2.5477621747926903e-18,2.1201606193625874e-15,0.47354224910387677,0.5264577508961253,sample_0879,uniform,train,111.24475242781011
4.224718103042159e-17,3.369540558652118,shallow,58.66126894742753,17.992717692194084,76.65398663962148,2.613842254625688,0.9562075520532017,0.6117582963921377,7.378346698278685,30.60210868811544,3,2.1898146279727315e-16,1.761201546230312e-15,0.7652735561323859,0.23472644386761582,sample_0880,uniform,train,119.7708626496359
4.214235059774518e-17,6.055868315294579,deep,21.963242381183353,8.56462400863045,30.527866389813745,2.9538618044250873,0.7620685641325915,0.7620685641325915,nan,57.252439761254806,1,-3.3371577540315777e-18,1.86201741500595e-15,0.7194489814889862,0.28055101851101566,sample_0882,uniform,train,57.252439761254806
4.540028053179342e-17,2.006838326694326,shallow,33.326666381299624,7.5092841982743765,40.83595057957389,1.908336235569266,1.4798050636096596,1.3120653834377018,13.5025923436946,6.736145787506181,2,1.3746899419760227e-16,2.7187392698542672e-15,0.816110949011913,0.18388905098808975,sample_0883,uniform,train,35.84688942137808
4.252990832567158e-17,7.781126202132951,deep,40.47208771381292,20.642467837107038,61.114555550919874,2.947833786298881,1.1583869237727338,1.0567525011797085,4.673328578219168,18.124570006754347,3,5.874524285704259e-16,1.3370368789531616e-15,0.6622332004049688,0.3377667995950326,sample_0884,uniform,train,138.9371223459358
4.364833631342461e-17,5.303544496394525,medium,46.45437384511146,6.306279954934466,52.7606538000459,1.8771700671903675,1.7400355848868443,1.6958477705201749,14.514820012662922,11.028397850737152,2,-1.018799966056414e-16,5.050231691969779e-16,0.8804738095393171,0.1195261904606834,sample_0885,uniform,train,28.024628135314217
4.3171335590744437e-17,7.651086183493899,deep,63.79729801695211,18.186813001770687,81.9841110187227,4.057078733000237,1.2015670538860177,0.8747285920687897,10.027960909377342,29.541155493513298,2,1.4299413318279013e-16,1.2133568537895924e-15,0.778166613313435,0.22183338668656621,sample_0886,uniform,train,134.50920924123633
4.432172124729779e-17,5.477070731050818,medium,110.01854525820528,10.938831689968598,120.95737694817366,3.310762907723043,0.7440152008394191,0.7323658530463364,5.031898250163651,5.429351622046936,2,7.233086363012944e-17,1.7916686015743065e-15,0.9095645758368642,0.09043542416313753,sample_0887,uniform,train,89.35147750486476
4.0327033670124004e-17,6.834855646972587,deep,7.967389963335281,5.084357622448498,13.051747585783767,2.2349652738475605,1.7339423678725865,1.7339423678725865,nan,27.378181136500782,1,7.978399499842978e-17,8.84656968747857e-16,0.6104462188660105,0.3895537811339905,sample_0888,uniform,train,27.378181136500782
4.193889367552762e-17,1.4519440620028943,shallow,18.33621300141468,13.05413749043348,31.39035049184805,3.2875359163958735,0.9489265963027789,0.6694494066151095,24.473659309551568,12.285174577630555,2,3.849087969935835e-17,3.5085343845210307e-15,0.5841353382204676,0.41586466177953596,sample_0889,uniform,train,99.57756299879652
4.1067418193006864e-17,6.710888815228898,deep,7.921166505376056,7.761815151572532,15.682981656948535,2.8217199656100744,0.8094090024925495,0.8094090024925495,nan,55.32929724524035,1,-2.6828684753599083e-16,3.397995760480688e-15,0.5050803908749385,0.49491960912506494,sample_0890,uniform,train,55.32929724524035
4.4384889386415896e-17,5.124651031726179,medium,74.12051317633176,14.7929357641734,88.913448940505,3.1938051481005107,1.1576648897114268,0.6610532580356245,7.843468620451032,7.402403372600857,3,2.9038363113407456e-16,1.678193527387124e-15,0.8336254420400259,0.1663745579599758,sample_0892,uniform,train,110.39095264070686
4.1649615078232264e-17,2.8699939712519056,shallow,21.861511658998662,17.676285551264943,39.53779721026348,3.4196028101296956,1.0470889809665953,0.8169214504425869,3.84187454245971,3.891387521255915,3,-2.7019217117656383e-18,3.2348208919342004e-15,0.5529269003717716,0.44707309962823166,sample_0893,uniform,train,123.92788363730563
4.271829156614414e-17,2.1660953075307265,shallow,90.5684264352043,23.22962943711825,113.7980558723224,3.4938143428260577,1.0265358657121546,0.6282262716028852,7.323933369440223,50.36289349291939,3,4.580701333446018e-16,1.373656172497421e-15,0.7958697162350387,0.20413028376496267,sample_0894,uniform,train,201.63599635476103
4.091024513981973e-17,2.519463945020407,shallow,10.055566482928255,6.49417957164782,16.54974605457605,2.2129674887399826,1.4796007988177813,1.4796007988177813,nan,45.395594735414214,1,1.1254721582997008e-16,1.3953470244226542e-15,0.6075964217075018,0.3924035782924996,sample_0897,uniform,train,45.395594735414214
4.2903818282323665e-17,6.908726711815462,deep,95.15353589621839,22.7343820762563,117.88791797247444,3.04137843658345,1.3345072562137625,1.1646166756096359,8.0049984384758,34.32347001701654,3,-1.1835422075741026e-17,2.079409392016504e-15,0.8071525694298521,0.19284743057014997,sample_0900,uniform,train,138.2695829330118
4.4630713741027957e-17,1.7553122322773613,shallow,78.46459691063387,8.546031351175198,87.01062826180889,2.9551404912902157,1.5903565250842444,1.5903565250842444,nan,55.77012794963132,1,1.5843701774881835e-16,2.0823708693797997e-15,0.9017817533110943,0.0982182466889078,sample_0901,uniform,train,55.77012794963132
4.193087825189944e-17,3.618208904415212,medium,35.934174511930806,18.77081656367769,54.704991075608376,3.440690049634958,1.573239350789839,1.4596388988520919,13.02459212413195,8.788791140653373,3,2.0326362159094626e-16,2.2080666261743593e-15,0.6568719563863156,0.34312804361368665,sample_0903,uniform,train,144.2140603650273
4.129477806913218e-17,3.19555761696298,shallow,22.960646844539554,12.075133791022298,35.03578063556178,3.4467799400015733,0.6549765716050988,0.6549765716050988,nan,96.32341835327277,1,5.683588688897055e-16,2.0787500405081945e-15,0.655348515946415,0.34465148405358714,sample_0904,uniform,train,96.32341835327277
3.285376741236662e-17,2.3858515258854442,shallow,8.203411822105812,6.337282101872395,14.540693923978186,2.1108068154436515,0.8817122009772705,0.8817122009772705,nan,39.39436211217076,1,3.8827340871454245e-16,1.4659741951965308e-15,0.5641692112491316,0.43583078875086995,sample_0905,uniform,train,39.39436211217076
4.547301849816999e-17,2.0358988079007077,shallow,10.946812880276338,6.92956748075679,17.876380361033096,2.673132492415634,1.4781833626289673,1.4781833626289673,nan,53.18534141588585,1,-2.484669683148949e-16,1.8383252574183573e-15,0.6123618237693231,0.38763817623067864,sample_0906,uniform,train,53.18534141588585
4.040735892583014e-17,4.783879771115221,medium,58.760252988352754,26.624159086015656,85.3844120743683,3.548493116945499,1.1471655842899102,0.869792512041675,6.099180272790763,7.793276179607104,3,9.377367329759278e-17,1.2898621817163848e-15,0.6881847817511892,0.3118152182488121,sample_0907,uniform,train,193.05121429858863
4.388074021109368e-17,3.0135069175666107,shallow,39.59281254978757,10.278407362197434,49.87121991198498,2.748785646554247,1.5592466654311956,1.518683717891171,5.462600113499064,11.853105617143582,2,1.2237649601928865e-16,4.274265219584153e-16,0.7939010238703361,0.20609897612966435,sample_0908,uniform,train,46.95050327102465
4.1811282341412826e-17,5.808518159763227,medium,41.22572517580454,14.993535625699996,56.2192608015044,3.6102177474816406,1.0716388600002773,0.936426307129316,10.017983829094556,20.674543109633408,2,3.540299911113298e-16,2.4961585818087557e-15,0.7333025121294615,0.26669748787054093,sample_0909,uniform,train,132.54851503981
4.400759382936537e-17,5.428021216837002,medium,43.088034265567586,9.881714869228865,52.96974913479636,3.4398901695109227,1.2079359899788793,1.0153415177255072,15.569200364822851,7.70548908068173,2,-1.28269080334899e-16,1.7438360037112934e-15,0.8134460700562886,0.18655392994371325,sample_0910,uniform,train,65.32014125285554
4.1978524577171714e-17,2.02281913946259,shallow,49.00003968373255,11.560886427977708,60.56092611171013,2.5168236159931845,1.2479164591739134,1.0372098207935867,10.906878563548783,32.86982875888861,2,-6.586912579209625e-17,2.1412164179428617e-15,0.8091032094414726,0.19089679055852948,sample_0912,uniform,train,71.75443289082511
4.291640097586519e-17,8.160958457420325,deep,33.20922059716866,14.503299599605532,47.71252019677406,4.14046357281919,0.6218419648098759,0.6218419648098759,nan,114.22611143280027,1,-4.541156321773673e-16,2.792280986323303e-15,0.6960273835925775,0.3039726164074253,sample_0915,uniform,train,114.22611143280027
4.317493416608682e-17,1.81585184094848,shallow,55.57763786027714,13.454663370772904,69.03230123105004,2.2756202565777937,1.0744463711746963,1.0514674082777256,15.74166446091391,42.087890216687775,2,3.0660960143099006e-17,7.719676764598119e-17,0.8050961197752868,0.19490388022471328,sample_0916,uniform,train,91.449348589102
4.523667795138768e-17,5.869464579344032,medium,100.66173334956582,8.974157819708783,109.63589116927434,3.3414252322095597,1.4900890701242107,1.4900890701242107,nan,74.99286612042208,1,-7.140004496388435e-17,2.3655401145233665e-15,0.9181458031307219,0.0818541968692804,sample_0917,uniform,train,74.99286612042208
4.309130434893032e-17,1.412403239481214,shallow,70.04039647688002,14.462003955359886,84.50240043223978,2.365852595554578,1.455120192966567,1.101716334920677,7.222188034107115,8.581626258301702,3,-1.565121904268754e-17,1.4714964086461242e-15,0.8288568859418798,0.17114311405812171,sample_0918,uniform,train,86.40678154424603
3.8947885232880764e-17,3.9180447062697947,medium,12.261016267191225,9.76211005381089,22.023126321002056,3.200404900430112,1.573644910527733,1.573644910527733,nan,68.66481651269955,1,6.624114761274422e-16,2.6617372504604994e-15,0.5567336847856461,0.44326631521435655,sample_0919,uniform,train,68.66481651269955
4.262519931557919e-17,6.5833799588014275,deep,28.60699276299115,7.446395918561804,36.053388681552846,1.7933239061759703,1.301357784344801,0.8605708698547564,9.273618495495704,13.524687308581171,2,2.621114387309056e-16,3.030115881423718e-15,0.7934619687393841,0.20653803126061887,sample_0921,uniform,train,33.32025743554716
3.891376375479053e-17,3.8811198354313867,medium,20.6099943015596,11.497462428233602,32.10745672979317,2.680469756284289,1.6274068043735008,1.48108802896274,7.722693830523129,11.105958952060744,2,2.700453970206161e-16,9.405312455590059e-16,0.6419067843026994,0.35809321569730157,sample_0922,uniform,train,75.6003468743343
4.268250105753142e-17,5.6891493603804335,medium,41.041652395906546,16.450360839818437,57.49201323572484,2.9886886615276897,1.3060920939770044,1.157576323380662,6.615134163416492,40.989611264708394,2,-1.3361931035327638e-16,2.471796327071662e-15,0.7138670240617658,0.2861329759382366,sample_0923,uniform,train,112.45359276683229
4.5626204839250665e-17,3.827555501146795,medium,169.70166470939006,20.74239150894998,190.4440562183397,3.597453216948634,1.0377222574924936,0.7897849612247098,6.241794613730895,24.96495228196672,3,5.650110190327575e-17,1.7162502466074368e-15,0.8910840699319648,0.10891593006803692,sample_0924,uniform,train,157.4044109530993
4.163648284345253e-17,4.59598872113137,medium,38.73792293902977,14.652199004314488,53.390121943344184,3.296004909302849,1.0824419080280705,0.9205855560267276,19.363883907935413,32.15536212233018,2,1.3825211460054888e-16,1.430664349769911e-15,0.7255634849483424,0.27443651505165906,sample_0925,uniform,train,106.68756072728246
4.6999179339607724e-17,7.741990163450129,deep,10.41618213520067,11.50613716167282,21.922319296873415,3.2907862081154455,1.0956442387900085,1.0956442387900085,nan,96.92887251810534,1,6.359755264161487e-16,3.4032433450347133e-15,0.47514051748558545,0.5248594825144179,sample_0926,uniform,train,96.92887251810534
4.1914682416290846e-17,3.9691189013833497,medium,18.995407383781334,7.947349740411593,26.942757124192877,2.24654619312857,1.3322096755626283,1.0741966256665185,9.271461589199408,4.37079584004086,2,-3.9315975256303614e-17,1.8790270679999586e-15,0.7050283419852629,0.29497165801473896,sample_0927,uniform,train,51.864349672763694
4.1582294822728393e-17,4.800859028835468,medium,57.0292599201129,25.250737037423253,82.27999695753589,3.869807116685893,1.2679867159127034,0.6933319999013038,9.000000000000002,18.212036609210504,3,-1.2305963308491811e-16,3.2383754954141808e-15,0.6931120810510638,0.3068879189489394,sample_0928,uniform,train,210.32482484399605
4.1870155225910245e-17,1.8789244762082826,shallow,8.012209329481815,9.886791705118911,17.89900103460066,3.5135844451143865,0.9070585054947911,0.9070585054947911,nan,90.66730465425529,1,-5.996859745281367e-16,3.7712473320003655e-15,0.4476344413854923,0.5523655586145114,sample_0929,uniform,train,90.66730465425529
4.2943379772393164e-17,6.094136547645448,deep,70.09387182350092,13.53567596415587,83.62954778765663,3.48821315483264,0.8753984376907752,0.845340101581185,13.62057267518514,28.383844156487243,2,-7.180561352604917e-17,1.847947873880907e-15,0.8381472060745314,0.16185279392547042,sample_0930,uniform,train,105.79079034787854
4.207942323174023e-17,5.938400870825151,medium,54.17505277863865,17.830806207148278,72.0058589857868,3.413215018759278,1.4561572052083716,1.4325775179989049,12.284950142348972,48.020800975895725,2,1.450949065288582e-16,1.7762123004749334e-15,0.7523700646267165,0.24762993537328526,sample_0931,uniform,train,111.34092793444168
4.6470466590290617e-17,1.404585805486384,shallow,248.10459186993734,6.920069466250932,255.02466133618827,2.5664554954698704,0.911148267700061,0.911148267700061,nan,50.20369775866593,1,2.1928256471308997e-16,1.741357904460222e-17,0.9728650969282986,0.02713490307170135,sample_0934,uniform,train,50.20369775866593
4.384692047353358e-17,2.582952041794252,shallow,56.614955373953286,7.377741015846607,63.99269638979979,2.54023141016312,0.9065764770020217,0.6495688972809556,12.504399225872467,5.1075809791931,2,7.530809659476463e-16,1.6238864896694467e-15,0.8847096398172325,0.11529036018276913,sample_0935,uniform,train,41.43336869352626
4.1446984042794287e-17,5.0463539061958285,medium,52.466729447399516,17.640916354180007,70.1076458015794,3.2097780149440953,1.4780581638107875,1.3809984063477507,6.222539674441618,46.79418862405839,2,2.8330294188310747e-16,1.8243044816937318e-15,0.7483738591920817,0.2516261408079201,sample_0936,uniform,train,143.617351249519
4.112055651395653e-17,5.970261151061512,medium,48.38556784027836,27.50715903090288,75.89272687118103,4.117826147738839,1.1074872536020426,0.681973632918887,8.411896337925235,31.278853282574122,3,-4.787307146917754e-16,2.855550766737894e-15,0.6375521059140117,0.3624478940859912,sample_0939,uniform,train,239.45622458872907
4.246101303109276e-17,4.124101768924696,medium,30.31704232515935,9.817408905948884,40.13445123110819,2.988857495154438,0.9186114137340984,0.9186114137340984,nan,73.0417859309677,1,8.141033698666986e-17,1.1507639050165543e-15,0.7553869903585633,0.24461300964143784,sample_0940,uniform,train,73.0417859309677
4.1089883679513345e-17,1.6495431251503037,shallow,25.423886399769593,15.017828676065857,40.441715075835404,3.46324598035748,1.5257263193258879,1.2775288075072497,20.160357139693733,22.80402622895073,2,1.245272272333452e-16,1.1420207510438395e-15,0.6286550002168624,0.37134499978313873,sample_0941,uniform,train,103.69999839993415
4.3223835639338535e-17,1.8382334582917879,shallow,26.39535259773692,19.008240026578576,45.40359262431545,2.954006083897409,1.1302762321826951,0.8913840447342887,5.388877434122991,14.030807681066001,3,4.1230190582730054e-16,1.0172163733068215e-15,0.5813494279217267,0.4186505720782742,sample_0943,uniform,train,133.63750920161226
4.4479474134326605e-17,6.130378636222713,deep,40.144194132584424,16.818413529595233,56.962607662179565,3.117725251685422,1.1155411230294288,0.6849168774416943,6.148170459575759,30.388339457337114,2,6.807995059022597e-16,1.6215998431220458e-15,0.7047464254210791,0.29525357457892243,sample_0944,uniform,train,108.4172368513873
4.4005680000145576e-17,3.7293870986664177,medium,67.51274298253854,14.802351271184973,82.31509425372336,2.8154551062199853,1.4425873519453238,1.2783041339814218,8.740709353364867,6.980446384527781,3,1.0608988354515757e-16,1.8774569406610545e-15,0.82017452078037,0.17982547921963193,sample_0945,uniform,train,100.35178947004682
3.879189017365068e-17,1.9185839109228684,shallow,14.162251026952228,11.476513384152904,25.638764411105104,3.7255853359621574,0.9798202162470637,0.9798202162470637,nan,106.31266334489872,1,4.510200319099759e-16,1.1085444280650868e-15,0.5523765030119013,0.4476234969880997,sample_0946,uniform,train,106.31266334489872
3.9736611004997915e-17,6.3359589517510635,deep,19.18346641300489,13.320877447585978,32.50434386059083,2.998796087840504,1.2832990786261984,1.0277995979099925,5.80689245638319,13.015422631516813,2,4.534125247243742e-16,1.202296241832065e-15,0.5901816229634298,0.4098183770365714,sample_0947,uniform,train,92.09457652312625
4.107095510036257e-17,7.9291228082196685,deep,29.261904023545675,14.659974371504166,43.92187839504974,4.027025031961933,1.4989150204761652,1.2677835051408513,6.899275324264137,9.540204039839438,3,-3.362485251326475e-17,2.3457261039369956e-15,0.6662261518132992,0.3337738481867031,sample_0948,uniform,train,153.9478852572036
4.235127627336421e-17,2.871352073221095,shallow,30.851951215191935,9.076733400374781,39.92868461556666,3.487259017376349,1.5073335949367417,1.5073335949367417,nan,68.37416212993908,1,6.674241660279339e-17,1.4236236281784989e-15,0.7726763731947219,0.22732362680527954,sample_0949,uniform,train,68.37416212993908
4.3699824455643674e-17,7.763663653150203,deep,65.6486330070458,12.415579721382485,78.06421272842817,2.335360041927557,1.276671286785413,0.8502677905598541,8.079603950689666,27.527816211734734,2,2.046459663511429e-16,1.4563246556666467e-15,0.8409568317229559,0.15904316827704557,sample_0950,uniform,train,80.87974745753289
4.281239590981153e-17,2.4684081900316897,shallow,67.78770392731889,13.531345278167576,81.31904920548628,2.756214487468759,1.2481429117461194,0.9634500246769038,10.170545708072897,6.852181168054024,3,-9.651218524565724e-17,2.2499618016424357e-15,0.8336017770697879,0.16639822293021436,sample_0951,uniform,train,69.22394737759475
4.063968921877954e-17,4.684202061325419,medium,23.959801801628263,8.492889478332176,32.45269127996039,2.1426928224484643,1.443389195696131,1.1111331211171773,16.073580808270446,5.86142643077731,2,2.0622092367601723e-16,1.477893905625731e-15,0.7382993784686047,0.2617006215313968,sample_0954,uniform,train,47.06817557208726
4.24731363629046e-17,5.768409775551296,medium,34.87622779911619,17.62404100169235,52.50026880080845,3.445592105480891,0.9254947744491879,0.647604046430705,16.74873129523547,58.57004803151813,2,7.795457492516252e-17,1.6917597566404236e-15,0.6643056996801344,0.3356943003198673,sample_0955,uniform,train,146.3762092069514
4.354195265470913e-17,5.416194195288412,medium,59.868652519033944,9.75954994599145,69.62820246502527,2.810833213506559,1.3108335715195047,1.029441503506563,12.839003076563229,18.31065912225838,2,-4.028658667163954e-17,1.811354180237087e-15,0.8598333778486725,0.14016662215132927,sample_0956,uniform,train,57.49962252935296
4.0418772035775755e-17,6.173327772349676,deep,7.403750453363423,6.537992568977831,13.941743022341223,2.2352811962336006,1.3582880681632785,1.3582880681632785,nan,46.782680674118275,1,-2.1169086881395257e-16,2.229724406746675e-15,0.5310491264613855,0.46895087353861675,sample_0957,uniform,train,46.782680674118275
4.272774595240529e-17,5.097885154313728,medium,28.363066864132808,9.389624101792622,37.752690965925396,2.513100045022925,1.7585925298920584,1.7465754353525411,8.459314393022638,23.705613356951684,2,1.3644831184938424e-16,8.93996668451193e-16,0.7512859650119399,0.24871403498806097,sample_0958,uniform,train,60.35178496333815
4.326842293425e-17,5.481241636273198,medium,35.84766014457747,8.81215989837643,44.65982004295383,3.1329866355590443,1.5704864703170998,1.5704864703170998,nan,57.32942591550932,1,3.8438630056800297e-16,1.4716853537384328e-15,0.8026825927668131,0.19731740723318839,sample_0959,uniform,train,57.32942591550932
4.3884075162663196e-17,1.456399257978247,shallow,33.439360472595844,12.403170631012356,45.84253110360818,3.554180699217223,1.1257605043697296,1.1106951011987727,16.517869111964778,31.441799213704424,2,4.769022393978908e-16,4.262401041783839e-16,0.7294396637266806,0.2705603362733199,sample_0961,uniform,train,104.73419400681988
4.3884159851079184e-17,1.56571896712088,shallow,17.952246079657666,7.033854352900957,24.986100432558608,2.654711224858042,0.8470947593660909,0.8470947593660909,nan,40.575367613164836,1,1.7200125848176814e-16,6.042973042414834e-16,0.7184893108115684,0.2815106891884322,sample_0964,uniform,train,40.575367613164836
4.5678571777763244e-17,2.7210091650221893,shallow,74.17843624162239,19.7277483012216,93.9061845428438,3.863033240388735,1.3390145322637181,1.2557680966725493,5.53534100123922,13.084204427677546,3,6.870956483088527e-17,2.0051269881007602e-15,0.7899206703236802,0.2100793296763218,sample_0965,uniform,train,148.73558904348658
4.453391035778728e-17,5.699508139550011,medium,34.2043533691791,15.80750697304015,50.01186034221918,2.8596337671976246,1.4272499473471116,1.1524856344912082,4.51220566907139,17.269266110705424,3,2.8418475004080727e-17,1.4562671717678109e-15,0.6839248357315026,0.31607516426849885,sample_0966,uniform,train,119.89331520829681
4.2236984311955547e-17,6.819226819366047,deep,24.263137179260262,10.17869172075237,34.44182890001259,2.633369164679661,1.031449142124404,1.0221888427670491,7.022819946431776,11.757153787222407,2,1.35025407605744e-16,1.2893891643770992e-15,0.7044671538697352,0.29553284613026604,sample_0967,uniform,train,57.2888534771046
4.097722661632943e-17,2.663128442449384,shallow,42.40797701801108,17.14688028749162,59.55485730550261,4.090877728339711,1.661886832983705,1.4064323280693785,6.678323142825602,5.399632499646227,3,2.681734452115059e-16,1.5510163205491955e-15,0.7120825896780844,0.28791741032191714,sample_0970,uniform,train,146.6442738886475
4.3932556549650505e-17,7.120701691069426,deep,52.165143058846446,13.929699370128597,66.094842428975,3.0524852012923653,1.0867834794077278,0.7497875868871365,6.016643582596532,8.847806839744713,3,1.1890788368165556e-16,6.718969189271877e-16,0.7892468026518514,0.21075319734814926,sample_0971,uniform,train,89.51438902161085
4.384150650943737e-17,3.9065456301600214,medium,35.93220648467956,13.01290787607702,48.94511436075652,2.841740140737414,1.318092228929927,0.9027232874474085,7.467261881037786,29.499864793830998,2,1.2322316246158707e-16,1.2339563065365572e-15,0.7341326494782793,0.26586735052172195,sample_0972,uniform,train,79.84274076285712
4.33379217681271e-17,2.7805677886202473,shallow,72.72316143650212,11.875636505551922,84.59879794205389,2.2885909586580127,0.9752819032402931,0.6077619538074208,7.610519036176182,12.540121801724128,3,-2.2146618616402904e-17,1.8267758973794917e-15,0.8596240514707312,0.14037594852927063,sample_0973,uniform,train,54.1974906145242
4.274062750552737e-17,5.194906634183986,medium,36.61291741614536,6.9378435378040795,43.55076095394943,2.0126097377201084,1.4215365021706043,1.0701973571894228,11.813551540497889,6.158212392622463,2,2.090467519367949e-16,2.0394096457678087e-16,0.8406952396276118,0.15930476037238833,sample_0975,uniform,train,40.30637322339186
4.322283198342246e-17,3.5211521263806365,medium,49.46886582080964,10.570729422633896,60.03959524344352,2.661051890182421,0.9770257826016682,0.8606183934169379,3.6331804249169886,10.889928989762865,3,2.7367183840071126e-16,2.3669138103914626e-16,0.8239373636718806,0.1760626363281196,sample_0976,uniform,train,59.36292357839366
4.305808287817598e-17,6.194395723708675,deep,27.660075654897824,9.435690064885154,37.09576571978287,2.6791106466688297,1.4464014127996294,1.2162472203471435,9.232551110067034,18.3712654753984,2,3.22777168055765e-17,2.968913618733631e-15,0.7456397008714915,0.25436029912851155,sample_0978,uniform,train,51.30733865766858
4.294357737102834e-17,3.836767439195777,medium,70.61242342674763,11.870103224963298,82.48252665171073,3.604384433269974,1.6264332223478557,1.4834251311020081,9.572878355019458,8.400435599671306,2,-1.0747425952637725e-16,2.368977530951701e-15,0.8560894809262379,0.1439105190737644,sample_0981,uniform,train,101.90210741586456
4.262034373723751e-17,8.173898577651794,deep,11.840498392605523,6.340044299220448,18.180542691825934,2.520305739965578,1.636884861765295,1.636884861765295,nan,41.7821112202677,1,-7.01871298490773e-18,2.0518360898091948e-15,0.6512730996709506,0.3487269003290515,sample_0982,uniform,train,41.7821112202677
3.343660146555582e-17,8.125875590078087,deep,6.923834410944131,7.121737601775586,14.045572012719687,2.285329985559375,0.6325452308453544,0.6325452308453544,nan,49.99601196236065,1,-9.319607530547121e-17,2.2132416295578878e-15,0.49295496151199103,0.5070450384880112,sample_0983,uniform,train,49.99601196236065
4.2841026885549754e-17,6.6826581577536075,deep,59.80406135379047,20.392175905128735,80.19623725891903,3.887809933903475,1.159525930842711,0.7902336695282421,5.63205113613149,11.935942789196782,3,-2.565713544245008e-16,2.259312952973672e-15,0.7457215375418298,0.2542784624581725,sample_0984,uniform,train,136.05333372432074
4.5721895196060954e-17,2.2472565170987298,shallow,39.50983889117785,11.072097152457268,50.58193604363507,2.7049877889561786,1.3617079941798924,1.094583338990625,7.94480962641648,29.951579692724774,2,6.852176304253723e-16,9.833152977833823e-16,0.7811057065331436,0.21889429346685743,sample_0985,uniform,train,74.0526790207991
3.388548538137768e-17,4.10039121261361,medium,4.03494084101815,4.97572382855619,9.010664669574329,1.9544849261294612,1.175886071268332,1.175886071268332,nan,31.274155068344083,1,7.885943788214312e-17,1.2814059649882728e-15,0.447796138129815,0.5522038618701862,sample_0987,uniform,train,31.274155068344083
4.230230195012746e-17,6.895158654920185,deep,34.879370495250306,18.605086455261922,53.48445695051208,3.5678600757742442,1.4057148684633893,1.1767249299710842,9.905553997631834,38.49985276947461,2,-1.4281045388766448e-16,2.7234316123953078e-15,0.6521403129795891,0.3478596870204137,sample_0988,uniform,train,130.01547694917977
4.3592022602441473e-17,5.829816027631431,medium,34.1023944560492,12.572958040361712,46.67535249641086,2.4616896864788145,1.2971009053387825,1.150655477216574,10.584894897919398,39.30049388369475,2,-1.3202066220731027e-16,1.0656157659876625e-15,0.7306296071073385,0.26937039289266257,sample_0989,uniform,train,88.42206932560015
4.081273165205841e-17,4.120594698449516,medium,61.463545591200194,24.395622930008678,85.85916852120863,3.5510580578301667,1.2823041725923914,1.0448109376143484,7.730459236035076,10.549901083902158,3,1.9042481420052447e-16,2.813730138776719e-15,0.7158646729267788,0.2841353270732241,sample_0990,uniform,train,173.79122575276403
4.02410686495244e-17,1.323077365223657,shallow,67.6529405794278,18.99759274944358,86.65053332887125,4.077299298771047,1.3968780693323415,1.232054107472194,7.426977851050855,20.027788800713218,2,-5.052074529634156e-17,1.5990188190457896e-15,0.7807561936481053,0.21924380635189625,sample_0991,uniform,train,157.4124542400782
4.3812952347286884e-17,3.1204302329750746,shallow,56.67241151288921,19.02518729234787,75.69759880523691,3.0186401600718944,0.6984964097155576,0.6537111962053049,3.7735924528226414,22.69707043730708,3,-1.0982540263453084e-16,2.299715882786775e-15,0.7486685496947164,0.2513314503052859,sample_0992,uniform,train,127.29599847331426
4.11565385222605e-17,2.668040169285786,shallow,17.88743851684463,9.613358026692348,27.500796543536904,1.9018676169420294,1.4644228951310316,0.941222393817276,7.0597450378891144,8.009972891891712,3,4.563387616684698e-18,2.6483098516841524e-15,0.650433469755204,0.34956653024479867,sample_0993,uniform,train,45.95935161652209
4.2047582630027e-17,6.538240892388535,deep,14.682973100189797,8.01965980930636,22.702632909496124,3.109327131964762,0.7926813741350971,0.7926813741350971,nan,69.56834767004153,1,-4.43033397577799e-16,1.4084015381242478e-15,0.6467519938644719,0.3532480061355294,sample_0994,uniform,train,69.56834767004153
4.2654298681262596e-17,4.536931598161079,medium,29.458841869439016,5.518320125182392,34.97716199462142,2.6344559137692114,0.8974730354883791,0.8974730354883791,nan,31.790565191126287,1,3.0714927413202143e-16,3.0471714766453747e-16,0.8422307640044959,0.15776923599550377,sample_0996,uniform,train,31.790565191126287
4.4059541110247316e-17,7.916138666788001,deep,49.22762451663946,9.363353196384873,58.590977713024245,2.277520570147235,1.1126706954177847,0.8394448470794145,9.284395510748128,23.225582393851443,2,2.0508971047724882e-16,1.4855783010984597e-15,0.8401912109702959,0.15980878902970558,sample_0997,uniform,train,53.074907152432935
4.3485286077896444e-17,4.869546156553666,medium,43.563585055585115,11.634438420897427,55.19802347648244,2.053617597527796,1.2019753343342587,1.0542570140928509,4.354308211415447,13.594479435143425,3,3.875734792046243e-16,1.83434720065572e-15,0.7892236408455047,0.2107763591544971,sample_0998,uniform,train,56.10207510445182
3.86106652543609e-17,2.6380284277751356,shallow,10.571218017445254,9.25037285828518,19.8215908757304,3.38007018210561,1.1619173370190665,1.1619173370190665,nan,80.48196535945469,1,2.095284007032011e-16,1.7027281089697643e-15,0.53331834380603,0.4666816561939717,sample_1001,uniform,train,80.48196535945469
4.103642830739728e-17,6.073131273761262,deep,18.829325232071472,12.610993871250454,31.440319103321876,2.38473547559439,0.9849331033315569,0.8545045351157596,6.603029607687669,9.319130196267446,3,1.8925973669803342e-16,1.5819811287459822e-15,0.5988910344768743,0.40110896552312725,sample_1004,uniform,train,66.00203518044285
4.338136282054855e-17,5.531810057471183,medium,31.13771311820028,7.594453886429574,38.732167004629844,2.3051126058423375,1.1906226947383929,0.753752615796677,14.366627996854376,7.18845020815782,2,3.315050761843759e-18,2.981067249534848e-16,0.8039238577711967,0.19607614222880357,sample_1005,uniform,train,38.943903080508704
4.122724384243987e-17,4.339826438020287,medium,33.39622981098358,16.953515632908825,50.34974544389224,3.6429213672063687,1.044050527264937,0.9186781065928041,10.380751417888785,3.8691768564117557,3,1.4079696550367225e-16,3.245792561293824e-15,0.6632849782368614,0.33671502176314183,sample_1006,uniform,train,128.74737099270055
4.106793663633667e-17,6.8103004319666365,deep,21.687906092231554,10.363830647949792,32.05173674018129,3.2908220268322754,1.7151274948673119,1.7151274948673119,nan,81.99290729460249,1,1.7321991178509429e-16,1.718067962051291e-15,0.6766530708784576,0.3233469291215441,sample_1007,uniform,train,81.99290729460249
4.0864186698287303e-17,4.906159376728329,medium,63.93421391591813,10.692276845404246,74.6264907613223,2.9909141524164378,1.0927657106884356,0.6252777346328505,13.949910393977449,3.356037833987737,2,1.990163411969347e-16,9.759353504688337e-16,0.8567227704756847,0.14327722952431632,sample_1009,uniform,train,58.30013418020462
3.859495167454009e-17,3.5239003225460417,medium,9.969555282531493,6.87225091784807,16.841806200379523,3.07572293994163,1.11334851013972,1.11334851013972,nan,51.34146581847784,1,3.4276586614758456e-16,2.37314385470158e-15,0.5919528561198403,0.4080471438801621,sample_1011,uniform,train,51.34146581847784
4.415093351370044e-17,6.071012626660326,deep,56.035419023082994,9.923035180453718,65.95845420353666,2.3977570895950118,1.342640965968321,1.198714849212041,7.602631123499284,7.097627746537231,3,2.611893292871444e-17,7.810120622845811e-16,0.849556280536338,0.15044371946366278,sample_1013,uniform,train,46.32408974060726
4.351462720681772e-17,5.750415607153418,medium,29.08858310355986,8.881279308920744,37.96986241248053,3.495969462096088,1.6567755706960625,1.6567755706960625,nan,80.8674630401647,1,2.6078377320173424e-17,1.91811678494445e-15,0.766096615983485,0.2339033840165169,sample_1014,uniform,train,80.8674630401647
4.369989536328146e-17,3.3663682466913496,shallow,8.53246736747551,5.965269114827315,14.497736482302788,2.398443315810904,0.8751033269828159,0.8751033269828159,nan,39.3945952022801,1,-1.4748216123501057e-16,2.573056399041408e-15,0.5885378988569002,0.4114621011431024,sample_1017,uniform,train,39.3945952022801
4.2098688847737837e-17,6.114345164511806,deep,12.195420320379714,6.051472005634558,18.246892326014212,2.596553045405004,1.166154728555931,1.166154728555931,nan,33.63850896786105,1,-4.0369505482006165e-16,3.3099407537744397e-15,0.6683560193421517,0.3316439806578516,sample_1019,uniform,train,33.63850896786105
4.054876255952807e-17,5.886229719576803,medium,9.546431168510436,8.312268541708438,17.85869971021884,3.0549626226482496,1.0453861544208514,1.0453861544208514,nan,55.53434293790442,1,1.505989155268914e-16,1.889878910349357e-15,0.534553541042404,0.46544645895759784,sample_1021,uniform,train,55.53434293790442
4.303496796020793e-17,3.9055115403665943,medium,35.7874946252085,8.859723791925159,44.6472184171336,2.005693711052822,0.9559513787316412,0.9127774394517014,4.720169488482378,10.714412391190548,2,-8.517873252542413e-17,1.3527412161567311e-15,0.8015615730155962,0.19843842698440525,sample_1024,uniform,train,44.511746697584655
4.1878325847686764e-17,6.360490278364436,deep,25.81695612716467,13.115815144295292,38.93277127145989,2.4459933279136368,0.8868554529666172,0.7361367528631576,8.373768566183331,15.320203823516144,3,3.682769967407678e-16,1.7794242350118736e-15,0.6631163229340954,0.3368836770659064,sample_1025,uniform,train,67.19245977364605
4.2945098823579295e-17,7.193193713560601,deep,22.044049030831182,12.565374701959696,34.60942373279074,2.787353317235477,0.878159056183268,0.7698522604407965,5.385164807134505,7.431171047753867,3,-3.7809293047839946e-17,4.054739292860918e-15,0.636937765882115,0.363062234117889,sample_1026,uniform,train,88.0219118259193
4.3398357840912237e-17,2.1396695577689218,shallow,27.405322816239146,12.525558793988575,39.93088161022766,2.8192047552865787,0.8734495278269883,0.657451228794083,7.863841300535,4.265792584135893,3,-2.2704582503390487e-16,1.557002672414933e-15,0.6863190020132115,0.31368099798679006,sample_1027,uniform,train,68.11666863454496
4.631748033820082e-17,1.7403859603551448,shallow,74.92670029331312,11.035706776609,85.96240706992202,2.585525434511568,1.1630873546256688,1.1072147833747534,6.76756972627545,21.961143609269158,2,2.6081339144989807e-16,1.115874631681606e-15,0.8716217105503754,0.1283782894496257,sample_1030,uniform,train,76.36438000499638
4.126319805369303e-17,3.6564273045580906,medium,10.000062873214684,6.543057433327559,16.543120306542207,2.4894856012117206,1.1772431444710487,0.9000270037397277,5.261178575186362,5.678712484031909,2,-4.1176559578212296e-17,2.201236195647093e-15,0.6044846853504426,0.3955153146495595,sample_1031,uniform,train,37.37923156583701
4.532476221481201e-17,4.806714231178752,medium,78.61069873788634,9.800980440889612,88.41167917877577,1.9667007441035453,1.2886580894067732,1.1229235648888327,4.147288270665545,10.176893428707803,3,6.992899437399196e-17,2.029279869423577e-15,0.8891438265631056,0.11085617343689644,sample_1032,uniform,train,44.342060970770596
4.556643364507843e-17,3.59687173357663,medium,117.48409942926907,8.509075121880425,125.99317455114931,2.038995003198956,0.8547938592202993,0.6836255240504859,4.560701700396551,7.578346942970466,3,6.821329863289831e-17,1.438081056885099e-15,0.9324639993222346,0.06753600067776691,sample_1033,uniform,train,35.107045387610135
3.731390576121294e-17,5.115343644280432,medium,10.92477073100815,5.71814122640059,16.64291195740872,2.060343694328866,1.2964900895104527,1.2964900895104527,nan,36.63596435820368,1,-8.78941827412143e-17,1.1740688939175939e-15,0.6564218304444557,0.34357816955554554,sample_1034,uniform,train,36.63596435820368
4.404877039693956e-17,4.242211164227724,medium,34.37962105237619,12.111866244470873,46.491487296847,2.359749148971332,0.9160765709160882,0.750762808760551,3.475629439396553,10.809510149193487,3,2.283083239742504e-16,1.3372875980937964e-15,0.7394820654556211,0.26051793454438027,sample_1035,uniform,train,61.13568191627285
4.398699495012496e-17,4.031047109607382,medium,47.363867144723756,21.214389162953328,68.5782563076769,3.422995751369393,1.395984309256651,0.9795527721071011,6.23538290724796,28.654659430184818,3,5.693575415673134e-17,2.7456782238913278e-15,0.6906542932824857,0.309345706717517,sample_1036,uniform,train,149.8772206960517
4.220928027263576e-17,5.755357300982464,medium,14.505360202489872,4.895279403986636,19.40063960647648,2.589213662674317,0.9634636840353412,0.9634636840353412,nan,29.08999530043793,1,-9.949911314633172e-17,1.3276456185859542e-15,0.7476743291312712,0.2523256708687302,sample_1037,uniform,train,29.08999530043793
4.363385863619896e-17,6.705987088054971,deep,19.848553833876778,9.33399353337379,29.18254736725051,2.2572938711069903,1.1237608275517725,0.9411107524334917,6.814690014960329,6.542238334985199,3,7.754694215800799e-16,1.9478566468326658e-15,0.6801515160445313,0.3198484839554707,sample_1038,uniform,train,44.96158481283441
4.1170607452838333e-17,3.1349578158695848,shallow,26.091473333928292,12.84472871367529,38.936202047603516,2.88819559021705,0.8304237938002829,0.7305405082232117,12.028299963003915,13.310431456213765,3,-3.0351851378647956e-16,1.6880229606743215e-15,0.6701083300838839,0.3298916699161178,sample_1039,uniform,train,86.44772003373309
4.0728705421407977e-17,6.633711261256873,deep,40.091167379520556,16.009359838290727,56.10052721781119,3.7633611197473,0.9461727586238693,0.8780732908858881,14.90771612286738,16.301240938724586,2,-8.655888082771793e-17,1.6465184950968976e-15,0.7146308487238624,0.2853691512761392,sample_1040,uniform,train,128.54762942253436
4.1355084361886894e-17,2.647850888905184,shallow,13.051374033803933,7.362140440186643,20.413514473990535,2.0272508044693653,1.321790807835955,1.1306445376678136,27.476535443901952,8.804340246931357,2,2.9429715951842343e-16,2.001429364760383e-15,0.6393496842708333,0.3606503157291688,sample_1041,uniform,train,43.7031852192695
4.204007152204542e-17,4.891361297974862,medium,28.31440787721191,8.410067460364617,36.72447533757647,3.077252690356404,1.6055025125997395,1.471356725064227,11.7881296226331,2.4557468520330303,2,3.2362197865079676e-16,1.499464907673253e-15,0.770995572215585,0.22900442778441654,sample_1042,uniform,train,50.63183123132192
4.585656619337589e-17,2.367133441235761,shallow,23.232202629100783,12.06065254262357,35.2928551717243,3.0810034001871593,1.3887309847253244,1.0939542981276629,3.2062439083762797,4.869876921004741,3,-3.398511582904794e-16,1.5602892356956725e-15,0.6582692875387937,0.3417307124612079,sample_1044,uniform,train,93.87392914696072
4.319798941910877e-17,4.642838428791157,medium,37.067309071085525,16.330336712770443,53.39764578385589,3.469613874806515,1.5079247122177715,1.47261140855617,7.1582120672693135,34.57810145465438,2,1.663204766675998e-16,1.397196190199213e-15,0.694174968333386,0.30582503166661545,sample_1045,uniform,train,123.56705820316418
4.308806089721253e-17,3.6420636256922077,medium,68.51196165122887,16.24102869103927,84.75299034226799,3.161628509828477,1.2661214396646296,1.2307318871129242,3.6496575181789335,13.118344891633539,3,7.487097678121235e-17,1.7605747467674315e-15,0.808372204621323,0.19162779537867877,sample_1046,uniform,train,108.2910893598281
4.0069267567626506e-17,6.377821516901272,deep,13.349622746909143,10.372550318552706,23.722173065461792,2.960128548110348,0.763573458402033,0.763573458402033,nan,81.57619711115477,1,1.4008799420234575e-16,2.3962146597593527e-15,0.562748729219309,0.4372512707806934,sample_1047,uniform,train,81.57619711115477
3.939784816132619e-17,1.3974180746995928,shallow,30.412653063504717,16.942852564073213,47.355505627577855,3.591970911195428,1.3966042551991542,1.3243399367967081,15.332318807016765,37.623160704334126,2,-5.868021363295855e-17,1.5754659625334576e-15,0.6422200050545689,0.35777999494543267,sample_1048,uniform,train,132.04315683713023
4.2791677428011334e-17,3.832071868233721,medium,24.31463877006083,13.994669330785992,38.30930810084669,2.826925429751278,1.626942841262391,1.5939170339301993,12.91355876588634,48.943752083637115,2,1.0087651467052657e-16,3.4312915746111656e-15,0.6346927150460189,0.36530728495398457,sample_1049,uniform,train,107.2267275118333
4.376624283452276e-17,7.309017817462589,deep,31.847210925130454,7.0360846917094255,38.88329561683984,1.8580647739960585,1.2912213905549497,1.024311902551803,11.649892703368561,17.44853922078885,2,8.621220960199048e-17,1.073581471520818e-15,0.8190460818690958,0.1809539181309053,sample_1050,uniform,train,43.935688458512345
4.2500788585960486e-17,6.8337007459549195,deep,8.075604280736737,6.972231001433573,15.047835282170297,2.5371437803286114,0.7035286989829357,0.6447140124119165,20.79326814139615,2.9704153999285325,2,3.8918727061926036e-16,8.853550059314841e-16,0.5366621928873228,0.4633378071126781,sample_1051,uniform,train,46.45992695214267
4.10398676657559e-17,5.381183786884243,medium,41.30667673341762,24.462281463177305,65.76895819659472,3.7117951202844437,1.1420441980673355,0.9565151496565292,5.582114294781143,42.61214414924212,3,-2.1052130167926616e-16,3.0250131896285542e-15,0.6280573368661985,0.37194266313380453,sample_1052,uniform,train,186.65920954084072
4.087187360880739e-17,5.217253707441519,medium,12.146370907467281,10.24951878862766,22.39588969609488,3.5560319729532313,0.9642228164513079,0.9642228164513079,nan,86.45398938814036,1,3.439998105093552e-16,2.6967507591421853e-15,0.542348219797904,0.4576517802020986,sample_1053,uniform,train,86.45398938814036
4.148850877323512e-17,3.53080870442081,medium,56.31580308247408,18.03225477220379,74.3480578546777,3.775453229263178,0.9728047057298386,0.6520459065740596,17.780888616714293,64.22166890742587,2,6.939998964854106e-17,2.2458897746865346e-15,0.7574616568001029,0.24253834319989928,sample_1054,uniform,train,138.09133866587587
4.094415815534514e-17,8.108331006189738,deep,31.620505015335745,7.1904101854442555,38.81091520077996,1.8047258090069214,1.1533061518701944,1.120925345846642,9.981983770774224,9.516053490383767,2,3.212192602522198e-16,1.0526988888266334e-15,0.8147322693050095,0.18526773069499156,sample_1055,uniform,train,33.306552029130195
4.080781307721208e-17,5.9561668264579595,medium,58.505986766352585,14.34506966977714,72.85105643612965,3.016112206886372,0.8067266303481107,0.7180814184457056,8.357032966310472,29.837316298301293,2,5.783423038122897e-17,9.753362140781731e-16,0.8030904372354057,0.1969095627645952,sample_1056,uniform,train,106.994717434454
4.2648371030703895e-17,6.1590366125203095,deep,36.84887000568364,11.159530163503065,48.008400169186615,2.730979281683456,1.3539052396809685,1.0648712634576114,10.447966309287182,3.565246436920693,3,4.905499062289548e-17,1.8130469839417473e-15,0.7675504677478185,0.2324495322521833,sample_1057,uniform,train,62.54620850050716
3.95615654997659e-17,5.903306774117356,medium,54.96485160457261,23.54120680406414,78.50605840863662,3.658733614741864,1.396723422415418,0.758763946475773,10.562196741208716,44.05631989911555,3,4.0167131239319246e-16,1.6291442345900242e-15,0.7001351579577686,0.299864842042233,sample_1058,uniform,train,160.959497315689
4.292210130946391e-17,8.00519904121726,deep,58.834829101440214,12.075340107851122,70.91016920929118,3.306497533448897,0.8911734538226982,0.7578943709966677,9.635351576356728,8.50621548149252,2,-1.2613681294036206e-17,2.154369251856261e-15,0.8297093316445115,0.17029066835549056,sample_1059,uniform,train,87.78042130011802
4.3975419458060835e-17,6.810044812342911,deep,91.80925904036935,14.164787361681434,105.97404640205066,3.6160711767617237,1.721231575840138,1.6121487681060098,6.122091146005586,6.507988285968277,3,1.8954631763456928e-16,1.2068775023612114e-15,0.8663372038476091,0.13366279615239204,sample_1060,uniform,train,95.59501188156553
4.267726707814837e-17,3.022454038957412,shallow,37.75669749346424,19.10552077148821,56.86221826495233,3.5293229739857663,0.969090490753724,0.6504625789985904,5.051732376126036,8.946967675959902,3,3.8856317862380145e-17,1.999338773452111e-15,0.6640032458377728,0.33599675416222924,sample_1062,uniform,train,148.0570696194293
4.226744828279239e-17,5.560801203344701,medium,37.7921348122033,19.130095096040574,56.922229908243814,3.6095640999380416,1.5523050128701508,1.416221837931631,5.8991524815010505,7.651155113466735,3,4.814027092580648e-16,1.0610289273094972e-15,0.6639257610448958,0.3360742389551053,sample_1063,uniform,train,144.41511935179898
4.274708352105431e-17,7.799605731088673,deep,16.094655940259326,7.580531610710674,23.675187550969994,2.463222494508072,1.5629617342401452,1.5313517984078922,12.190159966136624,7.046434596500898,2,3.4233718525080937e-16,2.2509095257335835e-16,0.6798111273927337,0.32018887260726653,sample_1064,uniform,train,51.675829737804236
4.580363208967008e-17,7.763405870147443,deep,58.69084338426767,13.606066932854311,72.29691031712196,2.5701574701058005,1.1093470935649414,0.8196156838174005,5.219195340279956,19.859936522110853,3,2.3554909719597416e-16,3.931248141274018e-16,0.811802926664876,0.1881970733351244,sample_1065,uniform,train,78.7207222517541
4.406897243224166e-17,7.679423810045051,deep,74.57306378952566,14.550148585366063,89.1232123748916,2.9324523852462225,0.8268446807608516,0.7899059778154252,6.46838465151849,7.396090456710973,3,1.3373872730921193e-16,1.474928950750564e-15,0.8367412013363973,0.16325879866360418,sample_1066,uniform,train,97.62688973877188
4.289035524318332e-17,6.2313264898748315,deep,26.80911962560602,5.320140312577576,32.12925993818359,1.6800895875071853,1.3380594210520311,1.152931112902757,3.878143885933063,4.72604181443494,2,-1.2015371558245107e-16,2.4879520389454204e-16,0.8344144769343125,0.16558552306568775,sample_1067,uniform,train,24.590921089360414
4.125689778536684e-17,6.916968608224709,deep,27.471264899160065,12.625226440633769,40.09649133979376,2.186884800777034,1.30696222077665,0.8814810531443769,14.24780684877501,8.184748696628292,3,1.2781331364784283e-16,1.9049882306885073e-15,0.6851288973480882,0.3148711026519137,sample_1070,uniform,train,71.44632300921154
4.181569981595185e-17,3.398279259700563,shallow,29.834208957111528,14.311448869463948,44.145657826575444,3.5362721723233235,1.3084033179625973,1.1494347751512324,4.935585071701227,16.031920066463474,2,1.8221252203072045e-16,7.242937286111994e-16,0.675812988772624,0.3241870112273768,sample_1071,uniform,train,108.44232498679999
4.1496933656892596e-17,6.496943544980451,deep,31.002165289623164,21.024835741522246,52.02700103114526,2.899617484933658,1.2202468312814558,0.8741468658692422,9.35093578204877,51.56919114285262,3,-4.249784629014375e-16,2.8680102937375944e-15,0.5958860721390444,0.40411392786095846,sample_1073,uniform,train,171.49279964699906
4.1129511670962616e-17,5.43585126212556,medium,81.51621352580842,21.365627538334508,102.88184106414253,4.542752586151466,1.2142622973863526,0.7537919212493511,13.152946437965909,28.492907956846043,2,1.5460792622557178e-16,3.8675817608821714e-15,0.7923284875412219,0.20767151245878201,sample_1074,uniform,train,204.57707281529116
3.7906045572665765e-17,3.232420013507135,shallow,18.490354161086078,9.08026143662364,27.570615597709672,2.098064313771501,1.177929890661472,0.9984882440795453,9.90757286120067,14.984838446768185,2,1.3846174321735279e-17,1.6751630974914896e-15,0.6706543818565334,0.3293456181434683,sample_1075,uniform,train,53.670052112896
3.994171770423385e-17,5.5110483431479285,medium,10.71496014958029,11.48016911439694,22.19512926397718,3.7338650719038076,1.7095483003807401,1.7095483003807401,nan,91.30013501957741,1,1.1659828667534485e-16,2.3209753694120333e-15,0.48276178174689577,0.5172382182531066,sample_1077,uniform,train,91.30013501957741
4.0767933632051555e-17,6.39974431734467,deep,20.33053124206293,10.616505828913004,30.947037070975913,2.530638440557002,1.2474998913445077,0.8844252253942269,9.907572861200672,4.327946052906557,3,2.1115632087161706e-16,6.313989022144072e-16,0.6569459685408845,0.3430540314591161,sample_1079,uniform,train,54.64366730447907
4.3055948547692066e-17,1.5947367054687056,shallow,13.923501349430548,9.342169470856712,23.2656708202872,3.001529794336948,1.547499513705192,1.547499513705192,nan,60.14752025223067,1,-1.8890738097965683e-16,2.6722844081845945e-15,0.5984569048956686,0.40154309510433406,sample_1080,uniform,train,60.14752025223067
4.435534129085177e-17,4.217419549860122,medium,9.920860711801335,7.0847076368487585,17.00556834865005,2.536303118521865,1.3743955796644443,0.9977627336257398,24.090662091358137,7.581251677688758,2,-1.3899475399819736e-16,2.506976730888874e-15,0.5833889528654819,0.41661104713452063,sample_1082,uniform,train,42.55176138591189
4.449922613863303e-17,5.960096948476513,medium,62.1548234609309,7.574543282430586,69.72936674336148,1.9157300999663192,1.4136431388376678,1.2958484817486338,10.156771140475696,11.436549825628711,2,-7.667573848660922e-18,5.095003503869815e-17,0.8913722634208247,0.10862773657917542,sample_1088,uniform,train,40.886975612804925
4.485986788739319e-17,2.0522248297577224,shallow,2.6427876492108515,3.986192149757419,6.628979798968262,2.5633223992075957,1.124799784347346,1.124799784347346,nan,25.48723265708944,1,4.377489560154337e-17,1.2058576160611103e-15,0.3986718513793293,0.6013281486206719,sample_1089,uniform,train,25.48723265708944
4.1969749711502495e-17,5.907560723150169,medium,29.273676337264472,12.542531862850069,41.81620820011447,2.885329980126433,1.2648917396808197,1.1139274009110316,7.0,9.905342313748445,3,5.2487126395241887e-17,1.784164334025061e-15,0.7000557343021919,0.29994426569780985,sample_1090,uniform,train,80.21874280807589
4.1488665168422626e-17,6.6041715366495986,deep,62.57813566219677,22.308930891299934,84.88706655349648,3.7915525366753937,1.2499424754170836,0.6402100426690728,4.440720662234905,17.802459728444898,3,2.5100986694576603e-16,2.636690968975561e-15,0.7371928163256714,0.26280718367433126,sample_1091,uniform,train,167.92336264476697
4.459624394168516e-17,6.311571961736131,deep,53.54536849739537,6.8093504649056396,60.35471896230095,1.9120027497950014,1.009300309685242,0.8989333888870956,5.844655678480983,6.521417006115232,2,3.981653938691536e-17,1.0301181158318911e-15,0.8871778283126649,0.11282217168733613,sample_1094,uniform,train,35.800275917196274
4.674197996527911e-17,7.1629640540045685,deep,49.03136252367676,10.501191541932892,59.532554065609524,2.2321122309718766,0.8464190037254751,0.6372727635900645,16.555361669259902,24.562149147720177,2,3.7126170056721745e-16,2.1782040315842546e-15,0.8236058958538949,0.17639410414610734,sample_1095,uniform,train,70.13879625091292
4.05876705060022e-17,7.2018901847868815,deep,23.479709226583278,8.31854040585795,31.79824963244122,2.3452897680080333,1.4863223003309587,1.4863223003309587,nan,54.03537077213426,1,3.213507092059458e-17,2.7931676427685743e-16,0.7383962796061831,0.26160372039381713,sample_1097,uniform,train,54.03537077213426
4.4031718173539643e-17,6.098792025017932,deep,26.991788717376934,5.994652251963426,32.98644096934028,2.3276846013328685,0.7911663588909214,0.7287237696233344,3.0789608636681303,5.6670737259312745,2,1.7755696081298553e-16,2.477151587476815e-15,0.8182692016536383,0.18173079834636424,sample_1098,uniform,train,28.343702563772993
3.7320219091991706e-17,8.105168956528729,deep,9.049283392344563,6.396987553520263,15.446270945864791,2.236115047629141,1.1098157855504485,1.1098157855504485,nan,46.83505577264671,1,-1.662322789020872e-16,2.2425450446716574e-15,0.585855539117498,0.41414446088250423,sample_1099,uniform,train,46.83505577264671
4.2798756586495666e-17,3.905646809298689,medium,37.15239810702308,9.37700882001334,46.52940692703638,1.9958849539513972,1.5792763751798546,1.4588668919233783,5.295280917949491,16.230495154345824,2,-4.507821843568973e-18,8.398957357889247e-16,0.7984713444829081,0.20152865551709268,sample_1100,uniform,train,49.53439731367069
4.1431141610529846e-17,6.439555449257171,deep,20.248316281316153,6.642487652449647,26.89080393376573,2.697047917299012,1.2540968303216424,1.2540968303216424,nan,41.80049031468552,1,-1.5516961591357216e-16,2.576267965332944e-15,0.7529829279626383,0.24701707203736423,sample_1101,uniform,train,41.80049031468552
4.219785257296231e-17,6.128204874047909,deep,52.98956292472953,14.848934712029118,67.83849763675856,3.2142237342282582,1.3441887078648878,1.2814869502722166,4.77493455452533,6.427946259318058,3,1.424899763658109e-16,1.335439344404407e-15,0.781113449894812,0.2188865501051893,sample_1102,uniform,train,101.2497770426529
4.358638105406541e-17,5.231879751172466,medium,38.21912409728673,9.34395266224159,47.56307675952826,1.9839517313964323,1.4252118643372846,1.0633206034922549,9.402127418834526,6.789927938362587,3,7.091305777020292e-16,1.3071586956694054e-15,0.8035460845083017,0.1964539154916997,sample_1103,uniform,train,41.91728684745261
4.659384228159155e-17,5.44604639051447,medium,40.08585867581173,10.019975454574697,50.10583413038635,2.007777222916097,1.1728819829329964,0.8050113806651703,8.138795979750324,4.484767534952353,3,-6.06257870699509e-17,1.524440125983026e-15,0.8000237771014759,0.19997622289852568,sample_1104,uniform,train,53.44431983715984
4.0348325986931095e-17,7.48411904571512,deep,24.254169182673625,13.700639322755512,37.9548085054291,3.0323825045225257,1.2564358498355042,0.9685771234183489,12.01499063670047,3.02183628089335,3,4.501057455419182e-16,9.828397269365573e-16,0.6390275735208697,0.36097242647913125,sample_1106,uniform,train,93.33332583809538
4.262924664149179e-17,5.596147538211476,medium,24.418799586628463,13.225922510864708,37.644722097493165,2.151600622037026,1.1971778928056107,1.0019122079797715,4.512205669071392,16.96115253665809,3,4.330958485079003e-16,1.415622223056768e-16,0.6486646261695888,0.35133537383041136,sample_1107,uniform,train,75.47758112395836
4.158495713569088e-17,5.906655905590728,medium,35.50375031036888,16.09850914535183,51.602259455720564,3.091661515700964,1.1695667243512669,1.0279286486977313,6.539113089708725,52.930026237547985,2,-2.2837489864868453e-16,2.8227690486268563e-15,0.6880270492968303,0.31197295070317255,sample_1108,uniform,train,111.80477514521945
4.2521517460507956e-17,5.281957410097896,medium,46.445787840214706,12.53431013348095,58.98009797369561,2.175784153472662,1.0964306606773755,0.6488989698084587,12.537942414925984,10.998710801856367,3,3.2570314014653473e-16,8.433012696145324e-16,0.7874823785631715,0.21251762143682937,sample_1109,uniform,train,72.61643394080905
4.175224126709353e-17,6.22045701264706,deep,20.901674192933836,6.908675394629576,27.810349587563376,2.7964649002590587,0.6506870216767704,0.6506870216767704,nan,43.0167217411722,1,-1.4302026128424167e-17,1.2774789714938548e-15,0.7515789805922087,0.24842101940779251,sample_1110,uniform,train,43.0167217411722
4.112289658207566e-17,2.3708706791018566,shallow,22.079780516006053,5.999458514997838,28.079239031003848,2.5265283475988447,1.418236271232517,1.418236271232517,nan,27.648954162968952,1,5.3600385728265303e-17,1.549925997540477e-15,0.7863382797385122,0.21366172026148936,sample_1111,uniform,train,27.648954162968952
4.2931650928291325e-17,2.2459084303457106,shallow,51.375883399179344,9.609499307318151,60.98538270649744,2.558375654362453,1.722665519148149,1.7114285154448257,7.668115805072326,15.543521887528826,2,1.8643055294291824e-16,9.029550947712732e-16,0.8424294661957694,0.15757053380423153,sample_1113,uniform,train,58.47803685767793
4.0430076623199275e-17,4.145172986442576,medium,15.44295136740649,10.941629054161774,26.38458042156822,2.1778361368007477,1.6766007725578593,1.576450504461818,11.338430226446691,21.993118944662218,2,1.2189585035674879e-16,1.6831391773319217e-15,0.5853021393807182,0.41469786061928354,sample_1114,uniform,train,62.465366170395654
4.365101241247851e-17,7.3285098476547,deep,34.469185971231745,4.636827407563353,39.106013378795076,2.1101065302580326,1.2977459120229944,1.2977459120229944,nan,24.298306648652254,1,1.5221244347507598e-16,5.678016901754379e-16,0.881429299308796,0.11857070069120458,sample_1116,uniform,train,24.298306648652254
4.443879319381063e-17,1.6331580431955934,shallow,51.30101486197654,10.557032453631471,61.85804731560795,2.7546776045764294,1.2155641758646303,0.7797211148718564,10.594338110519223,5.875491338348541,3,-2.0991883275261222e-16,1.0337999499423824e-15,0.8293345342802687,0.17066546571973237,sample_1117,uniform,train,55.193324973858886
4.0893722703389387e-17,6.435385924104745,deep,31.15394275751265,13.821274172911508,44.975216930424054,4.076504436395627,1.251439354772823,1.251439354772823,nan,122.31110511810805,1,-4.945406896396105e-16,2.290788209973468e-15,0.6926913283310518,0.3073086716689505,sample_1118,uniform,train,122.31110511810805
4.072583890069958e-17,3.717021252322247,medium,81.04497272746477,29.036407026678866,110.08137975414353,3.9255817733894625,1.0579438931774348,0.6854967143311059,7.782030583337486,17.086976296788364,3,4.4271275567888536e-16,9.6820561844387e-16,0.7362278062690633,0.2637721937309377,sample_1119,uniform,train,235.940225096225
4.1418895137475547e-17,3.4218097576944206,shallow,15.470409388987473,7.298169446733785,22.76857883572123,2.19646970905825,1.105932718442399,0.7351965043762467,9.98799279134702,3.0124463478058083,2,8.166353353470592e-16,1.2872954461312428e-15,0.67946311013124,0.3205368898687613,sample_1120,uniform,train,47.40031216443817
4.461930727560055e-17,3.557280060540729,medium,77.40759176469369,10.111761915354842,87.51935368004835,2.2971953176569815,1.3272565884194572,1.054735488709245,6.01664358259653,8.469585909873516,3,2.9861122390047323e-17,2.049969900775508e-15,0.8844625618200854,0.11553743817991659,sample_1121,uniform,train,48.490039704235464
4.066510855773492e-17,4.89856164468374,medium,19.38950707604053,11.090022932315915,30.479530008356353,2.380157705629585,1.4747473038262242,1.1930187073148981,9.84276383949143,20.078628258834147,2,-9.642589395421707e-17,3.030576771475428e-15,0.63614849279909,0.36385150720091297,sample_1122,uniform,train,76.56007474084267
4.243617772395013e-17,3.426445052476282,shallow,41.74121611299268,12.931542533172795,54.67275864616535,1.9601937244230305,1.3986452742755073,1.0700021175526824,9.262828941527529,19.750011055401462,3,2.28423068537987e-16,2.3393312429057126e-15,0.7634737508516106,0.23652624914839177,sample_1123,uniform,train,77.8258914785709
4.038207731312774e-17,6.472839937649618,deep,21.190021677801816,13.59132683193398,34.78134850973574,2.9780722489140197,1.168759906956648,0.7926868054669252,4.604345773288536,3.450343280899857,3,2.1004605491843827e-16,1.5321632847872695e-15,0.6092351960382002,0.39076480396180135,sample_1125,uniform,train,100.10886000016453
4.144997895836452e-17,5.135892179177295,medium,24.573694251047037,12.601482830527354,37.17517708157435,2.8239293789246322,1.2454168192685795,0.76427483494814,4.907137658554118,7.344955276314324,3,5.418719475687043e-16,1.1945853247062884e-15,0.6610242688857787,0.3389757311142225,sample_1127,uniform,train,75.84671062668752
3.9879584902991606e-17,3.029210578502509,shallow,26.413840199441122,16.48399503513393,42.89783523457495,4.489975942615318,1.371381202812244,1.371381202812244,nan,146.46192754275214,1,-4.162336195583025e-16,2.4017225140110357e-15,0.6157383013619299,0.3842616986380726,sample_1128,uniform,train,146.46192754275214
4.21781284452697e-17,5.521629357060226,medium,59.09474143293565,16.40024140191207,75.4949828348476,2.7955670200565423,0.9813244361214464,0.7195619613168212,7.238784428341544,16.749519997803965,3,2.559705154631863e-16,1.5058860000050164e-15,0.7827638236862835,0.21723617631371803,sample_1129,uniform,train,106.20125940360364
3.974135054904025e-17,2.2489377167770197,shallow,45.65038273445111,15.857356067054512,61.5077388015055,2.580961930417374,1.3662969336842337,1.3550948439240953,14.926486525636234,51.21134529370219,2,7.60580332472889e-17,1.8772141003855294e-15,0.742189253319352,0.25781074668064985,sample_1130,uniform,train,113.0255253550701
4.2588912690623206e-17,5.84181085632315,medium,46.344017138689246,11.314171340587567,57.658188479276745,2.692512346768598,1.5615933236735904,1.558301971749151,8.40476055578028,16.40294889496585,2,2.8948818282644796e-17,1.1707194013122809e-15,0.8037716473757411,0.19622835262426008,sample_1131,uniform,train,66.50552999443826
4.0578119768999763e-17,3.6260846852923314,medium,11.374710144019666,9.862112161689566,21.236822305709193,3.4769895791196994,1.1687564588534265,1.1687564588534265,nan,75.75175519750196,1,1.476741346941894e-16,1.8401929396141104e-15,0.5356126251036036,0.4643873748963982,sample_1132,uniform,train,75.75175519750196
4.5973523713718473e-17,7.448418328341221,deep,51.779806660084034,13.194001081750702,64.97380774183465,2.0688562914205137,1.09917918502017,0.7025278534295399,6.931089380465383,10.833089836246856,3,-4.684196236489936e-16,1.3669791729448763e-15,0.796933540755756,0.2030664592442454,sample_1134,uniform,train,79.0026279860651
4.0668447728395273e-17,5.821055707285211,medium,28.094254759757565,11.965956251580902,40.06021101133835,2.831514957966161,1.4569521365989626,1.3414740447503521,7.563068160475616,10.02859646236506,2,8.058925921589757e-17,2.837899123632647e-15,0.7013007183563255,0.29869928164367743,sample_1136,uniform,train,73.40984850893533
4.595751479457384e-17,5.890186379409484,medium,80.17323818940544,18.210140676089967,98.38337886549522,3.847715356074039,1.3674381348117233,1.146129048056427,5.141984052872976,4.717823018803525,3,1.4397267476882368e-16,1.91387841267225e-15,0.8149063298488075,0.18509367015119446,sample_1137,uniform,train,133.68262935298964
4.54824505882639e-17,5.029767455852716,medium,60.74924142802519,6.592150238834627,67.34139166685968,2.211754729678751,0.9060436497433064,0.9060436497433064,nan,45.32100201710663,1,2.4464811316281423e-16,2.004756902890935e-15,0.902108494112416,0.09789150588758597,sample_1142,uniform,train,45.32100201710663
4.214647682556476e-17,2.0433834145672627,shallow,35.070508786384714,16.144421411163933,51.214930197548554,3.4569117643524914,1.1375202778398696,1.0712260394678699,4.608687448721167,18.231056515950428,2,8.194671695875608e-17,1.803586479421472e-15,0.6847711917425086,0.3152288082574932,sample_1144,uniform,train,136.27860488005814
4.289905359757613e-17,5.753400088503131,medium,66.63116762451932,14.733235778438166,81.36440340295727,2.8168046549604835,1.2956623332583943,0.8248725426048149,12.74205634895718,16.28209961965024,3,2.4038551112345563e-16,2.7290141098356643e-15,0.8189228315794121,0.18107716842059057,sample_1145,uniform,train,93.61022797397615
4.3261683983974485e-17,5.548374238302074,medium,28.647632373061988,8.386232521300615,37.03386489436257,2.9828263384478895,1.6348293918909391,1.6348293918909391,nan,77.7767429451439,1,9.944997059707178e-17,8.154176280532124e-16,0.7735523271680681,0.22644767283193273,sample_1146,uniform,train,77.7767429451439
4.23998383455837e-17,5.1249766303000674,medium,24.663286260316603,4.908858489799804,29.572144750116312,1.9715098414591328,0.8052548143954188,0.8052548143954188,nan,32.09855318048999,1,6.819970661725445e-18,3.213669204954761e-15,0.8340039746430498,0.1659960253569534,sample_1147,uniform,train,32.09855318048999
4.4263999306578647e-17,1.7635816545322975,shallow,30.828578490573964,12.710897045936058,43.539475536509975,3.063733254649961,1.283720316103311,1.2421350570187486,5.646237685397242,24.630706679162017,2,4.0397476345554536e-16,1.0607678952328653e-15,0.7080604006064036,0.2919395993935974,sample_1148,uniform,train,99.40731392244358
3.76855881101172e-17,2.8561848055315417,shallow,6.172619546124377,5.339712452501657,11.512331998626022,1.9542707033673614,1.5508593287241639,1.5508593287241639,nan,31.26387271492224,1,1.4056148197027365e-16,1.0029522652299865e-15,0.5361745601899831,0.4638254398100179,sample_1149,uniform,train,31.26387271492224
4.587990503939906e-17,5.8180038827100145,medium,35.890203198234225,4.728033101206832,40.618236299441044,2.6299224902661784,1.0835540749542358,1.0835540749542358,nan,29.260145071400487,1,-3.853809219698383e-17,3.2799740976653916e-16,0.8835982668880213,0.11640173311197896,sample_1150,uniform,train,29.260145071400487
4.1570866843573773e-17,6.507330212338654,deep,16.79251902064671,11.869761504657365,28.66228052530399,2.7472767269121348,1.2954998006509082,1.2367411054744286,20.16035713969373,35.9837554924376,2,-3.768907575800531e-16,2.974820102536405e-15,0.5858751890248834,0.41412481097511955,sample_1151,uniform,train,83.78650798618494
4.3985024498484006e-17,7.8554633184984,deep,42.26187823242277,13.19209231447097,55.45397054689372,3.6538751456115883,0.8555837024263313,0.7453668161764175,5.0039984012787215,9.373212084269197,2,2.9652871446991766e-16,2.882969676821056e-16,0.7621073444449702,0.23789265555503009,sample_1152,uniform,train,95.37900034059452
3.983910907420562e-17,7.978847433556826,deep,36.11906857190252,21.5816781411689,57.70074671307136,3.58882870343591,0.6962213707057554,0.6298463883122652,9.545679651025383,21.90757606684609,3,4.687798684234148e-16,9.851418239606745e-16,0.6259722902982849,0.37402770970171606,sample_1153,uniform,train,174.5299795894594
4.197586536517606e-17,5.328985139345203,medium,62.97695058916854,22.030897246774984,85.00784783594332,4.120857664402665,1.3160476723428334,1.018157784473026,5.685068161420758,5.483515308427241,3,-2.512000589351471e-16,2.3403952820542585e-15,0.7408369014435912,0.2591630985564112,sample_1155,uniform,train,170.95859116890503
4.098510974141974e-17,3.7048066733890543,medium,26.923113590977174,9.475430433938756,36.39854402491591,2.5156963559014334,1.640675188923554,1.3665125087662182,6.082762530298219,3.1126874631797024,3,1.0571345765170016e-16,6.344385340357473e-16,0.7396755642903597,0.2603244357096409,sample_1156,uniform,train,49.62817445757329
4.2254724744556734e-17,3.2817380033527686,shallow,39.99478686612531,12.513833347322807,52.50862021344797,3.292111213136886,0.9748318388402134,0.7465005985049793,5.506359959174481,20.058567445974347,2,6.23423448869284e-16,2.8078745369976526e-15,0.7616804003522883,0.23831959964771446,sample_1157,uniform,train,91.3846096505876
4.0575411744387016e-17,1.9567539146814714,shallow,13.110175428747546,7.885139879695591,20.9953153084431,2.8445810821997024,0.6858112637983436,0.6858112637983436,nan,52.341609599981204,1,4.067281542964654e-16,1.7344495508986714e-15,0.6244333669747457,0.37556663302525606,sample_1158,uniform,train,52.341609599981204
4.5026201793519514e-17,3.9000762266661377,medium,58.16242262080682,5.208270390539382,63.37069301134616,1.9241641713185038,1.286270323993243,1.286270323993243,nan,29.8411104613506,1,-5.624012191135597e-17,6.587332999251214e-16,0.9178126332055919,0.08218736679440874,sample_1159,uniform,train,29.8411104613506
4.336308151752335e-17,1.464740289209919,shallow,25.86509457772309,5.3171200654062885,31.18221464312935,2.886661163387734,1.5218741336140233,1.5218741336140233,nan,37.08876242049321,1,-1.1480374730124472e-16,9.969222855168144e-16,0.8294822825684761,0.1705177174315249,sample_1160,uniform,train,37.08876242049321
3.9459582533878315e-17,3.9802173489946338,medium,16.798451464061014,6.163113019804318,22.961564483865303,2.112081363258337,1.7078083718801698,1.7078083718801698,nan,39.46576654627702,1,8.379941568334365e-17,1.2764760811790367e-15,0.7315900219196735,0.26840997808032774,sample_1161,uniform,train,39.46576654627702
4.249149955172647e-17,7.381977167109799,deep,51.10451647734428,10.633450291610613,61.73796676895478,2.938142907408386,1.5209639689462344,1.3657801498875126,15.866946776238962,26.430516523593152,2,1.2035417128892374e-16,1.927758792012316e-15,0.8277648123495124,0.17223518765048954,sample_1163,uniform,train,63.49298853860918
4.425731771452507e-17,6.452300811132,deep,36.53562382073832,5.613726369822077,42.14935019056031,2.01869570088215,1.389589174251392,1.389589174251392,nan,34.458882063200896,1,1.8725006288830943e-16,2.0650730020057563e-15,0.8668134539573702,0.1331865460426319,sample_1164,uniform,train,34.458882063200896
4.367665520477634e-17,2.1237153213336333,shallow,84.12296946697677,12.94889141206677,97.07186087904334,2.058641140870976,1.2991601940668247,0.9597913729503225,5.6603886792339635,17.190810064343157,3,4.868436404794654e-17,2.0312334325095407e-15,0.8666050975554948,0.13339490244450727,sample_1165,uniform,train,74.63749112997735
4.3728292501784265e-17,4.441131100710348,medium,29.660388596769927,13.514436143880415,43.17482474065027,3.8790006906480237,1.2533274812277684,1.0954435658567634,8.449852069711046,19.504985426580607,2,2.0584049318193684e-16,1.604590572231848e-15,0.6869834162602602,0.3130165837397414,sample_1166,uniform,train,134.5202761687271
4.341870194864608e-17,2.1004350322646426,shallow,9.656600450388403,8.35442223526959,18.011022685657966,2.225746463762071,1.4729654804102017,1.4103570328779562,18.627936010197157,16.00521863371773,2,9.545480726888226e-18,1.4793914291286324e-15,0.5361494801779288,0.4638505198220726,sample_1169,uniform,train,50.115090995015535
4.087833964939689e-17,5.331368906358902,medium,37.549957582563216,17.788843442060216,55.33880102462333,2.4361796413273424,1.0413266721047083,0.8833824841311202,9.123595782365634,25.25818649967599,3,-6.955560670165073e-17,1.8617804285165356e-15,0.6785466415482175,0.3214533584517844,sample_1171,uniform,train,99.18944568985765
4.287116187347681e-17,4.190952579067476,medium,13.355720701231366,11.711416541066662,25.067137242297974,4.230632352345772,1.612698697010523,1.612698697010523,nan,112.4474729153841,1,-6.510831310175006e-16,2.125919073522502e-15,0.5327980045002941,0.46720199549970803,sample_1172,uniform,train,112.4474729153841
4.834978471022776e-17,7.169775932616028,deep,111.0052024055645,18.651123448170818,129.65632585373515,3.3179477577258227,1.237344359350844,1.064670863556982,7.002856560004639,11.919765626289923,3,1.4126856211424318e-16,1.2878472516025969e-15,0.8561495297251372,0.14385047027486406,sample_1173,uniform,train,135.17305824270022
3.990585791837403e-17,7.233336767800761,deep,18.484928195616412,11.541164076547872,30.02609227216425,3.672907611236245,1.1736670187372293,1.1736670187372293,nan,120.30212757269362,1,6.484611851584198e-17,1.1832088060603383e-15,0.6156288346836563,0.38437116531634496,sample_1174,uniform,train,120.30212757269362
4.3617419809087134e-17,6.4211022916447185,deep,21.203334315781923,11.051572735845097,32.25490705162697,3.1057522097494568,1.180669081163926,0.6676859516971906,14.429137188342201,5.94818912969103,3,8.15559340340927e-17,1.486956219933907e-15,0.6573677078605131,0.34263229213948837,sample_1176,uniform,train,79.53334181514663
4.120438818333561e-17,2.196161926882481,shallow,33.30422815926053,14.438007001500685,47.74223516076109,4.224757738288393,0.9924383012787332,0.9924383012787332,nan,134.1574527278405,1,-7.555769545436357e-18,2.641714095972527e-15,0.6975841840482779,0.3024158159517247,sample_1177,uniform,train,134.1574527278405
4.2462411973874834e-17,6.2921141993856935,deep,48.366810103382235,12.078427661817098,60.445237765199266,3.726914411101182,1.7404892192910209,1.6941103896603389,15.653753543479594,5.9644771158744625,2,7.385182473688208e-16,1.1167390913312423e-15,0.8001756944238366,0.19982430557616454,sample_1178,uniform,train,98.46434270268374
4.371368713293626e-17,5.170077497135199,medium,27.718261748188954,5.169757277483136,32.88801902567203,2.172078436167401,1.29335997718207,1.29335997718207,nan,30.91189611247799,1,7.98620460818837e-17,1.8364174653530804e-15,0.8428072766119595,0.1571927233880423,sample_1179,uniform,train,30.91189611247799
4.1921839961498775e-17,4.466321230461881,medium,33.28022024035949,12.596818696131402,45.87703893649081,2.6643588030872736,1.1599930109760714,0.7886066953516235,5.535341001239218,10.959924036670317,3,-6.524158717693534e-17,1.7423979320825293e-15,0.7254221504232315,0.27457784957677017,sample_1180,uniform,train,65.05507813248823
3.9000709098591034e-17,5.592557149012447,medium,13.556809971830535,10.104386744733304,23.66119671656381,2.307342009547119,1.2072146353503999,1.1865635087188604,20.83266665599966,11.432411447880051,2,-6.618755532712448e-18,1.2011949256356777e-15,0.5729553806693222,0.427044619330679,sample_1181,uniform,train,62.88704969270379
4.125537489351581e-17,8.039699471910005,deep,23.546169402823324,6.325113054005584,29.871282456828837,1.6275458478417022,1.2766716580410387,0.9867594132134192,9.114823092084675,10.845658529348709,2,-4.61209534017984e-16,2.378681721439328e-15,0.7882543856914473,0.21174561430855499,sample_1182,uniform,train,28.90443422158186
4.4233292607387067e-17,3.619195012707747,medium,41.485642272910034,10.76242245008515,52.24806472299519,2.527458797424898,1.5296862074575217,1.3517278743257046,15.161794089091174,25.32074728665067,2,2.7461329390865855e-16,6.799703869676338e-17,0.7940129934545032,0.20598700654549681,sample_1183,uniform,train,62.94566791809518
3.8976296458975135e-17,2.6834212619130806,shallow,30.005129399844694,21.001762884795,51.006892284639626,3.656741382874946,0.984792104720217,0.7480114686481891,18.095303258028032,72.91442482891898,2,1.220150746786542e-16,1.323381152502348e-15,0.5882563719507478,0.4117436280492536,sample_1184,uniform,train,177.88594917912616
3.802233818313929e-17,2.5789421857296837,shallow,7.733349571675587,4.125163487869814,11.858513059545375,2.2468433371682166,0.906661861244406,0.906661861244406,nan,23.476359028873933,1,1.188241671281938e-16,2.1720407981986148e-15,0.6521348446338907,0.34786515536611146,sample_1186,uniform,train,23.476359028873933
4.252699521751777e-17,6.154839928593494,deep,32.86172095981434,19.272831868687746,52.134552828501924,3.8342147245582723,1.5019016440114494,1.3386047765703772,7.280109889280519,2.4554090166781113,3,2.668112233597246e-17,3.134674037819287e-15,0.6303251716364365,0.36967482836356663,sample_1187,uniform,train,167.9490755813328
4.3155313875434795e-17,1.7346464505870327,shallow,33.02522195526672,6.6783370669212045,39.703559022187875,2.844043683312869,1.6276504871827329,1.6276504871827329,nan,37.66340146181685,1,3.821349121189097e-16,1.3198445694256991e-15,0.8317950019747842,0.16820499802521716,sample_1188,uniform,train,37.66340146181685
4.0254973694708196e-17,4.045365140263867,medium,18.41336855320242,7.001532538996026,25.41490109219835,2.5731367807217405,1.0226372825064312,1.0226372825064312,nan,45.24146295263998,1,-3.835726294964535e-16,3.844186755344281e-15,0.7245107303940994,0.2754892696059044,sample_1189,uniform,train,45.24146295263998
4.361282531109521e-17,5.854139853818594,medium,53.99749509097701,11.753313020679796,65.75080811165674,3.255636564539541,1.555143872640303,1.4914230206939587,6.651315659326357,17.565524032279114,2,-9.132209847069767e-17,1.0536435783262674e-15,0.8212445845422846,0.1787554154577165,sample_1190,uniform,train,70.915133727283
4.675597567651909e-17,2.2860081183798235,shallow,112.07507588971018,20.621528374994927,132.69660426470497,4.175196121202964,1.3923989608230607,1.258261340383792,11.50651989091402,67.03011904419527,2,2.0097003357998303e-16,9.906086658660797e-16,0.8445964123252265,0.15540358767477444,sample_1191,uniform,train,206.81492567508718
4.1591623058863854e-17,6.099940858588005,deep,41.80317714475506,13.779104692410378,55.582281837165326,3.5408457132457096,1.1101089513313618,0.8456210668288819,6.9656299069072,3.068865713708003,3,6.243593384627019e-19,2.0453791021871802e-15,0.7520953757750045,0.24790462422499757,sample_1192,uniform,train,96.60468166374109
4.352617878410198e-17,1.770662867484559,shallow,124.97595611783599,27.24909299877166,152.22504911660747,3.9457648013979374,1.5045731723249431,1.3514492226955408,5.695612346359257,3.4352455333795064,3,7.994295504714301e-17,1.2136052007847317e-15,0.8209946841409911,0.1790053158590102,sample_1193,uniform,train,214.68927744175812
4.355184359062425e-17,1.703803230584657,shallow,18.55332854419886,4.521061860966921,23.074390405165758,2.55680084208677,0.9381212148905358,0.9381212148905358,nan,33.38183126125297,1,6.787954870742115e-17,9.622988994557415e-16,0.8040658157558628,0.19593418424413817,sample_1194,uniform,train,33.38183126125297
3.8344808925481154e-17,6.46532732326271,deep,6.924377799002467,7.223328076171378,14.147705875173815,2.6832421255182872,1.6010207088882953,1.6010207088882953,nan,57.83137226488137,1,-2.2786185398714493e-16,2.1344850208396953e-15,0.4894346730202571,0.510565326979745,sample_1195,uniform,train,57.83137226488137
4.280288698698126e-17,2.9991000875847575,shallow,19.28775502598825,10.370292746184042,29.658047772172207,2.4497091515114002,1.0494655949832827,1.0434558542246695,8.114185110040317,28.788521297625447,2,4.955282893724038e-16,2.8749406888209034e-15,0.6503379849595401,0.3496620150404628,sample_1196,uniform,train,65.09565684880813
3.867195224006793e-17,4.552948162873023,medium,23.06587993408526,9.82812916534941,32.89400909943463,3.2709660147613024,0.9269741540254078,0.9269741540254078,nan,73.77164393579663,1,-1.0137143432986022e-17,1.0800488526835008e-15,0.7012182633123216,0.29878173668767943,sample_1197,uniform,train,73.77164393579663
4.021702124771526e-17,7.0050961727548104,deep,16.4702253195346,9.688144263643036,26.1583695831776,3.487716881657547,1.5964886792207835,1.5964886792207835,nan,86.96691475372332,1,2.2565561869967773e-16,1.358155624915264e-15,0.6296350109728005,0.37036498902720083,sample_1198,uniform,train,86.96691475372332
4.1044147393777946e-17,5.302980516748359,medium,19.665928956674236,8.700562081774992,28.366491038449162,2.0592975437784586,1.2322022142066575,1.0955427374737825,17.29508600730277,21.26885015877426,2,2.4817213180511213e-17,2.317001527214716e-15,0.6932802837692611,0.30671971623074124,sample_1199,uniform,train,45.62220209999427
4.2144970697226894e-17,7.135885368828308,deep,29.5602197245185,16.920258152890035,46.48047787740845,3.381821391508281,0.9261033619788981,0.8593294504727134,9.47417542586161,49.291961520627616,2,1.611902278029691e-16,1.9108633565314932e-15,0.635970649924967,0.3640293500750349,sample_1201,uniform,train,147.03475941477484
4.014642535290834e-17,2.147211024943496,shallow,14.543515511854705,9.569995987174302,24.113511499028967,3.2784096444020996,1.4625300506913192,1.4625300506913192,nan,70.6179722512467,1,1.2677769432092229e-16,1.6943283979129714e-15,0.6031272348052817,0.3968727651947199,sample_1203,uniform,train,70.6179722512467
4.2709137846349765e-17,4.6548325289073995,medium,16.702566714942783,8.11331876386402,24.815885478806777,1.8221214000753723,0.7150899315185251,0.6410620676784569,17.73696704625681,22.291651843496933,2,1.2238091714038638e-16,1.073721613269024e-15,0.6730594694759968,0.32694053052400424,sample_1204,uniform,train,47.632464348578694
4.485861198247782e-17,4.814810286104881,medium,68.98561915967466,7.085614981228491,76.07123414090303,2.4922558303294005,1.0540999607778512,0.9262626928132076,15.606408939919524,8.028635408379598,2,2.327105365970752e-17,1.5295055259022674e-15,0.9068555274375589,0.09314447256244263,sample_1205,uniform,train,41.75975497383918
4.4818555061793023e-17,6.746777318247604,deep,20.26780750631953,10.613327618476145,30.88113512479564,3.4832191064093787,1.1833865693239234,1.1441860646969468,10.480458005259122,11.461844417467006,2,-1.581773220700069e-16,1.1504478913885168e-15,0.656316790960373,0.3436832090396282,sample_1206,uniform,train,81.47269297493098
4.337487613237507e-17,1.4934219318005388,shallow,18.79624071537712,14.880311826945356,33.67655254232241,3.27092843144489,1.2044186616756876,1.0139679439049172,21.428952377566198,59.65488940224739,2,1.529506015308112e-16,1.8989130831620142e-15,0.5581402874226891,0.4418597125773129,sample_1207,uniform,train,129.72843965000774
4.2223221448958385e-17,5.94346809110891,medium,97.48509747571737,23.81673056215228,121.30182803786943,3.5960494187582586,1.3043477067637035,1.0633427509311186,10.31309846748299,19.453619335136743,3,1.2386805062983108e-17,1.8158691558783858e-15,0.8036572824383432,0.19634271756165864,sample_1208,uniform,train,165.31613345864912
4.392999478896435e-17,4.176375305773525,medium,97.31243565456899,11.350546025543164,108.66298168011193,2.701144309684477,1.2719502409130479,0.8836080310553293,4.3908996800200315,5.3818032996135905,3,-1.0371843998084442e-16,2.0597719508868993e-15,0.8955435802511171,0.10445641974888492,sample_1209,uniform,train,63.31327018664924
4.1426944130937434e-17,8.103467043965482,deep,52.95768043533951,14.590869654199102,67.54855008953845,3.0030145140044007,1.0786629561160963,0.7140134646862301,11.443775600735975,4.3009984273088095,3,-2.228956651985297e-16,2.3930709418803354e-15,0.7839943324489108,0.2160056675510916,sample_1210,uniform,train,86.70383345517895
4.6174016259771365e-17,7.5418531736080805,deep,78.87882839572681,21.243381428292665,100.12220982401925,3.612011839343694,1.1238845998129403,0.8137832956295183,6.931089380465383,26.048896405767078,3,3.62780922441488e-17,2.2709614164816932e-15,0.787825483819913,0.21217451618008926,sample_1212,uniform,train,150.98242231015595
4.1675514842323493e-17,6.227734926965001,deep,21.81868096056008,5.353642444294875,27.172323404854946,2.5039612100464486,1.0823419238818754,1.0823419238818754,nan,41.671185769226845,1,5.626628108761253e-17,3.2686877984877516e-16,0.8029744323101087,0.19702556768989166,sample_1213,uniform,train,41.671185769226845
4.479402374648333e-17,4.450026284416197,medium,80.62146813846488,11.108993796216216,91.73046193468099,2.232174497591086,1.2474543394540936,0.8118006573883203,10.039920318408907,23.520234288172514,2,4.340436212647074e-19,1.1425327128434595e-15,0.8788952594163697,0.12110474058363141,sample_1214,uniform,train,70.10812365220518
4.44291232859362e-17,2.515412953487872,shallow,66.07705734508457,12.685634115648009,78.76269146073246,2.4984267095491615,1.0576496653858163,0.6397543151495243,7.868926229162402,21.529616242135145,3,4.2623634299943276e-17,1.556176149461887e-15,0.8389385395498784,0.1610614604501231,sample_1216,uniform,train,78.59769146113507
4.2441201748522657e-17,4.841598104329554,medium,25.973561834859993,5.793447965614653,31.76700980047459,2.3044355970553276,1.4424395649505355,1.4424395649505355,nan,36.72815461420094,1,1.9549267028995098e-17,1.7614261081718788e-15,0.8176269028151323,0.18237309718486946,sample_1217,uniform,train,36.72815461420094
4.43708671366458e-17,2.3724218904943895,shallow,40.19827723637179,10.976828091738108,51.175105328109886,2.8889433992637996,1.6399404198942071,1.508293880030068,13.518875692896952,34.692536865709634,2,9.205628632627102e-16,1.7355673505810242e-16,0.7855045334765798,0.2144954665234204,sample_1218,uniform,train,77.73696520212806
4.1207959707818634e-17,2.8893387664478776,shallow,19.880531484052323,9.518733025480216,29.399264509532486,2.878718389036363,1.57627112149701,1.57627112149701,nan,72.54162642259179,1,1.8792725551163224e-16,1.8126543663950646e-15,0.6762254707972783,0.3237745292027234,sample_1219,uniform,train,72.54162642259179
4.2721163435010504e-17,5.384669373326008,medium,36.190473409381845,10.939140977448158,47.12961438682992,2.3830198125222277,1.3924632929963743,1.3152994550070134,8.15107354892593,16.43125446046137,2,5.270452483149216e-16,1.7337806743278925e-15,0.7678924149970352,0.2321075850029665,sample_1220,uniform,train,73.11670053945902
4.355221585904169e-17,4.116927181151791,medium,45.85181950883709,8.34661243762525,54.19843194646227,2.565606152505522,1.3462044236153676,1.1510294477182241,15.937377450509224,13.155852584968665,2,2.816272040243203e-17,1.2454522662922833e-15,0.8459990051765696,0.15400099482343169,sample_1221,uniform,train,38.9634515800422
4.2352060599525764e-17,4.849727345353781,medium,17.332463190710737,12.930100455595905,30.262563646306596,3.913044380232351,1.1255086340692504,1.1255086340692504,nan,100.5471686588797,1,8.258636652923592e-17,1.5261521913409742e-15,0.5727361169160592,0.42726388308394236,sample_1223,uniform,train,100.5471686588797
4.120856519771142e-17,5.325110026021758,medium,12.624115271869778,10.68655118223243,23.310666454102186,3.5132323202075546,1.570442751680079,1.570442751680079,nan,112.4784656093409,1,1.3932508883880482e-16,9.144432706278027e-16,0.54155960305666,0.458440396943341,sample_1224,uniform,train,112.4784656093409
4.4121099373286707e-17,5.710920800480416,medium,49.60912132747604,11.819191880478236,61.428313207954204,2.7392550372412123,1.0368704996098577,0.6608331370780638,11.93817406473871,16.42493912411975,3,3.117175163375919e-16,1.1567023391228228e-15,0.8075937419856137,0.19240625801438738,sample_1225,uniform,train,77.50360192309299
4.172647055695439e-17,2.358708838856953,shallow,19.258001056714814,12.873629166138233,32.131630222852955,3.8008059110777306,1.1844494928351579,1.1844494928351579,nan,102.36360117093346,1,-2.038845731842318e-16,2.8747547201360603e-15,0.5993471517986647,0.4006528482013381,sample_1227,uniform,train,102.36360117093346
3.8626469128909725e-17,7.352151927103444,deep,17.880180650185157,17.606013754019372,35.48619440420445,3.899073914734014,1.2150968898773236,1.1346163296923248,7.623647421018369,4.054018748196277,3,-1.0968386395134705e-16,2.3026536371206413e-15,0.5038630078650161,0.4961369921349862,sample_1229,uniform,train,153.39166246586095
3.930593508909884e-17,1.4838973356814151,shallow,24.42516427529466,14.88854880048525,39.31371307577982,3.2799276644055833,1.167879513240527,0.7708802218088342,15.494515158597254,30.647481930967075,2,1.9193664548634873e-16,2.1688393596111808e-15,0.6212886640397847,0.37871133596021755,sample_1231,uniform,train,109.33483892860947
4.364537383763838e-17,5.693797459391759,medium,35.036808112940165,13.342546208805867,48.379354321745964,1.990952874340695,1.5087309845285457,1.2696495756065924,8.471127433818946,21.742919116860595,3,3.315694617141007e-16,1.3952554936614428e-15,0.7242099156580004,0.2757900843420009,sample_1233,uniform,train,81.8508700895213
4.0503920237552207e-17,4.596567268011803,medium,13.421283281499754,12.945328923335458,26.36661220483516,3.031090067508943,1.1219242102649665,0.6670139734437971,16.20123452086291,38.48980367243869,2,-1.2290554710915184e-16,1.953771987937095e-15,0.5090257017941248,0.4909742982058771,sample_1234,uniform,train,80.72591618875455
4.2817379497453475e-17,5.6414943460642375,medium,36.54339360868703,14.690421660520231,51.23381526920712,3.110809520109727,1.3502894457275,0.9231915395003141,7.485986908885162,8.853597758899344,3,-3.146960543664556e-16,2.8083972125710288e-15,0.7132670759862496,0.28673292401375317,sample_1235,uniform,train,112.99516831715519
4.2962346409794034e-17,2.2796241305805314,shallow,45.95110799313129,10.96121633255675,56.91232432568796,2.1338665419547653,1.2273991876633452,0.7759691210015803,5.07937003968012,12.066642063650555,3,-8.936074605126448e-17,1.342123081410231e-15,0.8074017102195699,0.1925982897804315,sample_1236,uniform,train,53.47688812188553
4.597743851397269e-17,8.042764593475706,deep,70.17544058045839,7.063455526257216,77.23889610671553,1.6626522749145292,1.7004682784571568,1.568969613203429,10.516653460107927,8.02343197853121,3,1.1786917808819489e-16,9.31427760131532e-16,0.9085505375879781,0.0914494624120228,sample_1237,uniform,train,27.927194690264937
4.21016301080229e-17,6.917136144405636,deep,19.9862001637437,12.992996752301886,32.97919691604553,3.7836337261579494,1.354360566635955,1.354360566635955,nan,120.04311788320116,1,4.940670494885239e-16,1.669751454578802e-15,0.606024464895921,0.39397553510408073,sample_1238,uniform,train,120.04311788320116
4.2853333280129226e-17,3.7331026361608806,medium,44.78913077058263,17.497975978591338,62.28710674917391,3.891419805041687,0.9627800879035647,0.9144445290501557,5.617828762075254,22.117150082178682,2,7.002935483829416e-16,9.696410010312372e-16,0.7190754733711668,0.2809245266288341,sample_1240,uniform,train,112.95603046332883
4.136690388233355e-17,1.7620188601544098,shallow,15.194908701677727,6.767263154830887,21.96217185650858,2.796397881331345,1.283744418821196,1.283744418821196,nan,40.43660426190104,1,2.383183077962204e-17,1.577210058942303e-15,0.6918673071568127,0.30813269284318895,sample_1241,uniform,train,40.43660426190104
4.099269103697639e-17,1.7423717278924027,shallow,12.123653583325735,4.943794871467318,17.067448454793038,2.2723347251422545,0.8301516641213778,0.8301516641213778,nan,28.646227101322083,1,8.45160558115575e-18,9.367077684135368e-16,0.71033778806703,0.2896622119329709,sample_1242,uniform,train,28.646227101322083
4.1811663108552686e-17,2.689229743037422,shallow,49.84039188581936,23.896786692593803,73.737178578413,3.7323837110910825,1.2529611336166027,0.8078059751413628,5.11468474101777,28.201716230487108,3,2.9658077020829516e-16,2.2644959587931295e-15,0.6759194323229833,0.3240805676770189,sample_1243,uniform,train,171.59988685299507
4.222721543954478e-17,2.5204430967161935,shallow,48.19396997585747,10.280630837441517,58.47460081329893,2.5765107458215875,1.2191515645326894,1.0483001308654427,10.23132444994293,6.7218703539567235,3,1.343679686906188e-16,1.0328609635565494e-15,0.8241863870047433,0.1758136129952577,sample_1245,uniform,train,48.51882490877193
4.3456831706434943e-17,7.97166418403889,deep,66.1735411169387,12.900220807671154,79.07376192460966,2.6740684320158405,1.3314430424888057,0.9742880276984163,7.391887445030533,6.875487079080037,3,5.174135414284505e-17,2.426171892999564e-15,0.8368583902714751,0.16314160972852734,sample_1246,uniform,train,71.97505973633554
4.175739324285515e-17,4.344659597160638,medium,47.59849256189871,18.545581875796774,66.14407443769538,4.145599021402161,1.0525015609733892,0.7973553898444107,9.875221516502807,49.0050119195146,2,1.100993847458963e-16,1.5576406134802404e-15,0.7196183931295956,0.280381606870406,sample_1247,uniform,train,206.62912886964466
4.148141282028324e-17,3.552985578616006,medium,29.017158581487394,14.56386036997193,43.581018951459235,3.965155428673254,0.9999712039100226,0.9999712039100226,nan,134.2991731465452,1,3.5808346254509835e-16,2.037993697874258e-15,0.6658210220785993,0.3341789779214027,sample_1248,uniform,train,134.2991731465452
4.3739841632213365e-17,4.1891572149667935,medium,79.34043206912096,22.59338902179105,101.93382109091174,3.727766783046515,0.9687352709356661,0.6859034434058947,4.955804677345546,11.244347374768315,3,5.265268657319991e-16,2.7533980147268625e-15,0.7783523782392068,0.22164762176079597,sample_1249,uniform,train,208.32457051512603
4.459047926619066e-17,6.431425186362164,deep,43.152795663478884,9.258593707700756,52.41138937117951,2.2313725555289756,1.2726818820918315,1.0301345077054982,4.857983120596444,17.29760888381213,2,-1.1422203191024265e-17,2.4741578277549866e-15,0.8233476765492533,0.1766523234507491,sample_1251,uniform,train,44.26411718548259
4.181016007269989e-17,4.910894200478676,medium,20.941772140587425,10.033257111631624,30.975029252219,2.0733566305436497,0.9737746547387693,0.8826476373220437,10.796295661012625,19.17931601677039,2,7.028067904619169e-17,1.6057447790672827e-15,0.6760856291713491,0.3239143708286525,sample_1252,uniform,train,49.52213727411355
4.285145005017024e-17,5.290877658343337,medium,33.04366695022839,9.561629860833081,42.60529681106139,2.3815497735686737,0.6817372261130213,0.6018829420844055,19.518196638009364,18.88499017782212,2,1.3111547888635552e-16,1.8761999975612866e-15,0.775576499249958,0.22442350075004394,sample_1253,uniform,train,46.036577822800474
4.248539590229004e-17,8.192917478310534,deep,83.1253347133916,22.874500286355264,105.99983499974668,3.4288707657660638,1.0165483285594057,0.6398695559625577,4.565084884205333,22.7889916767849,3,6.902079612069215e-17,1.6758109476344899e-15,0.7842024915754845,0.21579750842451717,sample_1254,uniform,train,166.50209441567347
4.1403027046567105e-17,7.135600467266637,deep,25.84362773547675,9.783928015649508,35.6275557511262,2.218792453436369,0.8739492832653319,0.7707901651986016,17.749366185867032,22.075060389949176,2,1.1975444300633278e-16,1.5954902788696406e-15,0.725383125241754,0.2746168747582476,sample_1255,uniform,train,65.76884105844285
4.437599516296588e-17,1.68236487993597,shallow,52.085475132907014,6.901874906300147,58.9873500392071,2.207335113598192,0.9119284482502874,0.81719927708207,15.422062118925604,11.859385275642742,2,-2.3871551950017108e-17,1.023882790114576e-15,0.8829939825791018,0.11700601742089924,sample_1256,uniform,train,30.009800568389345
4.3341806989031483e-17,7.9610994458911,deep,25.598269906294405,12.345255281035087,37.94352518732943,2.9116534400025493,1.5304000785228091,1.4055659415900377,9.68916921103146,5.910870312862634,3,-3.769081702295729e-17,1.6853691348573909e-15,0.6746413196958962,0.3253586803041054,sample_1257,uniform,train,71.46922564436295
4.166878292854558e-17,5.545562515404651,medium,15.913107451844448,9.713600033666973,25.626707485511375,3.384112726376489,0.8416925025613519,0.8416925025613519,nan,73.30308545852687,1,9.287479228838488e-18,1.8022322161564603e-15,0.6209579385428766,0.3790420614571252,sample_1258,uniform,train,73.30308545852687
4.331120900591545e-17,3.762065077844244,medium,25.308438236548028,5.4745209172249085,30.78295915377286,2.2637662223440427,1.3262438876518625,1.0623177244556836,20.44015655517345,5.51175537985683,2,6.051581023307687e-17,2.4524986469748704e-15,0.8221574186588927,0.17784258134110972,sample_1260,uniform,train,25.014801837525994
4.462612737555099e-17,6.616224322504554,deep,56.50823366614714,17.326478196115552,73.83471186226254,3.451397518142213,1.5173467423562077,1.2985699072387584,8.609297300012352,4.374097784440861,3,-5.650109165893976e-16,2.1171532728242154e-15,0.7653342478204878,0.23466575217951438,sample_1261,uniform,train,135.63962327907737
4.110023585027222e-17,5.332172248195816,medium,29.68321821152128,18.458690763895632,48.14190897541681,3.3318639535157777,1.3108726902004066,0.6996894165643425,8.411896337925237,12.638431981506388,3,-7.330800476643053e-17,2.0663074049932346e-15,0.6165775068595373,0.3834224931404648,sample_1263,uniform,train,114.93566938746834
4.449479687132101e-17,5.555287053417942,medium,28.317516577250643,4.3824630661905,32.6999796434411,2.0998851813548547,1.4464772460208013,1.4464772460208013,nan,26.6123284335592,1,8.856219180124983e-17,1.4123946965107751e-15,0.8659796393154795,0.13402036068452192,sample_1264,uniform,train,26.6123284335592
4.062296561231984e-17,8.057455520736749,deep,26.266403795877856,15.593077770863507,41.85948156674131,2.7101494807411286,1.160448421740911,0.7219856071536908,13.219682295728592,19.25804911656466,3,-7.29069583577873e-17,1.3155218354438555e-15,0.6274899452349489,0.37251005476505245,sample_1265,uniform,train,106.32739631052313
4.324094173788217e-17,2.376638984680998,shallow,87.18598973973106,13.290355143847268,100.47634488357812,2.8104324411773733,0.9640615053403992,0.7963080368345509,3.026549190084311,5.99511067907016,3,1.1072048557934855e-16,2.0154463214826395e-15,0.8677265264849493,0.13227347351505267,sample_1267,uniform,train,80.74962949225015
4.3815228930873053e-17,4.9450215752859075,medium,22.80784313691286,6.562745757107534,29.370588894020333,3.0367916148683407,1.1912390022770167,1.1912390022770167,nan,46.17671561712266,1,-1.5066417398626163e-16,2.116828150887594e-15,0.7765538246172652,0.22344617538273695,sample_1268,uniform,train,46.17671561712266
4.430659661598243e-17,5.6737309819161394,medium,14.930880251064483,11.11504338573618,26.045923636800612,3.1944673247867965,1.7573082533435453,1.7573082533435453,nan,87.66060272955836,1,1.3720297576122507e-17,1.977827665509316e-15,0.5732520934664975,0.4267479065335044,sample_1269,uniform,train,87.66060272955836
4.1144149178169837e-17,2.3935688940360165,shallow,62.82269133744107,20.287159602694352,83.10985094013532,3.6462741900402773,1.1642513462282766,0.7759119221038661,7.657675887630659,23.269049398605432,3,5.732032843470325e-16,1.28241609337967e-15,0.7558994586898339,0.24410054131016737,sample_1270,uniform,train,147.2709126871571
4.0648443184123894e-17,2.4126696332284627,shallow,17.96077886620054,14.331517705571935,32.29229657177244,2.722167004884435,1.4924845004629574,1.03943150539456,2.5768197453450252,6.127889776645457,3,4.3423136626597134e-16,1.0451650558079917e-15,0.5561939153593843,0.44380608464061666,sample_1272,uniform,train,78.11318292909347
4.128311599585252e-17,8.202668841121056,deep,35.01036929787841,16.99723778880347,52.00760708668174,4.295249134879731,1.6564773191324578,1.5253165145691225,10.524257693538297,2.975549750512307,2,5.589163490814911e-16,2.8007683681359357e-15,0.6731778533768374,0.32682214662316533,sample_1273,uniform,train,145.72268710230597
4.329668305213113e-17,7.483005282995824,deep,43.95612635425781,14.244815214291256,58.20094156854887,4.034319764484206,1.7343321331375021,1.7343321331375021,nan,138.97764353266692,1,-1.3524629203322928e-16,3.387842255802598e-15,0.7552476844809536,0.24475231551904983,sample_1274,uniform,train,138.97764353266692
4.3169131336082754e-17,5.68255722776845,medium,53.715621800261005,10.849378459504177,64.56500025976507,1.8915549986502904,0.9568771923344364,0.6825707569629573,4.56508488420533,10.865631519041779,3,1.3422526439852534e-16,1.7057867823079331e-15,0.831961923397295,0.16803807660270664,sample_1275,uniform,train,56.107052072211296
3.6019367037214054e-17,6.337178341667006,deep,11.641892846279818,6.86984548275582,18.51173832903559,1.8842046334139992,1.540065348085296,1.3045556612949913,10.488088481701515,5.6788491529672065,2,2.8602725700099633e-17,2.542897668895422e-15,0.6288924702451932,0.3711075297548093,sample_1277,uniform,train,33.699151141409956
4.3625710464819613e-17,2.7399949746345076,shallow,28.384918336788697,7.322347490595752,35.7072658273844,2.8137006670889213,1.623747111000343,1.623747111000343,nan,39.473704001891,1,-8.19933648258857e-17,1.4675592081351455e-15,0.7949339631325093,0.20506603686749217,sample_1278,uniform,train,39.473704001891
4.233058163870701e-17,2.9388432770346484,shallow,22.262635736763727,15.593125481240207,37.855761218003884,2.979044474793349,1.0766078795675287,0.719532434574857,10.129165809680481,48.33860228123476,2,2.0546092234765774e-16,1.3138816894151382e-15,0.588091086282946,0.41190891371705524,sample_1279,uniform,train,123.04349788401618
4.2922062762788193e-17,3.9190620711800737,medium,13.418573861046866,11.332195219957526,24.750769081004364,3.3617759439772414,1.2719584396811956,1.0907841101858007,18.68047108613699,6.040273240024195,2,-1.6452509897858128e-16,1.1483162134229197e-15,0.5421477537578946,0.4578522462421065,sample_1280,uniform,train,98.85660766566626
4.3725412150811766e-17,5.887395730207302,medium,78.8442618256625,24.92406008695009,103.76832191261232,3.929256564236011,0.9425858489827589,0.7471695444389693,4.358898943540674,11.76658751364863,3,-4.948512868449453e-17,2.5677732953456577e-15,0.7598105122299326,0.24018948777007004,sample_1281,uniform,train,200.9467075099707
4.1386593915957115e-17,2.5255199248371625,shallow,9.284649930564328,3.890825337058719,13.175475267623032,1.7580005181029557,0.8236240900334708,0.8236240900334708,nan,22.75860328365812,1,1.2458045793324461e-16,1.1459953305825698e-15,0.7046918416203257,0.29530815837967545,sample_1282,uniform,train,22.75860328365812
4.1393280337869897e-17,3.1034686816906305,shallow,48.977952691565264,17.21760808329505,66.1955607748602,3.415957290986777,1.4974348008234413,1.0181532970543272,7.820485918406862,11.106264929907908,3,2.556959015814935e-16,1.7711089690615909e-15,0.7398978438772612,0.2601021561227406,sample_1283,uniform,train,109.54351935711124
4.372022588582798e-17,2.5001349750809245,shallow,12.001334181939963,10.384496859538949,22.385831041478863,3.571844224456673,1.0219581402390732,1.0219581402390732,nan,86.48257849787399,1,3.9940216012775577e-16,2.221851465377682e-15,0.5361129617972461,0.4638870382027561,sample_1287,uniform,train,86.48257849787399
3.9306528921432066e-17,6.261009409102806,deep,9.769147788849729,6.794397396746564,16.563545185596265,3.1215051318440157,1.3741343299997615,1.3741343299997615,nan,56.73146334296498,1,-8.721403736886053e-17,1.6622969721872807e-15,0.5897981186627259,0.4102018813372757,sample_1289,uniform,train,56.73146334296498
4.3097416332241125e-17,5.271669578615729,medium,53.02591744091867,18.040623249726668,71.06654069064516,2.9449903662574655,1.4220221940949103,1.0314728901297754,6.931089380465383,4.422226496748096,3,5.054090571970439e-18,2.5495598330520157e-15,0.7461446262277226,0.25385537377227996,sample_1290,uniform,train,117.85669191921959
3.951630297703943e-17,7.170399752369026,deep,27.53782037330471,13.204715263610833,40.74253563691547,2.2937071696407063,1.099675179272075,0.7456568917851355,13.685028315644804,42.2006937172546,2,-5.045501166813191e-17,1.8311817389002068e-15,0.6758985405010876,0.32410145949891433,sample_1291,uniform,train,92.7485248081272
4.1386889628335166e-17,3.2494201149309148,shallow,26.22910812901585,7.800102947194581,34.02921107621037,2.699310150838421,1.0660773570837954,1.0660773570837954,nan,45.85952071498799,1,1.5599811819409728e-16,1.6704301117502816e-15,0.7707821397996637,0.22921786020033796,sample_1293,uniform,train,45.85952071498799
4.239189666934199e-17,4.68043443414589,medium,14.94488458476153,7.973569182646653,22.918453767408174,3.055156482720107,0.8296741902504952,0.8296741902504952,nan,66.29385015256693,1,4.171326174088247e-16,3.875385437054153e-16,0.6520895666187707,0.3479104333812296,sample_1294,uniform,train,66.29385015256693
4.0958425817600055e-17,1.8742036244499232,shallow,30.668317028955762,10.27737749254579,40.94569452150148,2.0647376418763095,1.3122713930845218,1.1047584740927865,13.733171520082317,28.2104873396661,2,-2.161311020808185e-16,1.7787127869369832e-15,0.7489998005248429,0.25100019947515884,sample_1296,uniform,train,65.08134462370063
4.020948345154567e-17,4.526892451179082,medium,35.60646657164603,22.422445252027686,58.02891182367366,3.584603859266501,1.2541217778394835,1.079587659746865,17.922053453775884,5.743602762834379,3,2.4323329151589657e-16,9.795706497742388e-16,0.6135987295408821,0.3864012704591189,sample_1297,uniform,train,180.20794427633692
4.016206768936824e-17,6.7476453995006604,deep,5.964612164401926,6.871562572590176,12.836174736992076,2.6557054276015752,1.5126041086105082,1.5126041086105082,nan,43.012247552686944,1,-3.2047439694551883e-17,2.0066082535535316e-15,0.4646720916951014,0.5353279083049006,sample_1298,uniform,train,43.012247552686944
4.540102127003188e-17,4.447165642576188,medium,72.81610202642933,13.852652478205636,86.66875450463479,3.920012739485744,1.1684916230804117,0.9983720367448248,8.022468448052633,13.617072142590397,2,-3.504144605430553e-17,2.070089062717878e-15,0.8401655526564114,0.15983444734359067,sample_1300,uniform,train,110.45246170155929
3.8839015199955456e-17,6.142244261624318,deep,11.362249364967951,10.066936155365203,21.42918552033314,3.0468929862716596,1.1564357588529468,1.1564357588529468,nan,73.92564917291702,1,5.3978267206080184e-17,7.460484925772259e-16,0.5302231087684994,0.4697768912315013,sample_1301,uniform,train,73.92564917291702
4.1645177874218895e-17,2.128771917881327,shallow,24.984939215840722,11.600265490694188,36.58520470653485,2.749587472533004,1.4268642854561524,0.8166428936359769,15.193419628246959,3.7741570143184364,3,6.76475327356063e-17,1.5537269592113184e-15,0.6829246799698215,0.3170753200301801,sample_1302,uniform,train,72.10083782666055
4.146321944026383e-17,7.010908420933539,deep,63.86779581360901,17.53533215216475,81.40312796577363,4.08229344849578,1.0469958028401356,0.6306356865974558,10.930690737551766,10.4458104559462,2,2.45814236106819e-16,1.4838774393289255e-15,0.7845865068042908,0.21541349319571074,sample_1303,uniform,train,152.54635777554046
4.3227376174777897e-17,4.982157478339583,medium,64.01700903322688,11.178220007638798,75.19522904086557,3.166722309035906,1.579347425336146,1.5200107676475683,12.485191228010889,15.23579617666275,2,-1.1507305810589998e-16,1.488265709269892e-15,0.8513440260742636,0.14865597392573784,sample_1304,uniform,train,75.59726929362034
4.234437634698155e-17,8.335837509527469,deep,78.26435598901747,19.83706845072896,98.10142443974621,3.364754287700684,1.136546585970932,0.7063332803883056,6.14817045957576,15.343536172525168,3,1.3737945524299672e-18,2.281526114861891e-15,0.7977902098362227,0.2022097901637796,sample_1305,uniform,train,143.7132353101094
4.55216411419509e-17,1.7606425300883646,shallow,14.470915584873378,7.5104780218731975,21.981393606746554,2.7354094170775527,0.8032045760597698,0.7339473383914266,22.822795621921518,12.153101620799463,2,2.7296749191663715e-16,9.697420670480414e-16,0.6583256659592296,0.34167433404077135,sample_1306,uniform,train,43.63902969729504
4.1484286283161595e-17,2.9720020999585746,shallow,22.184776829820596,6.589929944339348,28.77470677415988,2.541136760700585,0.9675943128383049,0.9675943128383049,nan,32.42900849949004,1,2.2389647103927533e-16,2.160664567912838e-15,0.7709818558339875,0.2290181441660147,sample_1307,uniform,train,32.42900849949004
4.318931108528807e-17,6.399496127097344,deep,14.435381473870452,10.761478334204915,25.196859808075335,3.2031033702363194,0.8525731794080496,0.648233865536786,11.034491379306976,7.853635839809403,2,9.317482316027636e-17,1.2689844430121024e-15,0.5729039881884036,0.42709601181159773,sample_1308,uniform,train,98.75520001804773
4.4626299931229767e-17,5.277466738017278,medium,97.34366701996638,23.22589943419166,120.56956645415781,3.532163392653191,1.4897436903913555,1.221121777517347,4.634652090502587,20.567988086405254,3,2.188819325757791e-16,1.885829750658369e-15,0.8073651575829276,0.19263484241707432,sample_1310,uniform,train,185.26806669217433
4.51022513265179e-17,2.8033846994191145,shallow,10.847940711706897,7.364199963375576,18.21214067508245,2.533272173867862,1.0993944259060173,1.0161013103159338,3.4058772731852778,9.210249891563764,2,5.279005785694734e-17,1.3655174421988108e-15,0.5956433625921236,0.40435663740787775,sample_1311,uniform,train,40.39314260623221
4.230233591676416e-17,4.08892901065459,medium,12.566945533395849,7.213100804290246,19.780046337686077,2.346650782950896,1.3335767602710866,1.3335767602710866,nan,46.69562115269168,1,1.302778621518344e-16,8.980549433879907e-16,0.6353344839972688,0.36466551600273217,sample_1312,uniform,train,46.69562115269168
4.2394835649136606e-17,4.706093757054581,medium,32.72242264243443,17.764972589836578,50.487395232270885,3.872354775561824,1.1737072175172518,0.6096890196129442,8.02745289615579,10.27690032415495,3,1.4940773792810398e-16,2.462891543244795e-15,0.6481305381648742,0.3518694618351283,sample_1313,uniform,train,125.16361669609125
4.177661969108715e-17,5.5876475364200475,medium,17.148315369481033,12.350964067665377,29.499279437146367,3.5635856873295237,1.562915560630659,1.5299530705379245,21.384106247397856,9.16955948057224,2,-1.1363943617595422e-16,1.4452069663749761e-15,0.5813130251543489,0.41868697484565254,sample_1314,uniform,train,98.44095928809844
4.4011886912882313e-17,4.45459878973509,medium,9.91772890740985,6.706817996557042,16.62454690396687,1.9530724775960138,1.4591586946535144,1.2662474675899569,8.126499861564017,7.183663764407222,2,5.03663052743282e-16,1.3890687695490216e-15,0.5965713811450302,0.4034286188549712,sample_1315,uniform,train,38.390065095271225
4.120763796646959e-17,6.300779695868038,deep,39.60999120905765,12.808365731365463,52.418356940423024,3.6334562510764865,0.8568478469049483,0.6974842423433807,11.954915307102763,13.770159837045691,2,4.369418521067055e-16,1.626627259380174e-15,0.7556511405742278,0.24434885942577386,sample_1316,uniform,train,88.3883919400546
4.209276211190816e-17,7.415979133425581,deep,36.29411495315187,19.815007732813342,56.10912268596505,4.4870086037878885,1.1600954488517374,1.094959915408354,13.25745073534124,43.24266463115021,2,-1.4616763037543034e-16,2.912624924461733e-15,0.6468487336058519,0.35315126639415095,sample_1317,uniform,train,189.8319901771301
4.3820047992348466e-17,7.913410273754684,deep,81.34156425343247,19.988243042820233,101.3298072962525,2.8264529033268286,1.212780511876821,0.6309428107850247,5.912698199637795,34.76978744730162,3,2.590698245738765e-16,1.9984709839581216e-15,0.8027407376352599,0.19725926236474214,sample_1318,uniform,train,135.88509153440523
4.0022622871978464e-17,2.1753977743131934,shallow,39.02573593230722,13.886532271244919,52.912268203552074,3.7879053563805245,1.4803156424658155,1.4803156424658155,nan,121.34674846307014,1,5.229285840489e-16,1.2421543299744055e-15,0.737555528373425,0.2624444716265763,sample_1320,uniform,train,121.34674846307014
4.5706099654113065e-17,6.008744438885827,deep,99.57528551375643,6.315776034375284,105.89106154813152,2.527072239083331,1.0857084733842086,1.0718261924529617,12.240914998479484,2.5967249131201537,2,-1.793200840254648e-17,1.8201226265667563e-15,0.9403559097242185,0.05964409027578332,sample_1321,uniform,train,31.446594703272027
4.055958229677199e-17,3.760307907165581,medium,21.142195893732442,7.373568051620401,28.515763945352816,2.311174799476274,1.5594852769060585,1.5594852769060585,nan,51.71148261232566,1,-2.4935268885767854e-16,9.344078118358151e-16,0.7414213392370981,0.2585786607629028,sample_1322,uniform,train,51.71148261232566
4.4417134117757094e-17,3.988644285595638,medium,61.378664135918875,5.705498709449754,67.08416284536857,2.558719817291905,1.2407126564364357,1.2407126564364357,nan,31.163832532658187,1,3.634999451393412e-17,9.13543649647551e-16,0.9149501392362743,0.08504986076372653,sample_1323,uniform,train,31.163832532658187
4.077758195556863e-17,3.5710635305922795,medium,12.845779638174886,4.580752821142622,17.42653245931749,2.260738438745741,1.0148699888558503,1.0148699888558503,nan,29.866506787326045,1,2.0730040297685573e-16,1.0703074095345947e-15,0.7371391679993458,0.26286083200065535,sample_1324,uniform,train,29.866506787326045
4.084706304463843e-17,2.2536714244980725,shallow,16.826879355549345,11.984941536153025,28.81182089170232,3.6005765675298584,1.1446870041162394,0.8732683816370737,8.774964387392123,4.5636250535422525,3,-5.5038062688223365e-17,1.6646512847655355e-15,0.584026931820731,0.41597306817927066,sample_1325,uniform,train,89.8145619442446
3.9694922765915735e-17,2.1080409356518133,shallow,14.496985245703339,12.384330321252829,26.881315566956133,3.239127432543882,1.2000694651998476,0.9133413263861347,15.317963311093287,11.526456879080657,2,2.418131610986772e-16,1.3216293934541192e-15,0.5392959734278692,0.4607040265721322,sample_1326,uniform,train,84.89121484110865
4.2688294634182527e-17,5.238636846749246,medium,104.00891233436518,29.101504337559376,133.1104166719243,3.9805835894940635,1.0077772020070446,0.6313056459115814,8.641759080187322,66.99371614238244,3,1.6434039714703849e-16,1.9216781922040857e-15,0.78137320079701,0.21862679920299188,sample_1329,uniform,train,259.3399315849557
4.158130354726253e-17,4.108593426446399,medium,63.81163548973984,19.334298060765246,83.14593355050495,3.3548463614781414,1.573991871607663,1.375004388344923,6.3023805026354935,29.529086033844294,3,2.7268795400670877e-16,1.66641743686788e-15,0.7674655002938783,0.23253449970612336,sample_1330,uniform,train,135.17902926872728
4.4140195457691677e-17,4.9735327157721105,medium,63.65725746374521,9.462116582815945,73.11937404656109,2.9029544415118202,1.3292959138752385,1.1728984623549925,9.370165420097983,9.878451306322306,2,4.976682031758781e-16,8.745814232174301e-16,0.8705935778827841,0.1294064221172167,sample_1331,uniform,train,60.22387058746252
4.471179635600976e-17,8.11652656686572,deep,121.06802081073566,14.638524465466128,135.7065452762014,3.6022665634226456,1.1268026703927003,0.9392712539357557,8.973293709669822,5.840847975925894,3,-1.8614398261348814e-16,2.7881043321983843e-15,0.8921310358636557,0.10786896413634706,sample_1332,uniform,train,116.50931015388338
4.121878922007537e-17,2.2528334109986528,shallow,34.019208352803645,23.677596565445967,57.69680491824949,3.9398479705826652,0.9790317604798963,0.9662200367289131,14.092551223962255,96.85930502855048,2,1.3100619302500215e-16,2.0935693969599773e-15,0.5896203160817207,0.41037968391828133,sample_1333,uniform,train,199.4785447492843
4.455962239241964e-17,2.578492302354146,shallow,99.0520910355418,28.060249098360423,127.11234013390201,4.111284444559526,1.1148098347165618,0.698053288312253,12.083045973594574,15.98208087592407,3,5.925807599684967e-17,1.732862819247897e-15,0.7792484264800639,0.2207515735199379,sample_1334,uniform,train,285.5278512068316
4.337075274961468e-17,1.8568799244465741,shallow,36.75412557652821,9.307056024952534,46.06118160148066,3.7981509056724,1.080471323008748,1.080471323008748,nan,89.17665761101273,1,1.1341603142713196e-16,1.7739973611485648e-15,0.7979414400291184,0.20205855997088346,sample_1335,uniform,train,89.17665761101273
4.151983487217799e-17,4.580032938052009,medium,42.56719178602689,18.8001298683222,61.367321654349006,3.0715445783789472,1.1967027589020782,0.8708824601423508,8.749857141690944,7.2863937586745395,3,7.548521855122054e-17,1.3315297524740627e-15,0.693645911838654,0.3063540881613474,sample_1337,uniform,train,130.27268090332262
4.159405661932698e-17,7.566844831770513,deep,30.027636764634845,10.013901714300342,40.04153847893504,2.663212107397464,1.1901288764796487,0.6444919536028424,9.037698822156003,15.487046135020025,2,6.458098173540025e-17,3.7264795554276516e-15,0.7499121638503404,0.25008783614966323,sample_1338,uniform,train,64.56157506223883
4.342717936880506e-17,7.1951899902802925,deep,7.851565929733074,4.29127187368021,12.142837803413256,2.480105690159893,0.7036023370928605,0.7036023370928605,nan,28.247354128153834,1,1.3385189018016306e-16,2.3406150926610324e-15,0.6466005769694182,0.35339942303058414,sample_1339,uniform,train,28.247354128153834
4.040937085713349e-17,2.1386041075346736,shallow,54.698594838703286,25.25398237037387,79.95257720907702,3.0919091373096443,1.1110329440947175,0.6815021026488111,5.949789912257408,52.459550463619,3,1.493230719392959e-16,1.6885399383860277e-15,0.6841379821399097,0.315862017860092,sample_1340,uniform,train,188.1961194033459
4.1297081950833854e-17,8.3631352512431,deep,43.1188805572987,11.768078818695155,54.88695937599373,2.7054921307105,1.0441575685342122,0.9381381603661585,6.359245238233859,31.497088087465638,2,8.45353733275794e-17,2.265473988205714e-15,0.785594265878716,0.2144057341212863,sample_1341,uniform,train,69.89169690930798
4.3349713211442355e-17,2.510159207731694,shallow,53.6678700187636,13.664417596493918,67.33228761525743,3.5640378431988204,1.3626311776255682,1.178537668468143,14.384714109081212,13.461793566186719,2,7.610362056679912e-17,1.3454792940806635e-15,0.7970599532489746,0.2029400467510267,sample_1342,uniform,train,102.48882528739675
4.3283197092369706e-17,1.3209679518322406,shallow,8.015902695573839,9.353189798953224,17.369092494527017,3.112737097358128,1.1082323434175478,1.1082323434175478,nan,81.13518186751746,1,-3.466014015881781e-16,2.659049563986112e-15,0.46150382917815896,0.5384961708218438,sample_1343,uniform,train,81.13518186751746
4.375052532879429e-17,2.659160660187382,shallow,78.88705139228558,17.32730360427037,96.21435499655581,3.079406337874944,1.3110736833184833,1.0720586853741798,7.413501197140256,17.59098428967065,3,1.9218604500422506e-18,1.476999426510806e-15,0.8199093721005509,0.18009062789945052,sample_1345,uniform,train,102.26758433907634
4.2184332241887354e-17,7.194901902961597,deep,54.676352493344716,13.635532937284735,68.31188543062929,3.3108795438878875,1.4539873015854485,1.1359759362844501,8.867919710958144,26.245392752885667,2,-1.9777344126270944e-17,2.366330124932312e-15,0.800392964543023,0.1996070354569794,sample_1346,uniform,train,90.16242128145761
4.8521968745775083e-17,6.732458622122629,deep,78.19443747480149,18.183343428491742,96.37778090329319,3.4045549134150135,1.2063449283226642,1.0410586948930036,10.297572529484802,18.061943480360377,3,4.811877389309203e-16,4.792108449845869e-16,0.8113326198417339,0.1886673801582666,sample_1347,uniform,train,135.1591719462147
4.191818176166216e-17,4.9801144466966125,medium,85.38375906588016,24.04198926504195,109.4257483309219,3.6258771438735273,1.2614412873000045,0.6761212726142515,9.314504817756015,19.60662959069413,3,1.2718568199065102e-16,1.8181458116344225e-15,0.7802894690531635,0.21971053094683823,sample_1348,uniform,train,171.16253216738025
4.387494883920924e-17,4.77921892847489,medium,75.75437056728059,20.926269451615404,96.68064001889576,3.3384139555568706,1.478824430077867,1.3897208268678325,6.308724118235,27.660588509587456,3,-4.0421272821576295e-16,2.425295309950423e-15,0.7835526383821494,0.21644736161785305,sample_1349,uniform,train,161.90342392806934
4.011234629795078e-17,7.276467029732406,deep,59.1744793882898,26.397256901427916,85.57173628971756,4.415898236558191,1.0791800735878314,1.0431733282067408,16.25423021862309,119.38596956602845,2,2.791379580596891e-16,1.743729658639062e-15,0.6915189752366904,0.3084810247633114,sample_1350,uniform,train,266.75742624557745
4.3772131472462706e-17,3.319785961668787,shallow,51.09636891144376,10.241277365995012,61.337646277438694,2.0674700137143276,1.2643523964214103,0.9774505210198065,5.885575587824864,22.410894217983266,2,1.8820048417284504e-16,1.303213648131351e-15,0.8330343926196285,0.16696560738037278,sample_1351,uniform,train,59.42832451400626
4.5353641430039294e-17,8.064038940756362,deep,69.25506168516861,19.068058359191664,88.32312004436022,3.6004970332804804,1.0804914971437956,0.7822439319413286,4.386342439892265,7.95570811641037,3,4.48348026112682e-16,6.033607639227678e-16,0.7841102267490698,0.21588977325093073,sample_1354,uniform,train,154.67206256090412
4.2086514790842975e-17,6.48062795302692,deep,41.38709799305546,18.330508794081833,59.717606787137186,3.593985188296412,1.7406883896373981,1.6922799110386415,6.919537556802478,61.34311858638214,2,-2.031280281045045e-16,1.8442487897311007e-15,0.693046828560618,0.30695317143938383,sample_1355,uniform,train,138.4889184451419
4.469597924053974e-17,6.872629456399782,deep,45.40021031432961,15.656922365437913,61.05713267976747,3.5833547031160657,1.3756700003689037,1.2292687036837138,13.760813929415658,8.444646277985507,2,6.220942205307295e-16,9.018940065565078e-16,0.7435693148652214,0.25643068513477957,sample_1357,uniform,train,126.53158653867658
4.2411111898419905e-17,6.639719348217419,deep,38.41660835072458,6.778749470311119,45.19535782103563,2.323580171558442,1.7487274764547593,1.7487274764547593,nan,52.548653779597636,1,-1.133122753757163e-16,1.5721586685378265e-15,0.8500122623842584,0.14998773761574322,sample_1358,uniform,train,52.548653779597636
4.24637764218432e-17,6.857716066940033,deep,19.418412756057386,5.516296423880593,24.93470917993796,2.071919894529816,1.4958416048673886,1.4958416048673886,nan,37.256966461010336,1,2.486506276027164e-16,7.124032715125776e-16,0.7787703724926981,0.22122962750730257,sample_1359,uniform,train,37.256966461010336
4.211007701644353e-17,1.3530874569354832,shallow,16.17001933165444,8.958098240886715,25.128117572541093,3.313414005292981,1.7943989582061186,1.7943989582061186,nan,64.13601921322523,1,2.167563777052201e-16,2.47421993308994e-15,0.6435030115158459,0.35649698848415656,sample_1361,uniform,train,64.13601921322523
4.125172853904327e-17,1.6204231367575312,shallow,15.199717502319922,9.16886411926692,24.368581621586824,2.7373104904144125,0.7611876145430205,0.7142562068022363,8.414273587185054,11.226096695017413,2,7.099361765265869e-16,7.289537269689389e-16,0.6237423965970718,0.37625760340292896,sample_1362,uniform,train,51.96216142768935
4.19332085053541e-17,3.9038720507467035,medium,18.751585582271076,8.209076366244865,26.960661948515906,2.628005445359711,1.1168680771433714,0.7939489119769967,3.2062439083762797,19.807800729952152,2,8.162983380106865e-16,1.3177397816065366e-15,0.6955165128393032,0.3044834871606981,sample_1363,uniform,train,49.75615147651859
3.96854166733089e-17,2.070215438504076,shallow,73.5847977660974,21.041033174959992,94.62583094105722,3.9829541799564154,1.1285836956509676,0.8625154961478583,3.6986484017813854,28.867406333795287,3,-1.0762393890747641e-16,1.8021533326206453e-15,0.7776396469578549,0.2223603530421469,sample_1364,uniform,train,256.27224180957757
4.017427285460902e-17,3.8610920455138267,medium,27.39137265310151,21.04803960463645,48.43941225773787,3.6093494661565018,0.9645127112365754,0.804841583345802,10.442221985765292,14.186205244800052,3,1.5231324494832149e-16,1.8335862850157616e-15,0.5654769819946757,0.43452301800532617,sample_1365,uniform,train,161.2711974979572
4.5140592394330106e-17,2.0462312387522354,shallow,52.99282403093564,10.431829684622045,63.42465371555759,2.4071688111124185,1.160040529703142,0.8560748262557827,3.9698866482558426,8.334311339318823,3,8.468687263333952e-18,1.4563824985638862e-15,0.8355240577046603,0.16447594229534115,sample_1367,uniform,train,55.13518361011746
4.435047092814151e-17,2.853991819345894,shallow,45.39073084114059,4.983553889552555,50.37428473069307,2.4001652374118976,1.6789842927162129,1.6789842927162129,nan,26.12972874667324,1,8.849887680643155e-17,1.44578986688886e-15,0.9010694858260488,0.0989305141739526,sample_1368,uniform,train,26.12972874667324
4.0938937213920375e-17,2.784302132805176,shallow,54.29194335810702,21.07589332562159,75.36783668372847,3.811666160027375,1.4586556038781995,1.1310760580570376,9.777525249264253,91.18294204088046,2,2.8336190524266075e-16,1.838394726050735e-15,0.7203595823764486,0.2796404176235533,sample_1369,uniform,train,197.69194567268693
4.008174882294081e-17,3.469680857917223,shallow,12.730693987167824,9.303398039498354,22.034092026666094,3.178433674104532,1.4570960253957352,1.4570960253957352,nan,72.0606981244496,1,-2.37718825650613e-16,3.78907246782722e-15,0.5777725704222749,0.4222274295777288,sample_1370,uniform,train,72.0606981244496
4.4883955834407735e-17,5.594369566640275,medium,48.065600048319396,13.519868028067224,61.58546807638659,2.3245990754995027,1.3607776822424622,0.8966912192164082,3.6110940170535586,13.882210093897008,3,2.4519650207975497e-16,4.903440245407983e-16,0.780469834031333,0.21953016596866753,sample_1371,uniform,train,73.68589333411575
4.304082793608707e-17,7.725467805825116,deep,25.98290415338765,11.713442447085177,37.696346600472786,3.5312736044800626,1.4724977258562426,1.2612056004061385,5.444263035526481,6.836928792591755,2,5.447189780931672e-16,1.0838240569894735e-15,0.6892684967264646,0.3107315032735365,sample_1373,uniform,train,99.95508426563627
4.2119115523537505e-17,2.5307673201165404,shallow,38.094743238173265,15.31804095214208,53.41278419031522,2.7108852312885214,1.1658959157792614,0.7492567843710506,4.529900661162451,5.940469621535088,3,6.003528057792453e-16,2.3280003213268876e-15,0.713213958336974,0.2867860416630283,sample_1374,uniform,train,94.97478062365423
4.4097050500728294e-17,7.200616900961005,deep,27.20504640306453,8.445194664838123,35.650241067902606,1.9563843718666933,1.394542742054318,0.9057227432684279,4.409081537009721,4.547425609057763,3,2.636250299742655e-16,1.2955109542299572e-15,0.7631097459130048,0.23689025408699643,sample_1376,uniform,train,34.22060776854431
4.202882725767059e-17,7.081973582535166,deep,25.62290535264313,14.178419523827197,39.801324876470275,2.185033995575664,0.9674830402765643,0.8029971687555417,14.934523762075576,20.24038115096297,3,1.2041057455406752e-16,1.2942872756746217e-15,0.6437701617262209,0.35622983827378035,sample_1377,uniform,train,90.15757163445059
4.717230135965353e-17,7.237539546942299,deep,124.34542735105511,21.847072984188117,146.19250033524298,4.074101599026363,1.147355576993198,0.8670658736557405,5.63560112144215,82.77327868505056,2,5.656847009537883e-16,1.6525097361659577e-15,0.8505595503593617,0.14944044964063993,sample_1379,uniform,train,240.67095029939526
4.1199525941226667e-17,4.0933797204430995,medium,97.52922183929904,27.970963509525017,125.50018534882378,4.305028669203853,1.3202090623092044,0.9942926621182391,7.525955088890712,30.088277706276454,3,3.8526748680922892e-16,2.2363662638835303e-15,0.7771241258984571,0.22287587410154505,sample_1380,uniform,train,238.127429121289
3.911296713865354e-17,4.00088054717499,medium,30.212452720358897,14.223604146067595,44.436056866426455,2.3079119591855686,1.413353830733461,1.0859918186306274,7.3457470688827815,44.85661872537585,2,3.163691184778224e-16,8.394870350341508e-16,0.6799084988836135,0.32009150111638734,sample_1381,uniform,train,96.34939669598455
4.234458735557926e-17,7.308397683675074,deep,9.654307043776578,2.714168083775172,12.36847512755175,1.8215032503326196,1.431319385284644,1.431319385284644,nan,15.177580300348765,1,3.991983371186935e-16,3.590492807482945e-17,0.7805575824194245,0.21944241758057542,sample_1382,uniform,train,15.177580300348765
4.06927514554042e-17,4.937478456280509,medium,72.18332299148113,35.16390139205601,107.34722438353695,4.090535262519002,1.1762078503421636,0.7852632542872913,8.657944328765344,61.46944457757909,3,1.324087119800502e-16,1.78715881809655e-15,0.672428406100003,0.32757159389999874,sample_1383,uniform,train,280.8807605385415
4.108758250527466e-17,4.403501729023134,medium,66.73280460329354,26.697482996939076,93.43028760023242,3.6324313776933854,1.0557051373504012,0.6015461001389913,9.570788891204321,8.601012107155013,3,0.0,2.1674414677829247e-15,0.7142523727297992,0.2857476272702029,sample_1385,uniform,train,210.8679559886338
3.961049763791364e-17,7.084968670764483,deep,60.68702620617276,27.147554535189734,87.83458074136227,4.253751369413832,0.9515702559200554,0.9153883444164261,5.5533773507659285,133.27762511497255,2,-5.471239536970192e-18,2.507762275705886e-15,0.6909240722042244,0.3090759277957782,sample_1386,uniform,train,292.7261418496168
4.743190438768549e-17,3.0112550273115426,shallow,125.07958246586918,5.4081936692864305,130.48777613515557,1.9490792330174802,1.175914198853793,1.175914198853793,nan,31.015378958060413,1,1.0926703181276988e-16,3.062971112720005e-16,0.9585540206947452,0.0414459793052552,sample_1387,uniform,train,31.015378958060413
4.361254189561749e-17,5.82334774868348,medium,76.30439538336113,14.790459971330263,91.09485535469122,2.9834431988892587,1.192093298834746,1.1073476727668403,11.391224692718515,18.632932650271815,3,-2.392568784279589e-17,1.8525074669250603e-15,0.8376367148974411,0.16236328510256073,sample_1388,uniform,train,91.94633038718058
3.670273463770165e-17,5.228783195471558,medium,9.188804794544966,6.352375249950938,15.541180044495862,2.160110406581967,1.6091112044502665,1.6091112044502665,nan,42.2198277227109,1,-2.5673058999794125e-16,2.6860499399909e-15,0.5912552823039533,0.4087447176960494,sample_1390,uniform,train,42.2198277227109
4.397526393475715e-17,8.114002702749998,deep,24.213846641213873,10.643066747012655,34.85691338822649,2.1677631000989925,1.3050288253447495,0.8314367317522976,4.354308211415449,10.015895018679121,3,2.085145937734436e-16,1.1721120241244779e-15,0.6946641078493344,0.30533589215066675,sample_1391,uniform,train,56.262595698458284
4.4392281340274383e-17,3.629163521897094,medium,22.054768480643716,6.882769355119669,28.937537835763283,2.3529059735701967,1.0821778604268726,0.720501709981248,9.271461589199406,16.768188991218526,2,-5.325194270400799e-16,3.529689320674723e-15,0.7621508300331862,0.23784916996681735,sample_1392,uniform,train,53.57470145759203
4.2031196815827533e-17,1.4140677369503114,shallow,18.401543751800148,13.936153509970657,32.337697261770735,3.841021932081602,1.3224912129237993,1.0417859172171344,13.98427688513067,5.21279197928776,2,3.271039668246377e-16,2.142326838420537e-15,0.5690431078886451,0.43095689211135707,sample_1394,uniform,train,103.52837958384356
3.914789241988824e-17,4.325452016197819,medium,6.849007530803652,5.904647904967312,12.753655435770924,2.4149233587035264,1.3790271473150923,1.3790271473150923,nan,45.09172655536637,1,1.9580782883652174e-16,3.203489972891534e-15,0.5370230962641377,0.4629769037358655,sample_1395,uniform,train,45.09172655536637
4.234630686295481e-17,1.8924719921690176,shallow,40.13339294394633,12.296793634841805,52.43018657878811,2.8876868597491563,1.302184666600318,1.1136782524231903,8.733842224359222,5.327434323754475,3,4.806676297378018e-17,5.420867497332671e-16,0.7654634774880481,0.23453652251195245,sample_1396,uniform,train,74.72053018830425
4.173314070577756e-17,4.5357137850063465,medium,55.19239876124299,21.993898909389042,77.18629767063184,3.6477990478786397,1.137039720284273,0.7767642178624978,2.8284271247461903,4.161567954657867,3,2.759995041062973e-16,2.439472168750871e-15,0.7150543610312692,0.2849456389687333,sample_1397,uniform,train,185.01527976202064
4.271000535057927e-17,3.0296036107822113,shallow,46.836602662688755,16.79451576875304,63.631118431441735,2.8617843000584164,1.1356822949074208,1.1213969121311134,5.67097875150313,50.85790033428075,2,4.1869959138928853e-16,9.49160316971032e-16,0.7360644259797516,0.2639355740202493,sample_1398,uniform,train,123.53612924099124
4.3511206775495965e-17,7.722867484975663,deep,40.43810970082319,5.205070311213768,45.643180012036886,2.2910550286113707,1.7170586653111708,1.7170586653111708,nan,26.51426539817226,1,-1.603737611840651e-18,1.5761928063894254e-15,0.8859617075356925,0.11403829246430905,sample_1399,uniform,train,26.51426539817226
4.2032273967420024e-17,2.250121593625635,shallow,56.22128458851888,24.158092712272616,80.37937730079139,3.9783987580135713,1.2418556702155077,0.6809735572864759,9.545679651025381,5.77867835026744,3,4.3459403226905647e-16,1.2817802295191473e-15,0.6994491183743636,0.3005508816256376,sample_1400,uniform,train,215.09293669638427
4.407678317593125e-17,8.121051506346538,deep,87.5287787406212,8.510993447736253,96.03977218835729,1.6449668863952012,1.2359094705404983,0.7007357415293942,10.886689120205462,7.245304217397167,3,-8.330568111258942e-17,1.7571251565659326e-15,0.9113805327334183,0.08861946726658337,sample_1401,uniform,train,35.34680208272891
4.054659558830349e-17,1.3461466743898944,shallow,24.651052118386836,9.809350900286466,34.46040301867327,3.8736331199142806,0.7948249891018729,0.7948249891018729,nan,82.86319378865532,1,-5.825714771167032e-17,9.79407580645996e-16,0.715344278040771,0.28465572195922995,sample_1402,uniform,train,82.86319378865532
4.373418335337884e-17,3.9024562763257085,medium,49.380468881000446,12.051994014993042,61.43246289599336,3.5166180472268795,1.529384062466311,1.4058388270591649,7.618398781896364,15.207655518664552,2,1.4041641180107654e-16,2.0819235695197816e-15,0.8038171766709528,0.1961828233290493,sample_1403,uniform,train,88.88951667895374
4.2219893197294874e-17,6.924058493739883,deep,22.08073074760616,7.420165840824935,29.50089658843106,2.5829385162780785,0.9573678616602969,0.6095019751452144,18.234034112066368,9.790437294809193,2,2.231530001061787e-16,1.1741662923522379e-15,0.7484765990558145,0.2515234009441867,sample_1405,uniform,train,34.15532311910038
4.5960375190061286e-17,2.12491963490893,shallow,115.55650074949521,2.7622976433461974,118.31879839284139,1.5022880634100457,1.0415989633952782,1.0415989633952782,nan,14.201959141968437,1,8.422910757373282e-17,2.0643301718344038e-16,0.9766537720052327,0.023346227994767432,sample_1406,uniform,train,14.201959141968437
4.322782702668364e-17,4.205544002996624,medium,22.698005295207782,12.508703453056578,35.20670874826433,3.257167625584372,1.5372978606737648,1.4493183580420372,13.477388471065158,21.887276213642263,2,1.8803444693333078e-16,7.568260010194039e-16,0.6447068215749301,0.3552931784250707,sample_1407,uniform,train,86.09969214681894
4.4650388058911273e-17,2.4451161089501476,shallow,58.968329456292686,6.578866905384542,65.54719636167708,2.4034613051263785,1.0782366103209096,1.0782366103209096,nan,42.034256169495244,1,1.1769480413621757e-16,2.24933522490707e-15,0.8996316048502907,0.10036839514971158,sample_1409,uniform,train,42.034256169495244
4.232735173035809e-17,5.454698548011092,medium,29.739039018398337,21.724984710520285,51.46402372891853,3.734236414803667,1.2160288050773058,0.8049860215148759,11.860860002546193,16.15921370343534,3,3.67318129365469e-16,1.863889808400515e-15,0.5778607435564246,0.4221392564435773,sample_1410,uniform,train,174.16936536886323
4.107209834429936e-17,7.8938902153133625,deep,13.293262265145833,12.85773931757188,26.151001582717655,3.8521631922680064,0.7818711435381503,0.7818711435381503,nan,126.5545269944583,1,5.074457767575263e-18,2.241588166892551e-15,0.5083270796760196,0.49167292032398263,sample_1411,uniform,train,126.5545269944583
4.082741934024608e-17,1.6177945677775498,shallow,26.24753857658513,9.08462955173884,35.33216812832392,2.2175176051908574,0.9749847246867853,0.6657071504425592,12.569805089976537,8.705056879794492,2,-3.383431684643133e-17,1.307173611782466e-15,0.7428793636794644,0.2571206363205369,sample_1412,uniform,train,54.381243493681666
4.2609775998081505e-17,6.977234705803697,deep,24.280938076223826,10.06361489921295,34.344552975436734,2.30467700329425,1.215161578285277,1.1227848124314563,14.064138793399332,13.30576082504087,2,-2.5089754146426413e-16,1.2413195238294956e-15,0.7069807574315957,0.29301924256840556,sample_1413,uniform,train,64.5823128434967
4.004833356414073e-17,1.4657397234619947,shallow,8.883530978988363,7.951410522443595,16.83494150143194,3.4797941250182673,0.6555766475313294,0.6555766475313294,nan,80.30326390673632,1,1.179368469570191e-16,1.1606767526778003e-15,0.527684101440611,0.47231589855939016,sample_1414,uniform,train,80.30326390673632
4.249322986014489e-17,4.4268044936991515,medium,91.08953161457269,16.209370485471513,107.298902100044,3.36622309865815,0.8686176360894912,0.6187545939687787,9.852918349402882,2.3538168868333345,3,-1.26552867234913e-16,1.8872949837158258e-15,0.8489325597166137,0.1510674402833882,sample_1416,uniform,train,104.57466737540345
4.253552882926336e-17,3.293163233993166,shallow,43.84116306903343,5.961002055251035,49.80216512428439,2.7484861631939257,1.3588890292719502,1.3588890292719502,nan,36.17813883426555,1,-1.1117158385335505e-16,1.4088964803278341e-15,0.8803063673963789,0.11969363260362245,sample_1417,uniform,train,36.17813883426555
4.02409570120146e-17,5.088931098586775,medium,37.54193248282413,17.44994405597444,54.99187653879847,3.3071163902045733,1.1948437362090885,0.8210496359138035,25.010397837699422,55.91589761654581,2,4.142242787644522e-17,1.8089214128968782e-15,0.6826814221612738,0.31731857783872797,sample_1418,uniform,train,127.47667939597537
4.335814926649458e-17,7.877682435704151,deep,60.32006952545306,14.8934482987761,75.21351782422903,3.0030903074733737,1.5934703422240848,1.4092352267428674,3.3286633954186486,3.8797848311667082,3,2.074688156497032e-16,1.7004615145871758e-15,0.8019844207582291,0.1980155792417726,sample_1419,uniform,train,112.09672640496653
3.8949420536289494e-17,4.655199890478988,medium,6.723873619941719,5.426249671317582,12.150123291259261,2.5654431007018856,1.6416424052650718,1.6416424052650718,nan,35.406805890551176,1,1.71703045053371e-16,3.289516322460566e-15,0.5533996206259767,0.4466003793740266,sample_1420,uniform,train,35.406805890551176
4.364963503034597e-17,2.1431695832304003,shallow,29.821458096110327,13.925293972384413,43.74675206849471,3.5591035203216506,0.9012421108317439,0.9012421108317439,nan,118.60355600506858,1,-1.7358669187643876e-16,7.308982175211967e-16,0.6816839350591921,0.31831606494080855,sample_1421,uniform,train,118.60355600506858
4.149950061126844e-17,3.2529053772354057,shallow,26.38835982468038,9.602395630664406,35.990755455344704,3.322176271694759,1.7398975825207266,1.70191305742367,18.38477631085024,11.941420550550959,2,-1.1945982847553286e-16,2.221016390505929e-15,0.7331982752465857,0.2668017247534166,sample_1422,uniform,train,59.4106025974996
4.280806336826216e-17,6.024609954451604,deep,103.46923614457357,24.335234084229622,127.80447022880287,3.8773382039413313,1.0561235689929742,0.7020581423083065,15.781001235663094,12.02943936989037,3,2.2135801700398987e-16,2.5296215710769813e-15,0.8095901180869263,0.19040988191307623,sample_1423,uniform,train,194.59174371796797
4.2133568183362585e-17,7.3471128318662675,deep,48.75312055201973,12.684989619405286,61.438110171424896,2.2559895161789543,1.207453820732185,0.6322583344489386,8.692525524840292,36.196987236304395,2,-2.971510543492925e-17,1.966080413967518e-15,0.7935322296859156,0.20646777031408634,sample_1424,uniform,train,84.2919774403281
4.434555148916303e-17,4.999047800507534,medium,31.495832655182245,8.551691164740603,40.04752381992282,1.6800756258308882,0.8619038978494636,0.7784660408106541,11.581018953442744,8.069541809029822,3,7.941889773927199e-16,6.209871018100673e-16,0.7864614251009875,0.21353857489901315,sample_1425,uniform,train,34.68231836712778
4.354427850274204e-17,3.263495530842755,shallow,24.82409238346335,16.199148732683433,41.02324111614672,2.878429642460428,1.0787887800124925,0.7221434249673245,4.77493455452533,2.154528246856518,3,4.1605188052495137e-16,1.4722418535535126e-15,0.6051226501870083,0.39487734981299316,sample_1426,uniform,train,114.52633270903817
4.7564100583171184e-17,1.5946143084116993,shallow,110.05376907114736,20.95888423437451,131.0126533055216,3.361488571536348,1.3318377503148218,1.0509351551758757,8.248636250920516,51.80040222213369,2,-4.023716729134569e-16,1.9524479385752233e-15,0.8400239693986037,0.15997603060139828,sample_1427,uniform,train,158.9816753643899
4.209345152224707e-17,7.579132397689306,deep,26.034513458573723,11.760864251517182,37.79537771009078,2.0129044722680667,1.2392771555774091,1.061192093956446,8.874683092933516,12.11519858483714,3,3.2338298252802093e-16,3.2429526927546316e-15,0.6888279741049633,0.3111720258950399,sample_1428,uniform,train,58.32117176895436
4.758705286786313e-17,1.6141264909254265,shallow,39.13853927435732,7.18836197820479,46.326901252562074,2.194141608053994,1.1225659778639423,0.7127271525758686,16.201234520862908,2.535602128337376,2,1.4437180824182388e-16,7.860511759501984e-16,0.8448339564302888,0.15516604356971195,sample_1430,uniform,train,46.782473592753874
4.3179444187460185e-17,7.202487017206699,deep,22.769363245088687,11.042807988337305,33.81217123342597,3.3036540702865493,0.8792692942296587,0.8792692942296587,nan,82.56178220653366,1,4.581889466033071e-16,6.304322170156939e-16,0.6734073090987838,0.3265926909012169,sample_1431,uniform,train,82.56178220653366
4.2049638351762934e-17,5.715285086861407,medium,61.011104500395085,18.786058423305516,79.7971629237005,3.9000859033383484,0.7246983023361493,0.6324135561655397,10.184301645179215,42.491089960223526,2,5.034422469316634e-16,1.2911323273952394e-15,0.7645773642194768,0.2354226357805245,sample_1433,uniform,train,161.72364484687293
4.394743742278832e-17,4.265299150522724,medium,42.9810994524633,14.037234402912974,57.01833385537626,3.404426240963487,1.135359097578035,0.8113962230254987,14.209855734665291,35.18358318801261,2,1.7667461074266903e-16,1.5577067228111907e-16,0.7538119153302935,0.24618808466970668,sample_1434,uniform,train,131.867124509675
4.3808540420299206e-17,5.250086722565621,medium,28.829985395790402,16.761238083343276,45.591223479133554,4.088349548765816,1.0454351585607642,0.771717927601487,8.002499609497024,2.5297874149678052,3,-1.9240411189391196e-16,2.727388503072931e-15,0.6323582302849466,0.3676417697150561,sample_1435,uniform,train,146.42044064522872
4.2765044396252906e-17,5.847379687306664,medium,47.82971431233417,12.918952743967829,60.748667056301876,2.3167635910448903,1.3033658715365042,1.1639379060033141,8.692525524840292,33.186274655725846,2,1.3352444036796968e-16,1.9883936707165398e-15,0.7873376755411864,0.21266232445881555,sample_1436,uniform,train,85.27380513922309
4.4072833513976437e-17,3.4692088626885234,shallow,49.45653042517704,7.536943201302532,56.993473626479535,3.2101459595230932,0.9351617931022662,0.9351617931022662,nan,62.28600185240865,1,7.536806341221507e-18,7.012737835290712e-16,0.8677577848527418,0.1322422151472589,sample_1437,uniform,train,62.28600185240865
4.5556458225173253e-17,2.904149079371096,shallow,28.726716359813512,2.786916425224924,31.513632785038418,1.5779640516941695,1.352819175038786,1.352819175038786,nan,16.458108636711536,1,1.4785752315996333e-16,5.777708247110417e-16,0.911564736308407,0.08843526369159367,sample_1439,uniform,train,16.458108636711536
4.4157213727708204e-17,7.631468908073119,deep,80.78701624946065,23.22833665288994,104.01535290235047,3.2927554676409194,1.2089452973548795,0.6869379644648892,3.9899874686519996,18.809051211618918,3,1.2736550555591953e-16,1.1271369863108663e-15,0.7766835759842438,0.2233164240157574,sample_1440,uniform,train,163.25909640186364
4.268699968009243e-17,6.27758681193975,deep,42.398363095132765,8.307659806721865,50.70602290185457,3.2439728489618,0.957776303336199,0.957776303336199,nan,58.71546997540568,1,1.592993960073487e-16,1.2611686454326533e-15,0.8361602955372398,0.16383970446276144,sample_1441,uniform,train,58.71546997540568
4.089115963279961e-17,3.1722249628719377,shallow,12.010206615445611,10.21017671510988,22.220383330555467,3.3664562215251386,1.3865612778317637,1.3865612778317637,nan,89.66681839638623,1,9.644686987244386e-17,1.0392547495095794e-15,0.5405040244706426,0.45949597552935845,sample_1442,uniform,train,89.66681839638623
4.6183641108639944e-17,7.324103547216132,deep,89.46713349799258,9.422327082329154,98.88946058032168,2.7431022379625887,1.0051914834946991,0.7453120277569512,6.276941930590086,6.0735498550717315,2,-2.1680081657351252e-16,5.029655456842944e-16,0.9047185915765418,0.09528140842345875,sample_1443,uniform,train,54.3712581561494
4.2631138971111e-17,5.496737248819379,medium,121.56034232524334,29.061836836618678,150.62217916186165,4.414248746085907,1.462936373527518,1.2436365598666015,9.47417542586161,27.316380957966135,3,2.0508753303141467e-16,2.429453025793873e-15,0.8070547312598109,0.19294526874019155,sample_1444,uniform,train,218.46885554318635
4.3949914704857246e-17,7.931846717551053,deep,43.67508750307882,6.998680230967913,50.67376773404669,2.1810107061733177,0.9318585256547758,0.9318585256547758,nan,43.4572261065235,1,3.150706790630008e-17,8.237868939407611e-16,0.861887510167009,0.13811248983299182,sample_1445,uniform,train,43.4572261065235
4.170494747884918e-17,2.02901491271033,shallow,72.57970075803861,28.26147797471505,100.8411787327535,3.6704852396517635,1.0396009028483801,0.729473845739527,5.238320341483518,9.316070629780388,3,1.5688635827594522e-17,1.550154449121379e-15,0.7197426851820854,0.28025731481791616,sample_1446,uniform,train,231.1333330434061
4.2524873035582514e-17,6.0859481299202765,deep,53.67621403081515,14.538477160491173,68.21469119130617,3.0059748706186373,1.108626130747611,1.0734650344534995,11.3754120804479,29.770571419530484,2,-4.5724901866852945e-17,2.239498347357341e-15,0.7868717587576807,0.2131282412423216,sample_1447,uniform,train,102.36750474415844
4.26838318052843e-17,7.00871886929734,deep,61.191093333037045,25.03458447041165,86.2256778034485,4.024834555558008,0.9464786102788686,0.856338457513027,10.373041983911952,16.000138281149653,3,-3.812371360633711e-18,2.2249351184288903e-15,0.7096620738954605,0.2903379261045417,sample_1449,uniform,train,197.8599832190604
4.328995653171753e-17,8.138005324271118,deep,55.70508244204485,9.032433480575227,64.73751592262003,2.560460362946187,0.9167196410636099,0.8851319529040065,19.186453554526434,21.467350522098187,2,4.5852073467391836e-17,6.311055764796519e-16,0.860476057015046,0.13952394298495457,sample_1450,uniform,train,47.82102544160317
4.200180465236984e-17,4.367058888649373,medium,17.56516743734582,7.620541201462405,25.185708638808183,2.270780464931713,1.2562278559857771,0.7697488483733204,8.504116650187719,11.677537345638973,2,-5.007203588938904e-17,1.692728394384516e-15,0.6974259763443775,0.3025740236556242,sample_1452,uniform,train,33.840498808632184
4.28115136301748e-17,4.617488352853222,medium,24.561624855989074,6.475015516269222,31.036640372258233,2.7111650038429027,1.0608189446258565,1.0608189446258565,nan,43.074269451437694,1,2.6518177846947083e-16,2.0031965004363353e-15,0.7913751153924256,0.20862488460757644,sample_1453,uniform,train,43.074269451437694
4.409220974495554e-17,6.183133798394408,deep,91.66964941499862,20.06729512758597,111.73694454258452,3.540419019047436,1.5851633763160957,1.378909277906326,7.9824808173900434,65.55484748383479,2,2.6733928426445113e-17,5.723160453348285e-16,0.8204059077350376,0.17959409226496292,sample_1454,uniform,train,148.44201510879884
4.2960906395193834e-17,5.69356738799228,medium,57.694129841428335,10.464779040055168,68.15890888148344,2.319369888650334,1.1114973335451397,0.6514251551197854,14.39027449355988,6.992414714114946,3,9.677771364931756e-17,9.12169669369502e-16,0.8464649858428405,0.15353501415716042,sample_1456,uniform,train,54.61692059017755
4.1654119161793054e-17,3.218002727951569,shallow,39.41057877118026,19.07600170901643,58.48658048019666,3.707725378774332,1.3702657914927534,1.1128385815453066,11.934822998268555,76.98961893035916,2,2.888733155417912e-17,6.074408265334365e-16,0.6738396816432881,0.32616031835671255,sample_1457,uniform,train,172.8927908636018
4.298928821002402e-17,6.204283965772524,deep,48.89043362244188,7.735899693404901,56.62633331584673,1.9327547677127488,1.0790953357681494,0.8148722166104146,3.05286750449475,8.395117803847068,3,2.559814378727314e-16,9.724638484759069e-16,0.8633868866229419,0.13661311337705898,sample_1458,uniform,train,35.184437637544
4.17680018388759e-17,4.657420608396945,medium,22.139041181084,11.32295617272364,33.46199735380758,3.344932791123624,1.6520168325043412,1.593553595034875,7.405403432629448,16.322412108777133,2,6.507270928085618e-17,1.6987455428849318e-15,0.6616174446193015,0.3383825553807002,sample_1459,uniform,train,73.27260063153476
4.3964110889988014e-17,4.36564594235692,medium,26.763137972300896,16.034314239548124,42.797452211848956,3.4067411378962458,0.9722159401657682,0.6444788142295437,4.604345773288535,25.527037363690948,2,3.7524404941619296e-16,1.494220868612923e-15,0.6253441873086834,0.3746558126913182,sample_1460,uniform,train,113.48830394364873
4.1390796659270483e-17,4.111037304729605,medium,98.19786700764172,30.557527335523876,128.75539434316534,3.3132246368611247,1.1816403838874308,0.649073603739304,5.299056519796708,61.67773352051133,3,2.464527525832554e-16,2.0142697700199573e-15,0.7626699254706163,0.2373300745293857,sample_1461,uniform,train,231.99749540874228
3.962568150399676e-17,4.62287298360935,medium,17.53273866933678,18.35009216899056,35.88283083832726,3.3590635391980284,1.1195377938994775,0.983307858731981,13.200000000000003,58.76044828336122,2,2.844268838678215e-16,2.2772008981279327e-15,0.48861079964208587,0.5113892003579165,sample_1462,uniform,train,127.81223223916786
4.139249010039082e-17,8.220081031324925,deep,67.02786764091421,22.320331874367472,89.34819951528148,3.859170782307443,1.049029616782882,0.9957878950069865,8.506468127254694,62.06995994296491,2,6.053501807190922e-17,2.2664662611023694e-15,0.7501871107033359,0.24981288929666637,sample_1463,uniform,train,176.21240345746557
4.0963201631734994e-17,5.246967273003033,medium,30.87066589852584,10.248059071744269,41.11872497027,2.442674655987445,1.3021713746965309,0.850225083838635,4.171330722922842,24.665911468875766,2,2.7850262434896735e-16,2.5920407415618165e-15,0.7507690455101952,0.24923095448980737,sample_1464,uniform,train,56.44444075646446
4.271484578031731e-17,4.53492951103049,medium,66.77823000694424,18.62387164110962,85.40210164805377,3.361029037033071,1.5292763361623762,1.3991883140756605,9.357350052231668,18.598853170341453,3,6.118346709241393e-17,1.0399959749940954e-15,0.781927244391954,0.218072755608047,sample_1466,uniform,train,137.70527684725627
4.318170939177457e-17,2.549603515774878,shallow,82.77243023599416,11.186216999362045,93.95864723535604,2.3018651745038943,1.1023383284072454,0.6751354968942487,12.06316708000018,17.67799028178558,2,-7.514201630277727e-17,1.8149501041161713e-15,0.8809453165993159,0.11905468340068591,sample_1467,uniform,train,68.76709080720732
4.439236994532217e-17,6.353703608573716,deep,47.82543248835814,17.132512818549728,64.95794530690775,2.8065900279717675,1.44642814013953,1.4382407240443165,6.431174076325411,7.616539870723382,3,1.0728961061858614e-16,1.8595456569401644e-15,0.7362522361567415,0.2637477638432604,sample_1468,uniform,train,117.91024806152478
3.973024579799827e-17,4.6284602662000935,medium,12.769386120124329,8.581956522306806,21.3513426424311,2.8621943769536604,0.7118485434759385,0.7118485434759385,nan,58.18770108612684,1,6.976108510122673e-18,1.6639298700308727e-15,0.5980601001994124,0.4019398998005893,sample_1469,uniform,train,58.18770108612684
4.117432981170106e-17,7.463400930755275,deep,20.40492173855826,4.742934907956209,25.147856646514455,1.9029347934710148,0.9947773135561264,0.9947773135561264,nan,28.864253491484956,1,7.09156404642818e-17,6.004103390256476e-16,0.8113980457808291,0.18860195421917159,sample_1471,uniform,train,28.864253491484956
4.235543278395418e-17,5.826383671743512,medium,20.256972823667375,8.203275585214524,28.460248408881824,2.832429645342253,0.7243025873364322,0.7243025873364322,nan,67.10374077519744,1,3.8151706242949126e-17,2.6214453993144803e-15,0.7117637391156999,0.28823626088430276,sample_1472,uniform,train,67.10374077519744
4.259492866484903e-17,1.5748366927500423,shallow,88.68199582209579,13.48063400023831,102.16262982233391,3.3077207387925633,0.9101143541008551,0.819918224349992,7.161005515987263,2.249308144804907,3,4.668110899675185e-16,1.7909166470793767e-15,0.8680473082605484,0.13195269173945334,sample_1473,uniform,train,92.35250411837183
4.1431317110984165e-17,8.132942914974473,deep,23.16179083428242,16.876249899149403,40.03804073343174,4.37205661920036,0.7865643383526024,0.6538563959164878,7.424284477308236,28.265055406026296,2,-2.605578541252903e-17,2.0408694610318857e-15,0.5784946118740105,0.4215053881259915,sample_1474,uniform,train,138.20561431892082
4.0932708329615696e-17,6.277455619324972,deep,12.842410402821384,6.726010929162199,19.568421331983547,3.1483965162216325,1.4578525666879731,1.4578525666879731,nan,50.23688305407024,1,-1.135627722174151e-16,1.8609224827036115e-15,0.6562823942180326,0.3437176057819693,sample_1475,uniform,train,50.23688305407024
4.0856683323933685e-17,4.831236628299731,medium,80.15865753544287,31.27190556384644,111.43056309928905,4.206727401967749,0.9538520748606407,0.68068552039687,9.019977827023746,18.391512221558287,3,-1.762622903629852e-16,2.3593240931303743e-15,0.7193597098133511,0.2806402901866513,sample_1476,uniform,train,289.4798957200467
3.6459477779389505e-17,5.354847892283263,medium,13.312633566743294,7.479620713278557,20.79225428002181,2.313042861463707,1.4253961629953227,1.4253961629953227,nan,51.836975096269406,1,-9.595049084958036e-17,1.8795388869573075e-15,0.6402688899170835,0.35973111008291836,sample_1477,uniform,train,51.836975096269406
4.060683831753509e-17,3.5599117666048494,medium,17.96828388652217,13.636273371527992,31.604557258050097,2.6928651882945203,1.1498651349022606,0.9000398984009101,19.163506985935534,33.01244971964109,2,-4.539301755801745e-18,2.023405855562821e-15,0.5685345863196806,0.4314654136803215,sample_1478,uniform,train,84.19676398811087
4.261207610098372e-17,7.199220914981781,deep,11.834469229469791,6.988144544055532,18.822613773525298,2.2341515726326717,1.1035603142139347,1.1035603142139347,nan,46.711790105972085,1,3.435535368130871e-16,1.3684164421166656e-15,0.6287367616348485,0.3712632383651529,sample_1479,uniform,train,46.711790105972085
3.9972183956983716e-17,3.8143772684349684,medium,18.10304663166141,18.137505376050065,36.24055200771143,3.3430928550101626,0.7785506303683082,0.7380323852020592,19.05990556115114,78.10293911802121,2,6.715157014043145e-17,1.2744087842420005e-15,0.49952458306400416,0.5004754169359971,sample_1480,uniform,train,175.912983844008
4.343603239158087e-17,6.901008401387782,deep,96.79255542330135,8.336798413487454,105.12935383678867,2.7220140695012756,0.7213439671202553,0.6615700350782674,7.313002119512887,4.859740632623138,2,1.862546612967789e-16,1.3179557223220914e-15,0.9206996132932574,0.07930038670674391,sample_1483,uniform,train,55.13768959266925
4.129534729749499e-17,6.696577199244897,deep,19.257185219582517,6.236841368255035,25.49402658783753,1.975092983785013,1.186174209386571,1.1787945994039704,14.844527611210808,5.666222481548394,2,-7.668799026087462e-17,8.361284946243993e-16,0.7553606784410262,0.24463932155897467,sample_1484,uniform,train,37.940107544646025
4.4326668601157465e-17,7.98257814575803,deep,48.40045739123762,5.22730963075095,53.627767021988554,1.889103853333576,0.6844603337485224,0.6844603337485224,nan,28.23944199803408,1,2.3163683021750875e-16,3.6436208923990736e-16,0.9025260621310669,0.09747393786893345,sample_1485,uniform,train,28.23944199803408
4.261262738564323e-17,5.295856392116826,medium,36.21687550557253,10.785746759406894,47.00262226497936,2.4910896102088174,0.9663380391080046,0.6371810360635692,7.345747068882783,4.690412929739885,3,-2.5750317712341546e-17,1.4361232766262805e-15,0.770528829251234,0.22947117074876738,sample_1487,uniform,train,48.47562205748808
4.090846531096782e-17,1.588768462493244,shallow,8.219495000991722,6.715234838290926,14.93472983928262,2.3522167619459364,1.081868122216314,0.9339587741370825,28.478061731796284,11.550784975596684,2,-2.692212590235425e-16,1.9625321760431667e-15,0.5503611440879296,0.4496388559120724,sample_1488,uniform,train,40.415698585672715
4.019290897738059e-17,4.295496068441437,medium,32.44220484779752,13.727855682642305,46.17006053043976,4.215866441585311,1.739590469186684,1.739590469186684,nan,167.3606714884383,1,-3.4424005566484585e-17,1.346597528024003e-15,0.702667583171317,0.2973324168286844,sample_1489,uniform,train,167.3606714884383
4.414306685217022e-17,2.729654484306133,shallow,71.31717415755402,11.088712125572856,82.40588628312683,2.2605221101039015,1.2719681334750783,1.0384426356236114,6.3118935352238,8.492409108665868,3,1.126905360582138e-16,5.389047189229647e-16,0.8654378634133651,0.13456213658663538,sample_1490,uniform,train,57.00175112032919
4.1558053240113366e-17,2.2041830088907926,shallow,89.60491381585366,18.80491214272161,108.40982595857511,4.311760944769952,1.243548895105108,0.6927261052529872,9.493155429044656,8.172031708684214,2,3.5579756008240917e-16,1.4747013394072957e-15,0.8265386741797089,0.17346132582029256,sample_1492,uniform,train,163.14718087072538
4.084715083822951e-17,6.68838617721895,deep,86.84984810707356,17.443297539614605,104.2931456466879,4.452781085530229,1.416694600614059,1.0722665709541226,10.682696288858914,2.7258684452883877,2,9.109472588897293e-18,2.4526576822238126e-15,0.8327474214009547,0.16725257859904777,sample_1495,uniform,train,183.60114205724165
4.174266565075934e-17,5.995775946339004,medium,47.027588725446044,25.375983936529675,72.40357266197557,4.056089618111969,1.1772161947498778,1.001285826979472,5.4662601474865795,17.36585304212581,3,3.290958345508666e-17,2.0117965933926623e-15,0.6495202791304203,0.3504797208695817,sample_1496,uniform,train,187.20486536296016
4.361140105711866e-17,5.294112552243326,medium,28.3832501608559,6.820857648883834,35.20410780973967,2.192545969059835,0.9971183216966799,0.9971183216966799,nan,44.150409091211635,1,2.778634788763927e-16,1.9174341887038066e-15,0.8062482456380647,0.19375175436193717,sample_1497,uniform,train,44.150409091211635
3.8648275944414254e-17,2.949550844298158,shallow,12.19050197184763,8.437255457035779,20.62775742888339,3.128221679001654,1.5960549782014433,1.5960549782014433,nan,75.41323910540348,1,-1.2974884716013597e-16,9.472636713306784e-16,0.5909756314459201,0.40902436855408086,sample_1498,uniform,train,75.41323910540348
4.368245075763226e-17,6.352221842729232,deep,51.785092636383105,11.278798975015382,63.06389161139837,3.095528724108967,1.2808964918037797,1.0269992742259502,6.489992295835179,7.962778643732374,3,3.154685858133936e-16,1.8872274640644833e-15,0.821152823163601,0.1788471768364009,sample_1499,uniform,train,69.26472722364437
4.275611289201642e-17,4.275205434865163,medium,35.561757653864234,5.8369171552172645,41.39867480908141,2.078720716646522,1.4870028770227939,1.4870028770227939,nan,37.62504622257637,1,2.6927713184010063e-16,2.0596100885941366e-15,0.8590071498149316,0.14099285018507043,sample_1500,uniform,train,37.62504622257637
4.260652455322159e-17,6.177784913946246,deep,16.295153389592635,6.763818415338373,23.05897180493099,2.5652881828780685,1.2835658865139297,1.1214067420580647,5.741080037762929,4.70341664536217,2,5.206227578556918e-16,7.318361858048545e-16,0.7066730263362409,0.2933269736637598,sample_1501,uniform,train,37.563391723210785
4.4536305559429535e-17,5.621815124811551,medium,38.834770434434446,4.455117175675433,43.28988761010986,2.1541479575336795,0.6563392025391871,0.6563392025391871,nan,22.47595674889517,1,-1.320262198073461e-16,4.924078866821736e-16,0.8970864231434278,0.10291357685657265,sample_1502,uniform,train,22.47595674889517
4.382075091623482e-17,2.26275093862688,shallow,38.18704155675803,6.05768043518059,44.24472199193857,1.713988251943208,1.4955440932718662,1.375035024770762,9.703607576566563,9.824624218288756,2,1.7285452039711484e-17,1.2044533852358058e-15,0.8630869364195745,0.13691306358042674,sample_1503,uniform,train,30.916350753059675
4.243442541383661e-17,6.138632661720841,deep,50.65233963924966,21.824707446127448,72.47704708537691,3.9009508954079855,1.0346507899584065,0.6381196127200278,10.652699188468624,13.374730905841993,3,-1.6738503860072945e-16,2.7450341040862983e-15,0.698874218476119,0.3011257815238838,sample_1504,uniform,train,172.11578648302702
4.2785073099177175e-17,5.809135724266227,medium,33.63266167542922,13.512026040069255,47.14468771549841,3.373374974310764,1.4888376418785174,1.1466757251573712,10.380751417888787,3.0580223158013777,3,1.2678047276893915e-16,1.4317956734501598e-15,0.7133923948842442,0.28660760511575717,sample_1505,uniform,train,104.53568341150665
3.790593862643052e-17,8.014355435495611,deep,16.191614454898094,9.628832806964418,25.820447261862473,2.299462616889666,0.7236697692285134,0.7200557832373427,14.600000000000001,24.036588998806078,2,1.0722598367479758e-18,1.5135233743424556e-15,0.6270849722581515,0.37291502774185,sample_1506,uniform,train,58.92965891520011
4.312209234875209e-17,2.13772059670051,shallow,49.13871491654796,21.914194161398733,71.05290907794654,3.6932958859841603,0.8929438635018893,0.6855992128681925,8.440379138403678,55.88349821742279,2,2.0808412163456934e-16,2.2000422487379982e-15,0.69157921264901,0.3084207873509922,sample_1507,uniform,train,169.1979653061364
4.1510228219572704e-17,7.474808092861919,deep,37.22640071720442,13.162424841892433,50.38882555909675,3.665468974506765,1.5498355113496438,1.4005669008831125,7.002856560004637,17.095107796205635,2,2.8696851242115205e-16,2.009420515805911e-15,0.7387828611632306,0.26121713883677145,sample_1508,uniform,train,100.5420513485459
4.37032808252013e-17,3.738785427674024,medium,65.84841360656179,17.634373561184354,83.48278716774603,2.9966023473296257,1.4235204753378252,0.7527174023223596,10.266450214168481,28.1693029864327,3,2.9666796054248073e-16,1.4469122219949755e-15,0.7887663534070727,0.2112336465929288,sample_1509,uniform,train,109.77449279046638
3.8110245760522825e-17,3.9726192338192114,medium,11.88336826779305,8.52123555931534,20.404603827108346,3.1563578612207794,1.1003917070491174,1.1003917070491174,nan,58.66544819215773,1,-3.930148347863833e-17,2.1764167224853053e-15,0.5823866206118402,0.417613379388162,sample_1510,uniform,train,58.66544819215773
3.680337938360162e-17,3.5034148692794984,medium,9.40941301598976,9.907189614437426,19.31660263042715,4.107018834381112,0.7348156259698857,0.7348156259698857,nan,96.25458186079031,1,4.586094489035842e-17,1.931162241161678e-15,0.4871153171193898,0.5128846828806122,sample_1511,uniform,train,96.25458186079031
4.3028186969396544e-17,3.297646853332778,shallow,31.061318900174467,5.542703904747601,36.60402280492201,1.7468841282705163,1.3920354235723331,1.276704148563222,11.52562362737913,9.531261338480697,2,9.563723257193083e-17,1.552928189443825e-15,0.8485766459526346,0.15142335404736698,sample_1514,uniform,train,24.70467493436208
4.374100947128232e-17,7.778780724031389,deep,16.380197549294394,14.167650860650902,30.547848409945235,3.0317290249265914,1.2580397257321116,0.808383937853219,8.433267456923208,5.647934874625491,3,-2.632968476921438e-16,1.9770993927004624e-15,0.5362144439593859,0.4637855560406161,sample_1515,uniform,train,99.00398815342486
3.7893290318302624e-17,3.186571419648298,shallow,35.05030685637554,18.371624174757727,53.421931031133155,3.5455197681527073,1.2432584362814272,0.7612694188650982,9.883319280484667,3.3385083954172647,3,1.0502571427064458e-16,2.1280930046381472e-15,0.6561033302212339,0.34389666977876815,sample_1517,uniform,train,126.46710166779559
4.651622956408238e-17,1.8311665975127447,shallow,44.862856424591435,13.406816493111121,58.26967291770249,3.1486822818952325,0.9054664881845287,0.7703133113750971,9.610411021387172,46.938695924892535,2,2.906418041236639e-17,1.0669785201440625e-15,0.7699177664503755,0.23008223354962565,sample_1518,uniform,train,112.86073527565665
3.874572147613135e-17,6.631303951754695,deep,16.096216878721922,10.703063109625411,26.79927998834727,3.342787258941523,1.115510339443389,1.115510339443389,nan,87.10001247471196,1,-3.3019528855562253e-16,2.3862150866073617e-15,0.6006212437692654,0.39937875623073693,sample_1519,uniform,train,87.10001247471196
3.9971225064433703e-17,3.443501193775684,shallow,16.96325994090399,10.287720924797595,27.25098086570151,3.3140935108185703,1.3048548118556793,1.3048548118556793,nan,85.39105208902343,1,1.3418028459877752e-16,2.6725874849912645e-15,0.6224825456559694,0.3775174543440333,sample_1520,uniform,train,85.39105208902343
4.261224555352646e-17,6.380225588806804,deep,22.14680359603666,13.645387518733688,35.79219111477029,2.540331661652322,1.5720909853596983,1.2743301390842037,6.280127387243033,17.901271763746784,3,-2.7548733405650703e-16,1.5881514120925264e-15,0.6187607661408967,0.3812392338591049,sample_1521,uniform,train,76.73137055958986
4.449685475871693e-17,6.729657648075644,deep,62.386396914880024,7.498419958141875,69.88481687302188,2.2977450804509276,1.6499870767270466,1.5799336243241968,13.365627557282899,7.480095110776072,2,-8.505559877373993e-18,3.3043856942720086e-16,0.8927031608057842,0.1072968391942162,sample_1522,uniform,train,39.47066729686433
4.424269173725397e-17,4.99832857682108,medium,67.78003464676665,18.42621906434795,86.20625371111451,2.731793694987299,1.1030817285808971,0.6701412265835706,5.621387729022078,13.857548890190984,3,-3.4230111681206666e-16,1.0302946497089375e-15,0.7862542649620768,0.21374573503792418,sample_1523,uniform,train,116.64891536769655
4.0263584300883783e-17,6.742838118332184,deep,18.89199520561904,11.605214154608623,30.49720936022759,3.42936482980121,0.9530333570089229,0.9530333570089229,nan,104.76275633770307,1,3.987730505296709e-16,2.3881080250703554e-15,0.6194663578057312,0.38053364219427116,sample_1524,uniform,train,104.76275633770307
4.21923098075929e-17,2.936212499621898,shallow,28.760629470165416,19.618786114417563,48.379415584582915,4.146620457753184,0.8741529406116562,0.6475596414547725,9.068627239003707,7.821265041041642,3,4.6651032830896356e-17,1.3218193201735908e-15,0.594480712977661,0.4055192870223403,sample_1525,uniform,train,152.53227183251823
4.174511883945239e-17,2.7544685647663867,shallow,69.91229505872657,26.317639938864072,96.2299349975905,3.085967821746665,1.217899947900024,0.9930128417188113,7.549834435270749,61.93137883721059,3,-2.7332156448043742e-17,1.4398412871908189e-15,0.7265129614862267,0.2734870385137747,sample_1526,uniform,train,199.6000367999946
4.35774460087175e-17,7.60525248065043,deep,37.26278245743086,8.648960201128356,45.911742658559156,1.9536697178516234,1.31099863386454,1.2811976384003942,6.764613810115105,13.191408684170888,2,1.5015945841485023e-16,1.2767926527241064e-15,0.811617688628164,0.18838231137183728,sample_1527,uniform,train,44.42644707673329
4.1159475039963763e-17,4.617446911552992,medium,13.491313652577485,7.564842075937718,21.056155728515172,2.4993539118021553,1.3808426088985197,0.9997683876263839,2.630589287593182,2.386158578125769,3,-1.6763585709588998e-16,1.4763494861222946e-15,0.6407301421268914,0.35926985787311005,sample_1528,uniform,train,41.02860745993734
4.2089098704958365e-17,2.6842613580620696,shallow,22.40854032923744,6.825428205820076,29.233968535057468,2.247176725441901,0.9639826339725869,0.9639826339725869,nan,47.5335547365627,1,4.484202381482645e-17,1.6406131998907716e-15,0.7665240626624144,0.2334759373375873,sample_1530,uniform,train,47.5335547365627
4.176412639404473e-17,5.923887249704158,medium,48.89622280580309,16.148861365945272,65.04508417174829,3.8710182457782563,1.1428350348527059,0.7066109132091094,11.079711187571633,25.39644563225056,2,3.999865148496309e-16,1.2016234882137171e-15,0.7517281809751382,0.248271819024863,sample_1532,uniform,train,114.5096607949784
4.42653731791382e-17,4.7296367534748365,medium,89.17986028287501,14.012963615930285,103.19282389880516,3.093971804509286,1.3719410850352496,0.7044881362396204,9.314504817756012,10.171111406000014,3,-2.5700522006125903e-16,1.3426886506090065e-15,0.8642060262865585,0.13579397371344284,sample_1533,uniform,train,89.62715468470952
4.195515163500078e-17,1.6515037669952577,shallow,23.52660812582,16.17695524290218,39.70356336872211,3.5148961876928806,1.0974141268974151,0.7771034875943817,12.284950142348972,16.009650147402823,3,1.0644289365013576e-16,1.879100537197244e-15,0.5925565901309987,0.4074434098690032,sample_1534,uniform,train,130.55304136520226
4.413020405451085e-17,2.9177843588784036,shallow,89.34829915684755,9.329679496306378,98.67797865315379,2.5015951638956166,1.2037920958182238,1.180230677654385,15.40519392932137,22.65057818962522,2,1.442460543277247e-16,1.3861195628519065e-15,0.9054532771784938,0.09454672282150763,sample_1535,uniform,train,47.46153328019321
4.678307323453329e-17,1.6757627945637203,shallow,117.42250761751579,4.131237142973044,121.55374476048868,1.8214755575703754,1.2876155193095078,1.2876155193095078,nan,25.313876253308973,1,9.326382001392979e-17,1.2421693107566114e-15,0.9660130821052602,0.033986917894741085,sample_1536,uniform,train,25.313876253308973
4.4244782994770306e-17,1.4699186506680444,shallow,40.33958464529555,6.410993534569483,46.75057817986496,2.1149340993781087,1.199953828390422,0.8015959887936618,8.824964589164082,10.637558445112912,2,1.5042235720416282e-18,1.633848116280803e-15,0.8628681444344027,0.13713185556559895,sample_1537,uniform,train,28.808306857906977
4.462461495748491e-17,6.499034979157763,deep,50.372570631271564,16.088809271704264,66.46137990297566,2.561522134432386,1.4006357359028838,1.3395204821809574,7.520638270785268,16.920082573418163,3,-4.857022416432126e-16,2.458944269038658e-15,0.7579224311142574,0.24207756888574505,sample_1538,uniform,train,90.68101299674092
4.238893233392765e-17,6.136208176720811,deep,43.424810982799535,15.265689133297082,58.69050011609649,3.572991953009438,1.3466218153980973,1.1202423205751058,11.513470371699407,14.576509764463374,2,2.6581233662356937e-16,2.2094555169867058e-15,0.7398950579207932,0.2601049420792089,sample_1539,uniform,train,112.54432395927708
4.5178724924689764e-17,6.272171408918324,deep,9.73830911737466,5.474504579345099,15.212813696719744,2.144261010417237,1.714488565352739,1.714488565352739,nan,41.297290211331365,1,6.527335979022336e-16,9.925207417847923e-16,0.6401385905011431,0.3598614094988579,sample_1540,uniform,train,41.297290211331365
4.4296902293523864e-17,1.6328947597624661,shallow,51.06874128994726,9.57152455378591,60.64026584373299,3.0422431683839513,0.8289119949743688,0.6391357759330468,4.503332099679083,4.581468482799006,2,-4.242499199835157e-17,2.9879222179820124e-15,0.8421589282202179,0.1578410717797851,sample_1541,uniform,train,65.46996926217018
4.267565558359081e-17,7.840275624691651,deep,31.599634059623842,8.383510413194738,39.983144472818516,2.7763763291628636,1.2765810349449254,0.9124367522248851,18.869022232219667,6.441004018835026,2,1.0586903456239122e-16,1.5993951216589017e-15,0.7903238846335865,0.20967611536641512,sample_1542,uniform,train,46.261642311167016
3.8463509271104144e-17,8.034949738245828,deep,22.43064687759244,13.880051458139171,36.31069833573153,3.8302741898009365,0.6939601301947683,0.6939601301947683,nan,116.7387879671187,1,-3.898242861648654e-16,2.2503674772898115e-15,0.6177420954616996,0.3822579045383027,sample_1543,uniform,train,116.7387879671187
4.116970883125262e-17,3.6140121117394184,medium,28.647667495440146,13.590159180018727,42.237826675458734,4.145135751491354,1.5914080394809897,1.5914080394809897,nan,111.71767009515868,1,-9.844674023657126e-17,3.2803731720818875e-15,0.6782467221990184,0.32175327780098495,sample_1544,uniform,train,111.71767009515868
4.3520190560120017e-17,4.22341891330567,medium,53.299870674588014,14.824034534983214,68.12390520957105,2.93510332419935,1.1399602435722056,0.7830637562404003,5.9531504264548865,13.19220855050076,3,-1.4914061470463443e-16,2.6336135638069504e-15,0.7823959960988799,0.21760400390112275,sample_1545,uniform,train,85.04848616993472
4.3152562385929514e-17,2.3596519286236726,shallow,87.23249644608522,26.63943364708937,113.8719300931745,4.110704171141373,0.9786984501780065,0.8247671238304991,17.531685600648903,144.5386366303958,2,3.771180655136358e-16,8.11179327277862e-16,0.7660579422400952,0.23394205775990567,sample_1546,uniform,train,295.8497579086023
4.330689007265156e-17,7.433504974251289,deep,33.66140453656165,10.600241296001723,44.26164583256329,3.227730231689916,1.253906090288588,0.9008777415645144,6.212889826803628,11.41936112808937,2,6.587944060045587e-17,1.8461223724377574e-15,0.7605095541159691,0.2394904458840328,sample_1547,uniform,train,73.59462002580719
4.565717812413459e-17,1.9901386090837825,shallow,42.70468718161596,4.543089298269478,47.24777647988534,1.4553581326134442,1.2309442250044915,0.8522468453438827,5.8275209137333865,4.824467294420429,2,-1.7905395204775487e-16,2.086612575910009e-15,0.9038454370396987,0.09615456296030342,sample_1548,uniform,train,17.73660772017905
4.444148201749013e-17,6.2074628210569225,deep,89.12372173392527,6.456713068226364,95.58043480215152,1.8405809607373986,1.108217284057237,0.8104218142386422,12.93986089569745,4.286666117316698,2,-8.862011470547389e-17,1.189436289518291e-15,0.9324473352565151,0.06755266474348601,sample_1549,uniform,train,30.405476060900153
4.3269565113677627e-17,8.123434979266221,deep,56.558695771295625,22.294415073726444,78.85311084502196,2.853311644622374,1.09052366329144,0.8327222762389632,6.899275324264138,47.53446086392461,3,1.375763000159013e-16,1.3966997986835716e-15,0.7172665119383328,0.2827334880616686,sample_1551,uniform,train,155.63320963061716
4.184435851174631e-17,4.6649766267128765,medium,38.01785240371438,12.023158839913611,50.04101124362795,3.3540923751939116,1.1982743808744172,0.8284884950943789,4.774934554525329,18.57156434292146,2,1.179347745460294e-17,8.164544698606235e-16,0.7597338954367242,0.24026610456327657,sample_1553,uniform,train,72.559640226762
4.458093622709956e-17,5.4904150357803765,medium,52.29678481335483,16.087862633610342,68.38464744696512,3.297323044266086,1.1451570510037044,0.7219512746431543,6.802940540677982,4.412076773676721,3,6.386842558306143e-16,8.312307072269727e-16,0.7647445262317535,0.2352554737682473,sample_1555,uniform,train,105.7196519993923
4.2355761097299823e-17,8.36931080340655,deep,16.161352901490805,13.364949464592502,29.526302366083232,3.2663221779811358,1.1872234990798316,0.7255924430811048,9.703607576566563,5.903554865797041,2,2.1913184697709025e-16,2.526797508532979e-15,0.5473544469305205,0.45264555306948207,sample_1557,uniform,train,102.18529041890287
4.115979745730965e-17,1.9136484460229164,shallow,66.51822903988294,14.238029060975219,80.756258100858,3.929973733931831,1.2425182146882845,0.9886133319247801,12.21638244326036,6.166022587011322,2,7.546611030465511e-18,1.891700925488999e-15,0.8236913225574057,0.17630867744259618,sample_1558,uniform,train,112.87657108631
4.151487792919467e-17,6.271200401848154,deep,23.307796316933786,15.378598482889046,38.686394799822764,3.6332991131961836,1.4778489088768592,0.9259030315322601,4.166533331199931,14.397477063610935,3,1.760167753195412e-16,1.7448397620529573e-15,0.6024804440304312,0.3975195559695705,sample_1559,uniform,train,122.10497998674478
4.219620817369785e-17,2.6061813361515878,shallow,64.17746042293972,17.969764689637348,82.14722511257688,4.1573970088644145,1.1055195098222355,0.8707933798503101,8.072174428244226,33.23537552441776,2,-8.034502113034985e-17,2.2921507661200167e-15,0.7812492793881852,0.21875072061181708,sample_1560,uniform,train,152.7912649952707
4.092517061479751e-17,6.613328471483217,deep,25.608129117719105,12.589975734912466,38.19810485263148,3.5426029260185743,1.3090923279897346,0.9786259658887471,6.627216610312355,5.944703656481625,2,-3.4902570817006945e-16,2.3716935475968175e-15,0.670403131687172,0.3295968683128304,sample_1561,uniform,train,110.48263091120398
4.312326852932356e-17,1.6688928285830087,shallow,18.319419407161526,12.966149252786943,31.285568659948385,3.295007475900323,1.2866788412404124,1.2866788412404124,nan,109.0052165987327,1,1.7505959515326135e-16,2.6686032898834164e-15,0.5855549440791833,0.41444505592081937,sample_1562,uniform,train,109.0052165987327
4.639588782755244e-17,2.4886651460588487,shallow,153.37220665189164,31.450163312937164,184.82236996482843,4.5110836927528615,1.569220530402389,1.2136878544212732,7.1386273190299,44.05038865749737,3,-7.650962589898672e-17,2.076009940698578e-15,0.8298357319034394,0.1701642680965627,sample_1564,uniform,train,263.3530445278836
4.221514510500634e-17,3.227676302108603,shallow,39.6822095655009,9.432217467464737,49.11442703296553,2.2802935952963663,0.9912491679120208,0.9045911722431493,13.995713629536722,20.94866409787612,2,-1.2371832073214844e-16,2.1338954734068215e-15,0.8079542399805715,0.1920457600194307,sample_1565,uniform,train,52.840984578297935
4.133627408772533e-17,3.463561252264655,shallow,18.394410894846057,15.86141265942363,34.25582355426963,3.125106412288929,0.7257560261922691,0.7138090813132698,11.832159566199234,46.26321431269198,2,-9.558373481854346e-17,1.6075241027023631e-15,0.5369717900871598,0.4630282099128418,sample_1567,uniform,train,137.5674747315258
3.948838890841159e-17,4.598944988765976,medium,18.594630746434053,14.570546817475435,33.165177563909424,2.478774890019513,1.112799507691528,0.9260840061762394,13.03993865016243,41.4259219001854,2,3.228940906992228e-16,1.928192487291206e-15,0.5606673056582353,0.43933269434176664,sample_1568,uniform,train,97.603866198368
4.1955203224165957e-17,2.2544972449239693,shallow,36.669033866849475,10.161048823142124,46.83008268999154,2.2452292852100255,1.0701914084497965,0.745755047060708,6.431174076325412,21.77401099121779,2,-1.267789500507008e-16,1.213822730937789e-15,0.7830230433201077,0.21697695667989347,sample_1569,uniform,train,64.9565445970522
4.385048001316514e-17,4.7734865524055206,medium,111.62026828765154,17.798285121801154,129.4185534094525,2.901672703294589,1.199060707535827,0.724529808121986,8.876936408468856,4.597905946210365,3,-3.8771508151422544e-17,1.5098241108894665e-15,0.8624750110944989,0.13752498890550263,sample_1570,uniform,train,106.39956985763715
4.082350531450236e-17,1.364068607573006,shallow,34.49569261040866,14.85259315377476,49.34828576418326,3.416997509023178,1.521836172091841,1.2972548086180153,10.833282051160673,37.2552576685429,2,-1.7672763881540514e-16,3.275665403209334e-15,0.6990251449716104,0.3009748550283929,sample_1571,uniform,train,102.7927192268231
4.069982303674773e-17,3.487663639656187,shallow,17.66790849492125,8.431131535363008,26.099040030284215,3.3656141180536197,1.1712223496938239,1.1712223496938239,nan,59.56805096559297,1,-3.6705935622297137e-16,1.6334916570163884e-15,0.6769562587137367,0.323043741286265,sample_1573,uniform,train,59.56805096559297
4.347760640949654e-17,1.692648447854171,shallow,46.78772666886601,9.267676761028545,56.05540342989441,2.1924482700967776,1.7257558480547415,1.7196018361574876,11.74563748802082,16.869684503821095,2,2.0190910734336523e-17,2.5034551840863298e-15,0.8346693415092622,0.1653306584907403,sample_1574,uniform,train,61.014191884813286
4.363893458163488e-17,7.662650667258074,deep,11.114353522684914,6.684490403710866,17.798843926395747,1.9806875930671601,1.3674377322718527,1.364479400634258,22.293496809607955,14.127250554237028,2,4.204207324652285e-17,1.796432579634362e-15,0.6244424395565539,0.37555756044344785,sample_1575,uniform,train,33.5174928368197
4.152568439983995e-17,7.391199407885404,deep,21.435799190761,14.480566006473785,35.916365197234725,3.4733490400940625,1.0741983426650945,1.0159535759319973,4.2614551505325045,14.104505822481258,2,-5.577051215904692e-17,1.6321188232243924e-15,0.5968254046044555,0.4031745953955461,sample_1578,uniform,train,103.1896747716754
4.231296130871031e-17,4.836176854353576,medium,66.18398726550248,20.724362586842798,86.908349852345,3.627369922879408,1.0797178435344272,0.7402859309838081,8.480566018845677,15.800519715243267,3,-7.674200476278501e-17,3.2294294058290256e-15,0.761537727709102,0.23846227229090122,sample_1579,uniform,train,169.02408375523518
4.3344014471698136e-17,8.296677512743322,deep,39.289917941388175,6.925564064011097,46.21548200539924,1.9984827172372193,1.2054053945232377,0.6733277584450952,3.9038442591886264,3.91528886478689,2,-1.9622746961657729e-16,7.495098366443111e-16,0.8501462331778349,0.1498537668221658,sample_1580,uniform,train,37.34940139761538
4.204319482960545e-17,8.02048493331052,deep,73.9595133704093,16.596788769145846,90.55630213955502,4.215547597673421,0.989509582874263,0.7621827497953947,15.962455951387934,22.389681654917485,2,-1.961685903912412e-16,1.4123555115989248e-15,0.8167240890250946,0.18327591097490678,sample_1581,uniform,train,144.10271623929344
4.3839675647475033e-17,5.883686119403056,medium,54.449903201013704,8.640217565841835,63.09012076685544,2.1185860370672667,0.7813822469056091,0.7275241050727352,7.499333303701071,16.801747097109345,2,-2.4411291837178503e-16,1.548572501993696e-15,0.8630495953911551,0.1369504046088464,sample_1582,uniform,train,37.83789928628024
4.196799150969864e-17,3.3825281170791452,shallow,15.104288554485374,7.4828413421711435,22.587129896656485,2.6827617291192616,1.4507505446862148,1.4507505446862148,nan,54.05297773984264,1,1.2009895263460993e-18,1.4156036316033938e-15,0.6687121658923662,0.3312878341076353,sample_1583,uniform,train,54.05297773984264
4.254089894827232e-17,7.804463363008422,deep,45.69334852266603,17.12046584568853,62.813814368354386,3.0050480585816524,0.9420893385849234,0.7612985854413092,4.664761515876239,7.502040469489835,3,-1.2398054875540968e-16,2.7148527485115952e-15,0.7274410729892937,0.272558927010709,sample_1584,uniform,train,103.92528233264707
3.9989864269937776e-17,5.030314427754886,medium,35.05926513729915,14.660650800757363,49.71991593805642,3.4765368934655596,0.9162464749511801,0.8018548941503529,15.010662876768635,15.233985972086357,2,-1.2912471937599828e-16,1.9292725564363298e-15,0.7051352456222524,0.2948647543777496,sample_1585,uniform,train,112.2762901888645
3.988726017275368e-17,3.059221981741282,shallow,41.62962595328212,18.9025278933873,60.53215384666923,3.359919534766611,0.9748131586776259,0.7588318401214429,11.24455423749648,75.52691429387883,2,-1.7462613793170193e-16,3.1693327671964768e-15,0.6877274854407446,0.31227251455925864,sample_1586,uniform,train,154.3237988410113
4.3871733699929095e-17,3.8051760704764783,medium,71.6204180339967,18.555334193998256,90.17575222799483,3.072500858950282,0.7527114118767653,0.7234035978257071,4.209513035969838,18.232596143635778,3,2.175941073665311e-16,1.3395204597108687e-15,0.7942314454213372,0.20576855457866422,sample_1587,uniform,train,140.37493147653743
4.066051094326143e-17,5.9063138652622325,medium,23.792074856230688,12.43760769216295,36.22968254839355,2.391955818501332,1.2201639482593993,1.1910959498925728,12.671227249165725,29.03210057086911,2,3.7714353084027177e-16,2.500551824830433e-15,0.6567011682879249,0.3432988317120776,sample_1588,uniform,train,71.37190600990363
3.807607745931833e-17,3.1356661470716576,shallow,6.41510614672389,6.965262892870024,13.380369039593907,2.680803212707397,1.0330288362919102,1.0330288362919102,nan,46.572659535083595,1,4.820538786362204e-16,5.31033735809177e-16,0.47944164527457517,0.5205583547254253,sample_1589,uniform,train,46.572659535083595
4.1906847666252165e-17,4.057800503568483,medium,20.871863206787662,14.423592643295562,35.295455850083144,3.319713236392858,1.2282600316204073,1.136997338821686,11.02905254316979,8.032901323530872,3,2.8645775801237126e-16,2.264769099810988e-15,0.5913470361578712,0.4086529638421311,sample_1590,uniform,train,91.38789422324778
4.126890716797349e-17,1.7905517680210792,shallow,72.34951145591332,21.03138440010492,93.38089585601797,4.093143722966625,1.4544563992623971,1.1260674004704445,4.4988887516807985,8.56148790965644,3,-2.659009208041683e-19,2.8153597137962595e-15,0.7747785110936127,0.22522148890639007,sample_1591,uniform,train,184.0960940211316
4.703113264108586e-17,3.821664899680535,medium,104.80450489272181,21.292024273626318,126.09652916634788,3.137763529900273,1.1352048206089995,0.7248141664242538,7.274613391789286,26.70100790799705,3,3.4474987746186366e-17,1.9722188957949877e-15,0.8311450409111785,0.16885495908882356,sample_1592,uniform,train,148.93854000067842
3.9941174976110795e-17,4.674923992531929,medium,21.797130930588477,11.392177333328597,33.18930826391705,3.4604701453057594,1.3205528585980506,0.9101387107536811,12.403225386970924,10.812932745733697,2,-1.4068015467902662e-16,7.493074442482651e-16,0.6567515887122605,0.3432484112877403,sample_1593,uniform,train,79.28597442077262
4.13995440345858e-17,4.714416827203033,medium,48.35063189160999,20.4107523685938,68.7613842602037,3.8666772520716424,1.1181020850623822,0.753038428075787,7.402702209328699,7.204807788949019,3,3.863804871957842e-16,1.3950165541261511e-15,0.7031654817861684,0.29683451821383294,sample_1594,uniform,train,150.15127181306596
4.4296152637745353e-17,8.359802311818951,deep,62.53427053837457,23.511407723848233,86.04567826222257,3.7478361472587833,1.152885748496338,0.7562915074986596,5.574943945906541,42.079936488375075,3,2.6166797201268654e-16,2.766342497228462e-15,0.7267566692635343,0.27324333073646845,sample_1595,uniform,train,214.81331763934264
4.0059716219991115e-17,6.989825742049957,deep,12.557951418160181,8.928791233299203,21.486742651459345,2.6428805662904504,1.1954306868902065,0.8343538110498352,20.600970850908947,7.588575809042374,2,-7.800589636536133e-18,1.8187889667934973e-15,0.5844511484064927,0.4155488515935091,sample_1596,uniform,train,51.7713758007275
4.073854751739449e-17,6.96207103007203,deep,19.873669109981766,12.450720772507202,32.32438988248892,3.398115848559619,1.1105368883993256,0.9914110132974656,14.7648230602334,10.55676545070023,2,-1.1566445371590595e-16,1.3738517926076583e-15,0.6148196201762781,0.3851803798237233,sample_1597,uniform,train,91.29958520499773
4.03265484296446e-17,6.615521948748629,deep,88.39585416870455,24.46020365276348,112.85605782146786,4.111892939842131,0.9470921810019357,0.6236499729135304,13.6586968631711,57.18303380504898,2,4.5587100852124656e-17,1.4795620733782224e-15,0.783261934494841,0.21673806550516048,sample_1598,uniform,train,214.1723717496308
4.256675708485763e-17,8.369002476389706,deep,45.92842179099351,18.417844014179853,64.34626580517327,3.977044246709241,1.3540023362655667,1.1153490248214175,13.846299144536784,12.111582358170516,3,6.965419582968744e-17,1.3803107431118683e-15,0.7137698080266995,0.2862301919733018,sample_1600,uniform,train,148.55600705906204
4.4915531155664064e-17,8.120946732649791,deep,16.29558563750815,5.4330814806499355,21.728667118158064,1.8437299733081853,1.3602986576561233,0.944424088975218,29.475413483104866,10.58781627758176,2,3.5239441534340056e-16,9.810211531562174e-16,0.7499579034873413,0.25004209651265974,sample_1601,uniform,train,24.077337331939976
4.4092027219483414e-17,7.406401321401656,deep,66.81428023534265,10.17457494420141,76.98885517954392,2.6967664503670936,1.348828064140273,1.2931474835573535,11.636150566231086,11.019063121378268,2,1.0542323742146242e-16,1.845832709430631e-15,0.8678435350094065,0.13215646499059533,sample_1602,uniform,train,60.20120974969526
3.924723012458457e-17,4.8293966767235865,medium,14.267167096472264,12.025945849850752,26.293112946322967,3.493592083439685,1.0168903111732408,0.6387272802730503,14.705101155721438,6.866407621954088,2,-5.57917158186273e-16,1.824113970898759e-15,0.5426199296218174,0.45738007037818446,sample_1603,uniform,train,94.43374603034749
4.3264591662150954e-17,6.598220975759341,deep,52.58619490335792,7.929644216234651,60.51583911959246,2.16854772729989,1.191570855665769,0.7639938220679111,11.007270324653613,11.814889637697258,2,1.5567433228732449e-16,1.907983037842967e-15,0.8689658057857574,0.13103419421424448,sample_1604,uniform,train,38.659252659538915
4.3701704476657585e-17,3.711971892504701,medium,46.05383651979619,10.416824348504685,56.47066086830078,2.6190193598925404,0.7676087084849905,0.6218275292506216,10.031948963187563,33.67590984186417,2,-1.3560194147289898e-16,1.6671827642991453e-15,0.8155356394217096,0.1844643605782921,sample_1605,uniform,train,77.09848018246674
4.561102080403575e-17,4.432237631794703,medium,27.07907487917257,14.012681134671153,41.0917560138437,4.082557815875863,1.1784753966674602,0.7455032506104948,13.592645070036957,2.341802634784297,2,3.5227140315052167e-16,5.619774171837147e-16,0.6589904522466673,0.34100954775333325,sample_1606,uniform,train,129.73519599745265
4.307956552629307e-17,3.5597782078928653,medium,45.71443519343943,11.990773768732483,57.705208962171874,3.0784509036020444,1.6773824326944617,1.6213732683882123,6.581793068761735,23.455097051910087,2,3.5782996920509365e-16,6.464493292426898e-16,0.7922063885672281,0.2077936114327725,sample_1607,uniform,train,77.01573518386448
4.2233087646380484e-17,1.3383458947951066,shallow,26.521440468500316,7.528916130780585,34.05035659928086,2.0945950426103037,1.5723969312556108,1.5546814921013252,3.346640106136301,4.691945505352419,2,-1.5099717122598328e-16,1.199876047908075e-15,0.778888772902321,0.22111122709768025,sample_1608,uniform,train,43.18557158136144
4.09796667197695e-17,3.93528889636886,medium,35.33247921227266,13.843794642566182,49.176273854838804,4.2813834192476445,0.9854501306956719,0.9854501306956719,nan,137.744061401316,1,4.499412734469369e-16,7.585669003210723e-16,0.7184863033049025,0.2815136966950983,sample_1609,uniform,train,137.744061401316
4.204956284028851e-17,6.231523081905027,deep,10.372618150300179,7.5497351459753235,17.92235329627549,2.6239147271337977,1.0670703550054048,1.0670703550054048,nan,42.893167922764015,1,-2.8183003001932845e-16,7.433552991208199e-16,0.5787531346375004,0.4212468653625003,sample_1610,uniform,train,42.893167922764015
4.369339975217883e-17,5.405073799319687,medium,39.74762240840802,9.367317521102088,49.11493992951001,3.853232922774571,0.7119515194206563,0.7119515194206563,nan,111.5852082963613,1,6.622239449647723e-17,2.025371163014399e-15,0.8092776345742048,0.19072236542579724,sample_1611,uniform,train,111.5852082963613
4.493990134873289e-17,5.868508384774696,medium,29.394954669625232,3.785216954162239,33.180171623787466,1.7042553014451598,0.7405116710291276,0.7405116710291276,nan,20.73445240690462,1,2.0986456504490636e-16,1.6061009504785816e-16,0.8859193075587185,0.11408069244128166,sample_1612,uniform,train,20.73445240690462
4.3844505938912403e-17,8.055073428621101,deep,58.28120658677006,10.955707825194734,69.23691441196473,2.044576424505022,1.511202051481843,1.0918085837262232,6.899275324264135,9.326857577223945,3,1.4182597384551692e-16,8.979673618769012e-16,0.8417649325039617,0.15823506749603927,sample_1613,uniform,train,54.114088168288696
3.991447529276216e-17,5.332840119751806,medium,52.94741062242275,19.46203768309174,72.4094483055144,3.853215490827167,1.392589755489091,1.0567643802611373,19.452506265260524,50.377934813570555,2,2.9173537695264356e-16,1.226605699235089e-15,0.7312224006875978,0.2687775993124034,sample_1614,uniform,train,171.1615778718121
4.2420637880038034e-17,1.3317433051038785,shallow,35.145561350042925,13.229880472955536,48.375441822998354,2.3197810331389928,1.2942918510518246,0.7010208128349856,9.271461589199408,3.378333247640913,3,9.514785329428627e-17,2.203213166589514e-15,0.7265165965540441,0.2734834034459581,sample_1615,uniform,train,88.1905030619678
4.274571641393034e-17,5.48478307618714,medium,21.817266784462344,11.010764537957453,32.82803132241976,2.5842485566600235,1.2484196032822517,1.19200228803515,8.953211714239757,11.330319683281457,3,-5.226201451876665e-17,1.082219534856539e-15,0.6645926028942934,0.3354073971057076,sample_1616,uniform,train,60.80575589748723
4.3357459409544205e-17,4.900724888110401,medium,69.13590163277159,23.265119220039434,92.40102085281086,4.099776268883699,1.101661486441859,0.91896336806117,5.976621118993571,8.768137920926742,3,-9.9368429710989e-17,1.807096300046387e-15,0.7482157772142023,0.2517842227857995,sample_1617,uniform,train,162.15882650568435
4.1807546430332043e-17,1.4804500021563805,shallow,72.08154697561878,26.06893489307163,98.1504818686902,3.6599371479904597,1.2140233573032966,0.6899300018440959,10.95810202544218,38.01592743788715,3,3.5249743216636294e-16,2.063206169100094e-15,0.7343982994607451,0.265601700539257,sample_1618,uniform,train,184.30518282576574
4.633268507518417e-17,5.550678642775179,medium,132.74606909401894,7.20879945392987,139.95486854794862,2.97861911838116,1.2951795271562743,1.2951795271562743,nan,42.129048066562106,1,4.260563186341657e-17,1.3136587157376222e-15,0.9484919708137203,0.05150802918628108,sample_1619,uniform,train,42.129048066562106
4.8047298890523366e-17,2.523303163193174,shallow,128.35535594850248,17.33545270673125,145.69080865523347,3.538510986426128,1.2957371497764036,0.8633218826445698,6.852736679604724,12.24031802742003,3,2.936936396321885e-16,1.780126700828222e-15,0.8810120359222244,0.11898796407777733,sample_1622,uniform,train,153.6042719676162
4.0890307073401843e-17,8.214315752297981,deep,28.11613757503061,16.255467880128613,44.37160545515911,3.0364691288180317,1.388465697307445,1.0486459736444054,11.203570859328734,5.757599644097901,3,-3.167828510761373e-17,2.4820856246482778e-15,0.6336515725905864,0.3663484274094162,sample_1623,uniform,train,106.09989721726885
4.2042349578654184e-17,3.7539381882177065,medium,12.24290722229226,4.621549052530942,16.864456274823183,2.380306911412412,1.4454542677245383,1.4454542677245383,nan,26.961174877998403,1,2.703511019702617e-16,1.1059797309651588e-15,0.7259592021694528,0.2740407978305483,sample_1624,uniform,train,26.961174877998403
4.228951357324818e-17,6.6329460440173635,deep,50.90143085806297,14.294810802762095,65.196241660825,3.3851457722213922,1.0446605519585264,0.742511795905462,14.069825869569243,15.509392184899731,2,3.2061151051100563e-16,1.1170986020068793e-15,0.7807417967874755,0.21925820321252562,sample_1625,uniform,train,89.63396947132173
4.393439872353805e-17,7.024424595868307,deep,34.72678257876683,13.312531608004932,48.03931418677173,2.310501604576272,1.1309894049570957,0.7369652280842482,8.611620056644396,23.374444437354015,3,3.6557870284992194e-16,5.916343709634037e-16,0.7228825633053961,0.2771174366946045,sample_1626,uniform,train,94.77341271353866
4.2037500230392e-17,1.3390155253839386,shallow,13.133935086462749,6.139032278827184,19.272967365289905,2.189239235447645,1.2056327984124793,1.2056327984124793,nan,43.95095114896383,1,-9.911070083411648e-17,1.4746929671862954e-15,0.681469274426138,0.3185307255738634,sample_1627,uniform,train,43.95095114896383
4.222551203516978e-17,2.0499748512186056,shallow,31.662052941724642,12.289783163625458,43.95183610535,2.2513748009145567,1.2778062778658548,1.1444565963099356,12.086355943790501,36.796117517268684,2,2.178828548469691e-16,2.3441272496161645e-15,0.7203806654591753,0.27961933454082694,sample_1628,uniform,train,84.59657045041172
4.10170136023196e-17,5.098550516909687,medium,53.13382659027789,13.726918793188046,66.8607453834658,4.041200403761023,1.5516940800756367,1.4991233209193018,3.655133376499414,3.210607234908481,2,4.91781560321096e-16,2.0988726570093396e-15,0.794693901265084,0.20530609873491806,sample_1629,uniform,train,125.21627880332868
4.376709607284736e-17,1.8400860912251564,shallow,80.90620196604056,10.37493552081241,91.2811374868528,2.2717887833342925,1.2402752468474527,0.8376627812473377,3.2496153618543833,4.079202948920724,3,1.1067036118196829e-16,1.829266675469215e-15,0.8863408607029405,0.11365913929706135,sample_1630,uniform,train,57.53349890015048
4.282166846927192e-17,1.531098840433996,shallow,80.6855249361609,22.174966446358148,102.86049138251882,3.706260889461024,1.3350199692234863,0.8967070826493859,4.024922359499622,6.081557271621548,3,-6.562960762177127e-17,2.2795837318028102e-15,0.784417066763823,0.21558293323617927,sample_1631,uniform,train,172.5829700140655
4.397434889402369e-17,8.01622652619299,deep,86.57563895624969,22.017250021855496,108.59288897810492,4.283509516999705,1.2601152240322901,0.7967549739701877,7.443117626371357,35.067730083304255,2,9.03030586008862e-17,2.4209763153482778e-15,0.7972496152460363,0.2027503847539661,sample_1633,uniform,train,187.7688611756363
4.1689799913730355e-17,2.4399186093648986,shallow,19.263686843996236,7.86905883349419,27.132745677490398,1.913357026800557,1.4701498384854743,1.1553555810936316,9.162968951164247,12.720633134057017,2,-1.6059518467211743e-16,1.0475058355035166e-15,0.7099792653855002,0.29002073461450095,sample_1638,uniform,train,42.0617510205648
4.062320582716174e-17,8.176455614253296,deep,66.34947580496302,23.13557468023344,89.48505048519633,3.59142293755329,1.0935625343554833,0.8649742465053137,8.685620300243386,29.182047825630885,3,1.9102075942746165e-16,1.5086667444720595e-15,0.741458773786347,0.25854122621365455,sample_1639,uniform,train,173.71228307423468
4.166669090457641e-17,8.007191324184822,deep,73.35450997203516,23.27032381450655,96.6248337865415,4.402280673774356,1.2115396450479483,1.0431162751121572,6.867313885355759,5.630441123883416,3,1.966181506835302e-16,2.1693191991645664e-15,0.759168291394799,0.24083170860520314,sample_1640,uniform,train,197.80263686910925
4.373753503692255e-17,2.614133599511885,shallow,123.3083325729475,6.265680212401116,129.57401278534843,1.7605993154824648,1.1668065801729155,1.0071909563836954,6.164414002968976,3.094473532282947,3,2.0418420056375627e-16,1.4874488559230654e-15,0.9516440057870199,0.048355994212981625,sample_1641,uniform,train,30.924488064289825
4.331274325506739e-17,3.3250323380098203,shallow,29.080554838453942,19.006367113449986,48.086921951903804,3.093037376165676,1.390262694303776,1.2123799664638961,10.934349546269317,14.237105095452717,3,-2.108062655718358e-17,2.5858377644214055e-15,0.6047497668397263,0.3952502331602763,sample_1644,uniform,train,142.67097546989777
4.228553933696283e-17,8.08295131495808,deep,25.64467170594496,5.588934680885902,31.233606386830818,1.9801559209058732,1.7671415782304254,1.7671415782304254,nan,32.52271365474005,1,1.9375278118829413e-16,1.3649581037040088e-15,0.8210602191861408,0.17893978081386058,sample_1645,uniform,train,32.52271365474005
4.214269047152991e-17,7.355833824722639,deep,10.256501456390412,6.6778353984279555,16.934336854818337,2.841395442200442,1.2981786847561807,0.8639310805760905,13.044539087296263,4.271619223165257,2,6.960996807930993e-18,1.783244689691642e-15,0.6056630114495521,0.39433698855044963,sample_1646,uniform,train,42.90511953549662
3.9934003342160166e-17,1.4389827168271312,shallow,10.27945176727678,5.170952509577765,15.450404276854524,2.0513270070627234,1.7605269010896247,1.7605269010896247,nan,36.15707605857899,1,7.420574553670649e-17,1.3796585313133754e-15,0.6653192746985859,0.3346807253014155,sample_1647,uniform,train,36.15707605857899
4.1693993416919724e-17,5.276408793604476,medium,34.33302671600764,18.268285800322502,52.60131251633006,3.1818716713884436,1.207213992404542,0.6623587505434451,4.874423042781578,20.85190718735118,3,-6.63897627709748e-17,1.4858887962034477e-15,0.6527028523356515,0.34729714766435,sample_1650,uniform,train,109.36279697244755
3.988992933971237e-17,6.442223698386923,deep,16.549581410410045,4.681130726096313,21.230712136506295,1.5958081091164413,1.0314691379733398,0.9242454568959448,11.89957982451481,7.241791371949378,2,6.538025008929429e-17,3.0120914365584903e-15,0.7795113656104344,0.2204886343895686,sample_1651,uniform,train,18.295417001971916
4.351434475699116e-17,4.19687591051844,medium,22.938857971859342,4.894804893601281,27.83366286546061,1.9112728433534254,1.7296373986760916,1.7296373986760916,nan,29.245340124894764,1,-9.730529428404727e-17,4.467431374701311e-16,0.8241408284184064,0.17585917158159406,sample_1652,uniform,train,29.245340124894764
4.1401154588401333e-17,2.7007175764547062,shallow,20.354343292971496,5.07822793752681,25.432571230498276,2.342874386758756,1.6099098736930637,1.5922405264784927,7.037044834303676,4.787615696923507,2,4.2097592617749405e-16,1.1873776346133375e-15,0.8003258148182414,0.19967418518175983,sample_1654,uniform,train,25.01118661246023
4.304076430706054e-17,7.793416708620623,deep,69.7818853932511,17.789507289281694,87.57139268253262,2.9889235776715304,1.0340042890611592,0.7654782136477676,7.962411694957753,16.709851492601242,3,4.326132128659786e-17,2.028467042701915e-15,0.7968570928890812,0.2031429071109208,sample_1655,uniform,train,115.27894275530194
4.208003509548562e-17,3.31774394233625,shallow,31.569279987010436,17.151927458051833,48.7212074450622,3.5246957477580474,1.2742111454494196,1.0988717573730775,11.894536560959406,3.6120350389059763,3,2.648887953015486e-16,1.4583849067396467e-15,0.6479576685903732,0.35204233140962826,sample_1656,uniform,train,136.9145794032026
4.254287691259088e-17,5.067018560730799,medium,51.22388296917082,19.298526638632072,70.52240960780277,3.989028166992969,1.2894606391557102,0.9176373616003546,5.751521537819362,7.980049515425901,3,2.9444488543152927e-16,1.763198101845058e-15,0.7263490180503317,0.27365098194967,sample_1657,uniform,train,143.63018389221602
4.300648419936882e-17,6.074557561320433,deep,30.46731122120225,5.6672435232311145,36.13455474443333,2.0282982413265866,1.3000658148349395,1.3000658148349395,nan,34.95296737274793,1,1.3681742651533356e-16,9.831901081741738e-16,0.8431627686209655,0.1568372313790355,sample_1658,uniform,train,34.95296737274793
4.193212898071658e-17,7.794464170063849,deep,8.371804134041488,10.316541962845356,18.68834609688682,3.7088408827397616,1.0686371754655157,0.9684173821883826,13.741906709041508,3.996895834729043,2,-2.3379517668654503e-16,1.235670550646005e-15,0.4479692365840815,0.5520307634159197,sample_1659,uniform,train,93.52041828858123
4.1213232187524405e-17,4.129928144528645,medium,60.59541828084675,22.580708717717815,83.1761269985643,3.8180984979459986,1.3398029339128057,1.0608661022661314,10.035935432235503,18.699462441763487,3,1.8671009099000763e-16,3.203485609694676e-15,0.7285193536589253,0.2714806463410779,sample_1660,uniform,train,177.75635995879747
4.2749325792913015e-17,6.355680408110819,deep,18.075868877946625,8.417091500459566,26.492960378406146,3.188969019990267,0.9598785109529762,0.9598785109529762,nan,58.30999554257779,1,-1.2680283325970001e-16,1.743303774464222e-15,0.6822895070903395,0.3177104929096622,sample_1661,uniform,train,58.30999554257779
4.393164236421833e-17,4.316121676388619,medium,45.24411338906803,20.39598395145866,65.64009734052658,3.953826148249384,1.2322338219998195,0.8488230635801629,5.099019513592785,17.669047014561873,3,5.153041558844337e-17,1.7319724121040435e-15,0.6892755376999427,0.31072446230005907,sample_1662,uniform,train,161.64387152537597
4.3534617602795284e-17,1.6402275772642747,shallow,31.76161613126181,7.122702769203893,38.88431890046565,2.8427961595249864,1.6564386562193727,1.6564386562193727,nan,42.77318131392867,1,1.9882752520211457e-16,1.3476519132672747e-15,0.8168232601055397,0.1831767398944616,sample_1665,uniform,train,42.77318131392867
4.384792829970198e-17,7.060645003374168,deep,82.42315286114916,28.17753738060624,110.60069024175523,4.495921209271402,0.9855335969068183,0.8782132988754645,6.029925372672539,107.88911188112881,2,6.330636245392702e-17,1.5418552651857097e-15,0.7452318125771681,0.2547681874228334,sample_1666,uniform,train,228.84929528627455
4.2085586570591386e-17,4.019418310175244,medium,35.07449038416822,17.282287508931283,52.35677789309946,3.4078670911636446,1.2049008583190062,0.7944386883047934,3.8418745424597076,17.49762611546893,3,2.3233302972038595e-16,8.142702026593755e-16,0.6699130808962745,0.33008691910372623,sample_1668,uniform,train,131.80911465823502
4.354693367826168e-17,5.037717898962124,medium,26.010401136605747,10.339062891573711,36.349464028179355,2.338154968169717,0.9831596683253603,0.879013051059129,5.861740355901137,15.426102370416496,2,2.4793331870205245e-16,2.8343938332995263e-15,0.715564914972105,0.2844350850278979,sample_1669,uniform,train,68.96981549090255
4.427898692732009e-17,1.6649276920440566,shallow,89.23146893138248,13.315564141444193,102.5470330728265,2.391753392445168,1.3334507390460264,1.2219600860170803,7.269112738154499,7.050772668995034,3,4.187113904651324e-17,1.7495585723285733e-15,0.8701516392776804,0.12984836072232137,sample_1670,uniform,train,79.72186776767009
4.05965835302722e-17,5.127744637496438,medium,31.9011791061603,19.312500786639475,51.213679892799696,2.920851135049199,1.3327172075682225,0.7066369134501553,7.528612089887485,5.004113120440579,3,1.0144500201303183e-16,1.5261488941473186e-15,0.6229034736995221,0.3770965263004794,sample_1671,uniform,train,134.51504821798432
4.6502178828583913e-17,3.1324873719935518,shallow,44.00510792355659,6.800746810239255,50.80585473379584,1.994285849520533,1.0433437158302752,0.6449608179718622,6.3749509802036926,5.664037221115688,2,1.6505134857049354e-16,3.496362473789119e-17,0.8661424584652165,0.13385754153478355,sample_1673,uniform,train,38.88795416929051
4.3823677981676275e-17,6.906053325357829,deep,39.48149751727416,18.00901367158144,57.49051118885553,3.6807351940982587,1.104330594111899,0.6657623943879114,11.862546101069535,5.927299731230051,3,1.7054084300642888e-17,1.1741339309972011e-15,0.6867480685217424,0.31325193147825875,sample_1674,uniform,train,152.4874805303132
4.4255557091028187e-17,7.500101539652579,deep,56.578905752119915,7.365320839544769,63.94422659166458,2.791707958902716,0.6737263922541463,0.6737263922541463,nan,48.754664982659484,1,8.914120298114172e-17,1.6251173975174904e-15,0.8848164841123473,0.11518351588765438,sample_1675,uniform,train,48.754664982659484
4.432858921993741e-17,7.05033511458231,deep,56.66500589803982,10.962325799102107,67.62733169714181,2.942317564833464,1.137165734645621,0.8064895811324906,9.427618999514142,3.592626574188753,3,1.5099240118762844e-16,1.7336119651364497e-15,0.8379009562554529,0.16209904374454887,sample_1676,uniform,train,63.510590910748036
3.774687601356506e-17,5.623880823172044,medium,11.995531782482999,10.465776755942036,22.461308538425,3.689437421575333,0.8024091392406679,0.8024091392406679,nan,121.16094509204943,1,1.6324326380486157e-16,1.5026185981491968e-15,0.5340531145797676,0.46594688542023394,sample_1677,uniform,train,121.16094509204943
4.582159083870211e-17,6.892112834725636,deep,86.44443042389734,17.853815795924447,104.29824621982155,3.1199601759359448,1.2520656969624606,1.028931810395878,5.571355310873648,13.222184959533509,3,2.728506258401142e-17,2.3162856415558952e-15,0.8288195972318166,0.17118040276818564,sample_1678,uniform,train,95.82082753873588
4.2549077144716156e-17,8.354581004021444,deep,27.5714408407332,14.860213795588518,42.43165463632161,2.9839989100898903,1.3242659977395903,1.0773333189689367,8.511169132381285,5.361830172146607,3,1.5936898132367855e-16,2.511837242207874e-15,0.6497847203236796,0.35021527967632293,sample_1679,uniform,train,91.1236084432796
4.133061632561064e-17,4.446670384473627,medium,36.19361840880931,17.075296715156423,53.26891512396565,4.1358383239870316,1.5017667254955551,1.3480875891424038,10.446051885760474,35.21274432607913,2,2.1236301685798155e-16,1.5339605550864535e-15,0.6794510142468778,0.32054898575312374,sample_1680,uniform,train,133.59092951082278
4.275837362301231e-17,5.891053738730405,medium,52.65330421602216,18.547866260460896,71.20117047648294,2.973856402084857,1.001406290017408,0.603634280053872,6.99714227381436,14.890720138492464,3,1.2027796811903076e-16,1.5468021565627459e-15,0.7395005428093775,0.2604994571906241,sample_1681,uniform,train,115.8360514543506
4.273990456352598e-17,2.361703975999311,shallow,24.956727159337046,9.456416565129517,34.41314372446652,2.457221865230018,1.1328915958471606,0.815897751184603,3.6878177829171555,4.5310442314050965,3,-9.917860681599812e-17,1.1872268233709333e-15,0.7252091630789808,0.2747908369210204,sample_1682,uniform,train,48.07308310814805
4.216351880556569e-17,5.026494902412003,medium,36.07224309569357,14.26048556960351,50.33272866529695,3.0142001721615013,1.3183460434553447,1.2182055899998445,13.903956271507761,2.4897207053621715,3,5.948146540099115e-17,2.6822134101285082e-15,0.7166756909915835,0.2833243090084192,sample_1684,uniform,train,87.6786628527149
4.068329657085356e-17,1.761822072804342,shallow,18.38084727397818,10.555565307745582,28.936412581723726,2.0563184072970526,1.4022527571526553,1.0451652793199802,8.160882305241268,3.3456554041034514,3,4.69814398092419e-16,1.2277657670130123e-15,0.6352151367093634,0.3647848632906378,sample_1685,uniform,train,57.19266950113189
4.332267221789953e-17,3.7835845683190783,medium,25.75473995461128,6.572578376701593,32.327318331312846,2.0458234193888205,1.3165742848827118,1.134006519666658,5.134199061197372,11.051077384443802,2,1.1850958197411796e-16,8.791854968951819e-16,0.7966865575009592,0.20331344249904176,sample_1687,uniform,train,28.489979076375924
4.182383957968457e-17,5.357238525282789,medium,46.905912154388105,17.42309230161201,64.32900445599999,4.418248382971239,1.031886650279145,0.7968732025038202,14.679237037394008,2.1507120762378973,2,-1.15575756571555e-16,1.877726324240522e-15,0.7291565064786755,0.27084349352132636,sample_1689,uniform,train,183.96334147140402
4.138831464376982e-17,7.739360030850897,deep,91.36463755956923,25.533437529281017,116.89807508885004,3.666414990354412,0.9648808868157208,0.6289330191479684,8.435638683585257,105.19674589847635,2,1.011995658925562e-16,1.8234929922157626e-15,0.7815752097724984,0.21842479022750347,sample_1690,uniform,train,228.3402374751763
4.4360455314552535e-17,6.253036461194072,deep,70.21594089769145,23.370788373171177,93.58672927086235,4.317270398199942,1.3193969886385308,1.0280056246590552,12.473972903610141,7.323106483143072,3,-3.8000488152256586e-16,2.998976273793369e-15,0.7502766839352805,0.2497233160647225,sample_1691,uniform,train,216.56274438921287
3.8740993918355664e-17,6.272756608680632,deep,10.243946728569044,10.712302703435878,20.956249432004878,3.9741782224583546,0.9246399817687002,0.8533263808770346,9.826494797230596,3.484405837917652,2,-5.950044146970129e-17,2.1191254250478576e-15,0.48882538651807833,0.5111746134819237,sample_1692,uniform,train,99.94684605859393
4.116842611248359e-17,2.980267607398946,shallow,31.284697001457776,7.2130087596746595,38.4977057611324,1.9082021229665087,1.6157001991645954,1.5976987977289074,15.058552387264855,8.255485786398943,2,1.2014334355069075e-16,8.766958778795547e-16,0.8126379581051051,0.18736204189489578,sample_1693,uniform,train,37.36009238347409
4.281299707003905e-17,1.3121402921689747,shallow,23.639079542554867,4.708907740502544,28.347987283057368,2.484985223353017,1.1455726538938689,1.1455726538938689,nan,27.73716326601333,1,1.0127404300130718e-16,1.5352321888234022e-15,0.8338891684448845,0.16611083155511708,sample_1694,uniform,train,27.73716326601333
4.380672360540554e-17,4.137129193804224,medium,25.827068213338737,4.5982053988388065,30.425273612177524,2.285367207793019,1.620226746353203,1.620226746353203,nan,24.889909129553995,1,6.40379455678413e-17,6.714188971147546e-16,0.848868889152787,0.15113111084721367,sample_1695,uniform,train,24.889909129553995
3.953074034443547e-17,4.871866619776162,medium,74.30457628464855,15.883657780964437,90.18823406561283,4.380891296579699,1.2028495133956154,1.2028495133956154,nan,152.1803817479309,1,-8.934924948562025e-17,1.693864945590156e-15,0.8238832598783477,0.176116740121654,sample_1696,uniform,train,152.1803817479309
4.220027164595412e-17,3.982652162863774,medium,7.240930918375136,5.328137407037646,12.569068325412768,2.1411200996485986,1.1993610783502189,0.679149380830588,13.876599006961323,13.789374623346484,2,-4.199427359977285e-17,1.0599573453320663e-15,0.5760913005568647,0.42390869944313636,sample_1698,uniform,train,34.02824129192374
4.1589847868284956e-17,1.6079348125265427,shallow,38.12420709868625,8.038810662229674,46.16301776091581,2.83565313057313,1.4772823098939631,1.4772823098939631,nan,56.80106454801088,1,1.8237308263387606e-17,2.5012055138815876e-15,0.8258603736899613,0.1741396263100412,sample_1699,uniform,train,56.80106454801088
3.9899778042358866e-17,1.7024860607053733,shallow,15.257750483976112,6.01343461951724,21.27118510349328,2.0499351108928208,1.6841894409957496,1.6841894409957496,nan,36.08352451653469,1,-2.1498152713067446e-18,3.3821553263572196e-15,0.7172966813903751,0.28270331860962833,sample_1700,uniform,train,36.08352451653469
4.216699127849264e-17,4.563418116408748,medium,18.702233764281743,15.50958126599347,34.21181503027516,4.0467934843620625,1.3632219713141585,1.0719904295088636,11.029052543169788,5.134782354674743,3,3.637957698182606e-16,1.5057473068008966e-15,0.5466600865148932,0.4533399134851083,sample_1701,uniform,train,138.03007425790545
3.9706822906875406e-17,4.534509648795101,medium,10.844478217429407,10.222422878956785,21.066901096386143,3.5586582623017136,1.1667425403485383,1.1667425403485383,nan,82.40654229225579,1,-1.5926522335225396e-16,2.276634538908724e-15,0.5147638073494203,0.48523619265058204,sample_1702,uniform,train,82.40654229225579
4.0440487580510006e-17,5.692165519923861,medium,15.584432243301274,12.470204965072028,28.054637208373308,3.2006117406359453,1.1772001286707825,0.6437981213605873,7.2910904534232746,3.203287418769676,3,1.04833688316876e-15,1.899532857480764e-16,0.5555028969916559,0.44449710300834394,sample_1703,uniform,train,77.93865815379917
4.060462454679983e-17,3.900412097964262,medium,18.646263292387008,10.884925738170766,29.53118903055772,2.7695418263381804,0.7406360067170549,0.6647656275266317,11.329607230614839,25.54972680019638,2,2.324564857705301e-16,1.8647085955268014e-15,0.6314091611107356,0.36859083888926625,sample_1704,uniform,train,59.66710548582726
4.3319721711234314e-17,5.565000601308692,medium,42.04734455892254,11.73968909280902,53.787033651731456,3.2336877036103053,1.510853194614235,1.2808641862315364,6.770524351924304,4.420148316532302,3,1.381581044479998e-16,1.9154931902792884e-15,0.7817375620893531,0.2182624379106489,sample_1705,uniform,train,72.7701029628774
3.832770534491639e-17,6.205473327100348,deep,8.964477519217628,6.262553734911394,15.227031254129004,2.8247736931848633,1.2917303258536337,1.2917303258536337,nan,54.17652281421201,1,2.2482740166409904e-16,1.1665812000737625e-15,0.5887212923915681,0.41127870760843305,sample_1706,uniform,train,54.17652281421201
4.261987912201341e-17,8.206064395889067,deep,59.06727106964974,17.244157072179657,76.31142814182932,2.813930326209385,1.215483870089075,0.6551011802412824,3.452535300326413,9.64352741726823,3,1.6415898353314892e-16,9.77664670567415e-16,0.7740291658527175,0.2259708341472835,sample_1707,uniform,train,122.43172744031051
3.736697438038621e-17,3.5345112030133903,medium,11.866873257809624,9.456356541044284,21.323229798853838,3.0581985648094245,1.6110421322224524,1.6110421322224524,nan,76.58836138232333,1,5.513630069864647e-18,3.332247236759101e-15,0.5565232551424968,0.44347674485750654,sample_1708,uniform,train,76.58836138232333
4.1526414459577844e-17,3.292862976059512,shallow,7.525166903429919,10.060064721772722,17.585231625202628,3.5562618265417156,1.0215251494432698,1.0215251494432698,nan,91.89608064854387,1,4.0913767596078816e-16,8.081130245015046e-16,0.42792537873911624,0.5720746212608845,sample_1709,uniform,train,91.89608064854387
4.3842019919185805e-17,5.766082627449158,medium,29.158048760704137,7.033723759524863,36.191772520228966,2.2076914699347068,0.9966052016428968,0.6723456680365794,9.993998198919192,3.831886957859975,2,6.186795497834588e-17,9.325539369407828e-16,0.8056540680456197,0.1943459319543812,sample_1710,uniform,train,48.903567157956786
4.113933571856966e-17,2.0753984358371533,shallow,105.55626918515284,22.232030864891048,127.7883000500436,3.6899374749134175,1.2181864111181744,0.7291779672863963,10.121264743104,10.836720416360315,3,5.728751980959919e-17,2.251926098634586e-15,0.8260245198020132,0.17397548019798909,sample_1711,uniform,train,176.9631151948568
4.35575660436356e-17,1.9156715388240413,shallow,51.15779364579354,10.721816926825296,61.87961057261874,2.180731389285529,1.0464101832484238,0.8637051214871261,4.529900661162452,18.993968206415722,2,1.2635870797583992e-16,1.578866209126486e-15,0.8267310212910499,0.17326897870895167,sample_1712,uniform,train,62.43450005831883
4.332210077704969e-17,5.919598120188654,medium,62.126775294024085,17.37287196628365,79.49964726030755,2.970852649225679,0.8073005960655704,0.6289664003255679,7.9724525711978975,4.612717498313602,3,3.248515332667758e-16,2.2791094534741286e-15,0.7814723389979447,0.21852766100205764,sample_1713,uniform,train,110.01214138058667
4.4068275886683333e-17,6.397739366014186,deep,74.62499424592491,8.082770561414645,82.70776480733946,2.3790441173678856,1.1323831676981548,0.812079814604677,7.124605252222747,5.350655482620119,2,5.473809894474346e-17,1.159785535869074e-15,0.9022731350527649,0.09772686494723627,sample_1714,uniform,train,41.228263965047546
4.106930956567411e-17,5.524160033788728,medium,44.39777262458136,17.380311663856496,61.778084288437775,3.9486435802135773,1.7672594176178975,1.7371173693275264,13.31164903383499,16.14729770537922,2,5.182272830353189e-16,1.2651687379733008e-15,0.7186654156721841,0.2813345843278172,sample_1715,uniform,train,156.74863733168
4.218541911897473e-17,3.2681534372345067,shallow,34.634292619407915,6.130809271334837,40.7651018907427,2.712476569150487,0.8786566866931345,0.8786566866931345,nan,35.566277162799686,1,-7.862071549468065e-17,1.3290506116461116e-15,0.8496064283669307,0.15039357163307068,sample_1716,uniform,train,35.566277162799686
4.1818159420916715e-17,3.4274474360713905,shallow,18.36879892608379,12.938193223773379,31.306992149857113,2.0600982694351195,1.4223707672641268,1.328341996039999,7.088018058667739,11.830387927510655,3,4.869069071116547e-16,1.8156780628658207e-15,0.5867315147414323,0.41326848525856963,sample_1719,uniform,train,66.54551172587666
4.2574957155484544e-17,5.875871356693362,medium,39.55328386476723,22.806499934182476,62.35978379894956,4.096943491442695,1.156542790802887,0.9283442113326759,10.432641084595982,79.28822551615563,2,-1.6568041683444004e-16,2.3927917227983484e-15,0.6342755130820947,0.36572448691790765,sample_1720,uniform,train,190.41332534647455
4.3516294946064616e-17,4.881220192553554,medium,79.56991828771913,10.11136948192678,89.68128776964576,1.9553734481328664,1.3405400847132956,0.7825703136189277,6.779380502671317,3.2913760501382607,3,7.501035051792929e-17,1.6638250656356562e-15,0.8872521823292885,0.11274781767071317,sample_1721,uniform,train,50.48564025858754
4.213350689761468e-17,5.388531031380318,medium,38.210755645505074,24.639115462980644,62.84987110848553,3.7557695473598787,1.3702478961177997,0.9181596800635949,7.410802925459563,2.2642408797197966,3,1.5077568135970057e-16,2.995930169075629e-15,0.6079687192921887,0.3920312807078144,sample_1723,uniform,train,194.2508760924226
4.241253677523629e-17,7.2887924021946775,deep,18.83231009642808,6.767705209606634,25.6000153060347,2.702775697828304,1.613919691814539,1.613919691814539,nan,44.801724657215914,1,8.265458264268065e-17,6.245000779680621e-16,0.7356366733104545,0.2643633266895462,sample_1724,uniform,train,44.801724657215914
3.9449093353508773e-17,6.10445065969079,deep,17.88651479155849,12.935313084227912,30.821827875786326,3.9630855074299416,0.7617899090542777,0.6729067278054679,21.264994709616083,20.577061168354373,2,5.897531309365009e-18,2.478222394922192e-15,0.5803197287208967,0.41968027127910584,sample_1725,uniform,train,134.52809633815582
4.177256641884646e-17,1.3922973117533415,shallow,24.163916842017073,5.305390125717626,29.469306967734664,1.947573865020939,1.2817854293647346,1.1734113939681095,15.042606157179014,4.90288871267595,2,-5.984211888116056e-18,1.2055640408138182e-15,0.8199689551055153,0.1800310448944859,sample_1726,uniform,train,26.93974155504229
4.328768357189941e-17,4.329770288413772,medium,14.335483632558615,7.837360178291992,22.17284381085057,1.9352518893678963,1.4990157041837133,1.4025637599125398,6.6241980646716785,6.141772362461222,3,-3.9916582186748635e-16,1.7224525808645166e-15,0.6465333790672065,0.3534666209327952,sample_1727,uniform,train,30.602126487779486
4.350493438172704e-17,3.7234976785865865,medium,49.76827443553888,17.037976462372956,66.80625089791178,3.1317557529697733,1.0909913980938628,0.932099557498907,5.976621118993575,8.946394376412393,3,1.5909352370509636e-16,7.976904027056137e-16,0.7449643374179306,0.2550356625820702,sample_1730,uniform,train,100.43512569431402
4.1978780002379825e-17,1.7174938195430671,shallow,17.923755837467624,6.315585685798002,24.239341523265573,2.1981903096757174,1.5222439586212473,1.5222439586212473,nan,44.49226101759061,1,-7.012262695425205e-17,2.1985211574686407e-15,0.7394489582261927,0.26055104177380944,sample_1735,uniform,train,44.49226101759061
4.295320331118083e-17,2.978808898615463,shallow,32.760818399467645,7.545999701380134,40.30681810084771,2.5665765352390375,1.3694566224963711,1.1241879487935589,16.492422502470646,6.654515678822789,2,9.825293130964419e-17,1.7848705351960564e-15,0.8127860233844318,0.18721397661556993,sample_1736,uniform,train,40.35440752555115
4.275436860802162e-17,3.4664170827354797,shallow,53.455005503035046,17.53318591987513,70.98819142291012,3.512650908265728,1.106608476464742,0.7061287423298535,11.963277142990545,27.43711069127256,2,3.255179281370696e-16,8.007447114994798e-16,0.7530126409979708,0.24698735900203003,sample_1737,uniform,train,129.87706682528687
4.196463075166716e-17,7.704099865569624,deep,17.74737827270761,10.486019213072666,28.23339748578023,3.036857072163813,1.333650450883,1.0581356393699197,13.518875692896952,11.20850436940323,2,8.77642571812641e-17,1.6358384727756466e-15,0.6285952047268165,0.3714047952731851,sample_1738,uniform,train,64.76121143857897
4.285933185592273e-17,6.087206496433015,deep,28.766746690493534,10.50838187716824,39.275128567661625,2.8609149729150936,1.1318581451082412,1.0443034540168818,5.571355310873647,27.640071525559218,2,-4.527502788265368e-17,3.799197608037391e-15,0.7324418210607594,0.26755817893924444,sample_1739,uniform,train,64.26024751931656
4.238823623171789e-17,6.9282838845924575,deep,70.30429645548479,24.748092484582944,95.05238894006757,3.4925065122035606,1.3231639110067068,1.1939027701748137,5.779273310719958,18.460488812634612,3,3.81742944386348e-16,1.6819368490235957e-15,0.7396373435686403,0.26036265643136136,sample_1740,uniform,train,169.7464228226421
4.5460271340772163e-17,3.2214610468466542,shallow,59.32425189855684,5.4555674291107445,64.77981932766751,2.0142721769726837,1.2924752620315374,1.2924752620315374,nan,34.232851091690684,1,4.632473243091428e-17,1.1105688892371372e-15,0.9157829168754629,0.08421708312453825,sample_1742,uniform,train,34.232851091690684
4.269203643216704e-17,7.3796483481185975,deep,7.46781651826731,8.504970612886607,15.972787131153897,3.3545451818532372,1.5186879046665764,1.5186879046665764,nan,62.64166115231884,1,7.817988491222312e-16,1.223325965153031e-15,0.4675337157471918,0.5324662842528094,sample_1743,uniform,train,62.64166115231884
4.012304051118587e-17,7.6102944296555854,deep,15.719132722775369,9.31627375489979,25.035406477675092,3.7296279160286985,0.6305985004738827,0.6305985004738827,nan,90.68773348833984,1,-2.609927750230062e-16,2.6252900313968787e-15,0.6278760737035624,0.37212392629644025,sample_1744,uniform,train,90.68773348833984
4.285274154115946e-17,7.988653444690552,deep,48.730218491821766,12.358923343729773,61.089141835551324,2.358670695968922,1.2264192818463637,0.7619060783382919,6.61513416341649,10.141362949178435,3,-2.2931152724617744e-16,3.5184514155729177e-15,0.7976903427944836,0.20230965720551988,sample_1745,uniform,train,78.73171415209805
4.371037821988512e-17,8.302720665651243,deep,106.07645769137487,23.767409401898334,129.84386709327288,3.9289125337881243,1.3662561728831986,0.7179761843223464,8.02745289615579,9.596879441998823,3,-1.8933340688844837e-16,2.5172514171566903e-15,0.8169539314103702,0.18304606858963235,sample_1746,uniform,train,216.0874240475975
4.114205822236604e-17,4.848136090341992,medium,15.045620526417082,6.375409100456188,21.42102962687325,2.7487803492618057,1.2686177361384696,1.2686177361384696,nan,41.34833011406655,1,-1.431687080291253e-16,9.536471406339536e-16,0.7023761597127877,0.2976238402872133,sample_1748,uniform,train,41.34833011406655
4.4530601173539e-17,5.395793033438766,medium,88.66520110626661,22.16379547647842,110.82899658274495,3.659964158446253,1.3457588678368768,0.6436812450848501,8.328265125462808,20.703399773657114,3,1.6899029021326786e-16,7.052279037395865e-16,0.8000180804674989,0.19998191953250183,sample_1749,uniform,train,187.19133905609266
4.033731574913028e-17,7.086235910906374,deep,12.304302584954165,4.148111116131146,16.45241370108529,2.1458051691648596,1.294998010309633,1.215908358349831,10.705138952858112,4.644106220899507,2,1.5217104215709562e-16,1.187663134930396e-15,0.7478721851093804,0.2521278148906208,sample_1750,uniform,train,18.613018231846244
4.206632079754321e-17,7.937075643281931,deep,18.91929463837452,12.801168911090496,31.720463549464963,3.756551091038593,1.3196506963338468,1.3196506963338468,nan,119.06977411499697,1,-1.1779656470764173e-16,1.6800102904834877e-15,0.596438151317421,0.4035618486825807,sample_1752,uniform,train,119.06977411499697
3.8981029870060896e-17,2.2372488474491625,shallow,12.69746623130202,7.708768960814094,20.406235192116075,3.1586970444751503,1.0305825776401936,1.0305825776401936,nan,51.502765934489496,1,-3.9500431987294797e-17,1.9150936024644057e-15,0.6222346313154163,0.3777653686845856,sample_1753,uniform,train,51.502765934489496
4.419880264379158e-17,1.9080282412478347,shallow,84.22935476327916,10.98345081115679,95.21280557443579,2.3602994844694383,1.4985189172680977,1.2119780580179458,9.45304183847718,21.23006785068467,2,-8.934182950075482e-17,1.679103084731992e-15,0.8846431344513848,0.11535686554861688,sample_1755,uniform,train,59.46620266370997
4.1388828457814093e-17,7.76634457113463,deep,24.05954305427043,18.72498780477538,42.78453085904578,2.960343835564421,1.1010508810333235,0.8632537298247858,12.987686476043379,16.794016878280956,3,6.775576495489603e-16,7.473360690700263e-16,0.5623421028860857,0.43765789711391506,sample_1756,uniform,train,124.14317594974183
4.189067619987606e-17,5.02519538920672,medium,83.61546039608837,24.2187541837335,107.83421457982158,3.533812114714258,1.5490196435322092,1.5000387845110403,9.348796714016194,49.763312580527696,3,2.298967841128508e-16,2.6686317427556925e-15,0.7754075153410063,0.22459248465899637,sample_1757,uniform,train,195.22628030977395
4.135353509622138e-17,2.962955244323406,shallow,48.47374524988753,15.533169176394452,64.00691442628184,4.230614485030411,1.0110760827290755,0.6228362634599652,3.5440090293338713,3.3995803314011135,3,6.052840175148884e-17,2.2202061828131014e-15,0.7573204502103565,0.24267954978964565,sample_1758,uniform,train,124.75395054394106
3.9768039355555225e-17,4.919700219410144,medium,31.70689467358412,11.871800451447877,43.57869512503193,2.3163427228442215,1.0129075125521867,0.8387552867098582,13.690872872099863,26.07906158242803,2,-3.1715601090247664e-16,1.5897198513595698e-15,0.7275778814077304,0.27242211859227117,sample_1759,uniform,train,78.1382102277913
3.7806813669280146e-17,2.932398479081588,shallow,4.842249970328072,4.192606328240606,9.034856298568666,2.4890283297854747,1.7763808241330095,1.7763808241330095,nan,24.560844369254948,1,1.4567050553670735e-16,1.2779748868757145e-15,0.5359520738691991,0.46404792613080226,sample_1761,uniform,train,24.560844369254948
4.4310003832422515e-17,4.411167427701857,medium,77.58263617488139,10.128214639676118,87.71085081455742,2.8740225657462006,1.5173747245693794,1.4533330517448038,11.450764166639711,18.62885906288442,2,2.267758950115973e-16,9.923684962837682e-16,0.8845272329977781,0.11547276700222286,sample_1762,uniform,train,51.07578811116841
4.1800097492364157e-17,7.191181614509938,deep,20.438315017082058,12.340641052347715,32.77895606942972,2.721097800749909,1.5515057575112399,1.2540607465879838,3.709447398198282,3.138411859955289,3,-2.879037691227857e-16,1.6799516709674706e-15,0.6235193998793397,0.376480600120662,sample_1763,uniform,train,66.5813841495803
4.1960349408320105e-17,3.155628640445384,shallow,67.5382985062568,17.662487401694133,85.20078590795069,3.6998617046945896,1.2255666682395683,0.8290390808960894,4.440720662234904,4.911000997908597,3,1.4029324447142554e-16,2.793774892367761e-15,0.7926957220702622,0.20730427792974057,sample_1764,uniform,train,138.5871739557259
3.902500684165677e-17,6.600129391726085,deep,18.18647432259388,6.775567032606872,24.962041355200714,2.141311326284181,1.3507075581386605,1.3507075581386605,nan,41.127096654990986,1,1.326592882943926e-16,1.5655710969593208e-15,0.7285651867892936,0.27143481321070795,sample_1767,uniform,train,41.127096654990986
4.4613586304959015e-17,7.970814678758061,deep,37.06638929661514,4.724051940632,41.79044123724713,1.548911029814677,0.8222126774607565,0.7304398618225671,15.468678030135608,5.7278409114969575,2,2.0066539909718666e-16,2.975440676783066e-16,0.8869585531817377,0.11304144681826261,sample_1768,uniform,train,21.293518349836624
4.411469782836427e-17,4.770778416456269,medium,58.5199950602747,9.169283855189931,67.68927891546454,2.5092055502216306,1.3716130094886676,0.9439369541520422,14.98399145755229,11.963815192477078,2,1.2344217662305212e-16,1.3646260844966647e-15,0.8645386093321938,0.13546139066780755,sample_1769,uniform,train,50.31558899824469
4.4001711996683625e-17,4.618004790292669,medium,45.09925104899089,5.975473571227094,51.07472462021791,2.0150469639934347,1.165480182994651,0.6406696379237832,12.401612798341997,9.97957945897087,2,9.955136288042321e-18,1.4433520568788116e-15,0.8830052708916294,0.11699472910837204,sample_1770,uniform,train,28.728446269605953
4.16028192141688e-17,4.070583778985214,medium,24.23539004408637,12.278077172339806,36.51346721642616,4.259659997781181,1.1777775802546473,0.7370209233065135,6.118823416311342,4.465088800865915,2,1.3456251527055272e-16,4.8649360765200855e-16,0.6637383927534468,0.3362616072465537,sample_1771,uniform,train,113.39606721910293
4.358889652429359e-17,7.054936133848902,deep,79.14156536452896,16.425354777784232,95.56692014231311,3.2762537128751013,1.4500457110836396,0.8950900015432917,6.222539674441618,14.234193126294938,3,3.040367359566916e-16,8.550282303827495e-16,0.8281271934543417,0.1718728065456591,sample_1772,uniform,train,98.5299335708549
4.2984465251501856e-17,8.345506059574156,deep,26.599045250253564,14.810125608006828,41.4091708582603,3.1825596876879882,1.2091631374605651,0.7179621043211547,11.099549540409287,12.639653853243432,3,-4.2959483849717423e-17,2.1448833707399658e-15,0.6423467241423305,0.3576532758576716,sample_1773,uniform,train,100.54270979148382
4.327262305068144e-17,6.089761641218086,deep,44.29802086684768,15.771364844903749,60.06938571175135,3.3771766372707592,1.1830672932083803,0.6284649749511844,13.566134305689296,35.82179170976953,2,-5.664243051740646e-18,1.2715852374576211e-15,0.7374475424039783,0.262552457596023,sample_1774,uniform,train,132.00337536133
4.2125256254039175e-17,7.091017690212416,deep,40.12882458902809,18.355350134144185,58.48417472317221,3.0980321600204044,1.1180484962913557,0.8609940764428119,8.957678270623475,26.022899939089783,3,5.628842638643165e-16,1.1541850460696422e-15,0.686148428681315,0.3138515713186862,sample_1775,uniform,train,126.23501339115793
4.0733313421314484e-17,4.434106921107368,medium,42.39164730151037,17.597880774840956,59.989528076351185,3.9925508417774633,0.7201653541219262,0.6145725369176069,9.82445927265211,23.76692046487533,2,-4.6786623749686405e-17,2.309667002162006e-15,0.7066507882435205,0.2933492117564818,sample_1776,uniform,train,135.62171366519402
4.2469871518431575e-17,4.535914767203672,medium,32.395825351897365,10.567958733116377,42.963784085013685,2.05180202553933,1.3976341478561132,1.1489930466235538,9.092854337335444,11.387592983292173,3,2.214715543141731e-16,1.3230542902908712e-15,0.7540263513054345,0.2459736486945668,sample_1777,uniform,train,52.78820452415812
4.350088032765518e-17,7.3227258266936,deep,18.526434140216168,8.199107400438038,26.72554154065418,2.8507730104234876,1.463559257087236,1.463559257087236,nan,57.403871277754796,1,-1.8805661543153934e-16,9.305329029076344e-16,0.693210804055523,0.30678919594447784,sample_1778,uniform,train,57.403871277754796
4.147674493334993e-17,4.721423010131157,medium,19.924282108724576,6.616013599371059,26.540295708095634,2.3624076119497563,1.500819897243244,1.39974336431195,19.576516544063708,4.459775728569371,2,3.0187614045060705e-16,3.346527971914053e-17,0.7507181656098517,0.24928183439014828,sample_1781,uniform,train,38.05573727388439
4.1695949073315844e-17,3.530082983130682,medium,27.57751349693052,19.264558613048845,46.84207210997933,3.3848613419208324,1.3628906824420148,1.0469239103408094,8.10185164021164,11.08889940901964,3,2.9193293826086754e-16,8.342895330302833e-16,0.5887338508890463,0.4112661491109546,sample_1782,uniform,train,154.04632593889673
4.2274296893297337e-17,5.9661126899696875,medium,31.382410538184047,13.23751513283422,44.619925671018166,3.0403955251564,1.184126671026996,1.1440444163303454,4.209513035969838,15.037196753032807,2,-9.324449687319833e-17,2.2692180303558948e-15,0.7033272706361267,0.2966727293638757,sample_1783,uniform,train,79.34287629727271
4.054830851662646e-17,7.651806163648995,deep,33.96145886993437,20.724880938523224,54.68633980845751,4.144726881860749,1.2045901191862989,0.7896096070836248,13.399999999999999,41.920843942129295,2,5.044977149387203e-17,1.494201566581611e-15,0.6210227085756078,0.3789772914243937,sample_1784,uniform,train,189.38981111294922
4.729110562993757e-17,3.6906621522893457,medium,107.2106950439344,24.434776747414787,131.64547179134888,3.374486989949778,1.204231269706418,0.8001502312092564,6.029925372672533,4.057907260845167,3,-3.262382077825541e-16,2.266906297333452e-15,0.8143895386987384,0.18561046130126388,sample_1785,uniform,train,187.0673718933186
4.1598854465648115e-17,6.442834236081796,deep,48.94286117596499,22.572250537344473,71.51511171330931,3.6642956775987963,1.128445757306193,1.0714925757361002,8.657944328765344,92.21891826233123,2,-2.6860189676858845e-16,2.185823361276107e-15,0.6843708973310111,0.31562910266899113,sample_1788,uniform,train,188.5368405900045
4.243179874430131e-17,4.724511317694116,medium,68.32536897010068,22.060844277457857,90.38621324755844,3.4076610366897198,1.2497117364365395,0.8010222734111048,9.86711710683521,8.822692366516048,3,1.6306414711705923e-16,1.0612599630088459e-15,0.755926888794031,0.24407311120597006,sample_1789,uniform,train,152.7616978336855
3.818161174274607e-17,7.346128462733927,deep,23.900070063597262,15.617158277050677,39.51722834064791,4.422505554970464,1.2136893385245693,1.1146212338584542,20.619408332927502,23.627959787352054,2,5.143421092827657e-16,7.192232508161279e-16,0.6048012744611786,0.3951987255388221,sample_1790,uniform,train,152.69371464857983
4.236220781009881e-17,1.7540779236385902,shallow,41.78384332119006,19.21501550570111,60.998858826891066,2.6058056416885087,1.445277902861669,1.30586990349611,6.817624219623726,19.060519819917968,3,-2.103383199786994e-17,1.7472689229561309e-15,0.6849938527500755,0.31500614724992626,sample_1791,uniform,train,121.09020119054843
4.2014991729504866e-17,8.110703993672818,deep,84.91380874157069,23.861438719932902,108.77524746150341,3.6971388684588713,1.1381125774146998,0.8082764991525042,5.192301994298868,12.152177784288638,3,3.4645763068343344e-16,1.6657134950021587e-15,0.7806353993505967,0.21936460064940502,sample_1792,uniform,train,178.99187541944355
4.1843591744300224e-17,6.747006597542447,deep,31.02994158513164,15.866189376710349,46.89613096184188,2.7849239422430605,1.4007504974035045,1.3637527724337757,13.221195104830729,23.283661944819254,3,-1.2254841108630515e-16,2.348469304054714e-15,0.6616738086640851,0.3383261913359173,sample_1793,uniform,train,95.84206794761556
4.3937802757521227e-17,7.21034918401257,deep,44.21848728917758,5.686230081346997,49.90471737052449,2.3294932637587857,1.2616632767084504,1.2616632767084504,nan,30.257103798408604,1,-3.87912310264899e-17,1.815343390020298e-15,0.8860582650107263,0.11394173498927554,sample_1795,uniform,train,30.257103798408604
4.031195866768775e-17,2.3788478463797365,shallow,60.50649895459336,17.351890106545394,77.8583890611386,3.1782019287397425,1.104353919297744,0.8852597110761984,5.92283715798434,8.642870229876825,3,-1.4402284221027582e-16,2.0533704520971062e-15,0.7771352539426472,0.22286474605735493,sample_1796,uniform,train,119.06958284783201
4.1236471894771923e-17,4.199918537847212,medium,19.460193371126987,12.83198420031348,32.29217757144042,3.640582481424482,1.1045092687172129,0.716433782491189,7.761443164772902,8.16516148907843,2,1.3118391410083036e-16,1.4852400262478612e-15,0.6026287118010217,0.3973712881989797,sample_1797,uniform,train,132.42360912974007
4.556138028696151e-17,6.1265231588340505,deep,74.68176985569183,15.71236369025176,90.39413354594343,2.758882896149378,1.104019884681258,0.9015403092659716,9.382963284591922,14.338484988373208,3,-5.4948013917636386e-17,1.6900066652088304e-15,0.8261793871582862,0.1738206128417155,sample_1798,uniform,train,110.31060574906331
3.6618809873293743e-17,4.774553484319125,medium,6.715163780225095,5.497567070605561,12.212730850830626,2.7068213109719643,1.6787306537667774,1.6787306537667774,nan,36.7960301725796,1,3.000975714933187e-16,2.3999454510299533e-15,0.5498494859377315,0.45015051406227086,sample_1799,uniform,train,36.7960301725796
4.409100120538865e-17,6.443259578241541,deep,47.43545096312252,7.953374348456196,55.38882531157862,1.71952857273774,1.2732532834956514,1.1008451313224068,18.218671740826775,20.038027319161852,2,1.6333694861096496e-16,1.6997456067827559e-15,0.856408322369792,0.1435916776302097,sample_1800,uniform,train,41.334947317006936
4.138928937170212e-17,4.771752091854463,medium,15.859945289180322,6.532936756675959,22.392882045856247,2.7007496597402505,0.8833832726599768,0.8833832726599768,nan,42.33353421075338,1,3.362516356430904e-16,1.507210187571647e-15,0.7082583321209951,0.2917416678790064,sample_1802,uniform,train,42.33353421075338
4.647047177855169e-17,7.15170286185262,deep,243.0426552387275,8.148217863433569,251.19087310216094,3.137761620612611,1.2095856917760361,1.2095856917760361,nan,70.7868708522992,1,-1.2725642839815837e-17,4.950218820547896e-16,0.9675616483879192,0.03243835161208121,sample_1803,uniform,train,70.7868708522992
4.583833750330832e-17,5.370630780329861,medium,115.4203192153794,6.714193962618927,122.13451317799816,2.2593856981414033,1.288842871697435,1.288842871697435,nan,48.31252493002561,1,-6.54594897775611e-17,1.3235282000087658e-15,0.9450262355176089,0.05497376448239244,sample_1804,uniform,train,48.31252493002561
3.825618587851978e-17,5.864806664493983,medium,6.590802229491159,6.648373170702667,13.239175400193806,3.1150766797113043,1.0003787118916505,1.0003787118916505,nan,65.25239300037046,1,-6.051179248004184e-17,1.475917090207651e-15,0.49782573538489994,0.5021742646151015,sample_1805,uniform,train,65.25239300037046
4.32380965890328e-17,6.72594620844088,deep,35.64187662565394,13.709852246264006,49.35172887191786,2.232379524324963,1.3548207866232787,1.162522499220588,5.2952809179494915,12.107183703640397,3,2.6801631855321213e-16,1.8716782118928717e-15,0.722201175933573,0.27779882406642886,sample_1806,uniform,train,65.56764403576176
4.428971951421209e-17,8.273363175655842,deep,85.47742071406152,17.972207000034896,103.44962771409624,3.899572358929987,1.6768817454013396,1.6118470982400335,6.15792172733626,53.53362916110151,2,-4.835761160653457e-17,1.7514649556746204e-15,0.8262709359408764,0.17372906405912536,sample_1807,uniform,train,165.49525553415
4.3208934373171647e-17,5.974679227787816,medium,12.755417116205098,7.045757189247993,19.801174305453078,1.845792017508404,1.2272430802240304,0.934348868147399,12.664912159190052,5.066884891904506,3,-8.282116077617181e-17,7.1767737084605395e-16,0.6441747807195639,0.35582521928043687,sample_1808,uniform,train,38.87846276814003
3.975390173620542e-17,3.5465389789012636,medium,12.478822997248878,3.8289473500704427,16.307770347319302,2.345802322854158,0.6975250838360348,0.6975250838360348,nan,18.822308434954692,1,-8.6343947937966e-17,1.1709654733206185e-15,0.7652071823111102,0.23479281768889096,sample_1810,uniform,train,18.822308434954692
4.1244764251979895e-17,3.1097144253035944,shallow,19.036013973375397,8.909942246699352,27.945956220074702,2.303327633824493,1.3042008316336968,0.9042870399531153,8.67870958149885,6.020407753290875,2,2.149042148054501e-18,1.6526640727802247e-15,0.6811723965881354,0.31882760341186617,sample_1813,uniform,train,57.20694649329836
4.422903466678417e-17,4.710779524862447,medium,40.28153683464571,9.182373401782923,49.46391023642855,2.2402803631224337,1.1388102892218779,0.7670454164668834,5.80689245638319,14.693951523333217,2,1.2862820555301547e-16,1.6878724519098982e-15,0.8143621610606046,0.18563783893939717,sample_1814,uniform,train,51.30555537753297
4.3500450584228344e-17,2.245782014895402,shallow,37.1980405226714,13.508488411829731,50.70652893450114,3.520447736473331,1.2150319826740696,1.0218859517318295,6.663332499583075,3.331362839111238,3,8.400007206200784e-16,1.401284510477784e-16,0.7335946929185592,0.26640530708144067,sample_1816,uniform,train,95.08338171538097
4.5319912140493504e-17,5.721029705391698,medium,86.31450860451478,11.090615941345282,97.40512454585992,2.029020309671601,1.0116292658433643,0.7276794098332056,4.621688003316539,16.779368052114847,3,1.1212765031149653e-16,1.5136536024940327e-15,0.8861392971565527,0.11386070284344885,sample_1817,uniform,train,58.30872280259021
4.4322399892858986e-17,5.613967411785941,medium,35.51555128009997,5.766959756913224,41.28251103701303,1.5479221894445896,1.2965448622351285,1.281403406004197,3.693237062523878,10.66430192989389,2,8.545837753780293e-17,3.958694011570657e-15,0.8603050150766622,0.13969498492334173,sample_1818,uniform,train,26.20018654157286
4.5673507526750016e-17,1.8386359407837904,shallow,70.30313698424798,6.903398677716826,77.20653566196479,1.9146711255088023,1.191872011815831,0.8360234371967219,10.432641084595982,4.379520038613459,3,1.8245481272403177e-16,2.3007855800935245e-16,0.9105853070788965,0.08941469292110373,sample_1819,uniform,train,26.00648608705128
4.1529592364373874e-17,8.164129664131329,deep,30.670987771714312,7.2374836678387995,37.908471439553075,2.2907463296623307,1.3956676412937923,1.3956676412937923,nan,50.35233412874647,1,-1.5274163354941807e-17,9.606115420868696e-16,0.8090800448290486,0.1909199551709523,sample_1820,uniform,train,50.35233412874647
4.1016779686705875e-17,3.4831253955937456,shallow,69.59731746383176,27.164582735079858,96.76190019891145,3.8784698838527927,1.0562049436948733,0.7356217701759994,10.788883167408942,6.484314991020036,3,1.881725960757102e-16,1.7256538220143593e-15,0.7192636494401411,0.2807363505598607,sample_1821,uniform,train,229.04708134587153
4.114876021264947e-17,5.340146260400854,medium,25.292107647302988,11.630305907729415,36.92241355503232,2.963347650589705,1.1296059530040023,0.6524830760084932,5.329165037789691,5.587047617000157,3,8.690909751807425e-17,2.213084323174604e-15,0.6850068890974711,0.3149931109025311,sample_1822,uniform,train,85.24141656024665
3.904709968656301e-17,6.375662087107469,deep,41.13081685437633,12.672232573136123,53.80304942751242,3.772936342452161,1.2487362814608836,1.2487362814608836,nan,131.46651740965527,1,-1.3215873749494492e-16,5.612705337545858e-16,0.7644699936532576,0.2355300063467429,sample_1823,uniform,train,131.46651740965527
4.2323934702173944e-17,1.9322733340286458,shallow,45.735896495629056,16.656382676514525,62.39227917214347,3.455778686918718,1.384851979135347,1.2431180006216045,5.192301994298867,13.1124750383271,3,8.572106063977848e-17,1.8221299050151425e-15,0.7330377588778476,0.2669622411221542,sample_1824,uniform,train,119.14197544441751
4.296379358364822e-17,7.350784711885018,deep,32.673449246093824,15.173314653307491,47.84676389940122,3.222594399799545,1.386287905744927,1.1222099842627573,6.180614856144979,8.819807941310165,3,1.0563707047539716e-16,2.041927566353896e-15,0.6828768882842402,0.3171231117157618,sample_1825,uniform,train,96.74330925159764
4.1905153009820777e-17,1.473840018534358,shallow,27.011933891378444,14.422428858443926,41.43436274982231,3.7519249608045575,1.2575419519458433,1.1025984843574839,8.694826047713665,19.99404552900352,2,-1.3081218708013559e-16,1.3718907469151744e-15,0.6519210649980198,0.34807893500198156,sample_1827,uniform,train,127.50767879234655
4.3216275706613104e-17,2.898945940346324,shallow,31.561253168608918,9.536336133490268,41.09758930209914,1.9824472592559328,1.1145991908759962,0.8924970874632014,8.48528137423857,9.33392745040057,3,1.239470111056523e-16,1.1670181993219012e-15,0.7679587465972576,0.23204125340274354,sample_1828,uniform,train,44.97406151463136
4.073621691012924e-17,1.8832339032139047,shallow,59.327274116713454,21.40866320249912,80.73593731921238,4.146348762003899,1.092627782294313,0.8356700069933736,3.544009029333869,7.259434558845698,3,9.642218624396739e-17,2.3762223493697417e-15,0.7348310564866087,0.26516894351339365,sample_1829,uniform,train,187.21168655688604
4.239125473636289e-17,6.797889113127855,deep,17.826829449076218,11.513530441131207,29.340359890207353,3.3753447270364156,1.460674933021979,1.1511319711894834,13.41044369139217,10.086161933826297,2,-3.3493774778986703e-16,2.4822677938493265e-15,0.6075872796306805,0.39241272036932195,sample_1830,uniform,train,81.34558563835961
4.425889500848645e-17,2.171767189825513,shallow,43.60280622337318,11.689210662161628,55.29201688553476,2.365451511038241,1.4886571120556358,1.123626656827715,7.675936424958198,5.406742255096797,3,1.5142525535840842e-16,8.995510438003074e-16,0.7885913496995322,0.2114086503004687,sample_1831,uniform,train,53.43610770576489
4.670152373084724e-17,7.2133283335394,deep,48.85481173001014,15.090511857008803,63.9453235870189,2.654006217987131,1.0268048878567084,0.6932941744435875,6.47456562249546,3.578401507606714,3,2.9831442526268256e-17,7.22262008128805e-16,0.7640091407705039,0.23599085922949686,sample_1832,uniform,train,96.22393812954903
4.358187389069636e-17,5.816536318993877,medium,109.51392894264708,21.391960425212424,130.90588936785926,4.078834170485105,1.0627975016273437,0.7890381418231197,5.817215828899596,12.109801261674223,3,-9.982495962722035e-17,1.899761414226294e-15,0.836585194688235,0.16341480531176694,sample_1833,uniform,train,163.36349753614985
4.359222993015619e-17,6.774741745898012,deep,81.57676179427841,15.800187799443762,97.37694959372213,3.5441025333348724,0.9977161516174314,0.7040640921878085,6.933974329343889,7.055854318508708,3,1.8342696028696335e-16,4.378096081616683e-16,0.8377420132242225,0.16225798677577796,sample_1834,uniform,train,109.30592187687954
4.44693178875488e-17,1.7001952820125625,shallow,98.84836985931841,9.798019729184684,108.64638958850288,3.380415871497835,1.2815683023072568,1.2815683023072568,nan,84.43876196895785,1,8.582114477497305e-17,1.9292873683435384e-15,0.9098173462892382,0.09018265371076375,sample_1835,uniform,train,84.43876196895785
4.223081572602991e-17,2.511122151253777,shallow,25.610031103725053,5.044703543572476,30.654734647297524,1.9387066354555922,1.1557342306228948,1.1557342306228948,nan,30.52283714442827,1,3.548076499416704e-17,1.7384167827629701e-16,0.8354347672026838,0.16456523279731636,sample_1836,uniform,train,30.52283714442827
4.1678990064709696e-17,4.1507306182659205,medium,22.055328132793765,12.207849468921536,34.26317760171522,4.0739201161097585,1.0799708486665573,1.0799708486665573,nan,146.3749083743094,1,1.9486164885420666e-17,2.3330018803921344e-15,0.6437035230407139,0.35629647695928846,sample_1838,uniform,train,146.3749083743094
4.218820151163677e-17,4.8111619689898735,medium,68.1547910882557,20.547162549435836,88.70195363769137,3.9622758631226347,1.1621690820848487,0.6074840369122674,9.004443347592344,27.834106478108964,2,-8.925610500047214e-17,1.882456203677922e-15,0.7683572716632395,0.2316427283367624,sample_1840,uniform,train,156.81256328037395
4.3879454402059504e-17,1.454250561684457,shallow,65.84512907177353,8.93311622628706,74.77824529806058,2.083596343659522,0.9717214633637896,0.9162251990533016,7.499333303701071,13.341500291752967,2,1.9618135967411413e-16,7.126498484899543e-17,0.8805385685277809,0.11946143147221917,sample_1841,uniform,train,51.23191592749012
4.32306457746476e-17,5.933672540826635,medium,17.498204451210526,11.918660000651801,29.416864451862292,2.909056979388111,1.5540638463012577,1.1476404293469775,11.963277142990542,4.234897803659558,3,3.936132704523013e-17,1.20771324374634e-15,0.5948358119487738,0.40516418805122745,sample_1842,uniform,train,79.98115621225074
4.185366185695691e-17,3.006251333737917,shallow,103.36561054653849,24.733995526609018,128.0996060731472,4.076387589970192,1.277009739028436,0.6049662882027818,7.0256672281001205,41.80647732862844,3,2.533493914266713e-18,2.301921484224256e-15,0.8069159126649839,0.19308408733501847,sample_1844,uniform,train,204.25933229459065
4.28515960765199e-17,1.5833797931590676,shallow,7.499621626378394,6.6163576042291545,14.115979230607529,2.6096818570730376,0.6574334593367955,0.6574334593367955,nan,51.20035715710872,1,2.31255666518128e-16,1.3842415686638687e-15,0.5312859635070193,0.4687140364929821,sample_1845,uniform,train,51.20035715710872
4.045670518081617e-17,4.145748277307872,medium,76.12769240677386,31.443776120836993,107.57146852761066,4.272236660337074,1.3969325412572502,0.9062029918933168,9.273618495495706,18.411647470741517,3,-3.8942482251809846e-17,1.7834332958463358e-15,0.7076940888580875,0.2923059111419143,sample_1846,uniform,train,271.13421590680684
4.2385217171978874e-17,3.1607232448086604,shallow,58.347769833551475,11.311521905039521,69.6592917385909,2.527482973933469,1.2663028595505659,0.8298934606555948,8.277680834629951,32.61010375082046,2,6.304938725043179e-17,1.4535367403071224e-15,0.8376164669102873,0.1623835330897141,sample_1847,uniform,train,65.64871502039526
3.9373013660635377e-17,5.677213931797763,medium,17.16392482531232,6.61387563390238,23.777800459214667,2.2917404576093725,1.5113840631562292,1.5113840631562292,nan,50.41791763105607,1,1.3285507448441533e-16,1.4194239709638592e-15,0.7218466171735723,0.27815338282642915,sample_1848,uniform,train,50.41791763105607
4.322394057294032e-17,4.475263249711672,medium,61.80972017460374,10.688424700117524,72.49814487472105,2.500142131886138,1.3323956279577047,0.8730189685746206,12.574577527694519,27.017850567735106,2,-1.9386624719267443e-16,2.9647541732116262e-15,0.8525696799747466,0.14743032002525638,sample_1850,uniform,train,69.16217136475133
4.186238984800714e-17,6.547118836923137,deep,41.894289392022785,9.47672722712011,51.37101661914283,2.2469401511682796,1.2875626923920667,1.2460018142178968,13.29962405483704,18.049025405094188,2,9.537326840987345e-17,1.2794218877365475e-15,0.8155238527323859,0.18447614726761538,sample_1851,uniform,train,54.09521554739152
4.2947964452898927e-17,3.8569822315780207,medium,30.54076314321626,3.989616286112554,34.53037942932882,1.7715527522441605,1.0267243496028395,1.0267243496028395,nan,23.28900190330302,1,1.2104606532195867e-16,1.0288660992189847e-16,0.8844606878914303,0.1155393121085696,sample_1852,uniform,train,23.28900190330302
4.274075648569576e-17,5.9545421952883615,medium,28.026324163102498,8.611044902900598,36.63736906600303,2.34621339522995,1.1642510395745629,0.8191313671773773,28.842330002966126,12.525645684228193,2,-6.789266207084823e-18,1.7454541046111622e-15,0.7649655222953496,0.23503447770465205,sample_1853,uniform,train,44.707690243550864
4.021763045563383e-17,4.525462838826564,medium,25.072398629441356,15.274969746364107,40.34736837580544,3.5795653378908483,1.3534152973680433,0.8073592762702531,7.280109889280519,3.2273916639091227,3,3.4635419159331417e-16,6.163721886386118e-16,0.6214134809465339,0.37858651905346674,sample_1854,uniform,train,127.718297261313
4.219930163347693e-17,8.355993376399944,deep,21.62634637352815,4.617407155914732,26.243753529442817,1.8712962327318217,1.2793806588312715,1.2793806588312715,nan,27.448349763765986,1,8.685294777037578e-17,2.5044132114742006e-15,0.8240569074566866,0.17594309254331594,sample_1855,uniform,train,27.448349763765986
4.371121445061918e-17,3.54679806116973,medium,69.9132784054426,17.140519363254384,87.05379776869692,2.8896818588674824,1.364453265908162,1.2768544010472975,4.787483681434327,21.856031384533154,3,3.4236598569951675e-16,6.529688573936972e-16,0.8031042895015688,0.19689571049843188,sample_1856,uniform,train,113.2177788476752
4.3788060355760093e-17,5.077432058819532,medium,30.02442317532591,5.474665001748593,35.49908817707443,2.3345457402968455,1.3422273413610228,1.3422273413610228,nan,28.126561116554914,1,5.80534620678275e-17,2.176718515373401e-15,0.8457801232966853,0.1542198767033169,sample_1859,uniform,train,28.126561116554914
4.339323926249741e-17,8.144435801221354,deep,67.63934937529754,11.345073606466453,78.98442298176383,2.361592753751879,1.0863006544958236,1.0042592777039019,11.63099307883897,31.367932832632885,2,4.409710032111604e-17,2.1140566278768137e-15,0.8563631513889052,0.1436368486110969,sample_1860,uniform,train,62.951194255275276
4.422263196995862e-17,1.6016707342291288,shallow,9.853800268255087,9.564543264964177,19.41834353321921,1.9617346887124645,1.2190583635066996,0.9757463173434283,7.901898506055361,27.77960256519921,2,-6.144504726553125e-16,2.7443486665503893e-15,0.5074480349674556,0.49255196503254717,sample_1861,uniform,train,59.403065390380206
4.3964572843000733e-17,5.596844397369949,medium,62.23780847299458,18.15830447444416,80.39611294743858,2.3000976383710583,1.3608804969730992,1.099233705877335,6.945502141674132,32.649018222683516,3,1.1766806004401666e-16,1.9885552881212534e-15,0.7741395223135284,0.22586047768647358,sample_1862,uniform,train,132.71259803929536
4.307771584759705e-17,6.5353684494807744,deep,73.42827067311659,11.051371067555372,84.47964174067188,2.6329255591100975,1.2426503510954012,0.9195115981200839,9.331666517830563,8.404279462246196,3,-4.177969684920929e-18,9.251897773612575e-16,0.8691830263499482,0.1308169736500528,sample_1864,uniform,train,54.76748904756739
4.538530004101663e-17,5.466030473172586,medium,59.6736856022542,22.837750646527013,82.51143624878111,4.082196810960254,1.3899476459450686,1.0540964143224543,6.257795138864807,8.321531033227865,3,4.2018280795023654e-16,1.2917168238674247e-15,0.7232171480124456,0.2767828519875556,sample_1866,uniform,train,185.4462094365485
4.312849612614619e-17,5.535900942837097,medium,47.33609332697874,11.536044651953107,58.872137978931725,2.189185367742417,1.3551418848754118,1.1334452797581331,9.505787710652914,3.353573369233411,3,-1.2230989296522446e-16,2.0819461654761085e-15,0.8040491640361128,0.1959508359638893,sample_1867,uniform,train,65.79750660772355
4.0213032566680773e-17,7.776753708746314,deep,27.517143690929757,12.29018686241755,39.80733055334728,2.5104216647644817,1.4519271770198987,1.119701885447407,13.705473359209451,36.30928885896677,2,1.5476743104035764e-16,7.139817977072093e-16,0.6912582006485718,0.30874179935142887,sample_1868,uniform,train,79.21846633490483
4.430903260204973e-17,1.5072836246383448,shallow,50.652010620824825,14.14687494766941,64.79888556849407,2.9210950066323624,1.5658769814416278,1.4987004751673632,8.094442537939225,9.909487433141601,3,-1.4103004204948954e-16,2.5220314792617664e-15,0.781680273918976,0.21831972608102654,sample_1870,uniform,train,99.76092470823535
4.0436561109854e-17,4.885547684539142,medium,5.332373965065695,4.062003272358064,9.394377237423736,2.9003800647289464,1.7516310790458567,1.7516310790458567,nan,35.82653999102165,1,-1.9358527499542556e-16,2.4581340868674823e-15,0.567613353211268,0.43238664678873445,sample_1871,uniform,train,35.82653999102165
4.427490113450101e-17,1.5475972655074148,shallow,35.615972856560184,8.424655005965537,44.04062786252568,2.8568920282185273,1.0878491585430197,0.7849729722154585,5.939696961967002,4.433832241989899,2,9.56768825757283e-17,8.873590673773906e-16,0.808707200263735,0.1912927997362659,sample_1873,uniform,train,45.426514249871445
4.348786861135985e-17,7.134574406488615,deep,59.20064057535843,9.599253551725111,68.79989412708345,2.334893024744033,1.6035639240749024,1.4214805416453062,10.239140588936163,10.72763828614283,2,2.662240846530746e-16,1.3167781718104401e-15,0.8604757511109857,0.13952424888901557,sample_1874,uniform,train,64.04756853096201
4.445734004597801e-17,8.036029070468517,deep,83.46819229207966,14.483283186563067,97.95147547864254,3.0610702035038315,0.9377829310403545,0.639867608450397,4.8538644398046396,7.317356378511497,3,-9.041026817478621e-18,1.9948576719156484e-15,0.8521381825461034,0.1478618174538986,sample_1875,uniform,train,88.05939877184102
4.5169953240349274e-17,6.470618523451038,deep,52.74832291404293,12.611383385590123,65.35970629963296,2.814214186312618,0.9460213191997529,0.8118527106228057,5.0199601592044525,6.4972180886602375,3,-1.1377702220658843e-16,1.4132645459781043e-15,0.807046510769574,0.19295348923042735,sample_1876,uniform,train,76.90513310803185
4.4791714679139636e-17,5.489612015784154,medium,34.180336124216865,8.232924082515986,42.413260206732836,1.5429765376118716,1.0798082400999907,0.8912587703412029,4.049691346263317,6.334364784822861,3,4.238218331668481e-16,3.3505688187926945e-16,0.8058879689421035,0.19411203105789687,sample_1878,uniform,train,34.9596232195697
4.406698927511741e-17,6.904849509348484,deep,60.70195641176141,11.293062693121431,71.99501910488269,2.7023298461063745,1.2566484880363686,0.7538416544968978,3.841874542459709,4.841017888856745,3,-7.816047739898889e-17,2.1219063497416438e-15,0.8431410556795673,0.15685894432043476,sample_1880,uniform,train,57.884283446134724
4.0328459859801157e-17,4.976238387799724,medium,53.090983291240455,25.009983188822893,78.1009664800632,3.9845019356853024,1.2771612582039351,1.0139648083772483,3.9293765408776973,4.975481820905151,3,2.1078942219297945e-16,1.8195491497316618e-15,0.6797737042702662,0.32022629572973565,sample_1882,uniform,train,226.75456525093796
4.147174073406935e-17,4.61751392648064,medium,49.458652236764394,18.50395191218641,67.96260414895075,3.2790194791296456,1.2391419546949665,0.8967989938359097,9.421252570651102,55.23745014625624,2,-3.0460754109518476e-17,8.363925952017188e-16,0.7277333300585124,0.2722666699414885,sample_1883,uniform,train,136.57833959818757
4.237256375200124e-17,7.034237899607913,deep,51.18406355185516,26.28986149965939,77.47392505151441,3.8220673425633787,1.0298675682139864,0.6350846388092067,16.739175606940748,114.15148289162151,2,1.704556283152297e-17,1.7884189213479268e-15,0.6606618099937696,0.3393381900062322,sample_1884,uniform,train,238.72302539549753
4.258064997463146e-17,4.379645086893857,medium,40.5425635596597,11.175676101245035,51.71823966090465,2.3771895905335447,0.9385904577244225,0.9326611023647695,9.290855719469546,27.13251976394476,2,5.141916043190831e-17,1.5799535163641765e-15,0.7839122875310666,0.21608771246893502,sample_1886,uniform,train,83.40292838282204
4.4409382182914756e-17,6.669647540483005,deep,69.10310068854119,15.009497128904346,84.11259781744538,2.8732753179204886,0.8753631461658579,0.645739781458152,6.311893535223803,40.56321893640602,2,2.0962075869665084e-16,1.9006916882177698e-15,0.8215547073997144,0.17844529260028752,sample_1887,uniform,train,101.85438942219305
4.146395429463846e-17,7.500553071808441,deep,20.98234992668869,7.8853119567490495,28.867661883437705,2.9297984343150825,1.6324255482044885,1.6324255482044885,nan,54.8099479803997,1,2.3754252801948985e-16,1.2306897916241722e-15,0.7268461855834237,0.27315381441657743,sample_1888,uniform,train,54.8099479803997
4.160442983513426e-17,1.701627257064386,shallow,25.075521271223415,15.520600903587056,40.59612217481042,3.046868170343156,1.495516753146725,1.0976646024413768,9.097252332435328,4.72844177955441,3,4.863683906259159e-16,1.3127043256134938e-15,0.6176826733165806,0.3823173266834208,sample_1889,uniform,train,108.11612426952098
4.078539107904991e-17,2.340161206744968,shallow,13.587361693341569,10.94265349095675,24.530015184298286,2.271169088366249,1.1592271657584403,0.9419483874710015,11.596551211459378,4.984382252615658,3,3.864902751453107e-16,1.375897230190412e-15,0.553907594074335,0.4460924059256664,sample_1890,uniform,train,62.88015234868004
4.37220811316705e-17,5.215881370408683,medium,95.1589803712998,21.69428420208771,116.85326457338736,4.458260211994389,1.031432145712869,0.725112810486002,6.797058187186574,10.063012151777846,3,2.5345369271050934e-16,1.3073377859501688e-15,0.8143459296469814,0.18565407035301995,sample_1891,uniform,train,181.1541807865897
4.3245246520838825e-17,3.053199941426752,shallow,36.83531828799905,10.798688901556693,47.63400718955569,1.9668139488225873,1.2335293644479153,0.687302117386515,6.45290632196067,3.957411820481766,3,-2.4070116193740227e-17,1.1560451297383575e-15,0.77329875148685,0.22670124851315115,sample_1892,uniform,train,59.07298564216355
4.4524575874029634e-17,4.597432641371169,medium,78.5825833787807,7.0818243401884,85.664407718969,1.9248630646576674,0.8453443106537215,0.6091775808794334,7.383765976789894,13.249896450411095,2,5.46154444464689e-17,1.1093882913389876e-15,0.9173306098908549,0.08266939010914616,sample_1895,uniform,train,31.19180952149003
4.425060073660282e-17,6.528845686318824,deep,100.15499530712427,27.441716688342133,127.59671199546608,3.5745966807428986,1.2362221542520722,0.7612677343140171,5.895761189193473,42.273724103332185,3,-1.5594378982862413e-17,2.5058971041777834e-15,0.7849339825518631,0.21506601744813947,sample_1896,uniform,train,221.8031614321215
4.588481836940433e-17,3.45910378994074,shallow,84.3185627780649,6.360586866597479,90.67914964466232,2.281657978211527,1.608033333675721,1.608033333675721,nan,49.75540220125049,1,7.613473495308779e-17,6.954263250793602e-16,0.9298561257850103,0.07014387421499033,sample_1897,uniform,train,49.75540220125049
4.205586142886477e-17,6.257971464011596,deep,43.54465729005974,18.647115729899696,62.191773019959335,3.5727121257556913,1.2007421047617461,0.6467624401614945,5.5136195008360875,10.577442810365023,3,8.19275114399951e-17,1.5995038921705768e-15,0.7001674847907111,0.29983251520929044,sample_1898,uniform,train,134.80701009131377
4.327258523439308e-17,7.410941205915626,deep,79.74573397060492,16.674058864954716,96.41979283555943,3.4911400349222452,1.3044914436864803,0.8180674428158754,9.035485598461216,6.315148397655219,3,2.5122051854534165e-16,2.0633934191513316e-15,0.8270680907457296,0.1729319092542725,sample_1899,uniform,train,121.52919347806329
4.326124983789544e-17,1.3352712392130386,shallow,75.43062983157198,14.447308186369654,89.87793801794146,3.5528452338327523,1.1687770444983252,0.6051558745559001,8.153526844255802,10.95244863630518,2,2.679287684239281e-16,1.8973539040068182e-15,0.8392563458288784,0.1607436541711235,sample_1900,uniform,train,93.46729526496401
4.2507863527322983e-17,3.8730268455944334,medium,83.47094732759501,14.991364787764676,98.46231211535952,3.4698327560028974,0.8002753586373412,0.7244057523635488,8.910667763978186,23.93032247576427,2,8.542334729005229e-17,1.677811362693492e-15,0.8477451477048349,0.15225485229516678,sample_1901,uniform,train,118.5317419770671
3.9801563202685805e-17,4.226388967704479,medium,23.110791230013128,10.343225581327788,33.454016811340885,2.5718178982554103,1.108603940305391,1.0029867642932129,15.946159412222116,24.941246412389617,2,1.966830147762071e-16,9.02673853489759e-16,0.6908226106402442,0.30917738935975675,sample_1905,uniform,train,59.33667581491632
4.002775917053598e-17,7.356356941464529,deep,22.983487232335275,9.016436807862865,31.99992404019808,3.0017779771409048,1.126416872512979,1.126416872512979,nan,62.71679096051155,1,-2.7640939299928703e-17,1.8318723390271336e-15,0.718235680917979,0.2817643190820228,sample_1906,uniform,train,62.71679096051155
4.407925823286619e-17,4.8657326811477235,medium,50.24836627205057,6.969431338660844,57.21779761071134,3.208555608846074,1.2542696684299335,1.2542696684299335,nan,51.89300821594798,1,1.4852822711960993e-16,1.3194350154501182e-15,0.8781946941390825,0.12180530586091882,sample_1907,uniform,train,51.89300821594798
4.484996553769604e-17,3.5110147023021137,medium,67.09140995497727,8.281005098150331,75.37241505312748,2.8407509634059633,1.5876138596949119,1.4075235666744614,9.783659846908007,11.172112688503619,2,-8.011120777067007e-17,1.5083348150842984e-15,0.890132151234464,0.10986784876553748,sample_1908,uniform,train,42.79830629843157
4.101405801925015e-17,3.0707799217932243,shallow,23.806202969813178,9.015964642314664,32.82216761212777,2.7548435620177725,1.5483635806694596,1.346290670642937,11.766052864066184,11.503230331711153,2,-1.8058951970349693e-17,2.164825748734386e-15,0.7253086770849589,0.2746913229150433,sample_1909,uniform,train,43.98909165082106
3.868291784564445e-17,1.5935746617194044,shallow,54.087187299854534,14.342583111444345,68.4297704112987,3.9558854708019844,1.4364141355364195,1.1204426393240845,8.713208364316785,4.4996822432300325,2,9.41516440772581e-17,2.5439654292991904e-15,0.7904043368078287,0.20959566319217382,sample_1910,uniform,train,118.30468058110512
3.837072105638409e-17,1.616841903126991,shallow,8.951622928711412,7.707250055873614,16.65887298458498,2.6253077252513553,1.2941830214268233,1.2941830214268233,nan,50.0501338021272,1,-2.676906624216006e-17,2.719097471156742e-15,0.5373486511959513,0.46265134880405134,sample_1911,uniform,train,50.0501338021272
4.1277316626110186e-17,4.399974974379463,medium,22.118196470489824,10.085621966699458,32.20381843718926,3.290981329080211,0.9937985182065754,0.9937985182065754,nan,99.08138723190292,1,2.512197896850308e-16,6.067580237888148e-16,0.6868190650630277,0.31318093493697285,sample_1913,uniform,train,99.08138723190292
4.0984287557812504e-17,3.0472083339747034,shallow,8.469648106655026,6.623341338124248,15.092989444779237,2.3871665843233676,1.611088062383899,1.611088062383899,nan,46.008091929627135,1,6.72620431589129e-17,2.4127304495201532e-15,0.5611643828177943,0.43883561718220804,sample_1914,uniform,train,46.008091929627135
3.819466892366757e-17,1.859252987243023,shallow,42.2037995631949,14.559171693899692,56.76297125709448,3.8931870377026754,1.070935527181759,0.789527614133007,18.061007723823163,14.439793715219361,2,-3.0957782847497783e-17,2.0028345099606984e-15,0.7435093447107051,0.256490655289297,sample_1915,uniform,train,130.04301706894404
4.562272835804154e-17,5.112066337334415,medium,92.73747768428385,9.16740363548072,101.90488131976431,2.130236646688284,1.3245146020423846,1.1557981615206772,4.127953488110059,8.043438279852039,3,-1.746840768147895e-16,2.4752756485072656e-15,0.9100396024532491,0.08996039754675339,sample_1916,uniform,train,34.980717715777956
4.0919195425568245e-17,4.75082452213973,medium,41.651569870286394,15.655238705702871,57.30680857598918,3.1994277834746736,1.1701032660342117,1.0191201156135787,13.509996299037246,46.972131123574655,2,1.4803223686874688e-16,1.4878708204130743e-15,0.7268171253169011,0.2731828746831003,sample_1918,uniform,train,115.92328819013387
4.2238141601045123e-17,8.160955169225767,deep,34.714166052046664,11.349767165238735,46.06393321728533,3.784577905170852,0.8595195275696185,0.8595195275696185,nan,98.53523722346773,1,1.7482302449247992e-16,1.4653885411565287e-15,0.7536083792128349,0.24639162078716662,sample_1919,uniform,train,98.53523722346773
4.1178777992595246e-17,5.705112604739567,medium,24.399713834464233,13.260219617437007,37.65993345190114,3.8153076968233073,0.715643434252113,0.715643434252113,nan,102.94422652576675,1,-3.630262172081824e-16,2.688595824927112e-15,0.6478958298114702,0.3521041701885325,sample_1920,uniform,train,102.94422652576675
4.5272454461787934e-17,3.703123813665997,medium,99.3447507117177,7.065476637845055,106.41022734956262,2.8015293049747267,0.8719718535645218,0.8719718535645218,nan,48.62483699480915,1,1.3250059074548248e-16,1.235317406886067e-15,0.9336015267157122,0.06639847328428904,sample_1921,uniform,train,48.62483699480915
3.855291889785536e-17,4.365572007576171,medium,9.801892900790284,9.36417318238567,19.166066083175934,3.3325925358919797,1.7275841956893365,1.7275841956893365,nan,86.2697451435907,1,6.975242466253101e-16,1.0195063060204617e-15,0.511419133078876,0.48858086692112507,sample_1922,uniform,train,86.2697451435907
3.940317065053956e-17,5.962250738907902,medium,20.445917747289645,11.443940469043783,31.889858216333323,3.0452548498303535,1.4581353814564213,1.1313831956031057,6.529931086925804,25.453861396828685,2,-3.848330497848269e-17,3.286469723811309e-15,0.6411416949109442,0.35885830508905914,sample_1923,uniform,train,65.79608958296758
4.2766725254346253e-17,4.1167006035675,medium,52.94030092282035,18.576538625903506,71.5168395487238,3.450491883389949,1.1512477427416767,0.8026892160494995,6.280127387243032,67.27042285853852,2,3.358678709192569e-16,8.445022587786638e-16,0.740249446939732,0.25975055306026873,sample_1924,uniform,train,142.44750293774996
4.336392081811195e-17,4.684290042203108,medium,77.08506111577783,21.783228583342837,98.8682896991205,4.131707542193489,1.1943957172061124,0.8243424864778253,12.639620247459968,3.5905566728364477,3,2.6702434580637234e-16,1.7607563637542436e-15,0.7796742651295561,0.22032573487044566,sample_1925,uniform,train,184.1165620521365
4.3707494381449074e-17,2.9848406257575437,shallow,62.45136111686518,14.34913981832244,76.80050093518749,2.941581040818808,0.9990763150818186,0.6045012811949662,13.295111883696203,19.221549489500962,2,2.3721098510979004e-16,1.7347121611543894e-15,0.8131634606077419,0.18683653939225978,sample_1926,uniform,train,88.49597196001423
4.288874037069771e-17,6.45239216249708,deep,29.556907668722445,9.771896740372204,39.32880440909463,2.38774222076692,1.3866279024344346,0.919340491691363,15.336231610144653,7.074261222272535,3,1.1560228205865649e-16,4.968349668133879e-16,0.7515333382951129,0.24846666170488751,sample_1928,uniform,train,42.59642900915197
4.1322897207396546e-17,3.135203950944639,shallow,18.369376609726572,10.699406472301524,29.068783082028013,3.8388338233921764,1.7623880068746165,1.7623880068746165,nan,85.60142434023946,1,-7.436160752064361e-17,2.8721109933022726e-15,0.6319279537052094,0.36807204629479345,sample_1929,uniform,train,85.60142434023946
4.466524476592967e-17,6.29597000456994,deep,58.43835701846106,8.70795227016603,67.14630928862702,2.0651943169503726,1.0318798526863073,0.8329319045528937,5.336665625650532,10.194809643446616,2,-6.282425530645937e-17,1.0317457127661339e-15,0.8703137616583659,0.1296862383416351,sample_1930,uniform,train,47.09013743493999
3.6293536612339756e-17,3.6421032024881135,medium,5.762930483976821,8.410790491210062,14.173720975186853,3.0799608206873015,0.6979894088738229,0.6979894088738229,nan,63.078287102384714,1,-3.4646471917475437e-16,2.005239801189844e-15,0.4065926297029315,0.5934073702970706,sample_1931,uniform,train,63.078287102384714
4.236659254753814e-17,3.5641035679411543,medium,30.234479553392987,10.791081997676192,41.02556155106902,2.219115710725696,1.0817427677547868,0.7215874071584115,7.448489779814431,13.457206469867543,3,2.2186334825920497e-16,3.940189147300304e-15,0.736966866760783,0.26303313323922084,sample_1932,uniform,train,56.89396487915891
4.2407805985573106e-17,5.661427857820417,medium,75.5199855783761,24.654448500443756,100.17443407881966,2.9433020382871633,1.3580201476941849,1.0975488274433158,8.84533775499839,46.55812486752958,3,1.8527937797976988e-16,1.915124756325327e-15,0.7538848237361157,0.24611517626388627,sample_1933,uniform,train,157.84806308898908
4.5196344230178713e-17,5.92768260286476,medium,12.906359357565194,6.401844486044925,19.30820384361009,2.1609231797563755,1.4029581371036952,1.4029581371036952,nan,42.267503142204994,1,4.027396997045499e-16,1.4260016744030753e-15,0.6684391496020206,0.3315608503979809,sample_1934,uniform,train,42.267503142204994
4.084151022434282e-17,6.88078576516103,deep,15.35338003187941,6.036823026124176,21.39020305800353,2.1148138268160723,1.1493340877599971,1.1493340877599971,nan,39.61913896627927,1,-3.2901716057662e-17,2.6989737836503066e-15,0.7177762637524223,0.2822237362475804,sample_1935,uniform,train,39.61913896627927
4.520343566603613e-17,6.725902029240766,deep,77.0570656851293,22.369482287399165,99.42654797252823,3.6815254258665377,1.2933134744053427,0.8712473042493833,12.569805089976533,10.422622264982943,3,-1.1999702620140846e-16,2.4297789180529974e-15,0.7750149960594059,0.22498500394059645,sample_1939,uniform,train,186.27366064321345
4.5288809832525406e-17,6.523593887971107,deep,69.73526623588049,5.775891452882474,75.51115768876281,2.353807078793124,0.6804613022468262,0.6804613022468262,nan,32.730528278051366,1,1.0600040754132722e-16,2.046625290328718e-15,0.9235094305309286,0.07649056946907348,sample_1940,uniform,train,32.730528278051366
4.380729795970212e-17,6.933049596753094,deep,90.15982171203588,8.530695139531264,98.69051685156708,3.4486162391760984,1.367790298260231,1.367790298260231,nan,77.52928722363471,1,1.6025372046665747e-17,6.119750353566975e-16,0.9135611463828731,0.08643885361712753,sample_1941,uniform,train,77.52928722363471
4.16192801055005e-17,4.948137328432816,medium,9.320590177195657,9.492623730750447,18.813213907946068,3.0301757249453494,1.245181697727626,1.1272465575499293,11.689311356961968,3.76263840229584,2,-2.9460490355939927e-16,1.8884140137799394e-15,0.4954278531462906,0.5045721468537113,sample_1942,uniform,train,66.16061994374618
3.9416024079281687e-17,6.53680755627736,deep,24.076508040810175,9.052158185256378,33.1286662260665,3.1352545799841836,1.2497480477442466,1.2497480477442466,nan,67.56650424355719,1,2.372070471531178e-16,1.6085979682477225e-15,0.7267575421393255,0.2732424578606761,sample_1943,uniform,train,67.56650424355719
4.2567418602768884e-17,2.413532289535806,shallow,7.599783379310553,8.738041245434328,16.33782462474486,3.2479698670713035,1.6446661199422352,1.6446661199422352,nan,80.26528930708919,1,3.675741658446622e-16,1.1959930824455094e-15,0.4651649502835347,0.5348350497164664,sample_1945,uniform,train,80.26528930708919
4.091836773086789e-17,1.5071594345381654,shallow,26.11701359209868,12.789913773363988,38.90692736546258,2.6510358157518303,1.3471741076677484,0.955938322912143,3.903844259188626,42.65202951256058,2,-5.869686969105353e-17,2.2828284828489317e-15,0.6712689837152902,0.3287310162847121,sample_1947,uniform,train,93.17200478194984
4.1276449373978956e-17,3.847344241484286,medium,27.566641146813446,17.151634448031064,44.71827559484445,4.4092057035295085,1.0720101807018658,0.6846406782465516,7.874007874011811,3.829270916114199,3,1.6207916771014078e-16,1.3505917152711398e-15,0.6164513452301276,0.38354865476987376,sample_1948,uniform,train,181.34843016574771
3.80280854723719e-17,5.0925818851469415,medium,8.480294793597729,8.318599325733095,16.7988941193308,3.5793040435176757,1.019997919182971,1.019997919182971,nan,73.908975006615,1,8.301482813000311e-17,1.3746523281928498e-15,0.5048126819157277,0.49518731808427363,sample_1949,uniform,train,73.908975006615
4.051625425255384e-17,3.050286095131465,shallow,14.421933987096558,8.210445615682039,22.63237960277851,2.0821022622371546,1.4974156278219706,1.2235865805197839,8.151073548925934,8.575230865989083,2,-1.0991269077879101e-15,3.845883051551788e-15,0.6372257022998157,0.3627742977001882,sample_1950,uniform,train,46.38419485913959
4.0807502896291256e-17,5.61117256174999,medium,51.014685726225444,23.73271076660261,74.74739649282796,3.611895870310065,1.2463443782515604,0.8872693389165471,9.14330356052997,12.937745506072856,3,3.753309947519558e-16,1.2832991358677945e-15,0.6824944830168141,0.31750551698318713,sample_1951,uniform,train,173.77703862053744
4.2482659511497636e-17,7.051613506266207,deep,36.045496343863014,7.951599007072893,43.99709535093586,1.7877342388536084,1.3754068705723383,1.2268039425920938,13.137731919931992,7.3421576385610345,3,6.715176715709611e-17,1.130483526389181e-15,0.8192699098963653,0.1807300901036358,sample_1953,uniform,train,35.035976050103066
4.4649447471559244e-17,6.910817975124796,deep,66.42953654280458,11.53514669193642,77.96468323474079,2.7256416198069013,1.5144272525780498,1.1734215542308486,5.261178575186363,5.541226776664373,3,-4.990623908647499e-16,2.756878738547278e-15,0.8520465137117855,0.14795348628821722,sample_1954,uniform,train,71.68422240215378
4.195923311765993e-17,3.3138526936555257,shallow,44.833824679542474,18.444198726530878,63.27802340607327,4.2697762398325985,1.2162488265206313,1.1193553689713909,4.837354648979131,29.592248004219798,2,2.686003848361149e-16,1.3474682630973029e-15,0.7085212569272421,0.2914787430727593,sample_1955,uniform,train,183.89633126111642
3.735178089197476e-17,8.294254181134736,deep,8.309992475640408,6.513786184713942,14.823778660354316,2.2346081627434646,0.7673319069103914,0.7673319069103914,nan,46.74043520880767,1,-2.086635766336614e-17,2.3367158375715353e-15,0.5605853046001824,0.4394146953998199,sample_1956,uniform,train,46.74043520880767
4.421038454980324e-17,5.734046479886637,medium,77.85681420717452,12.609307738400313,90.46612194557473,3.172475904684581,1.0911084406861666,0.9902021478549576,6.415605972938176,6.500283723243164,3,9.660653896769842e-17,1.1977717721624492e-15,0.8606184561997022,0.139381543800299,sample_1957,uniform,train,64.66383365566357
4.4888683509044486e-17,6.909752225713038,deep,91.26002775556384,21.704634881391915,112.96466263695568,4.007703616597684,1.4839076049086177,1.314686545222347,12.294714311442947,6.222129573155591,3,4.71498294544619e-16,6.604453597545054e-16,0.807863500189029,0.19213649981097167,sample_1958,uniform,train,149.89380317660886
4.250739395749518e-17,4.018875342497672,medium,13.987536938876438,7.044993564586,21.03253050346238,2.7000382583702827,1.5915607241367251,1.4664631071503273,10.66958293467931,7.079381670763651,2,-1.2950216013927426e-17,2.8293292673514574e-15,0.6650429883638495,0.33495701163615343,sample_1959,uniform,train,45.250133357247805
3.603579606404118e-17,1.5254372600646373,shallow,9.59686524474226,6.788302405933422,16.38516765067563,2.5404905602704377,1.4918659081420285,1.4918659081420285,nan,44.577935813115694,1,1.909400761579211e-16,3.1439622371201744e-15,0.5857044278913155,0.41429557210868767,sample_1960,uniform,train,44.577935813115694
4.3591656707175796e-17,2.5512729249570683,shallow,74.99550075288847,10.148283315900706,85.14378406878913,1.7183361649965703,1.5013546006271223,1.2367083771129437,7.843468620451031,11.19673800097709,3,1.0045274223074465e-16,5.84164681511252e-16,0.8808100505880537,0.11918994941194688,sample_1961,uniform,train,46.054508145589324
4.3526569304802605e-17,6.7410911742345405,deep,17.28244656577915,4.4907613148976635,21.773207880676797,2.058806499482145,1.3715306862649095,1.3715306862649095,nan,27.236982092370578,1,9.201796746049656e-17,7.750529947991213e-16,0.7937482919600887,0.20625170803991208,sample_1962,uniform,train,27.236982092370578
4.1046839116105347e-17,7.84965848168613,deep,33.52984568383523,14.287284823319874,47.81713050715497,3.860758839480694,0.7122007508136268,0.7122007508136268,nan,122.27078597161862,1,-6.428137176395074e-16,2.7118743408665e-15,0.7012099080018632,0.29879009199813944,sample_1963,uniform,train,122.27078597161862
4.224767222999089e-17,2.7893265364387867,shallow,96.00748830508849,28.301070475922575,124.3085587810107,3.7325397302269585,1.5191105777160778,1.3750913803786367,7.224956747275375,25.56729479576327,3,3.4579970258220135e-16,2.8865597435730573e-15,0.7723320843436127,0.22766791565639025,sample_1964,uniform,train,219.6954591855957
4.3221770037816246e-17,1.3119660183800874,shallow,80.36559282672174,14.365008249208215,94.73060107592984,3.009452862971272,0.9802931070094738,0.8270708284705488,8.964373932405985,12.28325666617946,3,-1.3277069513337262e-17,1.1813551229609076e-15,0.848359367658883,0.15164063234111821,sample_1965,uniform,train,81.6823978804049
4.128420451513209e-17,6.968361126452575,deep,21.25399224100284,9.661907223005787,30.91589946400858,2.1451950970394504,0.9556373412673247,0.9346594068113603,11.394735626595292,23.998099793098678,2,1.884803056452558e-16,1.608815928551928e-15,0.6874777253608986,0.31252227463910304,sample_1966,uniform,train,55.713494907874406
4.3077514070797294e-17,6.4663103906913175,deep,35.97323775151687,14.524661187100467,50.497898938617226,2.3764664044195984,1.3829582479075366,1.1766465090087728,5.589275444992847,16.212317295033227,3,3.581972793408e-16,2.180964482833022e-15,0.7123709799341191,0.28762902006588303,sample_1967,uniform,train,97.56240655405415
3.63982266116246e-17,4.224199925036382,medium,12.225935735534001,7.416070315206044,19.642006050740008,2.6110819700943018,0.886345207094887,0.886345207094887,nan,48.67653368777709,1,3.134090409226478e-17,1.89916923612799e-15,0.6224382430160891,0.3775617569839128,sample_1968,uniform,train,48.67653368777709
4.349372118484804e-17,5.37885198768563,medium,24.969143632264075,5.725199509231894,30.694343141495956,1.4245937252338627,1.2838977739363193,1.0138388587759328,13.648443134658255,4.0366968036961355,3,4.765218462269941e-16,4.051071501507861e-16,0.8134770474533487,0.1865229525466517,sample_1969,uniform,train,25.261213877038298
4.209446900133908e-17,3.680256127354084,medium,31.544818378428108,6.475711016501636,38.02052939492974,2.398374202189075,0.9643465041381454,0.9643465041381454,nan,37.51642185080444,1,1.3554783226856995e-16,1.401629751875947e-16,0.8296785678800883,0.17032143211991177,sample_1970,uniform,train,37.51642185080444
4.4113006183690884e-17,3.670504697676453,medium,20.455876004880203,9.18158361108278,29.63745961596291,2.7402705317813973,1.0328576821960378,1.0045198027429219,18.55047169211608,3.8945570292899263,2,2.3658034421389387e-16,2.457384383113027e-15,0.6902034206016276,0.3097965793983748,sample_1972,uniform,train,48.8893807324126
4.1983165750326046e-17,2.4334956891672483,shallow,78.93990444390509,11.974990112369898,90.9148945562748,3.0696299020020392,1.1850265491243124,0.6463409756652726,10.007996802557441,11.686493762421712,2,-8.868031420879976e-17,2.07109985547941e-15,0.8682835175598494,0.13171648244015263,sample_1973,uniform,train,93.70526375829431
4.345757712381851e-17,3.6562488029601115,medium,29.931596641551714,14.168937264569298,44.10053390612095,3.3404707066462613,0.8994808171846508,0.6892491626341286,4.543126676640219,14.433265870962236,3,9.70389597972738e-17,1.3695102346873358e-15,0.678712795297867,0.32128720470213434,sample_1974,uniform,train,103.33158218122604
4.441395026929905e-17,4.345396596411625,medium,25.209209721714693,5.5226424712170905,30.73185219293171,2.2052127633205107,1.6121409648844867,1.6121409648844867,nan,31.97326691673567,1,2.404731902503189e-16,2.340973513215608e-15,0.820295814370498,0.17970418562950435,sample_1975,uniform,train,31.97326691673567
4.3913340450561565e-17,4.326962259912785,medium,26.53667303770317,3.6966241603433008,30.2332971980464,1.9499719686368113,1.4404705101222248,1.4404705101222248,nan,20.35697701390911,1,1.7298530977935196e-16,2.3355105433463143e-15,0.8777300359888601,0.12226996401114223,sample_1976,uniform,train,20.35697701390911
4.236574325176163e-17,5.370212012825647,medium,69.32051504812273,14.69486786406431,84.0153829121869,2.3616339577665086,1.3584579107877737,0.6417647120425828,7.699350621968063,13.662220204010156,3,-9.127678347340477e-18,1.7337451283542454e-15,0.8250931275356648,0.17490687246433698,sample_1977,uniform,train,73.08761168866073
4.2958905845206195e-17,3.527127438617623,medium,33.51722921276892,9.111671171800625,42.628900384569505,2.4420207868965558,0.8992431821384114,0.6158989486305309,16.228370220080635,27.93224724212105,2,1.3571049723396132e-16,8.750752022894802e-16,0.7862560120106039,0.21374398798939698,sample_1978,uniform,train,60.38062657622718
4.033303030307623e-17,2.3447497468556446,shallow,13.544259058804222,11.000853403261182,24.545112462065372,4.3717705951857315,1.719496478493745,1.719496478493745,nan,139.4823494743426,1,4.036880137650831e-16,1.3026798373248923e-15,0.551810837279192,0.44818916272080933,sample_1979,uniform,train,139.4823494743426
4.2865560852979124e-17,3.5551465825005604,medium,65.9669657735779,18.89926441489813,84.86623018847585,2.7388243711973885,0.7534405396091834,0.7423876910156931,5.905929224093359,20.683367721084075,3,-5.399276165501802e-18,2.051263145241764e-15,0.777305244112701,0.22269475588730106,sample_1980,uniform,train,122.17735602015912
4.169689903891551e-17,4.820715457069974,medium,18.53286688631614,7.694355817827101,26.2272227041432,2.209652981986766,1.099816972787066,0.9465232844464475,10.541347162483548,6.758671420084366,3,2.7651420614049083e-16,1.5916433926994258e-15,0.7066271215742734,0.2933728784257282,sample_1981,uniform,train,32.36784323405671
4.3684370566281703e-17,4.007959634231727,medium,49.79580228990263,9.27617743688835,59.071979726790815,2.057476029897984,1.6351564234636697,1.5061287468712148,22.066263843251765,19.977234830163646,2,-4.90948307086857e-17,2.826679310155141e-15,0.8429682316422997,0.15703176835770313,sample_1982,uniform,train,56.33016816397921
4.189711933405794e-17,5.582776097720033,medium,23.066572563400104,18.200376348490447,41.26694891189051,3.4410590577285536,1.3947303284132668,1.3666518944189407,17.85497129653252,44.02487819119335,2,1.06462549225251e-16,1.0330922268237287e-15,0.5589599709115831,0.44104002908841794,sample_1983,uniform,train,143.28611388502156
4.0789028064918106e-17,1.343814370928166,shallow,88.2203236133014,24.166818407996786,112.38714202129798,4.083277507957496,1.1088795570282681,0.8358667961467822,8.282511696339462,13.82647159525868,3,4.926867044407609e-16,1.8966833473497753e-15,0.7849681202551015,0.21503187974490037,sample_1985,uniform,train,177.40200772209153
4.174367036763219e-17,1.747225352736444,shallow,43.61879149236381,16.001387956660558,59.62017944902428,3.1007183184558498,1.4814105550851067,1.23195935497111,8.710912696153029,26.231276691768798,2,1.2486798584226663e-16,1.5493169678865287e-15,0.7316112077397926,0.268388792260209,sample_1986,uniform,train,109.2049282847714
4.06006363594412e-17,4.5758716441574885,medium,28.06516216254873,15.049247165858958,43.11440932840756,4.104149541485664,1.6657092904068342,1.6657092904068342,nan,139.01599766746918,1,-2.302132326321533e-16,2.9664721013015896e-15,0.6509462288761297,0.34905377112387326,sample_1987,uniform,train,139.01599766746918
4.5503147562035714e-17,5.253779310918648,medium,56.12693636125113,10.220813489098111,66.34774985034916,3.0696441187476733,1.282565831284995,0.9349660912696416,12.896511156122806,18.198275090189863,2,4.576130620431201e-16,1.2583512122133017e-15,0.8459508647670553,0.154049135232946,sample_1991,uniform,train,65.3827213032714
4.194656051306572e-17,7.514913608998742,deep,24.03805298654051,7.026320494137823,31.0643734806783,1.9917811081214953,1.5013272133843938,1.4375373162189877,17.35857136978732,2.8654995686178157,2,-3.608448550606544e-17,1.1150702392195335e-15,0.7738141894763118,0.22618581052368938,sample_1992,uniform,train,35.964390037092926
4.207199447672397e-17,4.851608811042888,medium,67.84386130963742,17.388487683897576,85.23234899353484,3.7447667381888725,0.8207027018705599,0.8063195438419911,16.792855623746664,23.593234672456777,2,-1.909438697641099e-16,1.7923557193056992e-15,0.7959872291538463,0.20401277084615552,sample_1994,uniform,train,145.97719589885162
4.115450854194326e-17,1.7360012067974644,shallow,22.68256513470951,15.725689276011915,38.40825441072134,2.622724890552357,0.8123058490573754,0.680696356519573,19.714968932260586,55.36591396857008,2,1.6252606560624012e-16,2.1737194968305196e-15,0.5905648533815654,0.40943514661843683,sample_1995,uniform,train,111.01355859860215
4.3772987314079806e-17,4.141051272016226,medium,81.38334021375435,11.6050992351352,92.98843944888934,2.190604598720799,1.2572476117102371,0.789350497337868,9.178235124467014,12.074258440722504,3,1.4917441170730901e-16,2.2923582973472094e-15,0.8751984730154153,0.12480152698458702,sample_1996,uniform,train,60.50203526701968
4.2895455975310044e-17,5.263003565521663,medium,35.7388392078903,9.09957611125337,44.83841531914359,2.5546389551076856,0.7917655857566768,0.649312590530558,4.252058325093861,12.219251315693633,2,9.50026340434731e-17,1.7431414642399511e-15,0.797058481070622,0.20294151892937973,sample_1997,uniform,train,52.332787089085436
4.0747739822675294e-17,6.776946499588291,deep,19.643334605168782,6.395642153744664,26.038976758913424,1.8418485791171508,1.2379638428090245,0.9498578673619491,7.410802925459562,5.642449000961264,2,2.559553117493851e-17,8.186297898785984e-16,0.7543819708063089,0.24561802919369194,sample_1998,uniform,train,31.81526062925994
4.065884419611935e-17,4.876635889008415,medium,16.43862206638003,13.50069304020527,29.93931510658526,3.6357706753126964,0.915483912242257,0.915483912242257,nan,106.64823276637831,1,1.2955472794722755e-16,1.42396591217375e-15,0.5490647333734197,0.45093526662658173,sample_1999,uniform,train,106.64823276637831
4.430747244316709e-17,1.6827715973108819,shallow,123.16611385883365,13.18861758897281,136.35473144780633,3.0151341489241013,1.0653449685513785,0.7213932771524473,9.046546302318916,8.665860853600789,3,7.19241011728793e-17,9.900875338975335e-16,0.9032771547496978,0.09672284525030311,sample_2000,uniform,train,77.65641911298948
4.256015251552468e-17,5.738741314747005,medium,51.002954931203924,18.057212083401357,69.06016701460513,3.8657022213043355,0.9078543437158841,0.8660729484572776,4.77912125813941,12.26317343956577,2,1.5452940084817956e-17,2.2120810706425576e-15,0.7385292728935569,0.26147072710644537,sample_2002,uniform,train,151.47911877318555
3.9266833951776196e-17,4.944231989924523,medium,10.472215754073822,7.107142987386411,17.579358741460204,2.385694407746885,0.9410917555104278,0.9410917555104278,nan,56.87652403050216,1,1.737824205200957e-16,1.6672899325376387e-15,0.5957109077804713,0.40428909221953035,sample_2003,uniform,train,56.87652403050216
4.1470057351484683e-17,4.312170333459552,medium,55.95694713393788,20.265188619071857,76.22213575300954,3.8858861327820593,1.0999909307302822,0.8040929533161062,6.732013071882734,14.45896856996763,3,5.901677675607852e-16,2.6101599495652112e-15,0.7341298768544213,0.2658701231455812,sample_2004,uniform,train,150.64541265224437
4.584875801630601e-17,7.0871387141472475,deep,59.2646166801761,18.259549529666163,77.52416620984219,2.9139599697520957,1.2374144674373346,0.9980580778865009,7.509993342207435,11.99693637620441,3,5.034719191592725e-16,8.707163610698694e-16,0.764466353881947,0.2355336461180539,sample_2005,uniform,train,124.00382371303664
4.3997331949184584e-17,6.350046444704033,deep,4.823980799774414,3.7924993321194465,8.616480131893846,2.2612981371098635,0.8681017038861547,0.8681017038861547,nan,23.61651206442178,1,3.9730490614465844e-16,1.7008040058964316e-15,0.5598551526763789,0.44014484732362286,sample_2006,uniform,train,23.61651206442178
4.3843048325874703e-17,3.6152260643806486,medium,43.23428258621881,6.9441732357677,50.17845582198644,2.1150770992089996,1.538677885593783,1.4934049190074676,13.098091464026352,12.197389003363922,2,-1.0485766417881365e-16,1.4160314902491785e-15,0.8616104636539067,0.13838953634609472,sample_2007,uniform,train,33.135496745425456
3.913596846337816e-17,1.5149364953204332,shallow,12.89736758743712,6.7710299666752425,19.668397554112357,2.2024283577628205,1.1247800009042883,1.1247800009042883,nan,44.75009690210669,1,2.300751356751852e-16,3.1610348127221715e-16,0.6557406393659396,0.34425936063406065,sample_2008,uniform,train,44.75009690210669
4.374535277146808e-17,5.9903670768689565,medium,13.611185193472565,2.90164913723973,16.51283433071229,2.023370877419099,0.7698915342186323,0.7698915342186323,nan,17.91234008404859,1,1.150764675937673e-17,2.4204220841826607e-16,0.8242791589180462,0.1757208410819541,sample_2009,uniform,train,17.91234008404859
4.2113041964869403e-17,5.90880891958797,medium,49.10325903356577,23.317055932152154,72.42031496571782,3.700371122813992,1.1804310075387865,0.8296875653840677,12.92903708711519,78.49907652648031,2,-6.231980317326455e-17,1.4226491107362077e-15,0.6780315586422148,0.32196844135778663,sample_2010,uniform,train,198.86942368873935
4.4716396869758726e-17,6.597973607486282,deep,65.86894730668423,8.959354657585024,74.82830196426923,2.1468275100670318,1.0504592844567127,0.7827524982421141,8.182909018191515,5.160684134685099,3,5.242777131951503e-17,3.79825663342935e-16,0.8802678341964365,0.11973216580356383,sample_2011,uniform,train,43.896983933630224
4.298562370104763e-17,7.482308793493422,deep,69.45574239338714,13.971835667187058,83.42757806057402,2.6361509322268772,1.2700894915450374,1.1107777230200133,7.820485918406861,11.677628631590785,3,2.224936288391786e-16,2.129220193963315e-15,0.8325273729384498,0.16747262706155233,sample_2012,uniform,train,87.81320096199188
4.169946577764867e-17,2.022629755378126,shallow,14.643947099059103,8.127924159926247,22.771871258985296,2.7980076441761486,0.9490086360165477,0.9490086360165477,nan,51.62953593842993,1,3.446662355349981e-16,2.340198773123668e-15,0.6430717499020162,0.3569282500979862,sample_2013,uniform,train,51.62953593842993
4.164383709460877e-17,3.127275080700514,shallow,23.323604435771013,7.421971140195423,30.745575575966424,1.6847342738801214,1.3407881641210828,1.2033992335828965,12.81405478371308,18.120021654348253,2,3.71249569664021e-16,4.333201134122241e-16,0.7586003513950441,0.24139964860495636,sample_2014,uniform,train,38.150108982215144
4.386126837047968e-17,3.2813959151171352,shallow,50.982172288613356,13.257427540900721,64.239599829514,2.2032755987285944,1.271476260129946,0.9359789226511823,7.6262703859750465,10.805746932001936,3,1.9083895152122786e-16,1.1060821325877111e-15,0.793625309371717,0.20637469062828404,sample_2015,uniform,train,73.49754509065986
4.41927184344213e-17,7.937991803810744,deep,63.497179921010265,8.201252620032857,71.69843254104309,1.633070355590834,0.953600480945,0.9326693553609549,4.7707441767506245,10.399080198681908,3,2.3434567741491375e-16,4.459570729234709e-16,0.8856146176509773,0.11438538234902315,sample_2016,uniform,train,34.76499098770699
4.402261102381921e-17,6.2001156986077275,deep,54.26932704852391,17.36933941046139,71.6386664589852,2.9697817083119475,1.0276243858477754,0.735916362601754,5.966573556070519,7.806151648775895,3,1.4734373377543368e-16,1.4381716156623441e-15,0.7575423961806207,0.2424576038193807,sample_2017,uniform,train,117.28908450600008
4.349749224926166e-17,2.9724740720463165,shallow,37.018546444931616,11.226971958998892,48.24551840393045,2.922109384472033,1.1458980295777457,0.7406431439553285,7.421590126111789,18.440780031618104,2,1.4446814082010655e-16,1.251849592203536e-15,0.7672950290428593,0.23270497095714193,sample_2018,uniform,train,60.92533477554379
4.315433836705804e-17,2.5922959637617646,shallow,28.545972633971505,5.764300090729018,34.31027272470047,2.419077390085063,1.2464523105846164,1.2464523105846164,nan,29.16084052895663,1,5.871517442847693e-17,1.604973019691685e-15,0.8319949206763618,0.1680050793236398,sample_2019,uniform,train,29.16084052895663
4.2593798397817633e-17,3.595938112239147,medium,8.75630448802023,8.405233449976581,17.16153793799674,2.606378502471938,1.3411333728018622,0.7795664456965761,7.104927867332642,2.5675502836481,3,-4.2240112113386293e-16,4.140320863591795e-15,0.5102284258937664,0.48977157410623773,sample_2020,uniform,train,41.22173835183637
3.8100671723385755e-17,7.399542994504825,deep,8.125342493752495,6.7415417426440305,14.866884236396503,2.3640252826880808,0.6450879181815693,0.6450879181815693,nan,36.033606368869734,1,5.208222078690348e-16,1.4935517179950235e-15,0.5465397029096628,0.45346029709033864,sample_2022,uniform,train,36.033606368869734
4.484541758078088e-17,5.952338827668143,medium,80.5326186778321,19.155115076150587,99.68773375398251,3.8200559884959393,1.127340777538792,0.648983733844376,7.9422918606659145,2.4289927556702735,3,2.823727480930777e-16,1.7819211777690605e-15,0.8078488259807073,0.19215117401929444,sample_2023,uniform,train,144.9473701701707
4.238618257669982e-17,7.619452858547268,deep,16.53861127028998,7.070155499983153,23.608766770273093,2.450770115864321,1.6782039276862262,1.6325129435745294,10.654576481493763,5.415686347933913,2,8.731736307011251e-17,1.7305523708103945e-15,0.7005283855450901,0.29947161445491166,sample_2025,uniform,train,38.00296824373391
3.9565586139337613e-17,2.1762426276653755,shallow,17.142194748210212,7.091230862116155,24.23342561032632,2.6328681172487425,1.7959833094765587,1.7959833094765587,nan,46.91551129673096,1,-2.1485655938427245e-16,1.869199185170273e-15,0.7073781075716179,0.292621892428384,sample_2026,uniform,train,46.91551129673096
4.4693243292669514e-17,1.434762834931062,shallow,17.640799963743685,7.5647930462945006,25.205593010038125,3.100861269681326,1.3455215678166053,1.3455215678166053,nan,52.80005181562097,1,8.437725811988594e-17,2.39614011523378e-15,0.699876410633078,0.30012358936692435,sample_2027,uniform,train,52.80005181562097
4.3323762125426404e-17,7.279486224750031,deep,24.0159782041109,16.82149540478858,40.83747360889938,3.5497865024872097,1.3046961361294456,1.3043909212754685,15.416873872481412,39.896967275347386,2,-3.278850996072293e-16,2.4358995357816658e-15,0.5880867762318502,0.41191322376815215,sample_2028,uniform,train,117.22301721468443
4.2685008988544095e-17,6.285186502461122,deep,80.78880068772506,23.656170212388165,104.44497090011312,3.7685886140206644,1.2181126803241484,1.181585333652753,10.85357084097211,27.300538288698053,3,3.9416488606342546e-16,9.864399960793415e-16,0.7735058949366567,0.22649410506334436,sample_2029,uniform,train,239.3014556419578
4.4668887340795263e-17,7.9411273017980655,deep,66.86564500777811,8.732401911443608,75.59804691922157,2.2012049810881735,1.3696683274038055,1.3240864382873943,2.891366458960191,4.2684425435172,3,1.1577398070846918e-16,1.9502834223715012e-15,0.8844890540522263,0.11551094594777561,sample_2030,uniform,train,34.53299364072023
4.204496887458924e-17,3.1903430108630495,shallow,34.089516885318034,9.526611761246135,43.61612864656406,2.047000814306574,1.2249227697297718,0.7859361012900979,17.188368159892317,21.05581911086332,2,-4.3596350251624565e-17,2.5658049981708255e-15,0.781580528651607,0.21841947134839562,sample_2031,uniform,train,56.984614420709036
4.398460543116698e-17,7.67107017928025,deep,35.64685172036192,10.759010457236498,46.40586217759837,2.112776472131164,0.9280663377335584,0.8018766835076189,4.983974317750848,4.289099996480399,3,1.4115163934737585e-16,1.0335253438510492e-15,0.7681540660518064,0.23184593394819467,sample_2032,uniform,train,57.69638329841311
4.580864455514087e-17,6.736069862695075,deep,103.01411191265065,8.180247788972038,111.19435970162253,1.8644166546350238,0.8974129179434893,0.7161408437366351,6.514598989960931,3.135292678978772,3,-2.0867972170497417e-16,1.3898460807051774e-15,0.926432889123849,0.0735671108761524,sample_2033,uniform,train,33.93230412851457
4.140257357613305e-17,2.501342116509478,shallow,21.85399358380644,9.046610256492615,30.900603840298988,2.538696884550274,1.636227077859799,1.6335899286066002,8.883692925805123,18.829266262639166,2,-2.698504302989091e-16,2.1269876600952963e-15,0.70723516267684,0.2927648373231622,sample_2034,uniform,train,49.63021408762299
4.1525368683466425e-17,4.819874456747072,medium,20.297770724308492,7.410146906736791,27.707917631045223,2.3849526884737853,1.295739923523095,1.1731037951685561,19.235384061671347,8.177474550763614,2,-1.6598821315024746e-16,2.1476877083405554e-15,0.7325621143599018,0.2674378856401003,sample_2035,uniform,train,35.75669935804612
4.307951005199878e-17,4.798023434457054,medium,80.81844911499273,30.034215656856382,110.85266477184884,4.318264035073043,0.9909625227661683,0.9466950761475206,8.4,20.925700006597033,3,-1.8892876947036477e-16,2.4998196255974163e-15,0.7290618523364236,0.2709381476635788,sample_2036,uniform,train,269.8669452999455
4.0143575395811324e-17,6.950472215393713,deep,18.489566302516977,12.01708364901258,30.506649951529525,3.0997068699483226,1.1429051702981508,0.7138928092948134,14.958609561052125,4.902267731159657,2,1.3823731740303092e-16,1.0481132199047439e-15,0.6060831435734214,0.3939168564265797,sample_2037,uniform,train,88.21025145425969
4.2862774881807505e-17,3.737446292474403,medium,34.756172266970594,8.212199589963323,42.96837185693384,2.138920743842559,1.5879253121847317,1.4299905904505161,11.151681487560522,8.94714797835388,2,1.5077649566730126e-16,1.736323347396537e-15,0.8088780366799484,0.19112196332005335,sample_2038,uniform,train,49.93665418792417
4.112207800865002e-17,2.720899248739765,shallow,20.101116506608555,5.219449236919522,25.320565743528043,2.6722392364313796,0.7592397857763109,0.7592397857763109,nan,31.671467744969387,1,-2.509914188756309e-16,1.368016762309453e-15,0.7938652204778014,0.20613477952219997,sample_2039,uniform,train,31.671467744969387
4.728657169103682e-17,5.031395423419623,medium,8.766599093651918,11.5727175484095,20.339316642061377,3.806092605844141,0.783465149301307,0.783465149301307,nan,111.47087912698596,1,2.0598699656985565e-16,2.00873057955722e-15,0.4310173860769114,0.5689826139230906,sample_2040,uniform,train,111.47087912698596
3.877750767184855e-17,2.2402117338068264,shallow,4.749638713979705,5.933888616329492,10.683527330309172,2.433642630762289,0.8868781434157347,0.8868781434157347,nan,43.49868757515619,1,-5.671446756280915e-16,2.3277888456418465e-15,0.44457589400318914,0.5554241059968131,sample_2041,uniform,train,43.49868757515619
3.850840099451197e-17,4.30665369653428,medium,13.380868420292636,6.603100724609426,19.98396914490203,2.339209297110915,0.7505114577728327,0.7505114577728327,nan,39.23839902162851,1,5.064643669934345e-17,1.6000036267750783e-15,0.6695801181071246,0.33041988189287697,sample_2042,uniform,train,39.23839902162851
4.716263560314913e-17,3.961152593949264,medium,94.64755202864644,20.02338927784793,114.67094130649426,3.705835289430328,1.0936383027506473,0.7614377622787042,10.190191362285594,26.998255136872746,3,3.0069173030198975e-16,1.022399834383995e-15,0.8253839285723749,0.17461607142762617,sample_2043,uniform,train,147.68631259130214
4.375143004142362e-17,5.359727392618003,medium,75.76997394053619,11.701613637864222,87.47158757840032,2.3260320168309705,1.465428537267919,1.306182505129477,6.919537556802477,19.60688355194811,3,1.622660522095185e-17,1.0763142077858127e-15,0.8662238337977343,0.13377616620226684,sample_2045,uniform,train,67.4779678483209
4.427887970594134e-17,7.57028446585203,deep,51.29771654570497,11.94352794031984,63.24124448602474,2.6605492301588667,1.3431400152079718,1.3292802282267817,7.9271684730425624,38.14690657806832,2,1.6075441122485197e-17,1.1235432533544122e-15,0.8111433758556239,0.18885662414437718,sample_2046,uniform,train,82.5572547250388
4.351709382980188e-17,2.3636191704255163,shallow,39.13254280529052,9.742367462481297,48.87491026777172,2.523880651693125,1.4140087423130798,1.0926679305946199,7.296574538781879,25.37811272715361,2,-1.1530154321334763e-16,2.035317967059447e-15,0.8006673074363607,0.19933269256364133,sample_2047,uniform,train,52.2667199552706
4.295244079925123e-17,6.26855816707678,deep,24.802993449409446,4.888465805233609,29.691459254643025,2.542188150830276,0.8142456105753169,0.8142456105753169,nan,29.20115120383447,1,1.3833852714641431e-16,9.871487823731929e-16,0.835357846062445,0.164642153937556,sample_2048,uniform,train,29.20115120383447
4.199723456307382e-17,3.031060975619855,shallow,20.352002286526933,9.656304608885545,30.00830689541247,3.1331966307037176,1.541472712333376,1.541472712333376,nan,70.09994367836141,1,2.6503173103623696e-16,2.367820144723742e-16,0.6782122816012073,0.32178771839879294,sample_2049,uniform,train,70.09994367836141
4.300809276987902e-17,7.336809991521171,deep,31.152911579472505,6.326212180188638,37.47912375966109,2.587939212257765,0.9761216775553412,0.9761216775553412,nan,41.46999599467109,1,7.144503040164031e-17,1.3507831785917112e-15,0.8312070415318111,0.16879295846819029,sample_2051,uniform,train,41.46999599467109
4.179142936871327e-17,8.09727008311302,deep,28.548312720110665,13.355698087479658,41.90401080759025,2.2174767394733172,1.4775242752459545,1.391298228339139,7.138627319029898,13.040914120116051,3,4.7669212810452844e-17,1.8228170197105607e-15,0.6812787647272082,0.3187212352727936,sample_2052,uniform,train,75.48098922086636
4.1458352145612645e-17,3.0480330614502504,shallow,22.958111878815053,14.810041944815424,37.76815382363041,4.046456670117167,1.2712952427006183,0.8375015847981633,16.224672569885655,13.56867883381333,2,3.07730032375974e-16,1.693194920700575e-15,0.6078695820300023,0.39213041796999937,sample_2053,uniform,train,115.30748169169698
4.304337207981416e-17,3.883816764712825,medium,78.10062721269638,14.371142125982598,92.47176933867884,3.7510791376845454,1.2202864905467021,1.1380338342073668,7.391887445030533,10.331247965932024,2,-4.723443279330413e-17,1.4983581958484792e-15,0.8445888704330076,0.15541112956699396,sample_2054,uniform,train,105.31627744390047
4.742721348453788e-17,6.9091528882818585,deep,49.59916651088663,7.536668643162319,57.13583515404878,2.3292344365049615,1.2848784533347133,0.86701608297891,6.890573270780888,3.3716449476535657,3,3.4256307794576195e-16,3.046826388235416e-15,0.8680920892668866,0.13190791073311636,sample_2055,uniform,train,39.08276775534039
4.0385788271041094e-17,5.0655232861850354,medium,32.35384078381275,15.485765718701476,47.83960650251411,2.9265166471498176,1.2029496484048894,0.8736054800658453,4.638965401897281,38.66911230974713,2,8.573328171725177e-17,2.4506796767706534e-15,0.6762982212680295,0.3237017787319729,sample_2056,uniform,train,116.45678965836674
4.688666498825078e-17,4.048655069150909,medium,52.29232591466398,8.35130027590451,60.643626190568476,2.623974226925434,1.1813377910412302,0.7611883382331998,9.346657156438338,9.090834342388701,2,1.6730109412274484e-16,1.7575039135867335e-16,0.8622889032120028,0.13771109678799742,sample_2057,uniform,train,50.5792523352387
4.205101626347878e-17,6.359933356815603,deep,19.43587190871053,6.401215710507131,25.83708761921761,2.8172053177516494,1.4233967914323966,1.4233967914323966,nan,41.61872350684171,1,9.670846513030961e-17,2.0625662600753005e-15,0.752247010001783,0.2477529899982191,sample_2058,uniform,train,41.61872350684171
4.138491609885437e-17,5.257403443378266,medium,21.132432943878893,10.046323426514153,31.17875637039298,3.5163442107858067,1.3317382906263247,1.3317382906263247,nan,75.6911965166529,1,7.584961525062885e-17,2.1649856426380204e-15,0.6777830614163313,0.32221693858367095,sample_2060,uniform,train,75.6911965166529
4.20824533616046e-17,6.104665244759925,deep,15.434794241589048,17.66795522752068,33.10274946910964,3.6467459437127454,1.0445537639808582,0.6534402932066213,16.27513440804714,44.07311072851352,2,-3.588497824103645e-16,2.5757717911250404e-15,0.4662692522260809,0.5337307477739217,sample_2061,uniform,train,136.99355358794296
4.543854010347171e-17,7.045127148864541,deep,114.70463434618713,9.344696239787345,124.04933058597439,4.009023761940581,1.5479454138543751,1.5479454138543751,nan,91.80850824940161,1,-4.3995571491014906e-17,7.303078410941121e-16,0.9246695149772634,0.0753304850227374,sample_2062,uniform,train,91.80850824940161
4.350533948631411e-17,3.2242380826894905,shallow,66.30295057724756,8.408383212318713,74.71133378956617,1.6842239312753562,1.0335552942019401,0.7956865964926231,6.29285308902091,5.996596389905272,3,1.7558407677342352e-16,1.3552473863069315e-15,0.8874550515186641,0.11254494848133721,sample_2063,uniform,train,37.421623506360106
4.1961417710020083e-17,6.284105029478135,deep,42.13217703988465,12.829262027796032,54.96143906768066,2.7093727689737213,1.3266471751713862,1.0333619449416735,8.946507698538015,28.510681590256837,2,4.3368941614393337e-16,4.848008538894354e-16,0.7665770357286718,0.23342296427132872,sample_2064,uniform,train,79.30858070889127
4.30467125501434e-17,5.8491882990698,medium,67.85261905003549,15.173542089690473,83.02616113972576,2.718952523930296,1.215777246392113,0.8156005025389115,10.209799214480174,8.182224052683429,3,1.2385866947447257e-16,2.4176514979949525e-15,0.8172438436102745,0.18275615638972795,sample_2065,uniform,train,96.3832430799585
4.404584543053494e-17,7.657015449607564,deep,70.31024545761007,14.071743152655483,84.38198861026544,2.76020390013228,1.2939745006634116,0.7468137263630656,6.794115100585213,6.537365732359672,3,2.3053336036150977e-16,1.3051852161424083e-15,0.8332375974492798,0.1667624025507215,sample_2066,uniform,train,84.48584501218271
4.57471667895321e-17,3.2094611755350515,shallow,75.56231153194462,5.459589482660384,81.02190101460484,2.3151901754533797,1.2314741659504358,1.2314741659504358,nan,32.781669939196924,1,7.151150710230432e-17,2.0170451097582173e-15,0.9326158802213727,0.06738411977862936,sample_2068,uniform,train,32.781669939196924
4.15889498535021e-17,1.898848095217109,shallow,25.984308650376075,8.129200882612409,34.1135095329884,2.3539909917326796,0.9224614094672378,0.7254933378002899,11.121151019566277,5.3850074851690755,2,2.535945943252444e-16,2.3953095337023033e-15,0.7617014199388885,0.2382985800611139,sample_2071,uniform,train,47.384089596040624
4.2104154553555745e-17,3.507579285934463,medium,62.17188000455206,16.57367139681151,78.74555140136339,3.4931746186830783,0.789955363883643,0.702677130486573,6.452906321960671,40.14025957189844,2,3.619280448982205e-16,2.3009350292731392e-15,0.7895287911270582,0.2104712088729441,sample_2073,uniform,train,130.15186621965194
3.987326527718428e-17,4.32569163421878,medium,16.669728580673198,12.218284360847706,28.888012941520877,3.2936792705826337,0.6769853872486936,0.6769853872486936,nan,83.06326383924576,1,3.99387705746601e-16,9.223670954780787e-16,0.5770465630300836,0.42295343696991733,sample_2074,uniform,train,83.06326383924576
4.469046426297947e-17,1.410501500750882,shallow,81.09913874514898,5.628474624335062,86.72761336948396,1.644563295614695,1.2132534898617284,1.0077129722290468,5.89576118919347,7.307293349484979,2,5.359991839604582e-17,8.909679341078201e-16,0.9351017005350291,0.06489829946497179,sample_2075,uniform,train,25.938474514676965
4.067528952660121e-17,4.695328170359902,medium,32.69372769849251,25.00211645712428,57.695844155616676,3.538888047114649,1.0841796764184743,0.7528300472692636,10.678951259369995,54.90262220383033,3,1.3668859700311157e-16,1.970451067757688e-15,0.5666565447991592,0.4333434552008428,sample_2076,uniform,train,211.86181006553164
4.137076545096431e-17,4.282812332077704,medium,15.58897907430369,5.677780451980136,21.266759526283813,2.0879572127352373,0.7014951035840954,0.7014951035840954,nan,38.12882248400948,1,3.6660543704523257e-16,6.264553976376251e-16,0.7330208937114799,0.2669791062885207,sample_2078,uniform,train,38.12882248400948
4.476808979527756e-17,1.4421372144411004,shallow,69.30846106131766,7.601061555606368,76.90952261692388,1.9707895160027973,1.4683166872077966,1.2666723200329852,9.509994742374994,9.016210233198237,2,1.435200842634592e-16,1.8939301126121914e-15,0.9011687851260487,0.0988312148739532,sample_2081,uniform,train,41.079592970656805
4.315396949636748e-17,2.7296731156081537,shallow,45.955576967081015,15.711495620517304,61.66707258759819,2.9904017877892772,1.31103858967081,1.15473181660564,5.06754378372797,13.653364868733552,3,1.3143628581712195e-16,2.0740029819826315e-15,0.7452206670229243,0.2547793329770778,sample_2082,uniform,train,92.9716148699396
4.3656922187720046e-17,6.113148324513509,deep,22.738521057964142,18.427996644535853,41.166517702499895,3.3622127352177897,0.9414103548112008,0.7129235403170732,9.450925880568528,20.022424715787277,3,5.086302912616606e-17,2.4164293838332895e-15,0.5523547369804203,0.4476452630195822,sample_2083,uniform,train,131.1086746411661
4.560068116215734e-17,2.0957645764723885,shallow,60.87367037078635,4.394304692734253,65.26797506352055,2.0972424506686234,0.6886330345687771,0.6886330345687771,nan,23.803970413061688,1,6.284630142707802e-17,7.756663183381495e-16,0.9326728814788946,0.06732711852110622,sample_2084,uniform,train,23.803970413061688
4.178956576545248e-17,1.6562312557327317,shallow,35.32456445259465,12.446015328903348,47.77057978149794,3.042865573252829,1.2218158073216667,0.6923027806624128,10.548933595392477,30.941416547147863,2,-1.0804088792787632e-16,1.152740081307027e-15,0.7394627533132062,0.26053724668679495,sample_2085,uniform,train,72.41751706418796
4.162206451072626e-17,1.5664979815270739,shallow,37.1010353258522,18.936249957158697,56.03728528301079,2.760565267163214,1.2998369594102568,0.9599513241834386,4.833218389437831,23.853201801261132,3,6.922101687577397e-17,1.9653722246999294e-15,0.6620776709377886,0.33792232906221337,sample_2088,uniform,train,130.4697082041696
4.41069726056566e-17,4.516190775381505,medium,12.071944514965955,9.53857664448348,21.610521159449394,2.9455802096178103,1.0564170385277598,0.8167908282764667,13.085870242364473,3.8691183348375215,2,-7.051953003898831e-17,1.890570199800157e-15,0.5586142243352326,0.44138577566476933,sample_2089,uniform,train,62.712919593813986
4.0461921693491e-17,3.07830639972849,shallow,12.475064092185963,9.034025586040931,21.509089678226843,3.1118377132786463,1.3597619206609133,1.3597619206609133,nan,81.95358572036416,1,-2.3330139303222808e-17,2.395003652560622e-15,0.579990333334013,0.4200096666659895,sample_2090,uniform,train,81.95358572036416
4.500318913389697e-17,6.3917210428774975,deep,93.55986951030947,7.719299985913264,101.27916949622264,2.345809471932909,1.694333621219318,1.694333621219318,nan,54.071300597983445,1,-2.464344726570782e-17,9.55887061760754e-16,0.92378195808368,0.07621804191632088,sample_2091,uniform,train,54.071300597983445
3.9932138737781937e-17,2.3916798019371006,shallow,10.980658229102742,5.052792683677971,16.033450912780694,1.9260890640499908,1.3410314270587562,1.3410314270587562,nan,29.930757310612748,1,-2.6831354800645266e-16,1.2186974182723794e-15,0.6848593162405084,0.3151406837594928,sample_2092,uniform,train,29.930757310612748
3.984592186797996e-17,8.09238538200422,deep,18.33703894064441,17.465161357131745,35.80220029777606,3.249731579745896,0.764570209304194,0.6977019273326474,18.865842149238926,49.5319467663817,2,1.0144489651638303e-16,2.580024548227301e-15,0.5121763128559296,0.487823687144073,sample_2095,uniform,train,137.02872960834344
4.2747359660232985e-17,2.9463288993843877,shallow,28.86549953320186,9.627995826555697,38.4934953597575,2.4925025350574184,1.086456302795473,0.6777550199586951,8.207313811473277,5.183353849496393,3,-5.642619177091335e-17,1.3844080586591663e-15,0.7498799281132287,0.25012007188677265,sample_2096,uniform,train,55.047106404338365
4.0761075477087076e-17,6.008205783047624,deep,16.900483791357583,6.217397403050644,23.117881194408195,2.354600231199047,1.1318477358804864,1.1318477358804864,nan,27.941301871233765,1,2.1683389226443442e-17,1.3831035309991364e-15,0.7310567802141621,0.2689432197858393,sample_2097,uniform,train,27.941301871233765
4.3554238601888957e-17,2.113459631404704,shallow,50.660994934690315,17.791635310358018,68.45263024504823,3.766851856899988,0.8895344679679159,0.7731178288706154,5.091168824543142,6.386457714259492,3,-3.9276047861468196e-16,1.5570097158059895e-15,0.7400883611532965,0.2599116388467051,sample_2098,uniform,train,113.62815798147187
4.398361157586313e-17,7.972886584433217,deep,24.357083376904278,12.463810739444066,36.82089411634832,4.000509789938135,1.7905371052255576,1.7905371052255576,nan,140.81503835862563,1,2.9269693362243706e-16,6.271612753137958e-16,0.661501681625103,0.3384983183748975,sample_2099,uniform,train,140.81503835862563
4.4271798054387624e-17,7.521725528785345,deep,17.712199595764492,10.526612859191347,28.23881245495575,2.1159292844923048,1.4358323476703438,1.3588032384170283,7.592101158440924,10.720833461294829,3,5.6430929553068e-16,3.2081447813685952e-15,0.6272289114146549,0.37277108858534835,sample_2100,uniform,train,52.52114822103965
4.1584234485476584e-17,5.429094535871036,medium,64.96747003534702,26.19436745266666,91.16183748801345,3.621785934377905,1.4536753173573524,1.323787638167217,5.41848687365763,25.120848574070465,3,-9.911104535511887e-17,2.5721190934930846e-15,0.7126608219573171,0.28733917804268555,sample_2101,uniform,train,194.4218579661507
4.2645905647978906e-17,5.853293328302889,medium,18.33263419716035,7.68148282223178,26.014117019392096,1.9398743414939246,1.000287654052623,0.8709432920267561,9.158602513484249,11.733641899765209,2,2.7989209821806534e-17,1.2974024804857073e-15,0.7047186796113194,0.29528132038868193,sample_2102,uniform,train,42.31166507231936
4.014674719383049e-17,7.5258737454524285,deep,27.030371587499562,14.018155878316943,41.04852746581641,3.269966073544848,0.8927451616278048,0.8478853928408098,30.308414673156364,6.694728694252664,2,-9.764669850268407e-17,2.2502769612316924e-15,0.6584979597626098,0.3415020402373924,sample_2103,uniform,train,102.95275504892328
4.3040768549882526e-17,5.574420513079077,medium,32.29458895030245,16.101023462740685,48.39561241304303,3.4171706721571393,1.1525848222081632,0.7943728321758634,13.227244611029162,4.064807455238001,3,3.4478445450668533e-16,2.055475239313314e-15,0.6673040662173495,0.3326959337826526,sample_2104,uniform,train,113.16494104269518
4.209421307246117e-17,6.089834281040211,deep,44.11966416114466,16.41040419226745,60.530068353412,3.411366558385898,1.6062847464609078,1.5356255086959576,14.05275773647294,22.7036629876154,2,2.0094173201578722e-16,1.8781878298541134e-15,0.7288883915271127,0.2711116084728891,sample_2106,uniform,train,124.39725666111752
4.453360306618483e-17,3.729005645784917,medium,53.42857975587041,11.646953264550387,65.07553302042069,2.4545942298651466,1.1966171926475762,0.7840339843584702,5.114684741017767,12.396051265156435,3,-1.4331557252188568e-16,1.5832171002407945e-15,0.8210240819557256,0.17897591804427596,sample_2107,uniform,train,59.17470927785705
4.44719386242416e-17,4.495720944643472,medium,54.04166570498084,12.692137182318735,66.73380288729945,2.2929394952157955,1.11387378256382,0.7149977556980881,7.188880302244573,9.798519237085543,3,6.051891275778857e-17,1.969772445571744e-15,0.8098094723636059,0.1901905276363961,sample_2108,uniform,train,74.7367686065141
3.977372297277366e-17,3.15224963693724,shallow,25.276943042110474,11.998879177987652,37.27582222009805,2.7877216075113873,1.2074468754230185,0.8109909739972595,10.690182411914217,27.605783315715524,2,-4.0446919861020156e-16,2.0491390811770497e-15,0.6781055798812635,0.3218944201187386,sample_2109,uniform,train,73.0484057757079
3.987463872403324e-17,5.114876763042304,medium,58.976088645609586,19.051863159245208,78.02795180485461,3.167291793478974,0.7733467885332728,0.7456272023500065,11.680753400359073,89.75875689836118,2,4.646483694211501e-17,2.3676273312883774e-15,0.7558328429933273,0.24416715700667505,sample_2110,uniform,train,182.5118550758483
4.1493229680265444e-17,4.498556395883195,medium,13.543482398529592,6.481208398978487,20.02469079750804,2.523291504040826,0.8573028364667723,0.8573028364667723,nan,34.42754051124249,1,5.806746549315612e-17,1.995937380040816e-15,0.6763391522737021,0.3236608477262998,sample_2112,uniform,train,34.42754051124249
4.0637819057570486e-17,5.893015493383357,medium,42.39022573833833,18.273620037509207,60.66384577584743,3.788246518833687,1.4059944803861222,1.0240809050651947,7.224956747275378,49.481789964971995,2,-8.530568529086305e-18,1.8154820657061623e-15,0.6987724763604665,0.30122752363953537,sample_2113,uniform,train,143.01886349778556
4.203487462993346e-17,6.33543891019294,deep,45.05928082445777,20.8884313954765,65.94771221993416,3.6990245744140906,1.3190242226058835,1.0771988912886403,7.104927867332645,17.79073776056802,3,3.283779325953324e-17,1.6700219057716613e-15,0.6832576795717502,0.31674232042825146,sample_2114,uniform,train,175.3764759004311
4.2369170943026254e-17,7.398179117864638,deep,90.94184326226194,19.8710725008812,110.8129157631429,3.299173630731282,1.1440587170214198,0.6504371077239408,4.931531202375184,11.226063498926301,3,-1.8609619743458534e-16,2.212172129476344e-15,0.8206790935512032,0.17932090644879908,sample_2115,uniform,train,149.7354801716497
4.112211202499165e-17,4.938648920843825,medium,23.86588570907756,7.650389089757475,31.51627479883496,2.3832206206032542,1.5293373548756346,1.4139397354487904,22.417850030723283,10.142389792315285,2,3.070619686913588e-16,2.3672527204125173e-15,0.7572559213108458,0.24274407868915654,sample_2116,uniform,train,36.15990170216894
4.03194313548406e-17,4.032407407621851,medium,11.287388050376777,8.354825027735435,19.642213078112174,2.8863854156978586,0.9257977229243293,0.9257977229243293,nan,57.34215943843179,1,4.273314662927968e-16,1.8991492190344633e-15,0.5746495064221966,0.4253504935778053,sample_2117,uniform,train,57.34215943843179
4.0729612628637946e-17,8.127288038248892,deep,23.813028622552274,13.470196463392334,37.28322508594454,3.8746473445528546,1.4576240154721063,1.4576240154721063,nan,122.76181996591436,1,-3.099968580052219e-17,1.9057974038516556e-15,0.6387062430264271,0.36129375697357485,sample_2118,uniform,train,122.76181996591436
4.173960081686007e-17,2.576706020222486,shallow,45.00547060283314,23.48683917196152,68.4923097747945,3.6755444461230224,1.209562515830853,0.8528277985115156,3.852272056851644,2.4084697438902225,3,1.0676031124376163e-16,2.28229128760888e-15,0.6570879380592209,0.3429120619407814,sample_2120,uniform,train,173.9708187441764
4.330571428480423e-17,4.016090566801706,medium,48.6202230626544,9.78783591917174,58.40805898182609,2.1786379318256017,0.8210830923725648,0.772513996011333,8.180464534487024,16.285879935890076,3,-2.8662961628289406e-17,8.515604245414695e-16,0.8324231948502652,0.16757680514973572,sample_2122,uniform,train,56.88875805653869
4.1805767768405806e-17,2.989662313529604,shallow,77.61542384976836,21.00963146561013,98.6250553153784,3.413588474207588,1.2983802899205008,0.9854917204730016,6.723094525588645,11.449961896620016,3,7.299475480347984e-17,9.005606302170899e-16,0.7869747053786031,0.21302529462139771,sample_2123,uniform,train,155.77796396279135
4.295998528400827e-17,1.3875342437961524,shallow,41.79695297761447,11.0623807834824,52.85933376109679,2.583858134395877,1.2554547052686322,1.003685401008194,4.64327470649756,30.919064769419062,2,5.3305010653668126e-17,1.4114250397480318e-15,0.7907203894494793,0.20927961055052208,sample_2124,uniform,train,62.645295420180716
4.249727779789212e-17,7.682970604614802,deep,57.296123461931145,17.481228825690813,74.77735228762181,3.5644793082227006,0.7671675520048642,0.6189445043187661,10.875660899458019,27.1880715251136,2,-1.0056968675493097e-17,1.995443405587403e-15,0.7662229499855613,0.23377705001444066,sample_2125,uniform,train,136.44526288742196
4.2667310931070034e-17,2.0454232396506917,shallow,15.99579236120556,11.661997903595044,27.65779026480059,3.5867466017751757,1.1958289835054825,0.8703571081170359,3.1304951684997064,9.171898704349994,2,5.576935614995006e-16,5.138101988316767e-16,0.5783467228603227,0.42165327713967776,sample_2126,uniform,train,82.51769627134391
4.236524485312069e-17,4.61389769485344,medium,27.405126618687866,5.958605465570977,33.363732084258764,2.7799738484087797,1.4716872865738675,1.4716872865738675,nan,35.30196413718257,1,-2.224139245076822e-16,2.3692756899521584e-15,0.8214047082465871,0.1785952917534153,sample_2127,uniform,train,35.30196413718257
4.3790631621270436e-17,2.0737108677666254,shallow,16.039185228963245,16.30956603003085,32.34875125899403,2.9647823514549594,1.4429803812954374,1.3274221494117833,21.284736315021615,50.76765925694321,2,2.610640313351535e-16,2.08668209034628e-15,0.49582084639214064,0.5041791536078615,sample_2128,uniform,train,127.98852986876804
4.388546751065582e-17,2.2055318387442453,shallow,17.049884020937935,12.035085320856716,29.084969341794626,3.998548019819629,1.3399491562554533,1.3399491562554533,nan,108.2836789580399,1,2.726873490504386e-16,8.550463113559884e-16,0.5862094548072131,0.4137905451927878,sample_2130,uniform,train,108.2836789580399
4.397768578121963e-17,2.0403758913712853,shallow,83.74053776211096,16.68131460942442,100.42185237153518,3.498727749672759,1.4292191649823291,1.0975150655813026,4.3266615305567875,9.42117214477597,3,5.08252751558582e-16,1.9811620809060226e-15,0.8338876029919502,0.16611239700805178,sample_2131,uniform,train,135.19369643159902
3.9514781521033023e-17,1.8967126603687037,shallow,8.92266556367848,11.006257272132082,19.928922835810518,4.178652931696369,1.7992236549851346,1.7992236549851346,nan,145.31009935472002,1,-6.367017328372168e-16,2.228365343720803e-15,0.44772442731552137,0.5522755726844809,sample_2132,uniform,train,145.31009935472002
4.190543098971309e-17,6.665700598756996,deep,39.55664100518084,16.087883163595883,55.64452416877665,3.3673761593824314,0.657661772560189,0.6223128974205363,11.974973903938164,39.08874590191016,2,1.1039419680074805e-16,1.404625200793219e-15,0.7108811081787799,0.2891188918212215,sample_2133,uniform,train,115.10986220014503
4.001410985567515e-17,4.424224821962953,medium,64.42656019936187,27.81199147308272,92.23855167244442,3.9695320253343667,0.7709214701958246,0.6490986206441437,4.673328578219173,21.995476208174182,3,-6.915743922785172e-17,1.925829067338797e-15,0.6984775783140232,0.3015224216859787,sample_2134,uniform,train,227.97182458401
4.281955998436999e-17,2.8843667917401707,shallow,34.912499026088724,9.407692442462313,44.32019146855096,3.3900360761290838,0.8897268488464639,0.8897268488464639,nan,63.29890347203562,1,1.7592254459120727e-16,1.7635235395829043e-15,0.7877334882648733,0.21226651173512848,sample_2136,uniform,train,63.29890347203562
4.107050855755621e-17,7.938787232375326,deep,25.790157146308204,14.223407800906678,40.01356494721478,3.3677089763213077,1.5326588049546905,1.4433806404138,12.641202474448388,16.32654810639878,2,-2.74028943073696e-16,2.486056494532318e-15,0.6445353514571907,0.35546464854281185,sample_2137,uniform,train,100.26105787015749
4.1385737081399024e-17,8.18673879824182,deep,43.45716717660281,11.852500158760963,55.30966733536367,3.003674179512068,1.1811000699545764,0.7360173697586259,9.397872099576585,22.766059188654854,2,-4.868876023614992e-17,1.8306445278703742e-15,0.7857065368537725,0.2142934631462294,sample_2138,uniform,train,68.24521891385234
4.211381938384615e-17,2.1497766983686466,shallow,20.849054007533983,11.432286504646047,32.28134051217997,2.95430907136995,1.1804101297528178,0.8908383016764294,15.892136420255149,6.078336459689172,3,-7.547868492373481e-17,1.7608754146799015e-15,0.6458546540118894,0.3541453459881124,sample_2139,uniform,train,81.13639194513155
4.29631400534855e-17,3.6384883974949513,medium,54.97265120861098,18.138312894041533,73.11096410265236,2.889733924693537,1.2901428153164165,1.1276095586450816,6.6992536897776915,29.505943227066812,3,1.635335503824733e-16,2.138111619588819e-15,0.7519070755437713,0.2480929244562308,sample_2140,uniform,train,119.19331934073017
4.359684778815583e-17,4.278905936905615,medium,51.37500164903292,11.795578053330406,63.170579702363256,1.9573222754364097,1.1920695556218808,0.862990211980327,9.86914383318026,14.804030968188483,3,9.40315636053287e-18,1.068560083115467e-15,0.8132741838224882,0.18672581617751285,sample_2142,uniform,train,68.2916228051173
4.255238299836388e-17,3.0238186569242576,shallow,16.050049142830865,7.5865351592759005,23.636584302106737,1.9846657139568509,0.9106010656799735,0.841703357745335,12.451505933018707,15.549671367897188,2,1.956089743339405e-17,1.2024457115773183e-15,0.6790342012911027,0.32096579870889846,sample_2143,uniform,train,41.99058758493365
4.375116531941644e-17,6.5119560444749425,deep,89.64045732328326,26.211410020136093,115.85186734341909,3.693729914859213,0.976841269776967,0.6872610292985428,7.820485918406862,11.134056360854927,3,3.0710717522540344e-16,2.2692842011076227e-15,0.7737506470876513,0.22624935291235096,sample_2144,uniform,train,190.61859032723504
4.144121322754941e-17,3.893430905656142,medium,9.435076943675373,8.852000421859893,18.2870773655352,2.967464695496495,1.7419266229110235,1.7419266229110235,nan,74.66033918889822,1,7.189871154211655e-16,3.594079127246352e-15,0.5159423102489423,0.4840576897510613,sample_2145,uniform,train,74.66033918889822
4.120437190776119e-17,6.309893641521092,deep,11.088139384470924,11.021014068235461,22.109153452706337,3.0952164300354745,0.9997275508028654,0.9997275508028654,nan,91.54674452033053,1,-2.267591610944765e-16,2.169311220639969e-15,0.5015180435646055,0.4984819564353967,sample_2146,uniform,train,91.54674452033053
4.1386723097911334e-17,6.585040729628828,deep,38.35521428672646,18.951681738570848,57.306896025297156,3.4676549550432387,1.4608922135182307,1.2951278063184186,11.067068265805538,20.1729059006397,3,-3.689624381355882e-17,2.6037699624099875e-15,0.6692949181856788,0.3307050818143239,sample_2147,uniform,train,139.04028635197906
4.089809845852317e-17,1.6620288568169777,shallow,37.12320827727336,14.518502652531831,51.641710929805114,2.9379909283397105,1.380874684168461,1.1250521115190542,12.620618051426801,30.884518320271905,2,1.6907456771975138e-16,1.5478971616890412e-15,0.7188609286732138,0.28113907132678767,sample_2148,uniform,train,102.09974207963205
4.24741820589724e-17,6.675439825033408,deep,28.45442868764289,6.978455120634469,35.43288380827728,2.7490022297017322,1.6818689546743082,1.6818689546743082,nan,41.28403416481086,1,1.6087109393599576e-16,2.1306525904864293e-15,0.8030514490891031,0.19694855091089905,sample_2149,uniform,train,41.28403416481086
4.228701203306344e-17,7.457491112603133,deep,25.780022589474576,14.240999934025629,40.02102252350012,4.149987232883718,0.6470624163556312,0.6470624163556312,nan,133.36179871212354,1,-2.0246484192730927e-16,2.086122897104581e-15,0.6441620169583796,0.3558379830416225,sample_2150,uniform,train,133.36179871212354
4.2395059470949415e-17,1.8214977443564615,shallow,92.07622361308542,21.176615560194488,113.25283917327965,4.137430106970604,1.616214784712688,1.4755862939418363,6.867313885355759,8.319114063626971,3,4.685754691632037e-16,2.227252517783665e-15,0.8130147048429092,0.18698529515709306,sample_2151,uniform,train,182.4212390566778
4.12236600795638e-17,5.000403119904425,medium,11.58004097654319,9.560245134029294,21.140286110572454,3.014985843102564,1.4984360590935795,1.4984360590935795,nan,77.35002855760948,1,-1.1967420748993203e-16,1.4284606230897662e-15,0.5477712513432779,0.4522287486567236,sample_2152,uniform,train,77.35002855760948
4.402928765286441e-17,3.2180159685171215,shallow,37.46486618045396,9.389301663746446,46.854167844200376,1.8944636934076065,0.9655832541241178,0.6095250664890058,9.359487165438072,9.216402045855281,3,2.1281613214750286e-16,6.445118472751231e-16,0.7996058388024786,0.2003941611975221,sample_2153,uniform,train,45.52775624927468
4.3323681862677306e-17,8.026576541333956,deep,84.99778051050409,15.180650674501889,100.17843118500583,2.364113833292342,1.1613680561718884,0.9978190321436677,7.090839160494339,16.674865693097317,3,2.0095348465845644e-16,1.4008223991196215e-15,0.848463880947919,0.15153611905208242,sample_2154,uniform,train,91.25011639299757
4.096874352955085e-17,2.2324753005670104,shallow,17.990916851347748,8.566412263300291,26.557329114648013,3.2106546901499056,1.7982216739375527,1.7982216739375527,nan,52.79812352576845,1,2.3130204340943063e-18,1.0033144702155757e-15,0.6774369807174865,0.3225630192825145,sample_2155,uniform,train,52.79812352576845
4.201901271850689e-17,1.3596290899446846,shallow,33.85994605400932,17.840558152785842,51.700504206794974,3.9995783833682372,1.232400870779004,1.0877405944942804,13.46996659238619,47.88793195844368,2,1.949646683507603e-18,3.642011385871149e-15,0.654924871111008,0.3450751288889957,sample_2156,uniform,train,149.21762605187712
4.1983307804642954e-17,2.1669056188198788,shallow,21.218434056176353,11.1724300417779,32.39086409795421,2.53822261229855,0.6483710372706007,0.6322229420369273,11.77115117564973,31.356586890850377,2,-1.4215866807873338e-16,1.4258735946264414e-15,0.6550746529024059,0.34492534709759554,sample_2157,uniform,train,67.99395209039653
4.085306933381109e-17,1.4164074199165864,shallow,67.12502940287477,20.652294236282273,87.7773236391569,4.035423540940385,1.5707292083744777,1.5248443192497794,4.975942121849891,62.40126498289894,2,3.1787361122495457e-16,1.6189665082090327e-15,0.7647194812958585,0.23528051870414304,sample_2158,uniform,train,196.87814596461843
4.0986384133138105e-17,4.08925136878851,medium,27.163349778492208,16.954316091507966,44.11766587000008,3.856887977680902,1.791412681328476,1.791412681328476,nan,136.00034244158186,1,-4.110531061801761e-17,2.0937317019671433e-15,0.6157023324518904,0.38429766754811173,sample_2159,uniform,train,136.00034244158186
4.1966975024146136e-17,4.296740509132024,medium,29.83405030342075,9.62880881521519,39.46285911863588,3.4624514527316763,1.0550879140717602,0.6641230328729092,9.72830920561225,3.7177867072730386,2,2.141668874524422e-16,1.4404282946129558e-15,0.7560032640750036,0.2439967359249978,sample_2160,uniform,train,70.68182057377578
4.1037672918686006e-17,5.6294823575287305,medium,4.3941679506786135,10.204652966370045,14.598820917048615,3.050711541182416,1.097860566396636,1.097860566396636,nan,83.83355602224067,1,1.9983782327392026e-16,2.9202744788669457e-15,0.3009947156449512,0.6990052843550518,sample_2162,uniform,train,83.83355602224067
4.402167855246588e-17,4.383889431149728,medium,23.25146984447416,5.915820117689478,29.167289962163597,2.665704238432724,0.7514625210683601,0.7514625210683601,nan,38.43534133417085,1,-1.6667385169860508e-16,1.3398519546211077e-15,0.7971762160501178,0.2028237839498836,sample_2163,uniform,train,38.43534133417085
3.975535527011377e-17,7.502171939861838,deep,16.322799994925333,10.133039366695458,26.455839361620754,3.4458785959021894,1.542381235717699,1.542381235717699,nan,81.98872159251898,1,2.051869344669133e-16,1.4100287319373846e-15,0.6169828812388645,0.383017118761137,sample_2164,uniform,train,81.98872159251898
4.291240216819124e-17,4.994195207246323,medium,49.5001323025391,15.086627403317937,64.58675970585695,2.385470557664093,1.6969378842647789,1.6575685706491377,14.147791347061913,19.217164313947205,3,4.907594596276162e-16,1.3751710470460127e-15,0.7664130005588476,0.23358699944115374,sample_2165,uniform,train,111.66818914241927
4.411396250337809e-17,4.006987351602665,medium,53.32914524627502,7.624724524598682,60.953869770873595,2.6736265456656536,1.3717207864743737,1.3717207864743737,nan,53.57868581077016,1,1.5388716280332953e-16,1.7339872323384416e-15,0.8749099187096732,0.12509008129032861,sample_2168,uniform,train,53.57868581077016
3.980529509730485e-17,8.313624764670044,deep,40.044955033492435,18.16518343934254,58.210138472834835,3.767261900645309,1.2187913292595953,1.0871031468763888,7.560423268574321,14.789706757039395,2,-3.7070585688468383e-16,2.441302338051273e-15,0.6879378074694047,0.3120621925305978,sample_2169,uniform,train,141.47422685854826
4.5270997575838135e-17,5.154349689272038,medium,121.04905372253656,6.164629202471358,127.21368292500779,2.2355650545954786,1.1913168593176011,1.1913168593176011,nan,46.800505735561465,1,1.0817184317861592e-16,9.844315037364523e-16,0.9515411466696923,0.04845885333030877,sample_2170,uniform,train,46.800505735561465
4.13039628351238e-17,4.169251744204392,medium,27.37081635401509,13.167690925813123,40.53850727982813,3.8869633858537966,1.1870572764036318,1.1870572764036318,nan,125.92180622364577,1,2.336127604855472e-16,2.0156739874107656e-15,0.675180666250993,0.32481933374900895,sample_2171,uniform,train,125.92180622364577
4.1105455144277744e-17,4.059233519058112,medium,32.788403746415696,15.995910716146248,48.784314462561824,3.3700901122073734,1.1201055416506465,0.6356350445953332,10.115334893121434,15.290505698087491,3,-8.066756152090704e-18,2.4760471969308027e-15,0.6721095521712876,0.3278904478287149,sample_2173,uniform,train,110.46021186360954
4.269504506121732e-17,4.742175168882621,medium,34.62437847923032,6.731437310113539,41.355815789343815,2.763787729336144,0.8968606867604347,0.8445176263380908,9.881295461628502,5.317759997333675,2,2.6761666390473714e-16,1.1382548100099645e-15,0.8372311806300291,0.16276881936997198,sample_2174,uniform,train,34.79489024309742
4.2196625644744447e-17,8.274030445034692,deep,9.486046584518666,9.761155234961391,19.247201819480022,3.2059789438359974,0.7985884451873633,0.7985884451873633,nan,90.67300646440007,1,3.2211654809513015e-16,1.8458338578882737e-15,0.4928532819205893,0.5071467180794126,sample_2176,uniform,train,90.67300646440007
4.160807903790785e-17,5.73757397872573,medium,31.841171627795724,16.552386867300058,48.39355849509573,3.8990523841675904,1.187706103610211,1.075942102946857,20.87007426915391,21.937519363225615,2,3.73261053636637e-16,1.0277812388656546e-15,0.6579630144582682,0.3420369855417328,sample_2177,uniform,train,150.83860353174646
4.392181563427092e-17,1.7864873962845784,shallow,74.8527923154209,12.633974224647002,87.48676654006783,2.2157006703725473,1.305964067107877,1.0001032005443324,6.203224967708327,9.12663751983645,3,6.168506106854295e-17,7.715630896736211e-16,0.8555898826268686,0.14441011737313209,sample_2178,uniform,train,57.96186934988117
3.795558180807212e-17,5.938979413462693,medium,10.945479122809415,11.11931085880824,22.06478998161761,3.7801941880084673,1.6632632955558715,1.6632632955558715,nan,91.55803017470015,1,1.1543841065471489e-16,1.9321536339626895e-15,0.4960608794340757,0.5039391205659263,sample_2179,uniform,train,91.55803017470015
4.2551452938426106e-17,6.518678650341075,deep,48.453814723427186,8.894277886124016,57.34809260955111,3.263247086728232,1.1652976036375606,1.1652976036375606,nan,60.63383170301472,1,1.356981480147191e-16,1.6106997015176936e-15,0.8449071716006363,0.15509282839936522,sample_2180,uniform,train,60.63383170301472
3.866452560396418e-17,3.1199747116257606,shallow,9.512465598286854,9.780667477435244,19.29313307572207,2.8428299595278688,1.7701316566654297,1.7701316566654297,nan,73.88140550792427,1,7.261719040045578e-17,1.3810796041485615e-15,0.49304929173256307,0.5069507082674383,sample_2182,uniform,train,73.88140550792427
4.3259562282735705e-17,7.776940958229312,deep,52.45614221276208,14.192240987905544,66.6483832006675,3.351732216408988,1.5490127407109413,1.3567243733196828,4.009987531152685,16.952161729957986,2,1.6443210220111358e-16,1.9456443359742233e-15,0.7870579854101656,0.2129420145898364,sample_2183,uniform,train,118.33834842562425
4.2700436510354474e-17,6.255205603669489,deep,72.52613468834556,17.56099364122393,90.08712832956932,2.911035224836018,1.6797140770848111,1.6622993639729313,6.069596362197407,15.481623469418722,3,-2.0743583086366443e-16,1.8929480797585913e-15,0.8050665620400322,0.1949334379599697,sample_2184,uniform,train,110.38892300560718
4.1828462498052283e-17,3.619754664595402,medium,40.22968818963835,23.6187463343004,63.84843452393858,3.819886210192094,0.8259588672413781,0.6618169343500141,5.592852581643826,5.236321284995879,3,2.1760077806959123e-16,2.7265033443530384e-15,0.6300810425438874,0.3699189574561153,sample_2185,uniform,train,185.90797220070274
4.4283880289311674e-17,5.048882385322189,medium,123.60792256622499,18.00435283553539,141.61227540176003,3.802890259774093,1.4591798445186954,1.3767881487743276,8.16578226503744,7.7555292469887895,3,1.7716029328398247e-16,2.433498267476928e-15,0.8728616372806952,0.12713836271930717,sample_2186,uniform,train,139.94514885112395
4.308606613358307e-17,6.987971106511016,deep,52.13386215246314,21.817724009425877,73.95158616188893,3.4731817738990247,1.4480417158324723,1.314680360179504,4.621688003316539,22.58195338449586,3,-6.183039235049348e-17,1.2010268687892585e-15,0.7049728729054687,0.29502712709453255,sample_2188,uniform,train,171.90227595455178
4.1661761945953236e-17,3.103461708663949,shallow,16.410887169316066,7.345733685355023,23.75662085467106,2.3272671822192974,0.6812159827170656,0.6812159827170656,nan,52.79920038814743,1,9.811629818170413e-17,1.2337566032393526e-15,0.6907921488375033,0.3092078511624979,sample_2189,uniform,train,52.79920038814743
4.064900610420581e-17,6.259085092268784,deep,77.85955003534507,22.16669405224949,100.02624408759445,4.341600701568278,1.0812068081785657,0.6626095004197954,9.720082304178295,54.05590602048344,2,7.235584259060053e-17,1.0655344638421105e-15,0.7783912186801927,0.22160878131980832,sample_2190,uniform,train,226.1872561880029
4.330700724324782e-17,7.715857801692999,deep,72.40567356439817,24.29169741183628,96.69737097623425,3.832020859220843,1.306476625284941,0.9431917496051325,8.35463942968217,39.7631755557053,3,-5.603565383796218e-17,2.057470270435019e-15,0.748786371681125,0.25121362831887706,sample_2191,uniform,train,218.98588202005072
3.9406445816235397e-17,7.02014606537747,deep,69.93901980520157,23.55294881278762,93.49196861798895,3.6848656914741933,1.124509293356082,0.8964001957666923,9.56242647030554,16.03432659702297,3,2.043732212994083e-16,2.584013725773129e-15,0.7480751645200087,0.2519248354799939,sample_2192,uniform,train,187.18535932883776
4.37054696082125e-17,5.584535898484097,medium,70.74411882410139,14.946753813765483,85.69087263786669,2.5683001301160395,1.0845919021907713,0.6119000761919049,4.368065933568312,13.176981789675496,3,1.872297369695451e-16,2.1559018552460065e-15,0.8255735604778945,0.17442643952210765,sample_2193,uniform,train,85.56125530206809
3.926352200485897e-17,2.6547200747328086,shallow,23.588255780859978,10.911114619579212,34.4993704004391,3.664306370873642,1.7649972175106545,1.7649972175106545,nan,91.76327014996384,1,-2.947248728585684e-16,2.6774562717132183e-15,0.6837300364345128,0.31626996356548986,sample_2194,uniform,train,91.76327014996384
3.932197340852413e-17,2.3459998763699037,shallow,9.216783933946994,6.676421658358786,15.893205592305758,2.343028983322551,1.636295903308973,1.636295903308973,nan,53.87925622593119,1,1.3625805179615308e-16,1.3412198029529471e-15,0.5799197575603651,0.42008024243963626,sample_2195,uniform,train,53.87925622593119
3.737363453540165e-17,6.589072338315195,deep,8.817301462889997,8.003899601149834,16.821201064039787,2.397761325512662,1.4214879426286593,1.4214879426286593,nan,57.743946495613535,1,-1.0162182616117655e-16,2.6400564868071908e-15,0.5241778770327848,0.4758221229672178,sample_2197,uniform,train,57.743946495613535
4.0300591600060467e-17,6.673750350091503,deep,20.85106543152826,6.763783482632536,27.614848914160742,2.117594198481947,1.3726523377322972,1.233901078877797,20.623287807718732,8.053708108573874,2,4.544637126049116e-17,1.897621345863517e-15,0.7550671559472465,0.24493284405275545,sample_2198,uniform,train,34.802765126713616
4.201466640339315e-17,2.270069511008613,shallow,35.63073719621838,19.94825151504356,55.5789887112618,3.8141098742758466,1.141708110257781,0.796262804281588,8.593020423576336,7.908910028140258,3,-2.2120934740228502e-17,2.429031598537592e-15,0.6410828628301153,0.3589171371698871,sample_2200,uniform,train,156.52704897073963
4.34621600135234e-17,5.783076734995195,medium,27.59297533325211,13.881389317821535,41.474364651073586,2.229205853410269,1.3698044606558089,1.1532900015160452,6.53299318842443,11.703991424704675,3,-4.81222098920218e-17,1.4133977986975832e-15,0.6653019417028695,0.33469805829713195,sample_2201,uniform,train,81.88097919727747
4.38499225077731e-17,4.115741004850584,medium,49.83709517112041,14.17305529207238,64.01015046319272,2.979681270548538,0.945151044297984,0.6407612352327664,3.757658845611188,6.011415092449378,3,5.996259995734769e-17,1.1655493185836398e-15,0.7785811283130457,0.22141887168695545,sample_2203,uniform,train,81.38836899483061
3.9918466271222234e-17,3.2892992473901,shallow,18.095538668798746,11.55438510073438,29.649923769533068,4.03046891791688,1.2074438656326794,0.7125551337229072,17.42297333981775,4.393935129281359,2,2.371222070238071e-16,1.9770632854187408e-15,0.6103064145949983,0.3896935854050036,sample_2204,uniform,train,141.5785120653602
3.907591306273954e-17,2.000134224155813,shallow,81.22713339577237,22.80212716679579,104.02926056256779,4.236627606932862,1.5228558562323196,1.4034610661500604,7.3702103090753095,12.233591874365622,3,5.382320546541064e-17,3.585865498387283e-15,0.780810446565837,0.21918955343416657,sample_2206,uniform,train,186.3472830414046
4.266634354115733e-17,2.3333128136843713,shallow,10.602979046179072,4.0248330487978725,14.62781209497693,2.237811794013087,1.0013567207935297,1.0013567207935297,nan,22.76600123438747,1,-6.452474199045404e-17,1.0322140479290825e-15,0.7248506459704968,0.2751493540295043,sample_2210,uniform,train,22.76600123438747
4.210295530278916e-17,8.044376408940446,deep,16.401613182392303,9.033299562329177,25.434912744721437,2.8660397310979375,1.0026975082680267,0.8531602236800021,10.877499712709719,9.891500361290937,2,2.1255413995550494e-18,1.6761435186937544e-15,0.644846449720814,0.35515355027918766,sample_2211,uniform,train,51.43696697074767
4.250829627541133e-17,7.13385254186453,deep,33.307187868503235,12.04432865057139,45.35151651907453,1.9638689507618856,1.2148818304954963,0.9552793566387302,9.408506789071259,14.526341335945792,3,-8.797952290044337e-17,2.1151061020697924e-15,0.7344228026971152,0.2655771973028869,sample_2213,uniform,train,63.057398473457944
4.3163731381022187e-17,2.982908359614566,shallow,12.605850935501246,10.348984566084802,22.954835501585986,3.301984422596928,1.1877036369116984,1.1877036369116984,nan,80.10402676345915,1,-1.3763805596067207e-17,2.708470264346402e-15,0.5491588443154074,0.45084115568459526,sample_2215,uniform,train,80.10402676345915
4.3852202269531295e-17,5.634933731363397,medium,31.30054870933373,10.46687965042429,41.76742835975796,2.679621747256002,1.6488563809674466,1.5912336528735727,8.59069263796581,5.134061635033624,3,1.3504050568457384e-16,1.4460103221916082e-15,0.7494009073225861,0.2505990926774153,sample_2216,uniform,train,61.80856742267737
4.2559739418060915e-17,1.8101142867244588,shallow,39.60940372776594,9.048583538823525,48.65798726658937,3.6569734599021553,1.3005059193713167,1.3005059193713167,nan,67.94602191197255,1,1.633049832298445e-16,1.825349689936694e-15,0.8140370359084587,0.1859629640915432,sample_2217,uniform,train,67.94602191197255
4.328074246655704e-17,5.125020222872251,medium,34.26315335607497,5.163401390101377,39.426554746176315,2.347466361587753,1.5046071749204488,1.5046071749204488,nan,30.00369284410887,1,8.831019056225677e-17,9.010966597696573e-16,0.8690374692046329,0.130962530795368,sample_2218,uniform,train,30.00369284410887
4.05578211226649e-17,1.7567725884691594,shallow,81.90134040078473,19.41286395248886,101.31420435327331,3.674796479780141,1.1949318533414244,0.7559998798239684,10.824047302187845,7.5485053342687545,3,-5.782625323455719e-17,2.7702372280059438e-15,0.8083895138257444,0.19161048617425833,sample_2219,uniform,train,141.97677419941837
4.24306030517997e-17,2.711944197696434,shallow,34.73806036413429,12.016553925136035,46.7546142892702,3.628449680453126,0.9873568156810879,0.9873568156810879,nan,94.36946599783103,1,-8.935734654930857e-17,2.6975163310535872e-15,0.7429867809241321,0.25701321907587066,sample_2221,uniform,train,94.36946599783103
4.04494699047644e-17,1.4097631998850007,shallow,20.092929748465227,15.534076938748713,35.62700668721392,3.065935265088333,1.2215365428140865,0.9341983754727445,14.257629536497294,57.19943899294611,2,1.7100127591384044e-16,5.484582357690854e-16,0.5639802951976969,0.4360197048023037,sample_2222,uniform,train,131.2755946231959
4.1869746482038825e-17,6.1526512640482425,deep,85.3114455832497,21.407576403747875,106.71902198699748,3.423943227625942,0.8405603382020942,0.6808802519988014,5.667450926121902,12.083839371907716,3,2.5603626455131075e-16,8.655491207562542e-16,0.7994024307460759,0.20059756925392505,sample_2223,uniform,train,162.61677042076
4.1238427462141085e-17,5.134548950870354,medium,39.726325303263714,14.36699373653236,54.093319039796036,4.3880819711087184,1.093160591181544,0.9373863968096025,19.876619430879085,10.554980545228254,2,-1.6908244696822746e-16,6.896136951766884e-16,0.7344035457324658,0.26559645426753486,sample_2224,uniform,train,129.47078643252996
4.125627951155199e-17,1.8685499772181964,shallow,14.300291661033096,5.132925984071867,19.433217645104914,2.0690358978112453,1.318145886046123,1.318145886046123,nan,29.27095316809839,1,-1.8297691663061376e-16,2.5137274730112335e-15,0.7358684455754673,0.26413155442453523,sample_2226,uniform,train,29.27095316809839
4.242385676163226e-17,4.174330185795624,medium,29.05906121426624,11.99277118348926,41.05183239775543,3.815985256955017,1.4365767006455832,1.4365767006455832,nan,113.76459823065478,1,1.6653301560401461e-16,1.6443007767151524e-15,0.7078627071432525,0.2921372928567491,sample_2227,uniform,train,113.76459823065478
4.349144297024845e-17,6.4381470353158985,deep,41.121037863482954,9.203508683840235,50.32454654732306,2.542254256041802,1.490918259694467,1.3289140648967144,6.864400920692207,18.46385889723011,2,4.603414602027771e-17,2.576755443872273e-15,0.8171169078456471,0.1828830921543555,sample_2228,uniform,train,51.42482412772594
4.2786836810705597e-17,3.720448686655103,medium,13.29741092842133,4.703715904589928,18.0011268330112,2.416319967572967,1.1303894635364062,1.1303894635364062,nan,24.751679488039894,1,2.063924977130231e-16,3.305790502557889e-15,0.7386988076788613,0.26130119232114196,sample_2229,uniform,train,24.751679488039894
4.4982770847302926e-17,7.218760974168964,deep,14.662117781352753,16.55011779598006,31.212235577332763,3.7521520165068845,1.4384427258503707,1.3537949235055056,8.0049984384758,25.3730768170649,2,2.663815578008795e-16,1.7073658517657986e-15,0.46975545039141037,0.5302445496085914,sample_2230,uniform,train,150.79170817922792
4.0994836814845806e-17,4.178412127262495,medium,22.157002349845804,11.750546379427785,33.907548729273465,3.801922419385214,1.6875211515037005,1.6875211515037005,nan,104.11472837187962,1,-4.64277016112996e-16,3.667176880016294e-15,0.6534533807428243,0.3465466192571793,sample_2231,uniform,train,104.11472837187962
4.511608605031146e-17,5.285329517120598,medium,83.4482924105056,8.105050557255552,91.55334296776115,3.205110385083315,0.6446648911391647,0.6446648911391647,nan,61.262654917507916,1,2.253038512796281e-16,0.0,0.9114718229337666,0.08852817706623338,sample_2235,uniform,train,61.262654917507916
3.852704776899996e-17,2.530763683143531,shallow,17.959011714969858,9.736865830911874,27.69587754588171,3.0174786644816174,1.2782051860506132,0.9489587809996297,17.556765077883796,19.955034916301596,2,1.3863059908932392e-16,7.696554130660745e-16,0.6484362766703634,0.35156372332963737,sample_2236,uniform,train,62.74288683570106
3.799479680570088e-17,3.8861159073234117,medium,12.882424064602025,8.048811494270847,20.931235558872835,3.293011258438996,0.6770907445040353,0.6770907445040353,nan,56.39003810042302,1,-2.7606787849718978e-17,1.7821926241517148e-15,0.6154641004525466,0.3845358995474552,sample_2237,uniform,train,56.39003810042302
4.137315009564485e-17,3.867985142678415,medium,33.55921614534003,12.229918027417117,45.789134172757066,3.6811146848077767,1.1727705260903507,0.8337458585979072,4.445222154178572,6.14793731957763,2,3.893099516005561e-17,1.7845372289443192e-15,0.7329078557966399,0.2670921442033619,sample_2238,uniform,train,87.21622851284008
4.1625922800732487e-17,3.582012508979626,medium,55.32753752355184,20.80596975445169,76.13350727800336,3.7798529859234415,1.4751029813773797,1.3224436136510875,10.264501936285074,54.20559722661596,2,-3.246065282984495e-17,2.1932201585551675e-15,0.7267173088653591,0.27328269113464304,sample_2239,uniform,train,177.10919191913828
4.359902083857204e-17,3.50019402579785,medium,49.53372987488031,13.617577525637177,63.15130740051738,2.9419424571757364,1.2057071441447318,0.6133029324168477,6.174139616173254,22.43484106812056,3,4.2055394426416443e-16,1.6314578577413655e-15,0.7843658653134153,0.21563413468658627,sample_2240,uniform,train,83.0480958525991
4.11474243770442e-17,4.516048575240557,medium,56.833387800636054,28.10246093492583,84.9358487355617,4.081802923652851,1.075450918451174,0.6761439947306352,8.246211251235321,21.89752163508005,3,2.0058600618583418e-16,2.091410006310456e-15,0.6691331004130008,0.33086689958700133,sample_2241,uniform,train,245.10631832967752
4.475048878380489e-17,4.78845447099224,medium,28.267978127474276,4.413745009111029,32.681723136585326,2.0422975127894833,0.774265404613863,0.774265404613863,nan,25.092943720258216,1,1.87241673169143e-16,6.5223862229408105e-16,0.8649476041803281,0.13505239581967124,sample_2242,uniform,train,25.092943720258216
4.609300572252742e-17,4.625793736767232,medium,127.01039419474105,6.4666558117985895,133.47705000653946,2.488295248073332,1.044035543595387,1.044035543595387,nan,38.52072055713506,1,1.6668460009718235e-17,1.3907206497913433e-15,0.9515523019763953,0.048447698023606066,sample_2243,uniform,train,38.52072055713506
4.255239372922327e-17,2.4716423803612857,shallow,75.53474257649512,21.89120626604333,97.4259488425383,3.550670876172939,1.0356741678874863,0.6505773308043425,6.029925372672533,16.236690078070215,3,5.035860675438857e-17,1.4950971744318455e-15,0.7753041512438932,0.2246958487561083,sample_2245,uniform,train,158.46913754552628
4.290310913729033e-17,1.4230554478039659,shallow,55.67172950202463,28.60204176077378,84.27377126279823,4.352663182425182,1.2220330453989574,0.982329924241152,10.727534665523109,25.621276699072222,3,4.269957060324104e-16,2.1078406873010136e-15,0.6606056507002473,0.33939434929975476,sample_2246,uniform,train,234.57197499076221
4.115112972504338e-17,4.309025039084486,medium,9.802220741190927,8.158871823150916,17.961092564341815,3.0658026773761087,0.920507783429122,0.920507783429122,nan,56.759464603678715,1,-1.013295600179261e-16,1.5824042623570502e-15,0.5457474653101723,0.45425253468982935,sample_2247,uniform,train,56.759464603678715
3.9228691088576736e-17,1.4034038800201145,shallow,18.61680254108498,11.079148676388641,29.69595121747359,3.3158282680641,1.0767368593559739,0.6410124384162005,6.48999229583518,4.778336607662162,2,4.779270248096111e-16,1.0767266848953547e-15,0.626913830937685,0.37308616906231606,sample_2248,uniform,train,82.50904184552283
3.894931089111804e-17,5.386495552085578,medium,32.707672621195286,19.48220308186945,52.189875703064686,3.6871570159355906,1.202445559414642,0.8577723762360925,7.573638491504594,7.247695896182228,3,6.644317152914223e-16,9.53019926435393e-16,0.6267053174697373,0.3732946825302636,sample_2249,uniform,train,140.31451305121936
4.413882898029608e-17,5.255515360755004,medium,59.14904716026455,22.219549481376884,81.36859664164132,3.933731138075475,1.2579672743123984,0.8881387542701014,14.891608375189028,70.23153920295765,2,1.1574634591999493e-16,1.4408451938375675e-15,0.7269272127275984,0.273072787272403,sample_2250,uniform,train,203.2729048995239
4.104679243985781e-17,5.456183066598074,medium,21.46322415833916,7.281997742984851,28.74522190132399,2.304776303908553,0.7022082110565242,0.7022082110565242,nan,51.28318029543152,1,3.285521473441185e-16,6.797625462930504e-16,0.7466710200400496,0.253328979959951,sample_2252,uniform,train,51.28318029543152
4.1918678600950497e-17,3.9646591420909187,medium,58.1039766128413,22.896966051173845,81.00094266401496,4.005892292964562,0.9882101507683898,0.9407354078137651,12.796874618437112,47.13735018160559,2,-2.606480132552399e-16,2.3245880700111526e-15,0.7173246965020107,0.2826753034979916,sample_2253,uniform,train,192.10508826419536
4.2866297824417514e-17,7.137370773623345,deep,56.22800107377533,13.396694620093728,69.62469569386899,2.1257427919282827,1.301141916981268,1.0450629098527506,9.86508996411082,19.06162227064614,3,1.432955414949794e-16,1.0460459423138792e-15,0.8075870280425033,0.19241297195749774,sample_2255,uniform,train,70.87465811557301
4.3192416995729425e-17,8.291576367496276,deep,15.019015808212263,7.762426252187274,22.781442060399502,2.3888876600768816,0.8015606643985496,0.8015606643985496,nan,57.10521757224283,1,-8.274097797545023e-17,1.5204901549457683e-15,0.6592653690838781,0.3407346309161234,sample_2256,uniform,train,57.10521757224283
4.352868869311671e-17,8.195848133380263,deep,23.879677098970063,3.7553029246877307,27.634980023657718,1.703345411138441,1.4562458195704435,1.4562458195704435,nan,20.701260185234897,1,1.410934957946475e-17,2.747939561358493e-15,0.864110525085496,0.13588947491450676,sample_2257,uniform,train,20.701260185234897
3.8900143839942136e-17,3.6210710654290748,medium,13.85663099500442,7.190871426886969,21.047502421891334,2.8546079027840494,1.0871568990708795,1.0871568990708795,nan,42.803133250374195,1,1.2628157946169646e-17,2.5741241177079818e-15,0.658350369428738,0.34164963057126446,sample_2258,uniform,train,42.803133250374195
4.3509635127244905e-17,4.732490565581308,medium,111.25789619339207,19.455182311322172,130.71307850471393,3.426700007419815,1.2683863140279037,0.92392499668701,8.430895563343196,35.27068202459843,3,8.661536265022913e-17,2.3646148770377018e-15,0.8511611650962666,0.14883883490373578,sample_2260,uniform,train,139.35359593823023
4.2442552323639823e-17,7.410887912599597,deep,39.01120911068636,11.009871315775438,50.021080426461666,3.570417799396837,1.743284922132729,1.743284922132729,nan,81.58826235122018,1,-5.3827477641352364e-17,2.6279001771836963e-15,0.7798953716731202,0.22010462832688243,sample_2262,uniform,train,81.58826235122018
4.1810941166510054e-17,7.202271496771109,deep,16.809720088349412,11.387464238013509,28.19718432636287,2.9265930227696844,1.0485183475329414,0.6154107809612267,9.693296652842108,7.303301433832118,2,-3.6247694643546656e-16,1.82693235417992e-15,0.5961488882644647,0.40385111173553717,sample_2264,uniform,train,68.78119015571988
4.6126990803166636e-17,6.308663544918264,deep,213.38510496503977,4.680428300398571,218.06553326543843,2.5121623751595554,1.7285548390473764,1.7285548390473764,nan,28.263275462934036,1,-4.796480958806818e-18,4.0729885479838647e-16,0.9785365975525282,0.021463402447471417,sample_2265,uniform,train,28.263275462934036
3.9752423397447714e-17,3.99314777551109,medium,21.99804845542877,13.752289322866547,35.750337778295275,3.9287311355363634,1.0420587740859224,1.0420587740859224,nan,114.9551563893864,1,5.484663201485196e-17,1.1428201758420967e-15,0.6153242129304919,0.3846757870695093,sample_2267,uniform,train,114.9551563893864
3.995812075014558e-17,2.887066987513599,shallow,23.36154933790765,11.276347123076944,34.63789646098451,3.0660331450932756,1.0473449088681175,1.0473449088681175,nan,86.80046165047196,1,-2.850368452107065e-16,2.5128975493259013e-15,0.6744505794173059,0.3255494205826966,sample_2269,uniform,train,86.80046165047196
4.292316831555647e-17,2.307371644768244,shallow,33.137918129956184,9.097054602401844,42.234972732357946,2.7771246093825774,1.064944944040457,0.7053569667247831,6.977105417004965,16.620616318125805,2,4.1247657379079247e-16,1.9347097754797007e-15,0.7846084887979071,0.21539151120209477,sample_2272,uniform,train,46.31182042564075
3.9395947337813223e-17,5.741276517379086,medium,19.86588875421102,9.930945954629449,29.796834708840436,2.9119420153023094,0.8643513731305977,0.7730815478959598,4.335896677735759,4.996650387339095,2,2.0057410401411334e-16,1.1326968209341788e-15,0.6667113788538419,0.33328862114615926,sample_2273,uniform,train,61.10879347921932
3.9852047851183777e-17,3.7030270494187825,medium,81.50842033057552,27.69926377576605,109.20768410634139,4.491637039751904,1.04197233083811,0.7618215158617009,6.770524351924302,30.046858963190463,3,3.5553092791606236e-16,1.6265859439620717e-15,0.7463615861609737,0.2536384138390279,sample_2274,uniform,train,216.71941532093555
4.149582152066637e-17,4.6942876046882835,medium,30.132792397523836,10.715013855315126,40.84780625283888,1.6887721526945572,1.292806185681608,1.0944676142566307,4.39089968002003,14.907385896550744,3,1.178393693649037e-16,2.0438985372931597e-15,0.737684472233552,0.26231552776645,sample_2275,uniform,train,51.7625347864053
4.151913151994321e-17,2.0565882521022534,shallow,14.191467470807009,10.868172158656538,25.0596396294635,2.521269999784935,1.1536450426656528,1.1095534567488352,20.193068117549647,30.591746775328005,2,5.091998918685192e-17,1.8430144450323562e-15,0.5663077235205569,0.43369227647944486,sample_2277,uniform,train,63.26975175587003
4.5543654835133776e-17,7.944788500387705,deep,140.51384165441831,6.169031995599642,146.6828736500179,2.6004293824493683,1.3747888511586357,1.3747888511586357,nan,33.5060639119363,1,-2.392705763975182e-17,3.148648282866585e-16,0.9579430655938826,0.04205693440611762,sample_2278,uniform,train,33.5060639119363
4.5068913309924406e-17,3.1668910692745262,shallow,52.79315177256384,13.183448794063956,65.9766005666277,2.8532704044492885,1.0940292849997668,0.9407735297651718,16.04244370412438,19.90517819021421,2,1.7681188481633604e-16,1.5077464154273356e-15,0.8001799322662843,0.19982006773371727,sample_2279,uniform,train,96.85309782462035
3.990517146299853e-17,4.633864564553613,medium,21.29298119975534,8.376002044100995,29.66898324385628,3.186107568407052,1.7047985637088563,1.7047985637088563,nan,49.75202909670967,1,1.12621920703164e-17,1.7363031256986072e-15,0.7176848975491802,0.2823151024508216,sample_2280,uniform,train,49.75202909670967
4.2140928747535437e-17,4.4768038812249324,medium,102.78560434917596,29.38590728075373,132.1715116299293,3.3938099880883903,1.459370472765466,1.0684963397400478,6.254598308444757,52.70049968723749,3,9.000567999291869e-17,2.822355072388999e-15,0.7776683725685776,0.22233162743142523,sample_2282,uniform,train,225.10845162381983
4.381944228748132e-17,4.371822082696953,medium,48.79417484826195,16.910105522772866,65.7042803710347,3.114290286784481,1.0992442917639604,0.9550094002339619,6.076183012385325,11.424047636042351,3,-4.1969659876425567e-16,1.838423073764727e-15,0.7426331218106232,0.2573668781893786,sample_2284,uniform,train,111.60075105451251
4.460860884016089e-17,2.572225572920102,shallow,57.883341556556125,5.762291211395901,63.64563276795194,2.168110242404692,0.6491871282329478,0.6491871282329478,nan,26.958583957473678,1,8.974035664997602e-17,1.395505678980943e-15,0.9094628969688341,0.09053710303116728,sample_2285,uniform,train,26.958583957473678
4.36531524220497e-17,4.49996681629292,medium,51.02112868719812,16.031443791822404,67.05257247902041,2.767807690928035,1.491738433197247,1.3367982787438313,5.138093031466052,15.313249870709468,3,1.115925153493641e-16,1.6954880852212891e-15,0.7609123229859935,0.23908767701400815,sample_2286,uniform,train,93.61475196095472
3.726460666634212e-17,2.8702808246072746,shallow,9.133336819940586,10.616438158608883,19.74977497854943,3.6587772470921975,1.4899494460884428,1.4899494460884428,nan,119.83333422024612,1,-2.175732613305605e-16,2.06869229399223e-15,0.4624527028718282,0.5375472971281738,sample_2287,uniform,train,119.83333422024612
4.148316412332428e-17,4.684668324317379,medium,23.738443043560174,8.886304637750092,32.62474768131025,1.8665918985187369,1.6807736240478646,1.5755094758889543,14.014278433083883,18.262884255395278,2,7.269797251629145e-16,5.989295434335758e-16,0.7276207397968392,0.27237926020316144,sample_2288,uniform,train,45.504743142024594
4.524989689468995e-17,5.271508968934416,medium,79.66414733332101,11.407716671232093,91.0718640045529,3.494413972915376,0.8885034241054254,0.846165499188126,7.293833011524187,7.584754846809794,2,7.26508029499052e-17,2.165055160873511e-15,0.8747393962348065,0.1252606037651957,sample_2290,uniform,train,79.72298183782914
4.0807024132943976e-17,4.569692559674631,medium,32.59278961047258,14.528255322350018,47.12104493282253,3.4037481436948034,0.8016996237879427,0.6150069302987087,17.191858538273284,15.239764557606293,2,5.399917949918515e-16,1.4702118095083605e-15,0.6916822336376038,0.30831776636239766,sample_2291,uniform,train,109.9002032540032
4.12791701873855e-17,4.375655631966939,medium,21.89951058547269,9.959282707970369,31.858793293442996,3.5138889048494497,1.1285592445692338,1.1285592445692338,nan,77.2321820608596,1,4.660327036377831e-16,1.951501703355625e-15,0.6873929713458397,0.3126070286541623,sample_2292,uniform,train,77.2321820608596
4.157469643038298e-17,3.8794582344385944,medium,10.219948974604348,11.776528533673615,21.996477508277938,3.521463935091107,1.2738836356794754,1.2738836356794754,nan,109.52165984247735,1,1.2127716104279835e-16,1.1305899202381178e-15,0.46461752663617495,0.5353824733638262,sample_2294,uniform,train,109.52165984247735
4.160160608202956e-17,2.986292408875647,shallow,28.461865142834267,11.295786541130422,39.75765168396464,3.2378195377117445,1.3268569639564685,1.3243169427843346,3.964845520319799,5.581548646167977,2,6.110561502710055e-16,1.2510294093468232e-15,0.7158839603777133,0.284116039622288,sample_2295,uniform,train,90.92507452715165
4.4591526595135154e-17,2.641018760071782,shallow,90.3339398452377,8.290234061469716,98.62417390670728,2.1051184701196433,0.622696564198217,0.6213711859252201,10.093562304756436,13.366859166287135,2,1.911888191779526e-16,1.2788075235663946e-15,0.9159411558740997,0.08405884412590157,sample_2296,uniform,train,44.20974025202075
4.2545072769350475e-17,7.850506276655086,deep,28.685075581810946,12.587361165026268,41.27243674683718,2.8080087845405313,1.1445875675970487,0.6545655292932161,10.603772913449253,20.575910023352762,2,8.108231126273514e-17,8.177559312921153e-16,0.6950177368436857,0.30498226315631516,sample_2300,uniform,train,83.98081278094394
4.361686586249232e-17,6.830486251190459,deep,94.4174070291539,27.06556160163881,121.4829686307925,4.057357577508454,1.3311855997324946,1.094741406160016,13.608820668963201,110.92850986754911,2,-2.306450647009938e-16,1.783917011984339e-15,0.777206945906175,0.22279305409382674,sample_2301,uniform,train,245.5386514964749
3.976238623663246e-17,6.226216428828551,deep,11.067419768928618,5.295565155256089,16.362984924184687,3.0825634368132877,1.3144919696848385,1.3144919696848385,nan,46.40155068635905,1,4.2044486888672833e-16,1.1941540815406187e-15,0.6763692455996118,0.3236307544003894,sample_2302,uniform,train,46.40155068635905
4.590083422542183e-17,5.6080011191705275,medium,74.62045601841307,24.10885015066699,98.72930616907999,3.3887796350072943,0.9804839776616339,0.7562081604013311,11.914696806885186,21.76769239151542,3,-2.5128366905008068e-18,6.477189873986625e-16,0.7558085730960264,0.24419142690397422,sample_2303,uniform,train,181.26763416765777
4.366304420949773e-17,5.686969093433481,medium,33.49337937185693,6.638961144687454,40.1323405165443,1.9225456475981677,1.3747670685842066,1.2544776562090394,5.531726674375732,12.694469864726457,2,3.768322945943469e-17,2.058205227229647e-15,0.834573287796397,0.16542671220360508,sample_2304,uniform,train,36.24144445611212
4.012818260029915e-17,4.3805412159928006,medium,20.52145566338753,7.943951298394177,28.465406961781678,3.0807103024194964,1.1734808083746198,1.0047141677105593,14.741777369096308,7.501245729642052,2,2.8700502096383643e-16,1.060868945606465e-15,0.7209261294222885,0.27907387057771255,sample_2305,uniform,train,52.0538436122472
4.06422276133998e-17,7.713704156609876,deep,26.938137021131585,9.976341294457848,36.914478315589356,2.1374995871360474,1.1105933812081028,0.7576676849128634,9.019977827023743,3.9496448582008097,3,-3.764355221826754e-16,2.0691974417515554e-15,0.7297444864541222,0.27025551354587984,sample_2307,uniform,train,52.41555967494306
4.170705562305583e-17,7.409755149499401,deep,51.15252994425298,23.794872006976778,74.9474019512296,3.5702859861435545,0.9743819778313422,0.8620363334093634,6.708203932499369,23.165082704534708,3,2.659023713191732e-16,2.2279297021167003e-15,0.6825123835185026,0.31748761648149965,sample_2308,uniform,train,206.0006626051836
4.168507904744901e-17,1.3387106947573333,shallow,44.451693139051876,11.34696948212635,55.79866262117818,2.189821919398241,0.901592935935271,0.7906878193098729,10.463269087622658,5.333239704221738,3,7.249996772506273e-17,7.958778741078825e-16,0.7966444185380959,0.20335558146190494,sample_2309,uniform,train,66.62527858485885
4.1959481030108396e-17,6.003836928598943,deep,95.18406936326068,24.851979579276875,120.03604894253724,3.7766317970867913,1.1893646333684356,0.9098797490068965,7.594735018419009,27.25485029573512,3,6.355018697745857e-18,2.6341379960332538e-15,0.79296236590415,0.20703763409585257,sample_2310,uniform,train,197.75511360620595
4.2071798408871845e-17,2.189706349592675,shallow,37.00463205133753,10.738563814780713,47.74319586611812,1.9761240911918223,1.3449841388988348,0.8066918340158874,9.777525249264254,15.496745760490336,3,2.1412400651395543e-16,2.5672479542912306e-15,0.7750765607544631,0.22492343924553954,sample_2311,uniform,train,52.71013219074571
4.307817332289435e-17,5.476780689247047,medium,15.441036644991245,9.161036527976346,24.602073172967565,3.021550044998567,1.1758981341970798,0.7539927390960046,3.9899874686520014,5.633164565625023,2,1.6291204436566814e-16,1.08305313961432e-15,0.6276315226132102,0.37236847738679085,sample_2312,uniform,train,51.00109061073995
3.7165490041033623e-17,3.126805391186368,shallow,6.470833898628726,5.372117777657647,11.842951676286333,2.2392523075774053,1.2549957607802433,1.2549957607802433,nan,34.67625087165335,1,-3.9191878620553594e-16,3.3748367787850887e-15,0.5463869207188917,0.4536130792811117,sample_2313,uniform,train,34.67625087165335
4.394073212515781e-17,6.765450864508716,deep,52.225711880512485,12.455212636693151,64.68092451720555,3.4168958965281906,1.029660363975549,0.8608620540670229,5.861740355901139,5.379773643061668,3,1.0772623208004301e-16,1.2633155017856228e-15,0.8074360759426081,0.19256392405739317,sample_2314,uniform,train,87.27726534576848
4.289635636265674e-17,7.861077908729232,deep,74.36763453242165,19.259572714735437,93.62720724715696,2.9225485579978296,1.2799907503636783,0.6340430097929352,7.255342858886822,24.012136005846447,3,-3.911164200610182e-17,1.3280859529407072e-15,0.7942951276556405,0.20570487234436083,sample_2316,uniform,train,122.71884047546735
4.245617435570863e-17,2.2136211195919078,shallow,8.187382312605948,4.634517134802496,12.82189944740843,2.6014758783969207,0.8153275152521656,0.8153275152521656,nan,33.40015678007189,1,2.0767581984949815e-16,1.0390563699354752e-15,0.6385467571468739,0.36145324285312713,sample_2317,uniform,train,33.40015678007189
3.7633443258296505e-17,2.317707612897113,shallow,9.638457589881899,7.621895287412136,17.26035287729402,2.6875594592044934,0.7367475381185369,0.7367475381185369,nan,57.77927975373087,1,1.3458270713384581e-16,7.718658123744299e-16,0.5584160218741113,0.44158397812588945,sample_2318,uniform,train,57.77927975373087
4.348077480363811e-17,4.012968514043602,medium,50.01051743607058,7.51293993337668,57.52345736944722,2.2266725706127173,1.0958430797162144,0.6990208823016546,8.84081444212014,4.057484932641189,2,1.6625055224507103e-16,6.484918559018758e-16,0.8693934565663461,0.13060654343365447,sample_2319,uniform,train,50.30172926518213
3.9479699897636116e-17,2.7108793211177513,shallow,17.141176563215858,10.377931785251173,27.519108348467,2.1084362225909645,1.3864882909107523,1.1604069098868246,6.424951361683607,20.59534965051429,2,1.670677799451994e-16,1.0973490088201384e-15,0.6228827019452008,0.37711729805480027,sample_2320,uniform,train,59.85713238566237
4.069666370546843e-17,4.365744355042649,medium,12.579443784348788,12.758473503260646,25.337917287609375,3.614186263725726,1.4509185947055245,1.2113407846429602,8.957678270623479,8.167173668796192,2,2.306368845928555e-17,2.313519893321075e-15,0.49646715795778235,0.5035328420422199,sample_2321,uniform,train,127.66910463541882
4.219455650343225e-17,5.997915446616162,medium,18.73432429935228,6.68624241958362,25.42056671893585,2.5412778276027805,1.0837966631002312,0.9034096145632492,10.774042880924505,7.0659306316258474,2,-1.9660941876532536e-16,2.061422443555226e-15,0.7369750842492836,0.2630249157507185,sample_2322,uniform,train,36.5777855637666
3.9673251402230993e-17,7.144152856662393,deep,66.7130975391774,24.540855420127752,91.253952959305,4.307251886456592,1.2802190789508239,0.8605363340868596,5.44426303552648,13.936183532140667,3,2.091497075021303e-17,1.6740829655516223e-15,0.7310707687252553,0.26892923127474627,sample_2324,uniform,train,204.40784159164807
4.399575831467603e-17,6.4216043897097705,deep,33.98115353715929,8.174320231078081,42.15547376823736,2.397287470332608,1.3447539510315842,1.1250190812798904,3.280243893371346,6.077242167939527,3,4.2766053488268355e-16,2.528293501099739e-16,0.806091131224882,0.19390886877511834,sample_2325,uniform,train,38.06263648753974
3.881712757225271e-17,6.843549018761785,deep,12.01309121284308,6.347708218625756,18.36079943146881,2.974328736311775,1.7817214599908127,1.7817214599908127,nan,37.12785004367317,1,-1.8360592538757684e-16,1.4028351144208939e-15,0.6542793116215675,0.34572068837843395,sample_2326,uniform,train,37.12785004367317
4.2357522734547534e-17,3.7030763783164877,medium,62.38387618015958,16.65307194265941,79.03694812281886,3.081412366902465,0.951639642868892,0.6210683766361095,3.5496478698597684,19.010676381053944,3,-9.169739285643929e-17,1.7081013753799296e-15,0.7893001648193531,0.21069983518064864,sample_2327,uniform,train,113.56424305281949
4.554296846597968e-17,2.0843121536007683,shallow,67.29997872062539,13.826593094590537,81.12657181521573,2.3134653103865186,0.8487024565842213,0.6716489697857322,6.059702963017249,3.8177259532449557,3,1.4331985478396774e-16,2.4742611250655684e-15,0.8295676399825749,0.17043236001742754,sample_2328,uniform,train,83.95427598180709
4.602377673017848e-17,2.644026487387432,shallow,74.97489525804164,25.098952544923275,100.07384780296474,3.4719475234211106,1.3206030683027994,0.9533367359119779,5.939696961966998,41.19603353002076,3,-1.2734715035888154e-17,1.8105469270609756e-15,0.7491956880249034,0.25080431197509834,sample_2329,uniform,train,194.81117396120774
4.0076065301501377e-17,2.2284748672142083,shallow,16.416843428891653,5.721068488480251,22.13791191737186,2.1466559830483103,1.3819632368759556,1.3819632368759556,nan,29.821839150697276,1,2.273197726126316e-17,2.0060121817612843e-15,0.7415714494739306,0.25842855052607133,sample_2330,uniform,train,29.821839150697276
4.263860338367016e-17,3.4760329721506737,shallow,45.780079877056835,13.27746625134342,59.0575461284002,2.9661662153007144,1.2066378337911752,0.8005505294985218,6.368673331236262,7.711359665805468,3,1.9973902504901974e-16,9.625089863575041e-16,0.7751774815960673,0.22482251840393375,sample_2332,uniform,train,80.79945107512864
4.1605876395670866e-17,2.0273634328273413,shallow,54.45203406918674,24.595767044950225,79.04780111413685,4.473145406199594,1.6520072066144804,1.5159720715618714,11.760952342391327,91.99320588707582,2,2.0145652271718093e-16,1.4831475353898175e-15,0.6888494468121085,0.31115055318789303,sample_2334,uniform,train,210.47145634698728
4.1079212313450334e-17,6.616026917065902,deep,22.121254794231803,8.413246143538267,30.53450093776997,2.2319156114357392,1.71316927948834,1.6331535806243531,10.280077820717116,4.4500153355654755,2,2.1114533310120265e-16,3.2578224615214252e-15,0.7244675404820089,0.27553245951799443,sample_2335,uniform,train,51.02169687963428
4.048986559708567e-17,6.854066875507285,deep,13.270764223147715,10.34477711694121,23.61554134008887,3.3457655841639014,1.6874505188726374,1.6874505188726374,nan,86.88488606063358,1,-8.757171814221133e-17,2.2565946896818826e-15,0.5619504559321601,0.4380495440678422,sample_2336,uniform,train,86.88488606063358
4.531164377699521e-17,3.843446545326706,medium,65.43261733868475,14.796586617556276,80.22920395624097,2.3683689808608213,1.2312066400508075,0.9027434912687644,4.049691346263319,16.77446143304914,3,2.9146807805873665e-16,7.527948622368245e-16,0.8155710652990319,0.18442893470096883,sample_2337,uniform,train,91.40602298507116
4.5279172333719357e-17,5.204191855938245,medium,311.97661552590665,5.099263524698892,317.0758790506055,2.0275178258443414,1.3338379120950257,1.3338379120950257,nan,34.91263699801619,1,1.1959849308834031e-16,7.002885416256872e-17,0.983917844712858,0.016082155287142,sample_2339,uniform,train,34.91263699801619
4.393466465436879e-17,4.261165931528959,medium,26.45369614323449,3.739656693380971,30.19335283661544,1.8748390547932001,0.9236591603432933,0.9236591603432933,nan,19.637272710637752,1,1.6602175547651046e-16,7.795334373567933e-16,0.8761430466627121,0.12385695333728867,sample_2340,uniform,train,19.637272710637752
4.1713234148975845e-17,5.429710736999012,medium,34.06262249722525,9.122858565528368,43.1854810627535,2.553761042046991,0.905466556067763,0.7331358821074079,7.641989269817121,26.955257910369777,2,1.5329122677742678e-16,2.6325245180530905e-15,0.7887517206935432,0.21124827930645948,sample_2341,uniform,train,57.75249525803895
4.2867412053207615e-17,5.079011015791099,medium,52.98075325300497,14.31024873544076,67.29100198844563,2.4567370045786623,0.9144388200175676,0.6474137479283317,4.368065933568311,7.005489545640178,3,2.3121476175454725e-16,1.504693597268771e-15,0.7873378562872665,0.21266214371273498,sample_2342,uniform,train,84.36350646874719
4.3490046786966417e-17,5.444088751757153,medium,49.804921396222525,13.94141757242375,63.74633896864615,2.9152241260759753,1.4563978646654598,1.0333993258972287,4.664761515876242,10.90697395191352,3,2.754475904214985e-16,1.9784875121918922e-15,0.781298537328069,0.21870146267193294,sample_2343,uniform,train,72.46131712963765
4.31250921416359e-17,1.6755883761418817,shallow,47.6108489345127,7.566146677515421,55.17699561202803,2.88701737460568,0.7539138509585939,0.7539138509585939,nan,62.08642992310146,1,4.2730253036410716e-18,1.7062710907675842e-15,0.8628749790815725,0.13712502091842924,sample_2344,uniform,train,62.08642992310146
4.19178044810903e-17,2.841575895705881,shallow,16.30356623611885,11.33227829794469,27.635844534063466,3.586044578164829,0.613760054240676,0.613760054240676,nan,103.68723062686769,1,1.4442188311145575e-16,2.6996456418348727e-15,0.5899427540932702,0.4100572459067324,sample_2345,uniform,train,103.68723062686769
4.359625506630537e-17,3.3932898686489663,shallow,48.67644114540016,8.574822138664441,57.25126328406453,3.2671860693015686,0.6441068664302754,0.6441068664302754,nan,69.50027723163393,1,3.5126189648296046e-17,1.3031500612419994e-15,0.8502247523147475,0.1497752476852538,sample_2346,uniform,train,69.50027723163393
4.192609821822528e-17,2.2664538766029505,shallow,37.484390175771225,31.005079249074008,68.48946942484513,4.132097310341692,1.3172110162484085,1.024275544458971,9.340235543068491,8.362892699786032,3,4.5134303411275325e-16,1.556172229965498e-15,0.5473015120507482,0.4526984879492534,sample_2347,uniform,train,257.53140484877275
4.585787693642839e-17,4.820220896806146,medium,46.54701459096742,9.119383181697499,55.66639777266487,2.576213573105138,1.4750949818616355,1.291459151390954,9.587491851365508,12.53537494795644,2,1.2058143536979434e-16,8.615904132988186e-16,0.8361779539078502,0.16382204609215067,sample_2348,uniform,train,50.198619177199284
4.0004428994191986e-17,7.212094382543208,deep,29.000053731554328,10.601638965023792,39.601692696578,3.5994941040727784,0.8112687415306166,0.8112687415306166,nan,91.40848189011949,1,3.761138573740071e-16,3.05017934472419e-15,0.7322932874043597,0.26770671259564327,sample_2349,uniform,train,91.40848189011949
4.6376889189601405e-17,6.590675237787492,deep,76.41817080366954,17.35617044432145,93.77434124799088,2.7988421487584834,0.9556315696415005,0.6685536266178504,5.885575587824864,8.042709342971856,3,2.540444792683479e-16,1.2123448291784379e-15,0.8149155705778611,0.18508442942214012,sample_2350,uniform,train,122.75478068191791
4.218431319804312e-17,5.73015779357976,medium,33.21153009509272,12.481783643736977,45.69331373882961,2.932670058270495,1.5853191182825004,1.473132776947929,5.628498911788116,32.1571090804033,2,3.040481212457259e-16,1.904906385825231e-15,0.7268356653868588,0.27316433461314304,sample_2351,uniform,train,87.61996125444651
4.222654676365152e-17,3.4057146013137025,shallow,40.47833846246452,12.008039575312713,52.486378037777115,2.603853427365828,0.9573177751968287,0.7868739423695524,6.861486719363375,14.630776882397262,3,3.7112305764086344e-16,2.2675580348515376e-15,0.7712160750229364,0.2287839249770658,sample_2352,uniform,train,59.03694743460745
4.219743605498093e-17,6.649620554762377,deep,30.74606337023024,11.702078557761347,42.448141927991486,3.293945829567871,1.5689114559104715,1.5219333972938411,5.21536192416212,5.086816876151977,2,-5.131857646140233e-16,2.3434708443814546e-15,0.7243205938763465,0.2756794061236558,sample_2353,uniform,train,80.53453748939502
4.4124085257339974e-17,3.061342570972848,shallow,21.608532434920686,7.0734712514710685,28.682003686391738,2.3572487226198646,0.842898317667404,0.842898317667404,nan,54.86619421919656,1,7.721229690361458e-18,5.883616137427999e-16,0.7533829460168754,0.24661705398312525,sample_2354,uniform,train,54.86619421919656
4.027120087553092e-17,4.499279827902097,medium,21.66986995721183,11.77851210983571,33.448382067047504,4.002850995054867,0.8006477499949043,0.8006477499949043,nan,90.40855613879408,1,-1.1930826133457509e-16,1.0621481396855199e-15,0.6478600344188377,0.35213996558116334,sample_2355,uniform,train,90.40855613879408
4.0406227220591576e-17,6.490258398466381,deep,32.52403499058302,20.734835387590234,53.25887037817312,4.126353723809179,1.3418276218787466,1.0180042044914597,14.002856851371437,37.72253088905684,2,-2.1524840776835043e-16,2.468141084897857e-15,0.6106782731147115,0.38932172688529104,sample_2356,uniform,train,173.94021803160774
4.3994405114637424e-17,6.571165452268709,deep,53.19640742002561,10.422031374252136,63.618438794277665,2.892740242264039,0.7507105526103572,0.6280765461609099,8.630179604156567,5.524657454417625,2,3.1794249047220794e-16,1.2285699305881317e-15,0.8361790768246659,0.16382092317533536,sample_2358,uniform,train,72.9081283094266
4.0008073051137595e-17,1.8506937436862252,shallow,11.885439447301765,6.87667703241772,18.762116479719463,2.2670261196586425,1.7772975077447808,1.7772975077447808,nan,48.804310444133726,1,-4.1051356724944923e-17,1.1834731181050178e-15,0.6334807408401443,0.3665192591598569,sample_2359,uniform,train,48.804310444133726
4.2107208598233354e-17,5.731687106298981,medium,51.154095713210324,24.033683903249912,75.18777961646006,3.1727184266185886,1.459489820987523,1.191886296229203,5.585696017507576,50.67190915173169,3,1.1945486500521527e-16,2.3153093647563227e-15,0.6803511950233426,0.3196488049766597,sample_2362,uniform,train,157.35711151714523
4.236800075895714e-17,6.616082395183538,deep,52.218233520753294,10.996870704936047,63.21510422568921,3.211007167433341,1.4703373351287905,1.4607718677437278,13.00615239031129,6.108386758795848,2,-3.0333336994366283e-16,2.079414527995036e-15,0.8260404560012252,0.17395954399877686,sample_2363,uniform,train,77.94244375690556
4.475052629149874e-17,4.251424658218078,medium,58.32830551152338,11.756713799833973,70.08501931135717,2.7945448994427142,1.3175407576397182,1.267573758760833,5.549774770204644,20.517367130845255,2,6.519872536236741e-17,2.6106114581404795e-15,0.8322506875884012,0.16774931241160143,sample_2365,uniform,train,76.30766792117123
3.9032287888564345e-17,3.6613331393464565,medium,29.353844837743036,10.934962479923264,40.28880731766617,3.6028186582043684,1.7707459635983924,1.7707459635983924,nan,91.14201654790376,1,-8.258365848572104e-17,3.262702841490646e-15,0.7285855996256241,0.2714144003743792,sample_2366,uniform,train,91.14201654790376
3.9553520629531135e-17,3.0748134686480673,shallow,17.650334681262496,6.976840058057098,24.627174739319518,2.670998446975716,0.7093235438198402,0.7093235438198402,nan,48.32474368072423,1,-1.4859931460444674e-16,3.101587774591855e-15,0.71670156516501,0.28329843483499306,sample_2367,uniform,train,48.32474368072423
4.0501839481661076e-17,5.389019651808803,medium,18.369375347975268,13.522196430234853,31.891571778210032,3.7457025258162906,1.2226860665952466,0.9126243451946399,6.846897107449474,7.772857786078032,2,5.84960789582306e-17,2.7849941855389347e-15,0.5759946695548626,0.4240053304451402,sample_2368,uniform,train,102.54608105509968
3.8573856644671246e-17,7.021163230108669,deep,22.408931195459953,12.87339950088063,35.28233069634055,3.4343560957382424,1.203178809528754,1.0436481341518713,3.929376540877701,3.810148138380536,3,8.29802950705323e-17,9.062446408201957e-16,0.6351318281188318,0.36486817188116905,sample_2369,uniform,train,88.18751241500775
3.993089729669216e-17,5.717235023114746,medium,27.662694729798016,12.791444539949245,40.454139269747145,4.0603264678734154,0.7950330591529269,0.7950330591529269,nan,95.6758743733123,1,-9.146030645127112e-17,2.854175039817575e-15,0.6838038141250241,0.3161961858749787,sample_2370,uniform,train,95.6758743733123
4.432570037825124e-17,5.8307955549309405,medium,61.919043820150975,6.911150743630776,68.83019456378163,2.1093238629414572,1.6278523854422624,1.4791704530520202,18.217573932881407,15.053128801420257,2,-1.1678358886298636e-17,1.729123519032486e-15,0.8995912943813281,0.10040870561867357,sample_2373,uniform,train,32.89802917242789
4.336322968847293e-17,8.284377987696892,deep,11.963095427710495,8.046823770487551,20.009919198198013,2.770419775812581,1.7766633379825842,1.7766633379825842,nan,53.27721870964637,1,4.1700539471845415e-16,1.6867024606298348e-15,0.5978582576579234,0.4021417423420783,sample_2374,uniform,train,53.27721870964637
4.060213231649239e-17,2.0807508738888836,shallow,16.738671520449117,6.4576428975125,23.196314417961545,2.1522774548243313,1.2045371569942103,1.2045371569942103,nan,41.76220094190672,1,-1.0934846235420911e-16,3.0631708251458575e-15,0.7216090978439188,0.2783909021560843,sample_2376,uniform,train,41.76220094190672
4.3969546436173e-17,3.551994900927996,medium,52.077925903618315,6.393090646339822,58.471016549958115,2.5356554389733246,1.0621231341911295,0.7418557641929417,5.667450926121902,5.300121755740405,2,1.54615677647154e-16,3.645615097967418e-16,0.8906622285097867,0.10933777149021366,sample_2377,uniform,train,29.23608242578854
4.461189677686598e-17,4.404047732456387,medium,131.70753587769826,15.786832871670887,147.494368749369,2.3151819410877006,1.0387766910854486,0.7956895558510548,4.870318264754367,13.881559483185882,3,2.295316309047091e-16,1.0959636883500636e-15,0.8929665382785112,0.1070334617214898,sample_2379,uniform,train,93.49588294955188
4.207450892566568e-17,3.865164287512224,medium,13.994474968205903,8.65211363303742,22.646588601243298,1.7056102738528653,1.3967065647406656,1.3386259825514317,16.144348856488453,11.358982925474244,3,2.4911050542102357e-16,1.0981343013507207e-15,0.6179506862873646,0.38204931371263656,sample_2380,uniform,train,35.29657079171327
4.4471484779462485e-17,4.6360340455546485,medium,62.69874171123882,7.239771799645876,69.9385135108846,1.929050781216714,1.3875306023403502,1.119706003206221,26.798507421123293,8.051893550543527,2,1.933792021749079e-16,1.2699418033268567e-15,0.8964837621474604,0.1035162378525409,sample_2381,uniform,train,38.120935460002
4.363658188978374e-17,5.22017315004659,medium,7.442582092160073,2.923796555719439,10.366378647879499,2.222383225379968,0.9390729957389544,0.9390729957389544,nan,16.236821721692124,1,-2.141989548097878e-16,1.3280207074211022e-15,0.7179539109043153,0.2820460890956861,sample_2382,uniform,train,16.236821721692124
4.150952327866255e-17,2.116644915378456,shallow,19.769784327370267,9.070097249976461,28.839881577346695,2.188905113556019,1.2117798371589843,0.9546515554057491,14.898322053170956,14.455395902071396,2,2.7460609720716877e-16,1.1702815026506733e-15,0.6855015778878629,0.3144984221121383,sample_2383,uniform,train,58.38622672760406
4.3532072308795e-17,6.206952205419729,deep,35.37747945705192,5.507592854194453,40.8850723112463,2.022571386682885,1.7604968241533872,1.7604968241533872,nan,34.6577357629242,1,-8.64966853251607e-18,1.824797732699333e-15,0.8652908618513218,0.1347091381486801,sample_2384,uniform,train,34.6577357629242
4.328484993025483e-17,3.1652345952122394,shallow,31.812980441135185,3.102311660819731,34.91529210195485,1.6425341425304998,1.4138109674189523,1.4138109674189523,nan,18.56230167942663,1,-2.087924822251354e-17,1.9714521455458714e-15,0.9111474808298691,0.08885251917013286,sample_2386,uniform,train,18.56230167942663
4.02857633316319e-17,6.104070148702969,deep,9.318922049275798,8.45924875479423,17.778170804070005,2.9549000177265556,1.056158906028568,1.056158906028568,nan,62.80800469897033,1,1.326352333409649e-16,1.2989322223699525e-15,0.524177776891557,0.47582222310844435,sample_2387,uniform,train,62.80800469897033
4.4682297494705195e-17,8.009982196792437,deep,82.82519253583365,12.247063933465508,95.07225646929894,2.3146858867222893,1.4063553357031395,0.8715871757221842,8.480566018845677,5.587452246030888,3,-1.18434156026798e-17,2.354219517622458e-15,0.871181516161656,0.1288184838383464,sample_2388,uniform,train,76.43733884589733
4.377744272807197e-17,8.39064664954793,deep,39.79274554165976,6.276827261946138,46.06957280360582,1.9412674504216831,0.8484609496747075,0.6216840442909214,11.47170431975999,2.7953016531219603,2,1.8287493030788608e-16,1.6772789025702215e-15,0.8637533000641417,0.13624669993585997,sample_2389,uniform,train,33.43925040964527
4.0654458717598016e-17,1.6626625589778787,shallow,23.90897938892563,10.579592530679312,34.488571919604894,2.547332008593666,1.1869196678926808,0.7168579143741268,11.435033887138244,26.865416159526518,2,1.4117646298259996e-16,1.3906529610912408e-15,0.6932435313546474,0.3067564686453539,sample_2391,uniform,train,61.148408674702644
4.0963830689707775e-17,2.1494177176260636,shallow,38.3844804990148,18.70648928991618,57.09096978893084,3.937877415233798,1.169999074204252,0.9871939024656163,14.244999122499095,31.80590211774116,2,-5.936433580570221e-17,2.426930808593194e-15,0.6723389117565318,0.32766108824347057,sample_2393,uniform,train,126.76944337900727
4.3338601170659425e-17,7.780934108913801,deep,45.98937371413443,14.875678650106952,60.86505236424124,3.1356937322982628,1.5736045900310895,1.2838229736571958,3.924283374069718,7.039273670662929,3,1.0350204774898988e-16,2.393183857940749e-15,0.7555957306816283,0.244404269318374,sample_2395,uniform,train,87.71839903720786
4.220762091909217e-17,1.6574565028019943,shallow,49.14146656438632,20.94746559287905,70.08893215726532,3.3737399075171415,1.1652367512268935,0.849628172642464,7.699350621968063,25.36245027236461,3,4.99675002738622e-16,7.096411654782394e-16,0.7011301934822299,0.2988698065177708,sample_2396,uniform,train,132.72501877858343
3.9387232189523893e-17,8.179319893660443,deep,17.58022341887966,7.640335395513623,25.220558814393215,2.3313790707633633,0.8308947105574058,0.8308947105574058,nan,53.07955699054273,1,-5.0426369707160023e-17,2.6412333671010315e-15,0.6970592344229397,0.30294076557706295,sample_2397,uniform,train,53.07955699054273
4.335709324318902e-17,5.557901206122699,medium,26.91937533039938,7.417208983889735,34.33658431428904,1.7016175479089606,1.5032087113965895,1.0534232016880138,7.46993975879324,6.49838547367083,3,-1.2226350082430682e-16,2.121079655121726e-15,0.7839852410478984,0.21601475895210376,sample_2398,uniform,train,26.718714092523594
4.3762952915285094e-17,2.3939689187535462,shallow,84.92887011039197,14.129346252670025,99.05821636306189,3.116885464088644,1.277407405172037,0.8982811761732259,6.802940540677979,9.48336305001614,3,1.6805646287365828e-16,1.0759471982957942e-15,0.8573632075012947,0.14263679249870645,sample_2399,uniform,train,74.92412105886582
4.2236329706208014e-17,8.352851648882275,deep,18.2554266698187,4.993414997308156,23.24884166712681,1.697328357602092,0.9686559373405476,0.8257476963008232,19.524343778985248,7.520700532234802,2,-1.548382694629166e-16,1.9101562830891136e-15,0.7852187619149794,0.21478123808502253,sample_2400,uniform,train,20.27310174771886
4.235778277148695e-17,6.629066237369018,deep,16.858652926356108,16.119387788245348,32.9780407146014,3.3705235642169695,1.6401586129744956,1.610008493291113,4.312771730569566,44.38380282296641,2,1.1551524172426537e-16,1.723674834194742e-15,0.5112084454093038,0.4887915545906979,sample_2401,uniform,train,123.80045069251312
3.982623573666942e-17,4.630933279189422,medium,22.190257925675482,12.559801099636049,34.75005902531146,3.253128717289774,1.5149980850362719,1.5033304331285637,17.9030723620277,7.942103229324502,2,-1.0799998587172215e-16,2.0958419196457034e-15,0.6385674887490812,0.3614325112509209,sample_2402,uniform,train,90.39829893185464
4.007110810435001e-17,6.689584050594534,deep,33.92097452680468,13.110345104181274,47.03131963098581,3.57283380122248,0.959999139367218,0.959999139367218,nan,113.282543700734,1,-4.3695775378090705e-17,2.9460332935658115e-15,0.7212422443799855,0.2787577556200175,sample_2403,uniform,train,113.282543700734
4.093481913952168e-17,2.2773256743646964,shallow,25.702283487531275,7.18071672363761,32.88300021116883,2.8432081107814953,1.5196680461626104,1.5196680461626104,nan,42.27932114852223,1,1.371064441082795e-16,1.75566696803108e-15,0.7816282979799819,0.21837170202001988,sample_2404,uniform,train,42.27932114852223
4.150784235990663e-17,6.5066085496999495,deep,11.231561506389689,4.945542162511862,16.177103668901527,1.7909209950043603,1.6279180383026928,1.4853416772836971,21.549013898552296,10.298325670679704,2,-3.909987884215162e-16,1.4823925112134581e-15,0.6942875397393274,0.30571246026067406,sample_2405,uniform,train,21.83277159013664
4.156139238990352e-17,2.8661860993929067,shallow,14.946054331481502,10.373397751011193,25.319452082492703,3.3139794515341383,1.1625483680816713,0.8411217726715591,10.788883167408944,10.330222948683272,2,9.771786400942993e-16,2.8063116588980594e-16,0.5902992798890797,0.40970072011092,sample_2406,uniform,train,89.85056774490134
4.262011078994264e-17,5.751546659890872,medium,107.93265457087014,15.947550987384549,123.88020555825456,3.6014787190636413,1.0107069147283205,0.8480897542810146,6.5176682947201305,3.4380784319600406,3,1.3101716869263757e-17,1.0611090409742992e-15,0.8712663502977068,0.12873364970229426,sample_2407,uniform,train,122.97286253236105
4.2021290234657614e-17,6.378713935147872,deep,40.86177523816599,17.58315040399368,58.44492564215957,2.883444927598374,1.223749201837306,0.690339994140556,7.934733769950947,23.744335364343254,3,1.2975853664187568e-16,1.7628339082169045e-15,0.6991500936856376,0.3008499063143641,sample_2408,uniform,train,107.5571664906109
4.600994429830723e-17,1.6544817293460305,shallow,36.69396213048647,11.895655124678084,48.5896172551645,2.796562690427353,1.065037892538983,0.869619341021497,4.800000000000001,5.275095445043544,3,2.2794787076387514e-16,1.1333092362557104e-15,0.7551811313472805,0.24481886865272062,sample_2411,uniform,train,60.73047241162115
4.0291214007930856e-17,2.69265414107507,shallow,38.19651617590312,12.201683627621385,50.39819980352443,3.509926862582721,0.6862054999426099,0.6763711415623512,12.809371569284734,3.715741263669839,2,-9.235333759668697e-17,1.5508431102363538e-15,0.7578944550561502,0.2421055449438514,sample_2412,uniform,train,92.92489382983652
4.2456542023349525e-17,4.155463487296914,medium,25.23467273391781,8.291363256471016,33.52603599038876,2.416548191592645,1.293875991824431,1.00779021118994,18.86796226411321,10.454224168448171,2,-1.309415407825991e-16,1.9074383335012187e-15,0.7526888279053355,0.2473111720946664,sample_2414,uniform,train,39.29766208636614
3.55604306330378e-17,2.391080328904568,shallow,10.935341890562283,7.633953313166783,18.56929520372903,2.362002725687315,1.5772585539069146,1.5772585539069146,nan,55.198819851219895,1,-3.625919149168377e-16,1.9132194516930592e-15,0.5888937501713194,0.41110624982868255,sample_2415,uniform,train,55.198819851219895
4.2485530609972155e-17,3.747603464442408,medium,22.380243732851692,7.5134183811951605,29.893662114046837,2.887671278543706,1.3780087296306318,1.3780087296306318,nan,70.8444934643933,1,-3.5504734236417836e-17,5.348027114780951e-16,0.7486618282988943,0.2513381717011063,sample_2416,uniform,train,70.8444934643933
4.087693859656572e-17,5.200156050083086,medium,65.11894128989132,23.53054573284834,88.64948702273954,3.8045914581064895,1.3605452793058708,0.9312809317248544,6.305553108173778,16.44499519521184,3,5.267662556085614e-16,1.4427347154756904e-15,0.7345664760946403,0.2654335239053612,sample_2417,uniform,train,187.80527093901276
4.0842643530735464e-17,4.351488667779145,medium,47.26882550070097,18.022779170664716,65.2916046713656,3.9413000694870806,1.2445681912820037,0.7606997159245055,8.143709228600931,13.686341090934683,2,3.7215331071924397e-16,1.251499561447407e-15,0.7239648303732266,0.27603516962677466,sample_2419,uniform,train,152.15829558860395
4.278692703766669e-17,1.811120165611829,shallow,41.033506470693744,12.341845177991962,53.375351648685644,2.0738580973919674,1.296166499134508,0.9946207356164994,9.840731680114036,16.114542303439823,3,1.2525569543182561e-16,1.1648164828632047e-15,0.7687725739171628,0.2312274260828383,sample_2420,uniform,train,58.63608079668156
4.3452693450454043e-17,7.482704503985209,deep,68.01415278097211,11.485440832947068,79.49959361391907,2.402535650144694,1.6842990067969648,1.4878372482095332,6.118823416311343,2.453496307684087,3,1.6409210777875555e-16,1.3183092989580406e-15,0.8555283076197253,0.14447169238027596,sample_2421,uniform,train,60.40397250523531
4.2885709311386455e-17,6.714593293993115,deep,45.01499743037795,11.453602570662719,56.46860000104055,2.894796825672212,1.0429533954488681,0.6079972655212071,8.002499609497022,13.241888661136661,2,-2.1269172322030212e-17,2.1705624349879173e-15,0.7971686464610148,0.20283135353898737,sample_2422,uniform,train,81.36493909642381
4.562777863550583e-17,8.3615344346256,deep,166.79122300115057,6.155626939821483,172.94684994097213,2.303789345700552,1.1739257148713227,1.1739257148713227,nan,51.21732659262045,1,1.0164468683420364e-16,4.4165790889097373e-16,0.9644074064261794,0.03559259357382015,sample_2423,uniform,train,51.21732659262045
4.172453886913365e-17,3.7116336197242754,medium,41.54797396462036,17.98924907365793,59.53722303827824,3.2767963205393817,0.9322125041260257,0.7705794723125853,3.111269837220808,9.334331273700041,3,1.0290657280999254e-16,8.354100000806048e-16,0.6978487044635578,0.302151295536443,sample_2424,uniform,train,121.97563152698365
4.140039296644475e-17,5.931007910070669,medium,13.097427229917038,11.92899982303004,25.026427052947025,3.8451905570091034,1.2173758007541988,1.2173758007541988,nan,100.77864343307756,1,6.656594253063618e-16,2.1293772806347195e-15,0.5233438717483537,0.4766561282516484,sample_2425,uniform,train,100.77864343307756
4.5088886287273536e-17,3.479447405319611,shallow,108.1182183449727,9.358202419742494,117.47642076471499,3.376901444128888,1.6441230391134125,1.6441230391134125,nan,67.0750308821,1,4.031214060088819e-17,1.7842738626591497e-15,0.9203397383166351,0.07966026168336673,sample_2426,uniform,train,67.0750308821
4.1041031495190964e-17,1.8349207974991206,shallow,61.398859958920916,14.07798227719673,75.47684223611758,3.440161766175877,1.033654783983329,0.8909367721419827,10.970870521521984,40.62426938070636,2,-1.6026372924568894e-16,9.17869835093055e-16,0.8134794479986871,0.18652055200131384,sample_2427,uniform,train,112.9635203670791
4.2862615693714406e-17,2.9557288735028737,shallow,14.056323809853396,7.298881275853362,21.355205085706725,2.0421334964001003,1.343556377184197,1.1604409799600321,15.328405005087776,5.169862152485225,2,-1.6923629128544886e-16,1.5388567516450561e-15,0.6582153509385611,0.34178464906144046,sample_2428,uniform,train,40.84297405706117
4.1374973467998724e-17,7.250183274393031,deep,48.20042825854863,22.279969461619565,70.48039772016806,3.6552175521318078,0.7351995849376148,0.6737016223281822,4.874423042781575,5.35745339899081,3,6.010899877373153e-18,1.915470459324433e-15,0.6838841694668248,0.3161158305331771,sample_2429,uniform,train,171.12662145897758
3.9283072972761834e-17,1.4595010820922383,shallow,12.857863331612709,10.613854645455817,23.47171797706852,3.7199820290506276,1.0621066888068413,0.6339051320321207,10.916043239196153,2.802867782911273,2,3.8778493166104116e-16,3.0272293508906706e-16,0.5478023953838671,0.45219760461613323,sample_2430,uniform,train,91.45713335447743
4.141205244130671e-17,2.9473329227669325,shallow,23.365190798139928,8.493798866011272,31.85898966415117,2.9571361369968034,0.6668592162999507,0.6668592162999507,nan,58.16390946587192,1,2.0751928746758602e-16,8.921095656208173e-16,0.7333939664895037,0.2666060335104972,sample_2431,uniform,train,58.16390946587192
4.1302857822145776e-17,2.138050310015398,shallow,15.809280784889593,7.048350110745121,22.857630895634678,1.9066248474959115,1.0249223318768474,0.6811287065879191,7.445804187594515,4.952489936630188,2,2.460241807836683e-16,1.5542790480001118e-15,0.6916412666331413,0.30835873336686026,sample_2432,uniform,train,33.984984600981136
4.4915031625254205e-17,2.3226937926009956,shallow,113.4867786770199,8.530121920976148,122.01690059799589,2.0028464644740196,1.2569686098245043,0.9245589685148594,5.858327406350728,6.073752002951873,3,-1.547514721108087e-17,1.3248039541505765e-15,0.9300906523672501,0.06990934763275125,sample_2433,uniform,train,39.56250676136711
4.1328627112071196e-17,3.4599249420031164,shallow,20.433655438816555,10.098266874945518,30.531922313762045,3.576780421969831,1.7364121764244338,1.7132884394419836,20.25833161936096,5.296952515419694,2,2.2160102399501046e-16,8.727047159750421e-16,0.669255451026948,0.3307445489730529,sample_2434,uniform,train,103.87203740613096
4.328985526384046e-17,4.4403013788671,medium,55.06009511695845,9.733779376565517,64.79387449352386,2.5549361247085773,1.5219040893182987,1.2814378226545942,8.944271909999161,21.140700948106353,2,4.033092789497936e-16,1.6723458513697252e-15,0.8497731544431982,0.15022684555680346,sample_2436,uniform,train,53.61713470629779
4.4817716939484854e-17,7.440080422219765,deep,78.20693581304067,6.012033876007216,84.21896968904785,2.2216731857759604,1.1065019262760378,1.1065019262760378,nan,34.512472228175774,1,3.791319535508974e-17,4.218424532997474e-16,0.928614255218216,0.07138574478178451,sample_2438,uniform,train,34.512472228175774
4.1743336331833686e-17,4.689206964484116,medium,20.14516142014774,9.455508071400791,29.600669491548505,2.628362918482484,0.7916565969950875,0.6056410075006818,15.750555545757745,2.498894113849434,2,5.552422974495215e-16,9.001604709856803e-16,0.6805643847312145,0.3194356152687864,sample_2439,uniform,train,50.34339250952761
4.271065015338316e-17,6.409480686409809,deep,176.106786898668,31.536067711191347,207.64285460985897,4.220992229094942,0.9204825739445351,0.81871617574431,5.477225575051661,11.924807738906418,3,1.3631918867970835e-17,1.7623024380203118e-15,0.8481235110620867,0.15187648893791503,sample_2441,uniform,train,277.7989789741451
4.19152110721703e-17,2.32711914559457,shallow,40.40499189170146,11.277364340395234,51.68235623209659,3.511815637817958,1.0118011866938186,1.0118011866938186,nan,90.57473750207414,1,9.989454631425906e-17,1.9934984431152934e-15,0.7817946943101738,0.2182053056898282,sample_2444,uniform,train,90.57473750207414
4.3640669518940604e-17,7.26304764266219,deep,13.57019344976975,13.292486372579651,26.862679822349328,3.932442368753103,1.3665432391006012,1.3665432391006012,nan,123.71981220250883,1,-1.71940202348948e-16,2.7112198372262297e-15,0.505169012902412,0.4948309870975907,sample_2445,uniform,train,123.71981220250883
4.069483329378528e-17,3.3027563347222584,shallow,4.804068103539128,5.2176701494074385,10.021738252946546,2.7849429949316695,1.346058466261229,1.346058466261229,nan,34.15627452022532,1,3.295765483452422e-16,2.0383792848607577e-15,0.4793647551238587,0.5206352448761433,sample_2446,uniform,train,34.15627452022532
4.242273772799554e-17,3.763791619509401,medium,30.6665493854506,16.143824524354297,46.81037390980481,3.3999681342674433,1.3136576921047634,1.2383386211017022,10.533755265810957,49.1249870800418,2,-3.395725230953842e-16,1.8973965501995044e-15,0.6551229316078427,0.3448770683921592,sample_2447,uniform,train,114.99262741454586
4.5060224176045836e-17,3.551814386672029,medium,97.15373042222365,6.205706788696253,103.35943721091975,2.6097240441726837,1.4885044735162465,1.4885044735162465,nan,35.472876983278866,1,8.784476324730116e-17,1.4350484105988393e-15,0.9399599402226575,0.06004005977734398,sample_2448,uniform,train,35.472876983278866
4.6384085573989806e-17,3.10989061475518,shallow,92.91085080612824,22.9659775120524,115.87682831818056,3.337080376913485,1.087506682418706,0.7528305115537737,5.688585061331157,33.81490555566705,3,4.629242278616389e-16,7.051661302641229e-16,0.8018069889780625,0.1981930110219382,sample_2449,uniform,train,172.9116590573497
4.234933187462304e-17,4.2964214856577865,medium,27.711355071217756,6.607127909422485,34.318482980640184,2.2324662579603793,1.7057101788542242,1.645311598657289,11.781341180018513,9.540826054556119,2,2.1210429112282897e-16,1.6822304561969075e-15,0.8074761080450539,0.1925238919549478,sample_2450,uniform,train,28.72565996257287
4.126234474535738e-17,7.970977396056831,deep,34.057799053937124,10.588656462021332,44.64645551595844,2.4672058327357296,1.306563690495167,0.6146909761993078,5.817215828899594,7.064465751419481,3,3.6442902115290697e-16,2.7851030349670565e-16,0.7628332117375699,0.23716678826243034,sample_2451,uniform,train,63.678036016926654
4.4148648288411775e-17,7.679522356966386,deep,36.70404749151551,5.23235121177436,41.93639870328979,1.933342708416349,1.2323376324656263,1.2323376324656263,nan,30.2701897761709,1,-3.906044088573606e-18,1.927305126140242e-15,0.8752312698857516,0.12476873011425031,sample_2452,uniform,train,30.2701897761709
4.2987108423033727e-17,1.9440047018269784,shallow,23.93244636802481,14.821801268054834,38.75424763607959,2.5481424421440257,1.1135875497728975,0.970138313564524,3.4698703145794942,5.73058848434333,3,2.5973789946633574e-16,1.3750932719022705e-15,0.6175438262345231,0.38245617376547836,sample_2454,uniform,train,106.16642258121217
4.236841247818262e-17,5.044815943875839,medium,10.746682122234896,5.764651949074929,16.511334071309808,2.4391482112935243,0.953177405454861,0.953177405454861,nan,32.166097237064626,1,4.780049799126688e-16,1.0220488484710122e-15,0.6508669787566345,0.34913302124336654,sample_2455,uniform,train,32.166097237064626
4.301594092007081e-17,5.597632530177923,medium,24.670754108510934,13.07803505644908,37.74878916495996,3.6531764877248265,1.2904182059665605,1.015030579605906,6.403124237432849,4.651868494372516,2,8.366657109838361e-17,1.4587769101882443e-15,0.6535508728690929,0.34644912713090864,sample_2456,uniform,train,116.15530614313926
4.163661635529578e-17,1.9082179546911309,shallow,25.768930990217584,6.53864898043808,32.30757997065565,2.2793680588271226,1.4370676996259353,1.3030976927302207,11.492606318846914,9.770248006204701,2,-2.933873890989308e-16,3.573873210741543e-16,0.7976125421224061,0.2023874578775943,sample_2457,uniform,train,26.39438892630183
4.3155079952594784e-17,5.928706838080508,medium,14.145645096134789,13.033706656696921,27.179351752831636,3.238529331586954,1.4121738944041837,1.3656089725862006,23.712443990445188,40.080142263408256,2,1.9368378972129012e-16,2.744987736767405e-15,0.5204555732150988,0.47954442678490394,sample_2458,uniform,train,95.77098645269616
4.279009327459685e-17,1.8655486723753127,shallow,61.073263325509586,16.69418258339453,77.76744590890401,4.1580880108505465,0.9213172633155842,0.6598475032582074,6.251399843235112,6.105689053450032,3,-6.210386280474194e-17,1.3705144757983103e-15,0.7853319935059997,0.21466800649400167,sample_2459,uniform,train,122.80233062651386
4.1229638471536e-17,5.294938349050752,medium,26.908462689559745,11.282801212485573,38.191263902045264,2.7004033842555017,1.4420387709565259,1.292129740213936,9.088454214001407,33.73836587257968,2,3.2133905313044076e-16,1.3953637491204794e-15,0.7045711490087321,0.2954288509912693,sample_2460,uniform,train,83.47691410648463
4.111315799004994e-17,1.7210073031244395,shallow,54.02710777723119,19.177000059602378,73.2041078368335,4.04527318533639,1.3427115405737446,1.1195247688097552,6.327716807822551,12.59398700976915,2,8.812203992725132e-16,8.735690947965137e-16,0.7380338258838368,0.2619661741161641,sample_2461,uniform,train,166.58421667165064
4.1454399530770635e-17,4.970847129237595,medium,46.391654215882,20.26233057148703,66.65398478736894,3.3502941825453405,1.3528959222248178,1.1894505745228452,10.4575331699211,17.93490968161412,3,2.8587063323033633e-16,1.3325211126288683e-15,0.696007213430296,0.3039927865697053,sample_2462,uniform,train,138.36302453526974
4.29882917717238e-17,5.4662879612410205,medium,25.0999752155868,7.053446141445219,32.15342135703195,1.6291634955206895,1.4598018637732733,1.221419875737455,9.333809511662427,8.147939230423013,3,-3.670444504497218e-16,2.0441122681159146e-15,0.7806315519856003,0.21936844801440175,sample_2463,uniform,train,28.11401234242245
4.3241770900798385e-17,5.779715320387232,medium,38.654248618561255,10.274662120892843,48.92891073945403,2.782381362886045,1.084119937160251,0.8929875300191346,14.696938456699069,14.971853210431647,2,1.7898289505984715e-16,1.343279506216587e-15,0.7900083618128093,0.209991638187192,sample_2464,uniform,train,65.32692571203495
4.439509831378601e-17,2.356608646465044,shallow,81.06595172542256,11.899195661754575,92.965147387177,3.081716382676188,1.4722249465813022,1.2570825477418057,7.573638491504597,4.852436020091548,3,-9.998544430622206e-18,1.528621759294081e-15,0.8720036917470027,0.12799630825299882,sample_2466,uniform,train,70.38615448435064
4.0227857531549845e-17,1.3234402723442782,shallow,9.63430887869663,10.64363399182198,20.277942870518565,3.364727900648097,1.0644634160638398,0.6226346928252219,6.029925372672534,2.912329305526207,3,8.989426471225537e-18,2.277611595974746e-15,0.47511273407834853,0.5248872659216537,sample_2467,uniform,train,79.52020353164605
4.1699830078945457e-17,2.1096433512132213,shallow,13.975904713749994,6.702265069233866,20.6781697829838,2.9633895047062047,1.3886930270294897,1.3886930270294897,nan,51.47108500982094,1,-1.8837895594416462e-16,2.877815335904528e-15,0.6758772589850218,0.3241227410149811,sample_2468,uniform,train,51.47108500982094
4.3053546894423463e-17,3.698618585647725,medium,81.54660430935478,25.404638708076984,106.95124301743162,3.6775449431848437,1.0981940114580733,0.8727114723454656,4.874423042781576,23.309312721306217,3,3.262430895925881e-16,1.2955046576750565e-15,0.7624652319007061,0.2375347680992952,sample_2469,uniform,train,220.28492310560486
3.757398090428055e-17,4.67020006176968,medium,7.219710517073658,7.175642401593682,14.395352918667315,2.4080773465501366,1.7270345585011544,1.7270345585011544,nan,48.91613795493018,1,3.8796492894683553e-16,1.6658721371676843e-15,0.5015306368565252,0.49846936314347645,sample_2470,uniform,train,48.91613795493018
3.9744207321116564e-17,6.337480498908883,deep,94.71116563539458,33.8764253610166,128.58759099641097,4.18674825923875,1.0584771990920736,0.6883621793572338,13.566134305689296,70.62936160385495,3,1.031173979189925e-16,1.6577246612698396e-15,0.7365498093672046,0.263450190632797,sample_2471,uniform,train,336.5743000285466
4.4181370127099374e-17,3.384913761890231,shallow,76.24859658025322,19.65252279618463,95.90111937643776,2.8565892763488634,1.2834207706348377,0.9302971171106029,9.427618999514138,32.19872068224546,3,-2.5524835706056864e-17,9.261397838473452e-16,0.7950751469433522,0.20492485305664868,sample_2473,uniform,train,127.29329897229871
4.290201235741222e-17,6.545846685399337,deep,30.968577632571474,17.949132016486082,48.917709649057436,3.5361604632692507,1.0710052982200546,1.0319243995893026,16.85941873256608,31.860363113809175,2,-1.901678986843187e-16,2.4692951887117738e-15,0.6330749713088456,0.3669250286911569,sample_2474,uniform,train,140.20377917411614
4.046223467631192e-17,8.11006151624454,deep,53.91005912319232,28.14730739489618,82.05736651808837,4.025013804877748,1.2774030528344,0.9576437294738971,7.884161337770811,106.25429101047034,2,-1.6964810221897222e-16,1.5586375466805264e-15,0.6569801275709795,0.3430198724290221,sample_2475,uniform,train,265.02143418745226
4.283302259349897e-17,2.0566282340539717,shallow,60.578746090830414,13.69710435171951,74.27585044254975,2.8160255833547447,1.1243438561222499,0.9536429368271135,11.357816691600549,8.376942461103601,3,1.2690192201745403e-16,2.2959044637842865e-15,0.8155914167241524,0.1844085832758499,sample_2476,uniform,train,78.04369354545763
4.360157216299503e-17,4.997028909591829,medium,26.81502391309065,5.825043129858906,32.640067042949546,2.1405619739293114,0.6585765699860875,0.6585765699860875,nan,41.08393445442544,1,2.721156402346636e-16,2.449016347540804e-16,0.8215370353806567,0.17846296461934352,sample_2479,uniform,train,41.08393445442544
4.3791824073090325e-17,1.6957316735756056,shallow,48.16508489846084,18.3838152512899,66.54890014975062,2.264488326670601,1.1583095267501595,0.7621814720755196,9.783659846908007,28.22470920790745,3,-8.285823730848714e-17,1.7617053194958905e-15,0.7237547846783059,0.2762452153216959,sample_2480,uniform,train,124.63142547288584
4.428490733960168e-17,5.413561853331075,medium,56.66742348065018,15.16689973280649,71.83432321345664,2.9087726267299936,1.2536125953109012,1.182378299778535,4.422668877499196,11.716453984479552,3,3.0178607335197953e-16,3.7092787123262424e-16,0.7888627740288188,0.2111372259711816,sample_2481,uniform,train,93.82534935185635
3.762139982514913e-17,5.438846688123483,medium,8.492483851950107,10.805804883804225,19.298288735754287,3.3948449147392625,1.7144207476824667,1.7144207476824667,nan,86.37626102975514,1,-4.153673016600456e-17,2.3011843999788984e-15,0.4400640890099198,0.5599359109900826,sample_2482,uniform,train,86.37626102975514
4.3612166668747915e-17,4.909714806935242,medium,34.16746978020438,15.476384267951355,49.643854048155724,3.326275817004911,1.3455551675760635,1.232370881587093,6.468384651518495,25.209356248290675,3,4.0230925762467785e-16,1.7891004571050648e-16,0.6882517571472415,0.3117482428527586,sample_2485,uniform,train,117.34109498882856
4.688731855810506e-17,4.553088757063583,medium,120.91642846236128,3.9187603145988006,124.83518877695997,2.003300337043232,0.8249746643685615,0.8249746643685615,nan,20.904517958066155,1,-1.5395173660419086e-17,9.213676566522288e-16,0.9686085281482593,0.0313914718517417,sample_2486,uniform,train,20.904517958066155
4.003731192974249e-17,3.1864208437942767,shallow,82.22453954151122,30.101740946299753,112.32628048781078,4.117725095319123,1.2195967745306548,0.9454763392352843,4.289522117905444,23.480797869936925,3,2.8207251562132837e-18,1.7395684383516245e-15,0.7320151542846993,0.2679848457153024,sample_2487,uniform,train,249.80881538185307
4.236002987347231e-17,3.789175751293103,medium,11.773769247502342,7.010018068160047,18.783787315662373,3.385608433694948,0.6791397302922668,0.6791397302922668,nan,52.71167065599397,1,7.35191925772963e-17,8.511175774052623e-16,0.6268048636647994,0.37319513633520146,sample_2488,uniform,train,52.71167065599397
4.182353942806914e-17,7.012018324037054,deep,73.93603737559896,24.94257124083497,98.87860861643368,3.2094797476623387,0.9144932133571566,0.671394368016158,8.435638683585259,44.6850015963337,3,7.240918037014174e-17,2.479173678385404e-15,0.747745527674332,0.25225447232567044,sample_2489,uniform,train,182.29468544259618
3.9999997614321516e-17,2.302706613200021,shallow,20.14718236490087,13.906003747010377,34.053186111911195,2.986185068189174,1.6439679237668023,1.515380551196181,16.546903033498445,31.704039280544876,2,1.5579299925975557e-16,1.5649256726485097e-15,0.5916386883356488,0.4083613116643528,sample_2490,uniform,train,97.09987970768961
4.4241179046724984e-17,4.162399404383249,medium,75.42708850413692,9.058537225085127,84.48562572922198,2.3009722610232166,0.9806096111184478,0.8627803382731802,14.133647795243805,18.717735300066312,2,-2.2856345403148868e-17,7.779453900058666e-16,0.892780136894318,0.10721986310568273,sample_2491,uniform,train,43.8108182741481
4.1263269707671753e-17,4.2336391983364985,medium,35.13048034430188,9.831069342968284,44.96154968727012,2.3476807312286567,1.1817965664771024,0.834342489187921,8.854377448471464,19.969803790142116,2,1.6509747444188884e-16,9.48200505590591e-16,0.7813449622766964,0.21865503772330463,sample_2492,uniform,train,65.91664592493632
4.204210347246064e-17,7.523856489272849,deep,3.10686219712516,2.9108764529238043,6.017738650048964,2.0323715110457847,0.9970188534878995,0.9970188534878995,nan,17.408100015197455,1,3.851278509987262e-16,1.4759338538121765e-16,0.5162840026460572,0.4837159973539429,sample_2493,uniform,train,17.408100015197455
4.182333426287081e-17,3.8945962620124037,medium,37.57055288249635,12.647656784643443,50.21820966713972,2.3628192059265665,0.9253211181624854,0.7837286198367203,17.47455292704223,29.689282939322386,2,5.874879994050364e-17,1.5210288180423168e-15,0.748146003840528,0.2518539961594735,sample_2496,uniform,train,84.94536478179937
4.283413834123272e-17,4.592621955454837,medium,16.85287494650716,9.912540983154747,26.765415929661888,2.9304591016477888,1.044825876220791,0.9479598736604353,12.671227249165726,11.459356920819575,2,8.6040845394143435e-16,7.300437730821242e-16,0.6296511509776509,0.3703488490223498,sample_2497,uniform,train,76.53605320148132
4.302383022696192e-17,7.402602359128111,deep,22.100581434806035,16.797574760521744,38.89815619532771,3.366587274276855,1.3873074766792943,1.167117245417609,12.320714265009151,3.37122242805838,3,1.4010233032100446e-16,1.8266745914436112e-15,0.5681652704520908,0.43183472954791113,sample_2498,uniform,train,120.11918986330002
4.372949260236788e-17,5.792404639958635,medium,44.93497105397831,5.519964562459422,50.454935616437574,1.9510682660298004,1.6527850812428744,1.6527850812428744,nan,31.110429361659666,1,-5.989399665370522e-17,3.1158018212930976e-15,0.8905961429735542,0.10940385702644892,sample_2499,uniform,train,31.110429361659666
4.158043273695278e-17,4.80559373922287,medium,64.4845650851043,26.120762125160983,90.60532721026503,4.313590070426818,1.4364649483069447,1.0123935387801006,12.930583900195689,37.00835084039647,3,-2.1675729519135176e-16,2.705550008868154e-15,0.7117083186009242,0.28829168139907846,sample_2500,uniform,train,262.7320456221016
4.373230946808575e-17,7.800817756123237,deep,20.284666496423572,12.573578039556807,32.85824453598034,3.692767996900212,0.6897955805798348,0.6897955805798348,nan,124.43244591838986,1,2.264190401016804e-16,1.1893468753028605e-15,0.6173387161390048,0.3826612838609964,sample_2501,uniform,train,124.43244591838986
4.1934039678695195e-17,2.299255104248707,shallow,69.99019953711667,22.437865885177345,92.42806542229381,3.309275316284522,0.7767639933029987,0.705301139342098,4.749736834815165,33.14380679970993,3,2.3093867889499387e-16,2.1525060067398152e-15,0.7572396892365867,0.2427603107634155,sample_2502,uniform,train,169.8406592771479
4.3627845259254286e-17,2.3711225112658205,shallow,34.78433393035319,18.273783649285896,53.058117579638974,3.221196455661215,0.7977842896618118,0.6983451143830943,12.784365451597512,5.107705846033078,3,4.0436453884140403e-16,2.1426850952820704e-15,0.6555892956085887,0.34441070439141347,sample_2503,uniform,train,125.82414571158073
4.259929291281737e-17,2.030747948714177,shallow,41.61402715990134,13.732955903806245,55.34698306370743,2.890354276049284,1.3189972878737273,0.763661637670479,9.410632284814874,17.892368143278023,3,-9.87262626480369e-17,2.8564476319268454e-15,0.7518752578076623,0.24812474219234057,sample_2504,uniform,train,75.843127709287
4.148536650470332e-17,1.7981833567781116,shallow,86.25399124673554,25.083939767813344,111.3379310145487,3.4434221170833186,0.9000909158802256,0.6355846385730134,5.888972745734185,4.737590617832219,3,3.9608316615611637e-16,1.627373492284039e-15,0.7747044557120842,0.22529554428791737,sample_2506,uniform,train,194.5669299263181
4.04660043961077e-17,1.785610760671084,shallow,90.04977740137292,25.006332155779308,115.05610955715204,4.095974696822393,1.38106766076798,1.3500579207799035,7.833262411026457,9.406661552616924,3,2.1206509793035568e-16,1.636539126006994e-15,0.7826596757701278,0.21734032422987382,sample_2507,uniform,train,206.77645384110036
4.049817823007416e-17,3.6302300597605752,medium,25.978453785054572,15.406124020184546,41.38457780523905,2.919137609283429,1.1489512026097626,0.6177706100916438,14.49413674559475,33.88925225282977,2,-2.5822003650536417e-17,1.7169263852442869e-15,0.627732724671311,0.3722672753286907,sample_2508,uniform,train,91.78329618843784
4.2135931243863215e-17,7.5281381400827,deep,40.25557561435174,17.000709156413063,57.25628477076475,3.2668191197161196,1.4399925612376685,1.3621742750003156,12.989226304903616,47.21464234305791,2,1.023477783861316e-15,9.307398374757617e-16,0.7030769770606278,0.2969230229393731,sample_2509,uniform,train,127.2882194151737
4.3359120332030645e-17,4.777249933503731,medium,77.4209114045995,13.383710660534677,90.80462206513403,2.243006787495722,0.8715637922850887,0.755820876539969,5.433231082882449,8.520600582085875,3,-1.6516502549878328e-16,1.5845548466487956e-15,0.8526098082217178,0.14739019177828372,sample_2510,uniform,train,76.41239170321994
4.0654619125067374e-17,2.462089667294994,shallow,15.172055856589836,10.984041508896107,26.15609736548587,3.8187532377734357,1.019746445700264,1.019746445700264,nan,94.79084764468921,1,-2.1470996268288924e-16,2.7844609001767026e-15,0.5800580891173022,0.4199419108827006,sample_2511,uniform,train,94.79084764468921
3.9213885472046986e-17,6.162842390244897,deep,12.526900997463377,7.449306869580498,19.976207867043833,2.5027734399446895,1.5574277729569774,1.5574277729569774,nan,51.514633058330396,1,2.373777666588737e-16,2.1341670265626327e-15,0.6270910415449719,0.3729089584550303,sample_2512,uniform,train,51.514633058330396
4.4591032624457445e-17,5.64521123272223,medium,64.28406098435491,8.025399886956793,72.30946087131163,2.183276228588303,1.2042763518607043,1.1994608543658107,5.817215828899596,6.843679234471996,2,5.545948188167479e-17,1.0072074876208268e-15,0.889013141707149,0.11098685829285203,sample_2513,uniform,train,50.436469494684324
4.312064794974992e-17,2.914529607927655,shallow,31.76771528785293,7.854804727485971,39.62252001533886,2.0434036027286977,1.3512815721212759,0.9519681266709765,8.411896337925237,10.493793170292088,2,-9.704659916420724e-17,1.098384013648253e-15,0.8017590823489991,0.19824091765100205,sample_2514,uniform,train,46.23350723019593
3.8326677790782375e-17,5.510019697405502,medium,16.926510148389614,10.433146960646107,27.359657109035652,3.1563305004912507,1.4053034704021536,1.209085920260088,6.936858078409853,6.313001639329525,2,-7.184482553379976e-16,2.532119333971127e-15,0.6186667501326089,0.38133324986739375,sample_2515,uniform,train,68.27140267100957
4.0500605784186085e-17,6.525602068467582,deep,9.385914373665305,10.371305435510774,19.757219809176043,3.6573826614104936,1.0591121545308337,1.0591121545308337,nan,75.72575832220939,1,1.0654983973544084e-16,1.798185024570349e-15,0.4750625069882611,0.5249374930117406,sample_2516,uniform,train,75.72575832220939
4.35523228116549e-17,3.1231114798154627,shallow,18.047488991538494,13.499844792348636,31.54733378388706,3.5469357500298404,1.1263537396633885,1.0452732956415978,19.816155025635023,12.490339349481248,2,-1.0732426126839067e-16,2.2523067737756432e-15,0.57207652206591,0.42792347793409224,sample_2517,uniform,train,103.90086447653259
4.0987707004186045e-17,2.0490895902585975,shallow,4.291893075415581,4.74952510894866,9.041418184364225,2.2620828047688946,0.6686510089706464,0.6686510089706464,nan,25.418196713369582,1,4.683746529822125e-16,1.7682194572362259e-15,0.47469246393643927,0.5253075360635625,sample_2518,uniform,train,25.418196713369582
4.0377931023007295e-17,5.988698674379685,medium,45.650011533949794,14.704441814266426,60.35445334821609,3.4059518463427496,0.9767625104744155,0.6189173640436367,5.396295025292816,7.787297247042218,3,9.778700672185296e-18,2.1485415256445377e-15,0.7563652556104061,0.24363474438959604,sample_2519,uniform,train,113.36939352261273
3.617080205407253e-17,2.4325879401475268,shallow,8.194850526875967,6.66833815094315,14.86318867781908,2.1966344125271506,1.546534032073203,1.546534032073203,nan,44.3978519097721,1,2.7586256810735623e-16,2.5097907613239634e-15,0.5513521159228413,0.4486478840771612,sample_2520,uniform,train,44.3978519097721
4.071542985451807e-17,1.7894960759905258,shallow,64.23677719081132,22.38807672080009,86.6248539116113,3.716880299394867,1.3450227738299958,0.7995561554722862,9.939818911831342,13.405419266281198,3,-2.542551662836696e-16,1.35341701724592e-15,0.7415513480271619,0.25844865197283945,sample_2521,uniform,train,169.13670139473166
4.053134412889595e-17,3.1323399520354758,shallow,24.531852357204716,13.284261973119794,37.81611433032441,4.022005605314541,1.4730904143232757,1.4730904143232757,nan,121.88132996328392,1,2.6726914528859733e-16,2.6305183588533077e-15,0.6487142529483215,0.3512857470516811,sample_2522,uniform,train,121.88132996328392
3.8430119698926607e-17,7.9926923199653785,deep,4.019672066914962,4.427538039670347,8.447210106585292,2.1058861005884624,1.405443152068559,1.405443152068559,nan,24.121790137988963,1,1.970688126346349e-16,2.102891744122044e-15,0.4758579479136311,0.524142052086371,sample_2523,uniform,train,24.121790137988963
4.1559949597258165e-17,6.892585361673516,deep,94.14167418024554,24.91520396977566,119.05687815002099,3.8565440556602653,0.9943739489687915,0.6056607930092565,5.772347875864721,19.10224681063978,3,1.1875151899926556e-16,1.790428440929118e-15,0.7907285630454686,0.2092714369545332,sample_2524,uniform,train,197.11501213328862
4.427363418791616e-17,6.068735081423576,deep,26.18663545477116,7.871243002975871,34.05787845774698,2.9347066355698384,1.6705574141912853,1.6705574141912853,nan,52.063121684550254,1,1.1368611100366663e-16,1.4864745608190238e-15,0.7688862794920983,0.23111372050790313,sample_2525,uniform,train,52.063121684550254
4.0662604698732575e-17,4.970186436228213,medium,8.696346744906059,7.540690702449083,16.237037447355117,2.3617470507539635,0.8849399638129533,0.8849399638129533,nan,55.18089680629905,1,4.898457298488845e-16,1.4769207381368492e-15,0.5355870350796428,0.4644129649203587,sample_2526,uniform,train,55.18089680629905
3.7339456758143205e-17,8.34829726660128,deep,12.536572504869001,10.001221155232852,22.537793660101805,3.842077776851521,0.8297773578914739,0.8297773578914739,nan,103.62389543826087,1,2.0194478516526045e-16,2.1280536767319982e-15,0.556246662558733,0.4437533374412691,sample_2527,uniform,train,103.62389543826087
4.634489670740149e-17,1.7333621209441135,shallow,5.627257796657777,4.302737700475258,9.929995497133014,1.850456088588792,1.565155038759812,1.565155038759812,nan,26.541469258733542,1,1.0092103146258065e-16,2.1466557642405214e-15,0.5666928850352931,0.43330711496470903,sample_2528,uniform,train,26.541469258733542
4.3060756730634975e-17,4.5729929302041565,medium,34.47550646665085,16.06431269359699,50.539819160247724,3.5936133869315308,1.253832930954771,0.6953533176531734,5.77581163127746,3.397332203912134,3,-2.546358197802509e-16,2.2494508213641734e-15,0.6821454259133496,0.3178545740866527,sample_2529,uniform,train,137.6427261745517
4.0573701921315883e-17,6.423838242659277,deep,52.5877496101652,24.55700718301098,77.14475679317609,3.7628450091489016,1.3162683809270639,0.6570711517553919,16.37681287674742,5.546468337414158,3,2.1220578911904278e-16,1.1973666064753704e-15,0.6816762641582,0.3183237358418012,sample_2530,uniform,train,211.84411166334175
4.360802283272385e-17,2.46569352218539,shallow,18.872799797149383,11.370872942486788,30.24367273963611,2.5892738303246494,1.3500483259389235,1.0221946067056114,35.198295413272504,26.748754850554704,2,6.335719490090683e-16,1.9969840653795936e-15,0.6240247326977411,0.3759752673022609,sample_2531,uniform,train,76.48760798123847
4.5747002364107987e-17,5.224313022674205,medium,75.74892497953756,4.748282000478976,80.49720698001653,1.7351646602373,0.9019029065238455,0.6340442639882431,16.022484201895782,2.4009799072545484,2,7.61402303396941e-17,1.2137020628711721e-16,0.9410130838246633,0.058986916175336856,sample_2532,uniform,train,24.284172925434458
4.1465322351345156e-17,3.534900393368369,medium,40.04209135054994,11.040246875712127,51.082338226261975,2.6676396700519094,0.7124309947354723,0.7072379422408981,10.091580649234292,27.41296738535571,2,1.2542091190158787e-16,1.7734935783115216e-15,0.7838735018978413,0.21612649810216045,sample_2534,uniform,train,72.82946818293742
4.3160540721097146e-17,5.314421830105003,medium,12.214507136978224,2.472067628699979,14.686574765678197,2.147727990656895,1.3646038125224074,1.3646038125224074,nan,16.95858471676876,1,2.1491793438256708e-17,4.2332872280269747e-16,0.8316784091497581,0.16832159085024234,sample_2535,uniform,train,16.95858471676876
4.38561006022856e-17,2.074394327234727,shallow,15.450480387577736,11.295250751083493,26.745731138661178,3.5384561881007532,1.2898263358174344,1.2898263358174344,nan,92.05901200529972,1,-1.109341421119844e-17,1.926077401867801e-15,0.5776802401652777,0.4223197598347242,sample_2537,uniform,train,92.05901200529972
4.140713997864996e-17,6.919743609899536,deep,18.16615397911213,11.882258381565444,30.04841236067755,2.700042483672844,1.2111830280090796,0.9014914040395148,18.00888669518469,41.181822851621035,2,3.8559193368068486e-18,8.867474351447879e-16,0.6045628554700289,0.395437144529972,sample_2538,uniform,train,84.88685634917633
4.210133487433599e-17,6.112163903146024,deep,23.93612131571031,11.648968404488162,35.58508972019841,2.366256164901734,1.2825939947173943,1.1039110682130313,6.384355879804949,6.506651705865072,3,7.341516199347027e-17,1.6972314251417255e-15,0.6726446807895486,0.327355319210453,sample_2539,uniform,train,69.83018516878289
4.321373341913415e-17,4.508283300610483,medium,60.578924564558285,13.224731171024931,73.80365573558306,3.760252882630003,1.1415431231629096,1.1415431231629096,nan,111.5946811730414,1,-1.5955617173143737e-16,2.0699067907386585e-15,0.8208119768700195,0.1791880231299826,sample_2540,uniform,train,111.5946811730414
4.346026734648088e-17,1.9215260855836402,shallow,24.706913387772005,4.022531612803751,28.72944500057572,2.1504768093739157,0.9426884209558322,0.9426884209558322,nan,23.413680949219128,1,-1.4560470173394458e-16,1.2675258852712051e-15,0.859985752849625,0.14001424715037628,sample_2541,uniform,train,23.413680949219128
4.30478393437911e-17,8.122610021893948,deep,46.06291942656092,16.06835521906853,62.13127464562936,3.4077920139634825,1.3206156179568622,1.0759516981794184,5.188448708429138,14.631778134153869,3,7.171180477572514e-17,1.3723383075194967e-15,0.7413805638027615,0.25861943619723987,sample_2543,uniform,train,112.84759826153804
4.3913124241452264e-17,2.104844052393373,shallow,27.689397476466073,11.45357607699629,39.14297355346232,2.4744847163986687,1.2711336211074395,1.0963885582652948,17.67031408888931,26.53127429868601,2,8.638501373551136e-17,1.134531103630939e-15,0.7073912624100286,0.2926087375899725,sample_2545,uniform,train,80.07675252101865
4.1407683946715546e-17,1.563671342116244,shallow,30.336419937227934,10.777109745582724,41.113529682810594,3.1644452403943726,1.382718037521191,1.03557710180332,7.881624198095213,14.316946754400297,2,-3.36824631384817e-18,1.555420969976844e-15,0.7378695084385195,0.26213049156148205,sample_2546,uniform,train,70.88268215734102
3.943789839183168e-17,3.758052552310138,medium,15.741917942825255,5.892145097358355,21.634063040183598,2.0928437083925586,1.122098806815555,1.122098806815555,nan,38.397150836253175,1,3.121908185315403e-16,5.747647981197815e-16,0.7276450065614517,0.2723549934385488,sample_2547,uniform,train,38.397150836253175
4.437557079897907e-17,1.7144659377494138,shallow,44.39716295952036,15.50612978752942,59.90329274704965,3.829015932933983,1.2057929085800576,0.7492847103616569,14.380542409798041,6.5494415802104555,2,3.2930207088774814e-16,2.1943769714076814e-15,0.7411472879628475,0.2588527120371547,sample_2548,uniform,train,119.72199075425428
4.3206084825702656e-17,5.634470898766121,medium,31.673370956062055,5.760157088040038,37.433528044102104,2.590809443242833,1.312406034933849,1.312406034933849,nan,34.38268535125162,1,1.9892976297923976e-16,3.0844860368219624e-16,0.8461230509383526,0.15387694906164712,sample_2549,uniform,train,34.38268535125162
4.216690239047798e-17,5.238551683977452,medium,13.806006013836381,6.535008894327507,20.341014908163864,2.6213379468025604,1.2357188010165259,1.2357188010165259,nan,41.54388864215622,1,-2.1200713648238293e-16,1.1789390765491589e-15,0.678727491040545,0.3212725089594562,sample_2550,uniform,train,41.54388864215622
3.948152074586607e-17,8.195515156909336,deep,15.868078912159966,5.947561683736845,21.815640595896774,2.3121970680981057,1.0230875193252262,1.0230875193252262,nan,34.67807816199079,1,2.2498850201825404e-16,1.7099426195360745e-15,0.7273716690741842,0.27262833092581756,sample_2551,uniform,train,34.67807816199079
4.062557668469432e-17,4.923843939124624,medium,21.773674244344956,7.300815209875988,29.07448945422088,2.3303785044149605,1.370257301630244,1.370257301630244,nan,53.01124528285883,1,-1.4415185013669579e-16,2.1689346565483398e-15,0.7488927459458439,0.25110725405415824,sample_2552,uniform,train,53.01124528285883
4.2336056187725184e-17,5.75773082230047,medium,31.90160757591123,11.62068127209365,43.522288848004855,3.929467771424935,1.0518785060015312,1.0518785060015312,nan,110.96327420993752,1,1.05081258085405e-15,5.305933930279006e-16,0.732994711912392,0.2670052880876086,sample_2553,uniform,train,110.96327420993752
4.4154642206929166e-17,4.738622586196691,medium,52.549258972752796,17.882920221475146,70.43217919422783,3.336860094363133,1.370917527314112,1.1243904761732808,12.691729590564085,27.994876906834758,3,4.1084114414926813e-17,1.6141320490468806e-15,0.7460973034476178,0.2539026965523838,sample_2554,uniform,train,127.74498123794399
4.295513022621877e-17,4.8387525821879045,medium,28.60111506956438,13.51611268478918,42.117227754353465,2.5106051796816296,1.6664419124911631,1.5823528129282463,6.232174580353154,11.73141601179996,3,-3.1159732711735056e-16,2.2353539752739718e-15,0.6790835150969312,0.32091648490307106,sample_2555,uniform,train,64.6883738652484
4.1517792913576733e-17,4.31113199809527,medium,12.80145818176394,3.4569115133732993,16.258369695137215,1.7061330293560308,0.8909701630410248,0.8909701630410248,nan,20.80306285340073,1,-1.0614189010268631e-16,1.420353906647241e-15,0.7873764972629932,0.21262350273700822,sample_2556,uniform,train,20.80306285340073
4.615465510199813e-17,4.61610107999193,medium,134.33000684162187,27.971947890005612,162.30195473162718,4.057487931924951,1.3674285154106052,1.056510675965806,6.723094525588646,38.491215463215205,3,3.0990065565936993e-16,1.8606101398925217e-15,0.8276548921652974,0.1723451078347045,sample_2557,uniform,train,218.86293057404419
4.346720882389713e-17,3.8241111327096853,medium,21.345296519298746,7.668670191190234,29.013966710488948,2.052199729377687,0.7717285998912311,0.6665324854434056,17.01881311960385,7.109747173991697,2,4.840554400087234e-16,1.1020355619848877e-15,0.7356903911929467,0.26430960880705445,sample_2558,uniform,train,43.312991172348305
4.2245082214673e-17,1.6265648509090425,shallow,46.95283684250529,21.776324777352436,68.72916161985756,3.426369649347489,1.242791775297265,1.1024688582165338,9.923708984044222,78.95976596129285,2,9.071794132383976e-17,2.37780914786549e-15,0.6831574216226064,0.316842578377396,sample_2559,uniform,train,166.76978212761148
4.4294649907067984e-17,1.9122937316707849,shallow,102.46857802401807,10.203887547674263,112.67246557169214,2.740958616366576,1.4472680096912316,1.257763848986557,12.68384799656634,10.296971354915732,2,3.225602767288126e-17,1.702692292050336e-15,0.9094376119675711,0.09056238803243062,sample_2560,uniform,train,72.52673173997088
4.350281727115743e-17,7.55814595696944,deep,37.66871070298559,16.201033956794145,53.86974465977964,2.650094972569333,1.182079501909828,0.7914301800138047,6.029925372672533,23.072015067491268,3,9.148133176416343e-17,1.7806520141023054e-15,0.6992554158347422,0.3007445841652597,sample_2562,uniform,train,93.20647489446999
4.2748100057132895e-17,4.244456027436553,medium,31.243212832608606,5.14226332343031,36.38547615603885,2.2252263849136673,1.2728068054902126,1.2728068054902126,nan,25.468271096767396,1,1.0321337834072803e-16,1.855178687444671e-15,0.8586726390118495,0.1413273609881523,sample_2563,uniform,train,25.468271096767396
4.1639940613315684e-17,4.417765783851178,medium,22.711588316190838,9.47483269152173,32.18642100771251,2.5757587941697393,1.3835646722328494,1.3818444606366995,16.581917862539303,7.104317248427613,2,1.9904737278053267e-16,1.766068331958598e-15,0.7056263978759455,0.2943736021240563,sample_2564,uniform,train,52.63004165166357
4.012718472248432e-17,6.683789639228222,deep,48.88982139961774,22.22387920625442,71.11370060587207,3.4199861274572263,1.3333074782981147,1.0472720663638242,3.8262252939417967,26.132469175129373,3,3.9499023895649577e-16,1.2489554222787637e-15,0.6874880787118082,0.31251192128819305,sample_2565,uniform,train,148.23103239864676
4.3743926365896787e-17,4.559952661550849,medium,55.17381969983349,24.1038912293314,79.27771092916473,4.040234809348475,1.5896129467908306,1.3251896320775693,4.565084884205332,38.592631331228,3,1.2547753142568851e-16,2.0166086239405875e-15,0.6959562663096029,0.30404373369039905,sample_2566,uniform,train,199.02754410512676
4.355993747751495e-17,2.1974996797381774,shallow,7.2307635546576785,6.560824738126397,13.791588292784072,1.9903606402731202,1.033664590487583,0.6133739666493261,9.297311439335571,6.179187311639287,3,4.095523404814612e-16,2.576000387612589e-16,0.5242879501007801,0.47571204989922017,sample_2567,uniform,train,29.603201526240984
4.465783227165373e-17,1.7658587498620257,shallow,38.47378007698,13.007259668673731,51.48103974565371,3.231013386628026,1.5939559576354285,1.4255616211750182,14.494136745594753,32.877001717186744,2,5.253752688418068e-16,3.7955576130438227e-16,0.7473388312874576,0.25266116871254274,sample_2569,uniform,train,124.667096213878
4.461383598032364e-17,4.270466921341199,medium,51.87184044522883,9.42147738751105,61.29331783273977,2.1499143865783137,1.0944765013105402,0.9635299529080316,11.315476127852508,18.702859580599434,2,1.772018244885684e-17,1.796837370483924e-15,0.8462886702720069,0.15371132972799487,sample_2571,uniform,train,53.265935867558056
4.5374992060692544e-17,7.609179034115978,deep,86.5519298019624,6.521037457646058,93.07296725960832,2.1791811011174165,1.365601376917406,1.365601376917406,nan,43.34795170439937,1,3.450004138697589e-17,1.507765299038886e-15,0.9299362892400669,0.07006371075993457,sample_2572,uniform,train,43.34795170439937
4.57120900844138e-17,1.6546867358447948,shallow,43.259112767340696,12.703721191197392,55.96283395853804,2.7080003559451575,1.0294991005478207,0.6818764151038053,12.004998958767137,43.72854623592959,2,5.796787321138226e-16,8.25284828474277e-16,0.7729971787953175,0.22700282120468335,sample_2573,uniform,train,90.16929334095336
4.223135872212692e-17,2.811496888603528,shallow,23.764674237981716,15.390716429476218,39.15539066745784,3.0459520403833826,1.5531682961769169,1.3940108067336552,6.254598308444755,2.586465116118116,3,3.195014597771408e-16,2.4498100438399057e-15,0.606932374645737,0.3930676253542654,sample_2576,uniform,train,99.65493292489568
4.144691293384055e-17,6.620682037032319,deep,39.40878209025499,18.4285477069679,57.83732979722281,3.4004369797526803,1.0293794210410876,0.6194614262672271,10.10346475225207,21.50154717994788,3,3.543539776149865e-16,1.4127971484661301e-15,0.6813727782458465,0.31862722175415487,sample_2577,uniform,train,133.15674145648126
4.487861714033828e-17,6.389301372596066,deep,76.79640397186284,16.19351560669893,92.9899195785616,3.959391633989676,1.3117247503864757,1.0711564528759823,6.086049621881174,6.759642542840768,3,4.1909504333860346e-17,1.910268174712758e-15,0.8258573006613064,0.17414269933869556,sample_2578,uniform,train,111.74267882276672
4.3023450569112584e-17,4.452672918529921,medium,39.02161691372794,17.293804800496854,56.31542171422472,3.0265389281526143,1.0339510395883653,0.7124133973835729,4.390899680020027,8.953284168070017,3,1.9493744497468095e-16,1.3248056213341919e-15,0.6929117411522724,0.30708825884772895,sample_2579,uniform,train,114.13133767096038
4.285998773760873e-17,2.6771309405978467,shallow,34.667346249996804,11.76693779622569,46.434284046222416,3.157435668578092,1.0693501943238304,0.8409332447833031,14.440221604947759,20.529159336945416,2,-9.780092713186639e-17,1.6832326058006611e-15,0.7465894427377762,0.2534105572622255,sample_2580,uniform,train,76.70666317523435
4.4635423529418536e-17,3.9313917025407386,medium,104.11913963850931,14.441660875477124,118.56080051398625,2.9840342399339383,1.0428528211767254,0.8097925004372382,7.843468620451031,8.020114378239121,3,2.729079174809227e-17,1.5432145672518635e-15,0.8781919419161369,0.12180805808386462,sample_2581,uniform,train,102.04833355143585
4.078299989656423e-17,1.9184213759581163,shallow,59.3063097816469,16.74756502141526,76.05387480306209,3.9182355915220217,1.04978133668217,0.8648245469620379,5.035871324805668,29.338715282722816,2,2.6879539516185112e-16,9.809754920180173e-16,0.7797934021799388,0.22020659782006224,sample_2582,uniform,train,124.41670098384269
4.230890228670562e-17,5.656704404483299,medium,14.633706349512513,11.523353724841847,26.15706007435432,1.8632564974165793,1.1359787142496167,0.6112790140513491,6.5604877867426925,7.640156904167447,3,7.88646391628306e-17,1.5619571614725623e-15,0.5594553175285981,0.4405446824714034,sample_2583,uniform,train,58.33113042589266
4.3090750767161667e-17,2.090809368367892,shallow,66.09082779507224,14.679772970261837,80.77060076533394,3.142307376114577,1.044610208158942,0.8290452478549146,7.969943538068512,2.641309769438674,3,-3.7392087843920247e-16,1.759409312367178e-15,0.8182535126498387,0.18174648735016308,sample_2585,uniform,train,104.8338941178449
4.238219805182783e-17,2.015084809261942,shallow,75.87555886734178,34.083253096009926,109.95881196335145,4.3408467714557055,1.1737584763558777,0.73858208094169,12.745195173083856,38.50371080045515,3,3.122815023346369e-16,2.326283635720719e-15,0.6900361827538716,0.30996381724613076,sample_2586,uniform,train,280.7594259821767
4.521856982028212e-17,6.358102553625042,deep,54.79789410984981,3.477244425054537,58.27513853490427,1.6107106440679164,1.2590141039125906,1.2590141039125906,nan,17.50415680830726,1,-1.084743030898413e-16,1.2345307759778168e-15,0.9403305678463253,0.05966943215367595,sample_2587,uniform,train,17.50415680830726
4.3134119780851564e-17,4.438868654936689,medium,32.96891821992712,10.149682034659294,43.118600254586354,2.5471172206846546,1.239703465876163,0.9669227062134986,11.518680479985541,9.397612680831495,3,6.409078350792492e-18,1.3595008964599474e-15,0.7646101224359746,0.23538987756402674,sample_2588,uniform,train,58.71051451390878
4.395485677696691e-17,1.474203914015218,shallow,67.44777007099144,17.098024810677156,84.54579488166841,4.244887969761269,1.5969822538953793,1.4358266277155192,7.665507158694718,4.741987712792532,3,-2.5037209783518543e-17,2.143079947056144e-15,0.7977661120271253,0.20223388797287686,sample_2590,uniform,train,141.61842283556854
4.284605661953158e-17,4.02595050895539,medium,14.778736763288206,11.018820740092565,25.797557503380744,3.738127439769014,1.523961122230631,1.523961122230631,nan,115.59309215235054,1,-6.931162084709916e-17,1.0328633859043404e-15,0.5728734885599719,0.4271265114400291,sample_2591,uniform,train,115.59309215235054
4.438678599124296e-17,1.7211271393898377,shallow,9.691662594370868,12.743474801673486,22.43513739604432,2.8633421588121384,1.1410180175828342,0.717685087096802,17.814600753314682,30.012251547115866,2,-2.461545443971707e-17,1.5835488840941542e-15,0.4319858810438873,0.5680141189561143,sample_2592,uniform,train,72.57066942398231
4.148185384179922e-17,1.9329423713640828,shallow,19.68445580015007,12.109006543543966,31.79346234369399,2.3872692019183717,1.0105007412242346,0.6166210722711126,20.913153755471697,6.362343950884854,3,1.8409170999424764e-16,1.4526658759317869e-15,0.6191353300045455,0.38086466999545593,sample_2593,uniform,train,74.77764588707778
4.4546093872735144e-17,3.3076988628206836,shallow,26.965476935314626,3.533742593173727,30.4992195284883,2.068114281519469,1.2066781298321485,1.2066781298321485,nan,19.213891692316086,1,1.1272019902196026e-17,1.7472809470494958e-15,0.8841366222544507,0.11586337774555104,sample_2594,uniform,train,19.213891692316086
4.2946407075528713e-17,3.9856440353883333,medium,33.4074544844513,7.69925181410531,41.10670629855656,2.0035680317044187,0.7760841216750551,0.7523442270634751,6.190315016216866,15.475365484777477,2,1.2960479806698266e-16,1.2099726779849918e-15,0.8127008338204996,0.1872991661795016,sample_2595,uniform,train,37.98061145772001
4.3802875214123533e-17,2.2207632954710386,shallow,71.85338546156724,18.329728178142883,90.18311363971002,3.439435259422303,1.1545680330823707,0.806248376351989,6.318227599572526,15.31361907814532,3,1.7473449019203082e-16,1.2212277842037222e-15,0.7967498854456084,0.2032501145543928,sample_2596,uniform,train,124.72673816537048
4.084708476228223e-17,2.954478060853325,shallow,62.16064014476926,18.291277461938865,80.45191760670801,3.9184888582848325,1.5099069630225928,1.4145760271081447,11.969962405956002,9.792624588471517,2,5.107907939623676e-16,1.4572623610234643e-15,0.7726433625689783,0.22735663743102322,sample_2598,uniform,train,160.27756544219673
4.5520248692130664e-17,3.2060938413338373,shallow,106.6309652097102,8.758610773793501,115.38957598350355,3.0960842466938736,1.635193103514161,1.635193103514161,nan,68.2740875909329,1,1.179626463331904e-16,1.3085266157023347e-15,0.9240953032443285,0.0759046967556728,sample_2599,uniform,train,68.2740875909329
4.501450684907097e-17,6.522516346663095,deep,83.75039149370134,2.0828553467448194,85.83324684044618,1.4848951796502563,1.5756931098957827,1.5756931098957827,nan,9.270946927562333,1,1.1171994293130857e-16,1.9143282316928026e-16,0.9757336996628286,0.024266300337171216,sample_2601,uniform,train,9.270946927562333
4.313938947790289e-17,8.330112866544047,deep,28.653217337428345,10.297855066029717,38.95107240345802,2.552924337704949,1.1702862961600857,0.7442647750413831,3.0331501776206182,10.4072073160927,3,-2.5415932143388178e-17,1.0489109743376053e-15,0.735620756230695,0.26437924376930605,sample_2602,uniform,train,52.70594003101342
4.178991431204848e-17,2.1038409268010914,shallow,12.486402092871332,8.048067683131297,20.534469776002553,3.1452710231695318,1.0844243149500072,1.0844243149500072,nan,64.14612990118866,1,-2.156760647072025e-16,3.7197621817085125e-15,0.6080703436259878,0.39192965637401594,sample_2604,uniform,train,64.14612990118866
4.380459496284082e-17,5.244744932368512,medium,42.36299377597861,8.213302508032402,50.57629628401092,1.989352069340952,1.3186980040400285,1.2094196653928888,15.561490931141527,14.823586321541454,2,3.797657569329437e-17,1.7561159771616412e-15,0.8376056945350336,0.16239430546496814,sample_2605,uniform,train,40.92393820037648
4.383959032403128e-17,7.653359714297739,deep,30.068091101774456,11.092031511396437,41.16012261317087,2.864626762118512,1.4587381098722627,1.137796256102113,13.814485151463296,23.313809817881054,2,2.8168926326024106e-16,5.610439776681768e-16,0.7305151003644711,0.2694848996355294,sample_2606,uniform,train,76.39985608640332
4.31038042704702e-17,4.991755926407001,medium,97.4406100093154,23.22958608401454,120.67019609332974,4.002628389025982,0.9920684880471505,0.7127574660727537,6.135144660071187,7.810860006835238,3,-7.165819022847757e-17,1.7370495270191753e-15,0.8074952487352559,0.19250475126474578,sample_2607,uniform,train,207.7161680298138
4.133192992981704e-17,3.3921492301993963,shallow,20.764575889113363,13.296552344764851,34.06112823387816,3.794344340655192,1.0332526458094282,1.0332526458094282,nan,111.83663447661154,1,5.664800604443401e-16,1.6688648265112354e-15,0.6096267788469887,0.39037322115301293,sample_2608,uniform,train,111.83663447661154
4.07487648046397e-17,5.0994152625409725,medium,24.892939202315183,14.870154829494876,39.763094031809935,2.7563391860898308,0.9913195446790538,0.9525132163920473,9.053176238205019,6.057776560745828,3,-2.6537856384146413e-16,3.127145454489614e-15,0.6260312435043704,0.3739687564956327,sample_2609,uniform,train,93.68666729898119
3.9926139155441966e-17,6.291211278739687,deep,16.550062443542604,6.635243893279672,23.18530633682226,2.725949490355211,1.742680085419002,1.742680085419002,nan,41.26589827915745,1,5.048850714156451e-17,6.1292503574269e-16,0.7138168546541157,0.2861831453458849,sample_2610,uniform,train,41.26589827915745
4.2321444716759537e-17,4.108413099788609,medium,93.56559963806289,22.997628314791637,116.56322795285442,4.3815733965443036,1.077930945395475,0.9425783293691282,10.47282196926884,14.019682443749767,3,1.0039099253806591e-15,9.448444932166838e-16,0.802702544201219,0.19729745579878194,sample_2611,uniform,train,186.6424427799335
4.397152949210208e-17,2.7357052912108304,shallow,63.886497467792566,6.774104975117118,70.66060244290955,2.392233728218868,1.124217159727035,0.7112492996733744,18.313929125122225,5.502107173350513,2,8.026525049723468e-17,1.8980158212361336e-15,0.9041317970563563,0.09586820294364568,sample_2612,uniform,train,31.865151282786464
4.1375361620852815e-17,3.8546779545578027,medium,25.92354607697482,13.064696536782757,38.98824261375752,3.6608979861409128,0.9608355007222269,0.9608355007222269,nan,111.48741173216854,1,-1.6367179780480688e-16,1.4124017480586986e-15,0.6649067600658499,0.33509323993415147,sample_2613,uniform,train,111.48741173216854
4.113753024142575e-17,3.117504453409566,shallow,45.61210217706461,14.06275921809474,59.67486139515934,3.8377574959087712,1.1736977021271038,1.1736977021271038,nan,121.70132507065073,1,7.007442769136496e-16,1.190690215524719e-16,0.7643436634905119,0.23565633650948828,sample_2615,uniform,train,121.70132507065073
4.315856428168611e-17,4.709531468891328,medium,11.044272147438255,10.895089793613355,21.93936194105155,3.932656238328775,1.6384357022977012,1.6384357022977012,nan,126.5474728429877,1,-2.0512168210698376e-16,2.6718997506724494e-15,0.5033998790444725,0.49660012095553013,sample_2616,uniform,train,126.5474728429877
4.2031217769865284e-17,5.263581482626839,medium,21.38434755192682,6.11451463970792,27.498862191634707,2.614811792608256,1.6613990651606363,1.6613990651606363,nan,34.22355584126027,1,1.9021439475471622e-17,1.1627544036687921e-15,0.7776448131891088,0.22235518681089236,sample_2618,uniform,train,34.22355584126027
4.292638175828764e-17,3.703374815350141,medium,44.38875688955197,14.976013471253468,59.36477036080537,3.5551132956375375,1.0933382873587187,0.6459482147062723,12.348279232346506,30.918680149945786,2,3.720397722896053e-17,1.1071415362738987e-15,0.7477289412519807,0.2522710587480203,sample_2620,uniform,train,110.6956746455727
4.4178499764176975e-17,4.87102306947539,medium,86.24953278957175,10.545652121688375,96.79518491125988,2.0352388945470583,1.2284086043849192,0.7673092103624706,6.67233092704491,4.551896214675499,3,8.502180465962911e-17,2.4774803988327076e-15,0.8910518934246967,0.10894810657530582,sample_2622,uniform,train,58.63939567484934
4.36239047189352e-17,1.3395184357867378,shallow,126.0910044555808,31.08458611431752,157.17559056989805,4.2538573156148995,1.0653838607810429,0.7813361922644341,5.400000000000003,8.977897004704039,3,-1.285688574597361e-16,1.7404671569914243e-15,0.80223019362225,0.19776980637775174,sample_2623,uniform,train,268.5333408073309
4.2945263589761805e-17,2.101929952514357,shallow,26.059285557543884,17.920191076235582,43.97947663377933,3.82350726499029,1.087974165241968,0.942486252510427,12.636455199145052,47.917666417277566,2,-4.834203412227181e-16,3.1504657189758125e-15,0.5925328710603283,0.40746712893967496,sample_2624,uniform,train,138.65903361329055
4.3865664455378895e-17,2.8447095996558502,shallow,82.91177094956993,15.029945372722398,97.94171632229217,2.371310180159001,0.9168357098849556,0.7839204339712115,6.356099432828281,9.592631795438512,3,1.0759939517968045e-16,1.6323189091350916e-15,0.8465419441572383,0.15345805584276337,sample_2626,uniform,train,99.84529650787354
4.1469697755267726e-17,2.2398979853229735,shallow,39.39181755907335,21.155311393053886,60.547128952127125,3.4380026997232545,1.2509066682367929,0.8749347657057511,3.187475490101846,4.396243709194476,3,3.2865486799604356e-16,1.8776586056046513e-15,0.6505976128152886,0.3494023871847133,sample_2627,uniform,train,175.0786091406415
4.3027263664467133e-17,7.086977001295228,deep,45.72161296014475,21.53201965885822,67.25363261900283,3.2689005170338348,0.9116608559129412,0.7633606544626721,7.743384273042378,22.451422575578878,3,2.219568309077959e-16,2.165849711881039e-15,0.679838563058167,0.32016143694183513,sample_2628,uniform,train,150.2057012301829
4.1855876220717225e-17,4.033646312787718,medium,44.11050013925954,20.3821101020152,64.49261024127469,3.945995523017223,1.2179833080334512,0.8728970467127848,10.30145620774073,13.077272489951016,3,6.011946516895909e-16,8.26307153372154e-16,0.6839620845587859,0.3160379154412149,sample_2629,uniform,train,168.78359709771814
4.1071877395698785e-17,4.554509402033137,medium,26.10748629572936,10.58617844473576,36.693664740465046,3.195107641399965,1.0676937064589693,1.0163513428671622,7.0484040746824395,4.272733319724524,2,2.9154785286332687e-16,1.9848284691796973e-15,0.7114984692967595,0.2885015307032424,sample_2630,uniform,train,74.87183043961879
4.458728061721187e-17,5.359292988459667,medium,77.66646398723354,7.5004909453905455,85.16695493262397,2.317148999920954,0.7851034542747073,0.6118537016969178,8.917398723843181,10.718797740759385,2,1.0624047472987886e-16,1.4182996817812312e-15,0.9119319112521506,0.0880680887478509,sample_2631,uniform,train,35.153336460733755
4.2012288996805634e-17,1.4977825429876055,shallow,47.81458601329039,14.837528053646414,62.65211406693667,2.602566886080038,1.2812180946551515,0.7298651677988516,9.61873172512884,27.487156531220382,3,6.9171391134024916e-18,2.126452793160038e-15,0.7631759394775719,0.23682406052243027,sample_2632,uniform,train,93.88470109604255
4.053494031893789e-17,3.8555768500352965,medium,20.580837563863213,8.747910293922123,29.328747857785284,3.0600901460224708,1.6644397554330514,1.6644397554330514,nan,54.974023037319604,1,2.260506709807038e-16,1.7564455391140346e-15,0.7017291588328088,0.2982708411671929,sample_2634,uniform,train,54.974023037319604
3.779293464078006e-17,7.241275567103544,deep,55.373579448304426,24.472954543137227,79.84653399144152,3.71329552272676,0.9720578866346421,0.6646163546980106,6.511528238439884,93.24891405203674,2,5.010975130864192e-16,1.6907824678888325e-15,0.6935001017607068,0.3064998982392949,sample_2635,uniform,train,217.5142911255719
3.67078590831813e-17,2.22400306599163,shallow,8.320951580048837,6.573367667435905,14.894319247484715,2.242498731643841,1.6730505176983592,1.6730505176983592,nan,47.23731755401129,1,9.149871524304889e-17,1.7889607539803137e-15,0.5586661224180515,0.4413338775819503,sample_2636,uniform,train,47.23731755401129
4.313984478758919e-17,2.174739075615072,shallow,53.689897709662475,9.72189171745076,63.41178942711319,2.359868497346919,1.0273887234719967,0.8713923962909964,12.658593918757328,23.547289409492226,2,8.925867228525389e-17,6.723129016033959e-16,0.8466863684926403,0.15331363150736033,sample_2637,uniform,train,52.639080549640404
4.421177825472752e-17,2.5163243887203492,shallow,90.75372317210197,27.9154879136205,118.66921108572222,3.3932143418585112,1.13262159916901,0.662461417813564,10.28785691968935,51.08152986731105,3,1.109578193180386e-16,2.065718998166732e-15,0.7647621682303496,0.23523783176965243,sample_2638,uniform,train,222.76175456890695
4.4388818613169144e-17,1.7873861331476224,shallow,21.910735001582317,17.00175664116852,38.91249164275072,2.847397242212686,0.9307091988657051,0.8021508174436813,6.942621983083913,15.698618040304718,3,-8.798582971337168e-17,2.9216026248166387e-15,0.5630771527750323,0.4369228472249706,sample_2639,uniform,train,113.67571770029582
4.118032461804227e-17,4.243688118945213,medium,47.46059437497112,15.15541310180684,62.616007476777845,3.1899058892554506,1.1120988699753542,1.1107927662230166,7.748548251124209,43.24246582406378,2,1.823416784198552e-16,1.8723575028940754e-15,0.7579626406645721,0.24203735933542983,sample_2640,uniform,train,107.55918461665027
4.264455523562436e-17,5.016615948761609,medium,21.222088168302147,9.964158784619496,31.18624695292159,2.7935939957044873,1.2885426089681378,1.2659776672364829,11.099549540409287,17.0863884907788,2,-7.171368674728189e-16,1.7087886613113327e-15,0.6804950977377552,0.31950490226224654,sample_2641,uniform,train,69.74457007646758
4.512418647706895e-17,8.097478881024802,deep,9.450235642649693,7.736455785607238,17.186691428256907,2.4746041874821603,1.201100789164541,0.7190602033107459,10.809255293497328,5.844480022655645,3,-2.7685986199664275e-16,1.3953131952131372e-15,0.5498577595401761,0.45014224045982526,sample_2642,uniform,train,39.9625888887345
4.229781859032865e-17,1.4539510105637874,shallow,29.629883360783253,6.728423485373902,36.35830684615709,2.6882807807425646,1.712437603487924,1.712437603487924,nan,42.069018728325034,1,7.565992384399287e-17,1.758851051260329e-15,0.814941231618848,0.18505876838115376,sample_2644,uniform,train,42.069018728325034
4.122909730725199e-17,6.003547107809128,deep,15.063840474402841,14.039639683691973,29.10348015809475,3.1153665623337967,0.8997274186151452,0.8358414394434918,10.645186705737013,9.69544184630585,2,-8.531934787901392e-17,2.1972920719800064e-15,0.5175958473891663,0.48240415261083586,sample_2645,uniform,train,90.779277237696
4.7127628938478404e-17,1.6768219156997402,shallow,171.86618481340832,6.968209309174457,178.83439412258272,2.6832551591240508,1.28522962868032,1.28522962868032,nan,51.0375727044798,1,3.1799490839552133e-16,3.27788040929236e-16,0.9610354074038017,0.03896459259619864,sample_2647,uniform,train,51.0375727044798
4.448420049300479e-17,1.512304073024195,shallow,73.050406131335,6.116709138812708,79.16711527014756,1.787073440237968,1.4350936322577574,1.115163451305284,13.66747965061591,8.010373980776611,2,6.843985566503527e-17,1.783826128442645e-15,0.922736743432673,0.07726325656732884,sample_2648,uniform,train,31.91686362069636
4.2401514150537655e-17,8.243691992051323,deep,33.02599951765763,17.792112157402418,50.81811167505998,3.0353307061191477,1.1696171125258015,1.0842335863769217,6.749814812274483,24.727537653447058,3,-2.67034172527691e-16,1.3282972875660249e-15,0.6498863973701292,0.3501136026298722,sample_2649,uniform,train,124.39212962458743
4.376682608303967e-17,8.124775899225677,deep,43.51103601217457,9.868530805388078,53.37956681756255,2.0965099071611397,1.450737323276095,0.9748746366606083,6.415605972938177,5.1740936938070705,3,-7.955220578540474e-17,1.8968370461279386e-15,0.8151253111679223,0.1848746888320796,sample_2651,uniform,train,42.264246164606064
4.3630029651297466e-17,2.7837699420268374,shallow,15.508835882089388,10.542102294521955,26.050938176611236,3.196986431054463,0.9764474811867071,0.9077533280900234,6.669332800213227,11.82875140872238,2,-1.5416690008642816e-16,4.091269559716078e-15,0.5953273458693844,0.4046726541306197,sample_2652,uniform,train,80.08247086092437
4.298047580235962e-17,2.062226427258844,shallow,15.284132438333577,11.229973773258221,26.514106211591766,3.5579501756290477,1.1443487805216694,1.1443487805216694,nan,85.52493194967467,1,3.3246115643179297e-16,1.2059400703171933e-15,0.5764528631046771,0.42354713689532414,sample_2653,uniform,train,85.52493194967467
4.516921273063958e-17,8.140776431701598,deep,6.006318402692751,2.962330869251262,8.968649271944003,2.132682413323799,1.5489188444583406,1.5489188444583406,nan,19.664563119418073,1,1.608690946917198e-16,1.2378932333748287e-15,0.6697015593509601,0.3302984406490411,sample_2656,uniform,train,19.664563119418073
4.217091190773366e-17,1.4114869964676595,shallow,46.54095218485996,18.55941041994115,65.10036260480098,3.7773641313589272,1.1957495832380458,0.968463941173779,8.153526844255806,6.128833037397166,3,4.5647944507869506e-17,2.0191962203590615e-15,0.7149107980763796,0.28508920192362247,sample_2657,uniform,train,146.27344162423282
4.274808898822004e-17,2.3597313001699667,shallow,48.41461861636806,19.285263355047938,67.6998819714159,2.8613041691055567,1.2025972381138974,0.7428978774874755,4.534313619501853,33.65680478750846,3,-2.499663592827633e-16,1.3644123587662016e-15,0.715135938299118,0.2848640617008833,sample_2658,uniform,train,129.58880687884863
4.2312298949183326e-17,7.865112613876217,deep,51.850232351851844,17.797995256341,69.64822760819268,2.256591264174122,1.1886421302534842,1.081814563270071,6.794115100585211,25.601540965573125,3,-2.991574698490399e-16,2.29542259776352e-15,0.7444587483767172,0.2555412516232851,sample_2659,uniform,train,121.10788450080037
4.3062362489731943e-17,6.258320980496048,deep,50.98455561961641,12.263370158895228,63.24792577851161,2.3310166482958357,1.0186296467986546,0.63061093160972,3.423448553724737,5.0889316790254275,3,3.040942970435156e-16,4.493698264498698e-16,0.8061063662096938,0.1938936337903067,sample_2660,uniform,train,75.93452543828998
4.0683482911281105e-17,5.824246173411517,medium,24.084744082328395,12.833029354691796,36.9177734370201,3.531423364388341,1.4513192762048868,1.3708107279020014,7.610519036176179,6.519491336972631,2,-9.745555773599215e-17,2.4058287838385318e-15,0.6523888588085026,0.34761114119149983,sample_2662,uniform,train,99.2441195929173
4.5335109571720265e-17,3.568617517977358,medium,102.417738742764,20.1925970401667,122.61033578293066,3.310027044301389,1.329758988858862,1.0444557000570154,6.77347768875044,8.436158690085962,3,4.83031856419597e-16,3.1873210539111874e-16,0.8353108087403363,0.16468919125966405,sample_2663,uniform,train,144.28803469219702
4.3380295523989724e-17,5.489625162043247,medium,53.977088084509475,11.865260549455101,65.8423486339644,2.0929304910198647,1.442305487154593,0.9875605535673401,3.411744421846395,6.38680004599937,3,2.946430289078087e-17,2.58997833644192e-15,0.8197928719794436,0.180207128020559,sample_2664,uniform,train,62.010929145721164
4.239783873854464e-17,4.795539075362349,medium,29.820825680759857,8.73773133982481,38.55855702058463,1.8452704078458835,1.0158860923527524,0.899651373301164,4.686149805543995,7.629920883068922,3,-1.7145595641599474e-16,9.67450457429998e-16,0.7733906034097671,0.2266093965902339,sample_2665,uniform,train,37.10397968033542
4.230734425002015e-17,5.2997994063303135,medium,50.507016807185416,12.882047770206722,63.389064577391984,3.3177377687884673,0.9621483094464105,0.8189793215730936,8.027452896155792,16.008272778343727,2,-2.5739130008247076e-16,2.409984895768702e-15,0.796778074324179,0.20322192567582337,sample_2666,uniform,train,91.28330819536528
4.4273778388400946e-17,4.191131740097276,medium,21.785723933540385,11.751581045966391,33.53730497950672,3.6826906688592556,1.7884968231626113,1.7884968231626113,nan,109.47444811141537,1,2.850307738179127e-17,1.6419644349794058e-15,0.6495967385230492,0.3504032614769524,sample_2667,uniform,train,109.47444811141537
4.175770626964193e-17,2.8954303740407656,shallow,21.8933954127511,7.72035389055128,29.61374930330234,3.2167626619430347,1.3199532581425428,1.3199532581425428,nan,50.401225352286296,1,-3.740721785117935e-16,1.4396206204410563e-15,0.7392983302627502,0.26070166973725123,sample_2668,uniform,train,50.401225352286296
4.532245036740088e-17,6.264803222625803,deep,74.97588411465316,10.834129502162709,85.81001361681571,2.624194050194291,1.2020887791055164,0.9720029744208847,6.076183012385326,31.97174895843577,2,-1.6477260871744785e-18,1.8009907994879614e-15,0.8737428297058393,0.12625717029416256,sample_2669,uniform,train,69.88606318488729
4.297754003189288e-17,4.545914118340024,medium,28.183215302492023,7.098485437205936,35.28170073969785,1.862747299206717,1.039752342063109,1.0034343004990853,16.838052143879352,16.80111374101889,2,-4.5323340532091345e-17,3.1719128765325554e-15,0.7988054632179669,0.2011945367820363,sample_2670,uniform,train,35.060403251302624
4.2067851660409296e-17,3.8548275503029488,medium,20.525468404835813,10.361787920918125,30.887256325753867,2.000443945705304,1.5683959198107893,1.4525100658334869,7.730459236035076,24.845232642197175,2,5.746664091873901e-17,2.3004397938953482e-15,0.6645287036298406,0.33547129637016165,sample_2672,uniform,train,58.37787437927322
4.604175822128571e-17,1.4969526385394818,shallow,28.514507646127097,6.608816051817085,35.123323697944095,1.8899475682116915,1.0165295081241743,0.9416279535900678,13.269513932318697,8.061465550940293,2,-5.497694119675822e-16,2.478167666567021e-15,0.8118396735840852,0.18816032641591732,sample_2673,uniform,train,36.33876149776419
4.677936908617465e-17,5.337274854656961,medium,83.69923673553575,16.352606438631916,100.05184317416746,2.807763123837713,1.5541873349127135,1.4304144706380637,14.812157169028417,24.53560762676436,3,4.452271042407121e-16,2.0595062203075068e-15,0.8365586687876849,0.16344133121231716,sample_2674,uniform,train,116.35210275275008
4.342342076810615e-17,6.725287470052263,deep,42.72355558181682,5.299795579679194,48.023351161495974,2.007371368933872,0.995595191894882,0.995595191894882,nan,33.88221437166613,1,3.131500637006713e-16,7.952729479180245e-16,0.8896412796796153,0.11035872032038549,sample_2675,uniform,train,33.88221437166613
4.242800349951933e-17,4.972421094030493,medium,28.43508207515892,10.250537565878012,38.68561964103684,3.5077462247795004,1.4900608147297358,1.4900608147297358,nan,96.30930850378088,1,-1.9953487823275115e-16,2.4795588184365095e-15,0.7350297691754076,0.26497023082459487,sample_2677,uniform,train,96.30930850378088
4.2666062177963324e-17,5.900583978094474,medium,23.660172609921226,6.536756495006901,30.196929104928092,2.67716385876256,1.2551441652592024,1.2551441652592024,nan,43.92899268084131,1,2.342523479838929e-17,1.1471020198094204e-15,0.7835290975352829,0.21647090246471826,sample_2679,uniform,train,43.92899268084131
4.108326280239762e-17,2.4760793179606617,shallow,49.10904893061519,21.49343232528129,70.6024812558964,3.5880035501415284,1.5521897131919848,1.4275170825659282,8.35463942968217,84.56594272866258,2,4.669074650813619e-16,1.207678919699314e-15,0.6955711478838972,0.30442885211610404,sample_2680,uniform,train,179.3445516181398
4.213593317222426e-17,5.308856899665946,medium,32.59620895379803,11.727972709842556,44.32418166364048,2.521421411592834,1.4007584252446812,1.0607961577085239,14.029967925836464,37.823492926398394,2,6.920094433728994e-17,2.4446648113145453e-15,0.7354046421242108,0.26459535787579164,sample_2681,uniform,train,80.43531734532789
4.294457491373293e-17,3.4033104355803596,shallow,8.976204869493563,5.805164682745905,14.781369552239449,2.7479506660660413,1.4891158294396947,1.4891158294396947,nan,43.74762499303836,1,-1.2402438968599418e-16,1.2618415869912947e-15,0.607264762427486,0.3927352375725153,sample_2683,uniform,train,43.74762499303836
4.3983175649902006e-17,7.7853155426750575,deep,47.129735306668834,16.13641478670777,63.26615009337639,2.888500433118362,0.9385901965364957,0.6515384573230643,5.063595560468863,22.544131048050403,3,2.0522249306309247e-16,3.425457912121627e-15,0.744943942963317,0.2550560570366864,sample_2685,uniform,train,107.26950046344507
3.792247267339371e-17,3.3720922887307845,shallow,8.89268734471451,8.208123150610332,17.100810495324833,3.133431162714076,0.8250163943419416,0.6797919289878809,14.13223266154361,6.139825963436377,2,4.8525475654811236e-17,5.193779674612166e-16,0.5200155482189379,0.47998445178106264,sample_2686,uniform,train,73.90644802665086
4.128673329361672e-17,1.5940513696584215,shallow,15.111386515058804,12.620124833927585,27.731511348986334,3.4874807533093106,1.070727887052531,0.7940359817483201,13.098091464026355,5.7917756072259685,2,-1.9478502961706568e-16,1.9857216337190587e-15,0.5449175245045261,0.4550824754954759,sample_2687,uniform,train,89.34625158965113
4.341768369194758e-17,2.6503981611808713,shallow,9.229268588620899,10.260812268280066,19.490080856900903,3.246014486539139,1.5542225259696212,1.5542225259696212,nan,78.99134179891972,1,-4.345516755077883e-16,3.1899554360748174e-15,0.47353670086766564,0.5264632991323376,sample_2688,uniform,train,78.99134179891972
4.6741397397431816e-17,3.9343807140821294,medium,39.49966858402975,12.970792852889831,52.47046143691952,2.409796968553672,1.1387676939626898,0.6184058099162769,8.395236744726143,22.50944227325198,3,1.7767513222225847e-16,1.117195734416811e-15,0.7527981935420297,0.2472018064579714,sample_2689,uniform,train,84.91864267882264
4.4202223047679314e-17,6.060295279579775,deep,10.154228462984294,2.837525164983297,12.991753627967586,2.1084149655788744,0.6333517534412872,0.6333517534412872,nan,20.650888146166025,1,9.199869824010232e-17,3.7600630740369798e-16,0.7815902882521648,0.21840971174783552,sample_2690,uniform,train,20.650888146166025
4.2314422435322153e-17,2.5152193633167235,shallow,27.99721797502019,8.487092738224309,36.48431071324446,2.1654014571903595,0.8160691873703871,0.7541466455696558,8.37137981458254,9.047681375057198,2,1.6637152288025672e-16,1.0711412577850571e-15,0.7673769197688775,0.2326230802311236,sample_2691,uniform,train,51.57851384617403
4.154135838248108e-17,4.06007284461718,medium,95.29180866410418,26.949059403833566,122.24086806793748,4.310237233401673,1.3520427501685557,1.0391282881971182,6.6573267908372955,27.470217989667432,3,1.0999768897492162e-16,2.150678544634724e-15,0.7795413282826501,0.220458671717352,sample_2692,uniform,train,224.64087788019538
4.1727655094395194e-17,6.145834576879418,deep,10.439571465595236,10.017558587842041,20.45713005343726,3.476306247490473,0.7090641019956729,0.7090641019956729,nan,82.6572607095893,1,8.371377409708452e-16,7.814982606475653e-16,0.5103145670152863,0.4896854329847145,sample_2693,uniform,train,82.6572607095893
4.1001426172123827e-17,3.613261115716807,medium,9.607527946656715,13.138593238756911,22.746121185413575,3.9470112811349116,1.0529256598678058,1.0413957449585327,11.663618649458668,8.16080651388469,2,-2.9200262383973705e-16,2.2647530945030715e-15,0.4223809355600261,0.5776190644399762,sample_2694,uniform,train,103.15496564287533
4.5149560989985994e-17,1.350774166241666,shallow,70.87970682963065,3.89213177314813,74.77183860277867,1.6932257434152902,1.153889830916361,1.153889830916361,nan,20.334485929433047,1,2.2943735984049125e-17,1.4313610789007374e-15,0.9479465552020894,0.05205344479791207,sample_2695,uniform,train,20.334485929433047
4.2703324861088394e-17,2.1887168312976932,shallow,14.356136088278776,3.5477409131623237,17.90387700144106,1.9853721886351412,0.9123573316150133,0.9123573316150133,nan,14.48850714288775,1,3.5013440302492306e-16,2.1827591009288113e-15,0.8018451024391683,0.19815489756083393,sample_2696,uniform,train,14.48850714288775
3.90356302027464e-17,4.260170256806636,medium,11.667722282490645,6.587719772238852,18.255442054729485,2.188635086941528,1.0140884824274257,1.0140884824274257,nan,43.91457471173677,1,4.4231710479060795e-16,6.811392371942215e-16,0.6391366611397864,0.36086333886021427,sample_2697,uniform,train,43.91457471173677
4.3306587805320324e-17,2.909914789698087,shallow,46.29290649964067,8.313619788311682,54.60652628795231,1.6722416014569017,1.0407784645890565,0.6839042258328762,2.952964612046681,7.217842253712404,3,-1.9506113411253782e-16,7.481927543012336e-16,0.8477540991259528,0.15224590087404796,sample_2700,uniform,train,38.015716836619966
4.0894741065798686e-17,7.33071422184622,deep,25.56283998700423,15.540105793394602,41.102945780398706,3.9295585778322994,0.9952364649880252,0.9952364649880252,nan,140.36536136517836,1,-3.9072322026694834e-16,3.111642973721126e-15,0.6219223343158707,0.37807766568413237,sample_2703,uniform,train,140.36536136517836
3.983945434332771e-17,7.034071174043474,deep,15.536301312020152,12.846095405325437,28.38239671734553,3.154271624086944,1.0465104918019499,0.7740163390313055,7.405403432629447,2.421374094112974,3,-4.805008901382071e-17,2.1279433566192883e-15,0.5473921553117234,0.45260784468827875,sample_2704,uniform,train,95.9853901549813
4.242372633545236e-17,3.6247415120808264,medium,46.305568378670735,14.279377146434133,60.58494552510469,3.6991561771345642,0.9820077311420994,0.6803547271471123,6.74981481227448,31.188085203634273,2,-3.321194751839809e-16,2.873370088103644e-15,0.7643081623219916,0.2356918376780113,sample_2706,uniform,train,127.77597176048987
4.1858415398394484e-17,5.177842309584429,medium,14.521439561256706,6.008160092417067,20.52959965367374,2.1119788829241624,1.2926580895485733,1.2926580895485733,nan,39.46002206771274,1,2.2565514880345207e-16,1.6872690628483005e-15,0.707341585136957,0.29265841486304467,sample_2707,uniform,train,39.46002206771274
4.233129424098785e-17,1.5895992127363006,shallow,48.91175865497163,17.596395644399728,66.5081542993712,3.2567120512799232,1.447483066192721,1.2168355254213123,12.60793400997959,12.952926887167918,3,-8.86447033182338e-17,2.3503794912663807e-15,0.7354249891645852,0.2645750108354171,sample_2709,uniform,train,133.1852306869487
4.326456476473524e-17,4.93536530232233,medium,59.12226657466406,15.45756042092181,74.5798269955858,4.262036994747784,1.1928653857590512,0.8298962944002624,4.971921157862422,11.029746565109226,2,3.712477412669579e-16,8.812732035661518e-16,0.7927380493677381,0.20726195063226285,sample_2710,uniform,train,144.70498043843205
4.283240070744871e-17,4.376143661849626,medium,102.69703849812241,24.68008819755664,127.37712669567868,4.295400510345171,1.0842113255518966,0.6517926609365425,6.254598308444758,20.60871754293474,3,-2.0993984129081036e-16,2.8728039202101574e-15,0.8062439557415958,0.19375604425840703,sample_2712,uniform,train,195.80865229155484
4.0107849667533775e-17,3.561364618109125,medium,19.26990908837401,13.273683959812761,32.54359304818671,2.5776424735599592,1.0372318127340123,0.6541161456759179,15.949921629901509,33.57961394016879,2,-4.451663778873865e-16,1.9650210756913387e-15,0.592126046433822,0.40787395356617995,sample_2713,uniform,train,89.34026143402681
3.6097327717277085e-17,2.2891021722893186,shallow,12.421306068393761,9.068387701560882,21.48969376995461,2.6559129948610205,1.1477874473154945,1.1477874473154945,nan,54.056091355308844,1,1.3897657445969395e-16,1.5705565798146805e-15,0.5780122416523387,0.4219877583476629,sample_2714,uniform,train,54.056091355308844
3.872053221111902e-17,5.686171514717259,medium,11.192417115539012,8.63642627338523,19.828843388924202,3.166002592298133,1.458052355728919,1.379993074285062,9.348796714016196,4.067179538191639,2,-4.769868550647769e-16,1.970858798987456e-15,0.5644513346547868,0.43554866534521514,sample_2715,uniform,train,78.82550928926055
4.338897452789548e-17,3.680351957075353,medium,90.43006417909191,19.49164997880777,109.92171415789952,3.1436106193691042,1.086411217567901,0.6356891615424464,10.455620498086185,20.764316034919986,3,-3.082529785382143e-17,1.5513791600580575e-15,0.8226769830862682,0.17732301691373328,sample_2716,uniform,train,129.34984730734516
4.117485369762534e-17,2.540879152939196,shallow,43.82833293882596,12.709640177477503,56.537973116303355,3.2868451680936905,0.9407345983837688,0.8571908039874709,7.539230729988308,11.801724616153203,2,6.532897344350783e-17,1.885129665769378e-15,0.7752017011410615,0.22479829885894045,sample_2717,uniform,train,91.9860607584579
3.854162304026187e-17,4.8082514410819135,medium,11.60641845054311,7.465742588424146,19.072161038967216,2.5470152057909803,1.1617376262083032,1.1617376262083032,nan,47.36895486264572,1,-1.4266978191247974e-16,2.095621403617823e-15,0.6085528759341691,0.391447124065833,sample_2718,uniform,train,47.36895486264572
4.243250918650504e-17,4.1556056282093,medium,62.256466157915156,19.404582647737488,81.6610488056525,3.3266360413362883,1.4003457500868868,0.8389417876450399,6.415605972938175,10.811113408415821,3,2.982130791336917e-16,1.7837299785052237e-15,0.7623765193866311,0.23762348061337074,sample_2720,uniform,train,133.9099372991539
3.795580349646603e-17,4.518910091312209,medium,5.974544279659787,9.792017915361905,15.766562195021647,3.409517348509906,0.7461677136853868,0.7461677136853868,nan,77.59875285706323,1,-1.1133366189491194e-16,2.8166521297222643e-15,0.37893766604024004,0.6210623339597627,sample_2721,uniform,train,77.59875285706323
4.6302383346912314e-17,4.761648884567827,medium,59.889767640294444,15.608337874237865,75.49810551453224,3.117613866789875,0.9269346664315745,0.8100522535003569,9.221713506718803,49.13872407472826,2,2.5656926750024e-16,8.940828307833034e-16,0.7932618604418699,0.20673813955813097,sample_2722,uniform,train,109.87818246110916
4.169564136576812e-17,4.60136151785255,medium,22.537327077779963,4.995650234901867,27.532977312681812,1.8948080336529043,1.2191557119529428,1.2191557119529428,nan,28.49602357918845,1,6.979220149847501e-17,6.774329779842427e-16,0.8185575726820932,0.18144242731790755,sample_2723,uniform,train,28.49602357918845
4.295548904068358e-17,2.196673351294665,shallow,61.2307390754829,23.701343504703164,84.93208258018595,4.073271748899678,1.1491593043774946,0.9544237762921892,9.783659846908007,16.98138660457705,3,4.3485764961508997e-16,1.3803918123605235e-15,0.7209376859171425,0.2790623140828589,sample_2724,uniform,train,187.09120990211332
4.01007065989019e-17,5.789643227430572,medium,28.413039286851998,15.115726217075276,43.528765503927225,3.5658485689755177,1.3475481390536796,1.2711217290505312,13.741906709041507,38.29691356989194,2,4.8855875575994725e-17,1.1018376953391798e-15,0.6527416745666388,0.3472583254333623,sample_2725,uniform,train,118.96185301552403
4.281862309881181e-17,3.4547042061563857,shallow,42.28405999327599,8.97423583365035,51.258295826926265,3.3399802553857043,1.710185532861788,1.710185532861788,nan,54.760716825044135,1,-8.704577828594492e-17,1.4555104895941364e-15,0.8249212992965704,0.175078700703431,sample_2726,uniform,train,54.760716825044135
4.2631523743601955e-17,5.396538783674492,medium,33.069973909636055,14.362878181038111,47.43285209067406,2.757704976702376,1.1912096160694503,0.6837963122927695,10.188228501560026,25.154425423341795,2,7.488181454759582e-17,2.2095456820573703e-15,0.697195560714302,0.30280443928570017,sample_2728,uniform,train,96.78697422154427
4.202137177210336e-17,2.1743107170756484,shallow,16.955287212397412,9.42227823526324,26.377565447660622,2.3582770658637804,1.2235888351943771,0.9733344826476162,10.12916580968048,17.811462663486548,2,-1.1552037338850403e-16,1.1448390235150556e-15,0.642791968274735,0.35720803172526616,sample_2729,uniform,train,47.55571887699553
4.209324649089761e-17,3.6251730173250993,medium,41.59686623676266,15.343698321002625,56.94056455776514,2.934478291740384,1.2785321890554224,0.9389868496073639,6.289674077406557,14.930118130946688,3,1.2826501740893167e-16,2.464538091649151e-15,0.7305313278824872,0.26946867211751524,sample_2730,uniform,train,90.75884678323071
4.061466687769062e-17,4.405322219739156,medium,23.210280744203846,12.747854972201006,35.95813571640481,3.8303495688538103,1.6240969043635212,1.6240969043635212,nan,131.39662494024284,1,-1.5299542332263498e-16,1.1362159492480683e-15,0.6454806480307836,0.35451935196921747,sample_2731,uniform,train,131.39662494024284
4.003667376811306e-17,3.1579110788389038,shallow,11.151942127793216,7.483411919283808,18.635354047076977,2.7726373359947836,1.040851344069703,1.040851344069703,nan,56.06208789205207,1,9.231453930797423e-17,2.5260296168878146e-15,0.5984293134233443,0.40157068657665823,sample_2732,uniform,train,56.06208789205207
4.150249889644988e-17,6.022657827232451,deep,20.806961006083895,13.855485799732534,34.66244680581639,3.146137896593186,1.1945430607196381,0.7287266727863974,11.68588892639323,21.460691818382653,2,1.4086276287567835e-16,1.2299352202237562e-15,0.6002738676426175,0.39972613235738375,sample_2733,uniform,train,97.02333728683219
4.2670321488007343e-17,2.727922801866566,shallow,25.14435189671302,5.137892016442769,30.282243913155735,1.8912186864771392,1.3037298963632462,1.3037298963632462,nan,28.334389542500585,1,1.306366357332224e-16,1.7304704008259368e-15,0.8303331803555474,0.16966681964445432,sample_2734,uniform,train,28.334389542500585
4.36644971565702e-17,1.686728388366223,shallow,35.67336285159874,6.512577111837282,42.18593996343601,2.6769809772948947,1.6286858948847809,1.6286858948847809,nan,36.587589057609286,1,2.0197180753752528e-16,1.8948506977038929e-16,0.8456220931077524,0.15437790689224784,sample_2735,uniform,train,36.587589057609286
3.810768952426485e-17,7.071765752562176,deep,10.983885417197364,7.799735927969816,18.78362134516713,3.033615373442495,1.5939513890718926,1.5939513890718926,nan,63.41281357145137,1,-8.181086559766874e-17,2.6006600210813736e-15,0.584758669021159,0.4152413309788436,sample_2736,uniform,train,63.41281357145137
4.299227640033785e-17,7.509921248991873,deep,29.063351827942707,11.479272920998508,40.54262474894113,2.540952320516526,0.9596432032048327,0.9102501655811384,3.013303834663873,2.712250839038429,3,1.7183416536578665e-16,2.1030983765657387e-15,0.7168591576869173,0.28314084231308473,sample_2737,uniform,train,59.91006213646578
4.198110678451027e-17,4.625374609655145,medium,44.70659420383846,14.840005093813977,59.54659929765231,2.4257954105049544,1.2095555096586448,1.1039240375438706,11.833849753989613,10.717827581212726,3,1.8289461309805996e-16,2.2373530063247694e-15,0.7507833315613218,0.24921666843868046,sample_2738,uniform,train,104.23801408355361
4.0416241715365365e-17,7.648835285522864,deep,18.437718339357797,7.114176137498228,25.551894476855967,2.167800682382747,0.8382885529144036,0.8382885529144036,nan,42.67235931697507,1,-5.648644952175295e-17,2.294145968444886e-15,0.7215793081823366,0.27842069181766566,sample_2739,uniform,train,42.67235931697507
4.157691704934763e-17,6.75671587829276,deep,39.55762679954695,10.566496501386801,50.124123300933654,2.202932007223513,0.7382705314179829,0.6262799271457864,6.945502141674136,31.12442559076796,2,-6.394806468434993e-17,1.9845929755056902e-15,0.7891933902175625,0.21080660978243945,sample_2742,uniform,train,75.90522975725095
4.3933931962813704e-17,3.526825043912142,medium,60.456928604971765,18.141334485913493,78.59826309088514,3.7760512439370078,1.1482533468128597,0.9424191048784394,5.912698199637793,23.498579478669075,3,1.7543853235692824e-18,1.4916303082276704e-15,0.7691891172590405,0.230810882740961,sample_2743,uniform,train,155.26979960065512
4.359771304975417e-17,8.2861506433321,deep,36.97882871039428,13.324660011654274,50.30348872204849,2.877520238943055,1.1366467884679399,1.1201245666900292,3.4928498393145975,28.0468635298481,2,-2.008753867496687e-16,1.2712606589129003e-15,0.7351145944314219,0.26488540556857937,sample_2744,uniform,train,78.90659061799889
4.341849803687819e-17,2.7116350334303885,shallow,22.034167290571194,17.910897643862977,39.945064934434086,3.3573143050813,1.0248375079202068,0.7331842250466863,7.113367697511494,4.386202606607762,3,1.953216627284665e-16,2.1345597617920105e-15,0.551611752959674,0.4483882470403281,sample_2746,uniform,train,120.16478995794171
4.155631218617826e-17,5.612319240692404,medium,22.789207581728565,11.277633603578058,34.06684118530655,3.3963866961242823,1.212081367582346,0.9436960253202589,5.473572873361602,4.609202192472823,2,2.2069172349779023e-16,2.1378744809138048e-15,0.6689556997012636,0.3310443002987386,sample_2748,uniform,train,79.40879679389889
4.26987282224852e-17,3.5821991897282786,medium,55.09920002523673,27.328883013971115,82.42808303920768,3.600266146021317,1.1689027264191478,0.7088637524352219,9.501578816175762,41.87180347443653,3,4.080006658243212e-16,2.068836861113339e-15,0.6684517945058639,0.3315482054941382,sample_2749,uniform,train,243.91693278618317
4.115215025559022e-17,5.095189179095807,medium,19.050748293231255,9.080234670436957,28.13098296366819,3.2187035879578776,1.061978706175806,1.061978706175806,nan,66.31834598366768,1,3.8228990412901336e-16,8.208969783255683e-16,0.6772158768087035,0.32278412319129723,sample_2750,uniform,train,66.31834598366768
4.216664383232524e-17,6.119019027620451,deep,31.86509119690036,14.04552937991205,45.910620576812306,3.1430031365018176,1.2089673259940195,0.6675132871394739,6.431174076325409,8.307381790829043,3,7.72487393363688e-18,2.2441146599802308e-15,0.6940679693838465,0.3059320306161557,sample_2752,uniform,train,71.88380837963274
4.4206222543809234e-17,3.5805411759355597,medium,42.72667694435976,10.000581985231051,52.727258929590775,2.195088867081828,1.1863718714943057,1.1439407025586954,7.224956747275377,18.319893917982927,2,4.7779632856922934e-17,6.737907016074189e-16,0.8103337403033738,0.18966625969662684,sample_2753,uniform,train,62.62409715957311
4.4041390116995405e-17,6.659712059090716,deep,73.19453321500984,11.872746816870098,85.06728003187986,3.8348020548552477,1.690943231726238,1.690943231726238,nan,94.16256713870096,1,-2.3419190412414778e-17,9.187986368474441e-16,0.8604310986266331,0.13956890137336778,sample_2754,uniform,train,94.16256713870096
4.218573770895393e-17,3.337134854889827,shallow,24.73108438320604,17.082382468190172,41.81346685139616,3.3696212066059994,0.7699145243934185,0.723467075815784,20.279053232338043,42.50435055106134,2,3.792285548548415e-16,1.274486647361749e-15,0.5914621830115065,0.4085378169884947,sample_2755,uniform,train,145.36008507861771
4.093150543425892e-17,2.503356663454138,shallow,6.625632627873442,8.64043469968067,15.266067327554067,3.0274735670959982,1.0866851549974528,1.0866851549974528,nan,67.35861161845477,1,5.786079198252067e-17,2.9089954886319414e-15,0.43401044196331356,0.5659895580366894,sample_2756,uniform,train,67.35861161845477
4.3892803840579774e-17,4.148791973923343,medium,38.35309711065495,10.669610460038335,49.02270757069325,2.616176080729024,1.2457244902759446,1.0216652501500236,4.907137658554121,5.38931877834456,3,4.29051251489296e-16,7.247077639841305e-16,0.7823537093569919,0.2176462906430089,sample_2757,uniform,train,57.90504038295842
4.2826575996272964e-17,2.210261839984033,shallow,32.35346072206581,13.656075342217125,46.009536064282905,3.1479259932124966,1.4022683351297363,1.224199186989209,11.713240371477058,20.351394482504823,2,2.4868590221633854e-16,6.949520869875969e-16,0.7031903272587382,0.2968096727412625,sample_2758,uniform,train,86.64835892669262
4.043552930220766e-17,4.500496622741315,medium,18.316631464753556,9.999470707852788,28.316102172606254,3.4166836129049742,1.304451321822783,0.820378447022984,15.598717896032353,13.64923463451479,2,-4.653678666336474e-16,3.199388046320019e-15,0.6468627409627569,0.35313725903724635,sample_2760,uniform,train,92.50566420228967
4.205247620251641e-17,5.519596106945734,medium,15.435496548644274,10.513352940180281,25.948849488824486,3.0289152222840787,1.3195702936204523,1.3195702936204523,nan,79.60058903999743,1,-3.811381234207156e-16,2.6697876052826934e-15,0.5948431954677587,0.405156804532244,sample_2761,uniform,train,79.60058903999743
4.0603798352124755e-17,5.9143588733490695,medium,30.679274878010578,13.077696302877262,43.756971180887774,2.489286160219642,0.8714390507916983,0.7018624376250687,14.142135623730951,40.209086266031385,2,-2.0219801618237872e-16,1.502051016879267e-15,0.7011288498736565,0.298871150126345,sample_2762,uniform,train,91.86590491096563
4.539685176326547e-17,1.4312948922432622,shallow,80.33169362455997,7.442118602303543,87.77381222686334,1.8543581477821625,1.310468698642714,0.9041256623529288,16.06237840420901,11.340868131495732,2,6.153495221862571e-17,2.0035512032460488e-15,0.9152125398966585,0.08478746010334354,sample_2763,uniform,train,36.75598020740226
4.3341411793138404e-17,1.7486687805674315,shallow,86.7980726624136,26.039666414739287,112.83773907715278,4.085956651907082,1.5461018853498967,1.2845722775279755,6.462197768561403,8.753951605652327,3,4.621223146579792e-16,1.007524952656865e-15,0.7692291016489212,0.23077089835107978,sample_2764,uniform,train,205.34351511871597
4.427130588549781e-17,4.155885540089378,medium,50.05872400885079,9.133576819139453,59.19230082799019,2.6354792295172444,1.1304189460091925,0.8536907415709218,12.089665007765928,15.75877534246019,2,2.356884877069264e-16,9.002979177455458e-16,0.8456965400672444,0.1543034599327565,sample_2765,uniform,train,59.853733558965914
4.5481285866330995e-17,3.695410742412925,medium,44.095883220064664,16.329482569132413,60.42536578919701,3.082280825865898,1.083485458051326,0.7597008539938345,7.340299721401027,3.3750051063422375,3,5.229748902471325e-16,1.117106351208512e-15,0.7297578201495676,0.27024217985043353,sample_2766,uniform,train,117.64449028232336
4.083212009744099e-17,3.8360899158592225,medium,93.46011827426274,30.600716193378798,124.0608344676413,4.512260560379356,1.1758101344159002,0.9111991272442748,9.808159868191382,37.55580476127907,3,-4.5174167951366514e-18,1.9186701226140733e-15,0.7533410417180442,0.24665895828195772,sample_2767,uniform,train,279.6393638375716
4.1245727812155444e-17,6.812884930923249,deep,28.614874901644463,10.651714511038904,39.26658941268332,3.4616200983333862,0.755917144407798,0.755917144407798,nan,99.38557435239294,1,5.746258188083571e-16,1.2666746016689032e-15,0.7287333921698254,0.2712666078301759,sample_2768,uniform,train,99.38557435239294
4.043509771092452e-17,8.34359171570546,deep,20.67762041586498,13.139244298889254,33.816864714754175,3.3704336661559733,1.3162270229239268,0.8440510792602627,4.37264222181509,67.15307923304452,2,7.631327669799727e-16,1.7334479761700874e-15,0.6114588265435326,0.3885411734564692,sample_2770,uniform,train,160.06782519893093
4.455548130663514e-17,3.65569010673629,medium,69.08076522142602,8.497857519194504,77.57862274062049,2.2656111758697324,0.9825144473071812,0.8360600637228047,12.094626906192685,12.039424241181996,2,2.3183926282513604e-16,4.579500838367275e-16,0.8904613510914399,0.10953864890856062,sample_2772,uniform,train,36.71673210289679
4.2499187816260856e-17,2.4043323185751104,shallow,49.0880505158746,11.404608276965524,60.49265879284003,2.2823454717956273,1.1599926003548575,0.751320720962481,3.588871688985272,4.573707342207569,3,-3.520270067261926e-16,1.497606496676843e-15,0.8114712015548687,0.1885287984451327,sample_2773,uniform,train,61.76175228148433
4.299047462229891e-17,7.693548835397638,deep,30.52393377652899,8.013376791228076,38.53731056775698,2.252207811889805,0.7857654870502595,0.7118112239007077,23.369210512980537,5.238257887187412,2,-3.577916383348325e-16,2.2125344772385546e-15,0.7920618571153601,0.20793814288464202,sample_2774,uniform,train,53.091789103690985
4.3135104028757174e-17,3.763262839264389,medium,36.809576004044345,20.43495189182798,57.2445278958722,3.8601074639382555,1.0415503470323926,0.9087213586664912,6.606057825965497,11.330234682926617,3,-1.2493894870134943e-16,2.1101102501699055e-15,0.6430234881314938,0.3569765118685083,sample_2775,uniform,train,153.96190766811205
4.57589567480842e-17,6.37725130246567,deep,83.24221235110222,16.15919481347879,99.4014071645807,2.911199171659565,1.3262994135205468,1.0918608608297973,7.410802925459562,7.536264294781528,3,2.4399063997977965e-16,3.1452150694084478e-15,0.8374349491177383,0.1625650508822649,sample_2776,uniform,train,109.61306796723746
4.183285505457286e-17,4.306621476461313,medium,15.713675340353149,5.863980198583418,21.57765553893653,2.730472051294564,1.1016011854482812,1.1016011854482812,nan,34.4823554388449,1,-6.939470671876754e-18,1.728801980367687e-15,0.7282383070764141,0.2717616929235876,sample_2777,uniform,train,34.4823554388449
4.509640038463836e-17,5.493624662586359,medium,107.71820793804048,7.590290765250592,115.30849870329088,1.8729454999580377,1.4888262895564093,1.456464344400985,8.27526434623088,3.692972859841833,3,1.1923972511356813e-16,1.6560649248144016e-15,0.9341740561137514,0.06582594388625031,sample_2778,uniform,train,28.461006602009174
4.269438335165684e-17,2.4669282610600662,shallow,74.48397427606987,23.57570771083412,98.05968198690374,4.208917382937115,1.3463773718458532,0.7976316898980835,4.955804677345547,18.203586968838398,3,-1.1083778797187633e-16,2.5723382544573578e-15,0.7595779709546427,0.24042202904535984,sample_2780,uniform,train,224.48715421454912
4.0191143718411553e-17,4.414326201327137,medium,29.628242995365582,11.622535873248484,41.25077886861394,3.2770919094315856,0.6153519431104136,0.6153519431104136,nan,93.24551705852411,1,-3.365480765942004e-16,3.014366811207694e-15,0.7182468745555861,0.2817531254444169,sample_2781,uniform,train,93.24551705852411
4.1129417493216834e-17,7.297917671598484,deep,40.984552504630585,16.36323752112935,57.347790025759764,3.651199062674154,1.162776480227751,1.0177811760142568,17.205812971202494,8.84190177018258,2,2.386133390433864e-16,2.9736151385402023e-15,0.7146666416651966,0.28533335833480644,sample_2782,uniform,train,127.52430502724937
3.724560008217999e-17,4.116473339259677,medium,6.400774049896221,6.047025789658658,12.447799839554861,2.31372629712002,0.9137628008729916,0.6081393625623879,6.1741396161732505,4.671836991945705,2,-5.402119485335355e-16,1.4270448290432775e-15,0.5142092684971319,0.48579073150286955,sample_2783,uniform,train,36.31623179966018
4.4836124596069795e-17,2.690368431061096,shallow,35.83195217195464,13.702401572727247,49.534353744681766,3.318511490870119,1.4779918150443867,1.446508786287576,15.5679157243351,16.836104185050065,2,-3.0824282492796745e-17,2.438555385254942e-15,0.7233757879762733,0.27662421202372905,sample_2785,uniform,train,102.46576372456369
4.401445991483996e-17,4.355784641417237,medium,53.726258183482535,12.556568017903377,66.28282620138579,3.4792739318103147,1.569821324123496,1.359062965112218,7.435052118176444,9.957058696334098,2,4.6791868968949165e-17,1.875975812802892e-15,0.8105607630587012,0.18943923694130071,sample_2788,uniform,train,81.13514107576873
4.0772843436620575e-17,3.842410709927288,medium,24.060051943761117,9.796290196126014,33.85634213988707,2.6126045106364932,0.9706746260544419,0.9626421762650601,18.784035775093702,23.12864228265933,2,9.678657409698641e-17,1.836361681428121e-15,0.7106512524108539,0.28934874758914786,sample_2789,uniform,train,58.72848831017912
4.233590326597149e-17,4.432215242150946,medium,24.952996982032143,22.772873861389854,47.7258708434219,3.8035449036705247,1.0390154856090577,0.7190369923767721,6.624198064671678,14.62774400628283,3,8.345991879183977e-18,2.0098799169598538e-15,0.5228400559498945,0.47715994405010753,sample_2790,uniform,train,220.71786336604168
4.2850966270338684e-17,3.1355778700072063,shallow,34.51099686163595,12.0188485221106,46.52984538374647,2.4941727794998014,1.2955740720848488,0.8132416783951728,5.786190456595773,5.51312433964933,3,-1.1985052268775725e-16,1.7943058001429674e-15,0.7416959282158099,0.25830407178419196,sample_2793,uniform,train,67.54252792433903
4.6053069589729984e-17,4.626208242416962,medium,244.517250735457,5.810797872291697,250.32804860774885,2.411750527305189,1.3294365954820364,1.3294365954820364,nan,37.38054548823072,1,9.509768914406942e-17,6.421984865851999e-16,0.9767872681283227,0.023212731871676582,sample_2794,uniform,train,37.38054548823072
4.429656102831727e-17,6.985108862198665,deep,47.54481246293086,6.758791523043272,54.30360398597407,1.936638860219761,1.4086959590623198,1.2125423918424212,18.36845121397011,13.315886169229367,2,9.683808730162177e-17,1.0631264417628612e-15,0.8755369620626114,0.12446303793738961,sample_2795,uniform,train,29.589848322592296
4.387770575154346e-17,7.856227658058563,deep,54.40455185777842,13.086456706085231,67.49100856386355,3.2362185666329135,1.3892235983699475,0.8984717984574343,3.3823069050575527,3.274806136576395,3,2.226957248886179e-16,1.6055141197198358e-15,0.8061007386828124,0.19389926131718918,sample_2796,uniform,train,75.07883575596438
4.0708547512923775e-17,7.23349671553087,deep,56.50568712703756,21.87380693737616,78.37949406441355,3.297165680407402,1.5977036281135402,1.5071839902480613,7.934733769950949,19.02555550447644,3,-1.4669167446794215e-16,2.1756998895945857e-15,0.7209243667814474,0.27907563321855466,sample_2797,uniform,train,149.71904919723247
4.192193642361704e-17,6.7302423293904745,deep,26.58262617478568,9.542099766747699,36.124725941533256,3.2793431762576937,1.3058304685006084,1.3043363959577494,8.824964589164082,7.814573220575563,2,-4.281841451451814e-16,3.3929287689819647e-15,0.7358568260921573,0.2641431739078461,sample_2798,uniform,train,60.92692395146539
4.36718469697352e-17,3.2700183324626897,shallow,39.94386558947038,12.834536298941348,52.77840188841163,2.896001089924941,1.295542413876647,1.0175376879123532,13.087398519186308,6.925101152426316,3,5.406174347578188e-17,1.8174720320335252e-15,0.7568221878700104,0.24317781212999143,sample_2800,uniform,train,65.01287046359022
4.270952554705753e-17,5.389854176688925,medium,32.75248755715738,8.11745593670458,40.869943493861896,1.7660670827781473,1.3780125864032207,1.2751496146188304,6.838128398911501,16.782832250628886,2,2.2572925511246983e-16,1.5646913294121205e-15,0.8013832356307601,0.19861676436924144,sample_2801,uniform,train,39.856157976624345
4.37082575272278e-17,5.523524610107256,medium,57.85204210532352,19.557978965802924,77.41002107112625,3.257008838805371,1.423807755354843,1.2218265068930072,9.520504188329525,19.287833657064592,3,-3.914211503400078e-16,2.4783165796964927e-15,0.7473456447217296,0.2526543552782729,sample_2802,uniform,train,132.5939253862675
4.3601965224087736e-17,3.81690025466023,medium,54.21285164236411,9.925462376418567,64.13831401878261,3.14281485550708,1.230374057462348,1.230374057462348,nan,76.55696190535552,1,2.062441323309148e-16,1.024741670611453e-15,0.8452490913073911,0.15475090869260988,sample_2803,uniform,train,76.55696190535552
3.7278525937829934e-17,7.894280914704243,deep,19.403113353155003,11.330769515783421,30.73388286893838,3.5704818577045216,1.2211319837700094,1.2211319837700094,nan,90.01449887168219,1,4.694798400279358e-16,1.4449499002252249e-15,0.6313264560777325,0.36867354392226886,sample_2805,uniform,train,90.01449887168219
4.1311459217133706e-17,2.9973948610422054,shallow,41.15983247176761,23.804658945944674,64.9644914177121,4.380501687878763,1.2969035071919064,1.0969035516395773,8.209750300709517,9.65089169378635,3,2.7176533068895274e-16,2.843724429546719e-15,0.6335743045707224,0.3664256954292804,sample_2806,uniform,train,228.94189854071263
4.143464208786572e-17,4.145975044347523,medium,41.98362544409674,16.66114922803747,58.644774672134055,3.5786293572626366,0.9088474284424928,0.702495838266117,5.134199061197375,29.495386430511033,2,-1.720746486035384e-16,2.604949699994515e-15,0.7158971226134814,0.2841028773865213,sample_2807,uniform,train,116.08918948132879
4.2552009263079494e-17,5.808816595728717,medium,42.36419770859697,14.515392202268627,56.879589910865526,2.7358028358310826,1.0510581379643371,0.6347606792240083,7.274613391789284,10.829601918674278,3,-1.7172876267618028e-16,1.2179749686165691e-15,0.7448049076124628,0.25519509238753846,sample_2808,uniform,train,96.1783919769247
3.738737834144691e-17,1.684822403526451,shallow,8.96479627563924,4.866641829604281,13.831438105243498,2.0194391619922416,1.7763381247966956,1.7763381247966956,nan,26.538114572469997,1,-6.765636308721786e-17,1.605361664025769e-15,0.6481463610237814,0.3518536389762202,sample_2809,uniform,train,26.538114572469997
4.4502865309525487e-17,8.317240436720084,deep,59.56630112701966,8.885574469126283,68.45187559614581,2.2169175904201275,1.0668796685853619,1.0026803190944105,14.963956696007914,4.032017710061542,2,-2.2082750912740196e-17,1.972234049376733e-15,0.8701923885687297,0.12980761143127226,sample_2810,uniform,train,49.67113723825206
4.1992496239517215e-17,7.90384562007567,deep,82.44625144947823,22.316806049767596,104.76305749924559,4.024147390144984,1.313476020887661,0.9216899397406062,7.840918313565064,8.199709480332226,3,-1.2042679763558438e-16,2.2042730962075584e-15,0.7869782862157486,0.21302171378425358,sample_2811,uniform,train,190.47498238479733
4.6827978192560404e-17,3.428991123452259,shallow,75.35103260819749,13.522029364640824,88.87306197283812,2.7031136248150887,1.0350291708485595,0.7228178523846129,7.87146746166177,12.774587993965234,3,-2.4931171429446464e-16,2.178645488256086e-15,0.8478500789274785,0.15214992107252368,sample_2812,uniform,train,83.98923494539419
4.404676664246936e-17,3.8581465357329985,medium,85.39678760478729,14.619291984341242,100.01607958912832,3.2496500009148503,1.0746483143558143,0.8544136641528,5.011985634456668,6.225417309003709,3,2.230351864254652e-16,2.0957640802390943e-15,0.8538305835981783,0.14616941640182374,sample_2813,uniform,train,95.54769771138078
4.226710908695586e-17,4.153138222802133,medium,44.93818024085889,12.30156713073415,57.239747371593,2.797434395084798,0.6949912955320461,0.6413591278084619,4.431703961232067,17.26160580400818,2,4.2773397317835123e-16,7.448069934488171e-16,0.785086977221022,0.21491302277897864,sample_2815,uniform,train,76.65251716595303
4.436287090428088e-17,5.993108177893241,medium,29.562127807284856,11.150254769044292,40.71238257632909,2.63121479464949,1.3708097752310153,1.052012309505826,14.99466571818125,24.838246368166125,2,2.9944075712705013e-16,1.3962194119746211e-15,0.7261212912769396,0.2738787087230618,sample_2817,uniform,train,66.40487503988592
4.101340756263372e-17,7.9642289774977195,deep,27.978974319950336,13.898660477746958,41.87763479769719,3.958610350581475,1.2643535595126396,1.2643535595126396,nan,131.70536622645287,1,3.8396552891080657e-17,2.4602319873824386e-15,0.6681125726204784,0.3318874273795241,sample_2819,uniform,train,131.70536622645287
3.954961398560339e-17,2.4497257718970733,shallow,15.675832936702726,9.792884308170995,25.468717244873698,3.5974500740354034,1.175318614865208,1.175318614865208,nan,94.51419626464917,1,6.766950823838069e-16,9.067060068308428e-16,0.6154936185432712,0.38450638145672966,sample_2820,uniform,train,94.51419626464917
4.223577218609618e-17,5.425563482903128,medium,70.10862935324349,15.300614248870929,85.40924360211427,3.3620774187809634,1.1649269942852232,0.6126877280774671,12.401612798341999,17.793625832938158,2,7.743248520694905e-17,1.663854416203988e-15,0.8208552891517233,0.17914471084827835,sample_2821,uniform,train,104.20610425587726
4.3525849371721824e-17,7.532868316484203,deep,24.038628800145684,8.753204510136012,32.791833310281646,1.9168073759676303,1.3793930489241912,1.13625418079549,6.539113089708726,2.606782859829634,3,2.7920724034134703e-16,1.5167798345575275e-15,0.7330675468092399,0.2669324531907616,sample_2823,uniform,train,41.50692704951379
4.4095809022794234e-17,6.619700041050142,deep,39.11639505950693,5.433608847656928,44.550003907163784,2.659379588073087,1.0432612023916654,1.0432612023916654,nan,31.227555731857098,1,1.5533770378610123e-17,1.6148697123714857e-15,0.8780334821298834,0.12196651787011822,sample_2824,uniform,train,31.227555731857098
4.193230175833992e-17,7.242630877297547,deep,32.587921582721556,9.480355961950695,42.06827754467218,2.2275178890763248,1.7268669030994157,1.6698993810725993,8.054812226240903,16.470376211045636,2,-9.540289495294195e-17,1.731248215191878e-15,0.7746435909603511,0.22535640903965068,sample_2825,uniform,train,44.959204434278675
4.398666615412477e-17,8.268292047523376,deep,75.42820943012096,10.9675501970182,86.39575962713906,1.846499572893144,1.1684451993194607,0.6825017990248032,6.746851117373201,13.682352665096962,3,1.022283077481484e-16,1.1719595994385863e-15,0.8730545313294181,0.12694546867058298,sample_2826,uniform,train,64.1067432262554
4.1144506285471516e-17,3.9412365251171053,medium,53.125416995952925,20.94858696360828,74.0740039595611,3.9579013699990897,0.9713294837182325,0.7231257190017407,14.715977711317722,44.12816214497576,2,2.4568534943854354e-16,1.4868120819139272e-15,0.7171938083022413,0.28280619169776017,sample_2827,uniform,train,166.16801256456716
4.2506891946147604e-17,1.9186642597656274,shallow,17.29278969465386,6.7577582026835445,24.05054789733736,2.238010037243135,1.3635948994546863,1.3635948994546863,nan,46.954227429124046,1,9.522874075318939e-17,1.8095530609564337e-15,0.7190185341502489,0.2809814658497529,sample_2828,uniform,train,46.954227429124046
4.4053273630993866e-17,7.231819947356541,deep,12.217232090016761,2.5992769816979506,14.816509071714709,1.8789554407661442,1.5514363302628635,1.5514363302628635,nan,16.514399920988513,1,-4.003582018574582e-17,2.098081575021557e-16,0.8245688664504605,0.17543113354953976,sample_2829,uniform,train,16.514399920988513
4.1388835542078645e-17,5.56840338034205,medium,6.667765671280639,7.994715460708776,14.662481131989393,2.6209395409526763,1.6847257817736128,1.6847257817736128,nan,55.36211651119765,1,1.728007142717156e-16,1.5143726558023845e-15,0.4547501620809221,0.5452498379190793,sample_2830,uniform,train,55.36211651119765
4.3354642250770035e-17,6.923841694808877,deep,20.33099980959387,8.3738153716842,28.704815181278043,2.9166655367569847,1.2230010197686254,1.2230010197686254,nan,68.3421225821539,1,1.2577865004450355e-16,9.282537589157684e-16,0.7082783735480808,0.2917216264519202,sample_2831,uniform,train,68.3421225821539
4.365119610355934e-17,2.4232080458320775,shallow,117.86656217643096,24.77869219373956,142.64525437017033,4.203795428919632,1.597861783341596,1.5919077286193717,7.208328516376042,75.45614490287278,2,2.594024626327323e-16,1.2951087094577659e-15,0.8262915068352877,0.17370849316471354,sample_2834,uniform,train,219.7824065245712
4.1806611972962635e-17,3.148153173851081,shallow,25.541869044240133,14.436616573305388,39.97848561754545,3.119932152010255,1.607199368559701,1.5851984794064733,14.280056022299073,40.48811105015384,2,2.937973462720441e-16,1.7328799644728315e-15,0.6388903593944667,0.361109640605535,sample_2835,uniform,train,89.72643162485424
4.2995339156388047e-17,5.940295711006005,medium,46.877636806354204,19.694116026846807,66.57175283320096,3.002841347448991,0.9936377291846434,0.6575888021156628,8.946507698538017,18.469315464030867,3,3.5461514406516563e-16,7.471335722198599e-16,0.7041670800498313,0.29583291995016947,sample_2836,uniform,train,157.25028713504565
4.276701972111283e-17,4.432519895206575,medium,9.40381374117917,4.257657424080585,13.661471165259737,1.923036851881468,0.7000465901944399,0.7000465901944399,nan,29.788691713885786,1,1.1291043186070546e-16,1.2352542248316152e-15,0.688345612813097,0.31165438718690414,sample_2837,uniform,train,29.788691713885786
4.2329293654660594e-17,5.688007250827489,medium,38.04733715279395,13.148927247487915,51.19626440028174,2.819752331508033,0.9057823665393891,0.7318902454149728,13.127071265137555,34.64487766377528,2,1.282612430150804e-16,2.428790073154893e-15,0.7431662758696232,0.2568337241303792,sample_2838,uniform,train,88.59504567474148
4.0497361918156046e-17,5.260997816316215,medium,35.519201287495584,13.818013784122574,49.33721507161806,3.559691382457102,1.1527981602513901,0.9108609664334975,13.743362034087585,25.420930341641736,2,-6.107650964604924e-17,1.944237614311448e-15,0.7199271632161603,0.2800728367838416,sample_2839,uniform,train,95.27608218252587
3.80302097378219e-17,6.016304716187868,deep,16.088460272022605,9.854962721521236,25.943422993543788,2.5598724446951064,0.9381185600633393,0.8376211091453968,18.919830866051633,20.742078018601585,2,-5.71237510165525e-17,2.0541123349555415e-15,0.620136374295186,0.3798636257048161,sample_2840,uniform,train,59.74898322426341
4.272350377704437e-17,4.765491261499333,medium,66.67338210769407,11.839377940007623,78.51276004770158,3.1728258368436015,1.3033545547310637,0.8156030209879866,9.560334722173698,15.317226685555099,2,-1.0447947831672837e-16,1.448004600176378e-15,0.8492044104319563,0.15079558956804517,sample_2841,uniform,train,72.30217341207464
4.055740287061719e-17,1.9352031190288992,shallow,43.85413554471732,19.58461429083445,63.43874983555163,3.773303971840543,1.4182957889165813,1.072005094455894,4.223742416388579,21.82513543279484,2,3.251899760883994e-17,2.184088334533535e-15,0.6912830983964485,0.30871690160355364,sample_2842,uniform,train,154.4761167619245
4.519539504482643e-17,1.7040569575187952,shallow,72.0505977532715,18.18365027699467,90.23424803026602,4.107052026604528,1.4617341269771753,1.2958543742096826,7.252585745787498,50.12445470919971,2,3.0903631808881255e-16,1.7323732981604724e-15,0.7984839384831419,0.20151606151685977,sample_2843,uniform,train,152.46423311750584
4.125681313592641e-17,7.954735632918357,deep,17.959915181868,6.9096891402596095,24.869604322127575,2.6967280111980494,0.792191933904176,0.792191933904176,nan,37.338382893727754,1,-3.2647877718806103e-16,1.321396235470676e-15,0.7221632861238679,0.2778367138761334,sample_2845,uniform,train,37.338382893727754
3.868815611662958e-17,1.4428341219689054,shallow,13.8855573819029,12.122336325804637,26.00789370770746,3.1567139807957556,0.7570940818576065,0.7570940818576065,nan,82.50883470457914,1,-2.8168171905206614e-16,3.0052299433401764e-15,0.5338978057184194,0.46610219428158356,sample_2846,uniform,train,82.50883470457914
4.4891899042549434e-17,5.734277998304517,medium,92.83613776470706,9.326836622009795,102.16297438671668,1.5862910900512692,1.452726039786451,0.9080938694941032,7.0992957397195395,8.737249226930183,3,7.187983746800497e-17,1.6865857171463456e-15,0.908706293273091,0.09129370672691063,sample_2847,uniform,train,41.32547623527559
4.4136443443943034e-17,4.541210077990277,medium,33.97822862350091,10.825900240463158,44.804128863963996,2.1448150808192117,1.1279894328405566,0.8404187247955396,7.496665925596521,2.8758748967173706,3,1.6967461562071376e-16,1.6255339019433098e-15,0.7583727099497215,0.24162729005028016,sample_2848,uniform,train,50.014512326855815
3.3624471952925104e-17,3.058940733903718,shallow,5.6162344875964605,5.2928835165296535,10.909118004126091,1.9377430594343734,1.3090482500382186,1.3090482500382186,nan,30.477348376870477,1,1.5117480212603575e-16,2.1168199760483906e-15,0.5148202160314211,0.4851797839685809,sample_2849,uniform,train,30.477348376870477
4.2735519454682426e-17,4.366216958629872,medium,32.755459526276525,16.4707824441228,49.22624197039924,3.385004381379858,1.63509054360157,1.5922553856925945,13.834738884417007,37.48274047332822,2,-3.195307639503147e-17,1.6599360694961619e-15,0.6654064623899801,0.33459353761002153,sample_2851,uniform,train,117.4057668123216
4.1860440487584724e-17,4.2272996659825814,medium,18.363974824758866,12.972555195155637,31.336530019914452,3.139383508147833,1.19422437458301,0.9778944017147437,13.435773144854746,32.35379399696182,2,1.0483490935655613e-16,1.6439072325452037e-15,0.5860245155761825,0.41397548442381915,sample_2852,uniform,train,89.31899784200183
3.991590775621734e-17,6.831378953859945,deep,17.309260457861534,9.618988250940587,26.928248708802077,2.030450482867427,1.4284389240717885,1.1708945638423751,7.657675887630659,10.888503883917734,3,2.3403196561467504e-18,1.6491574132888282e-15,0.6427919113879704,0.35720808861203124,sample_2853,uniform,train,45.76311517372853
4.263917240097649e-17,6.14545204495292,deep,46.697686274340775,12.024102935788308,58.72178921012902,2.2124178717284884,1.3279512718021624,1.2819377834863763,8.845337754998395,17.065662400753066,3,1.0229609434868194e-16,1.1192643129898402e-15,0.7952360938328803,0.20476390616712087,sample_2854,uniform,train,68.5631109073599
4.054883279691812e-17,3.793199172077424,medium,13.677620514720902,4.504825888065177,18.18244640278605,2.096286820192013,0.6992555999520014,0.6992555999520014,nan,19.994452205756627,1,1.46593362149419e-16,1.660836259370306e-15,0.7522431366895225,0.2477568633104792,sample_2855,uniform,train,19.994452205756627
4.338772427946063e-17,2.551100170995279,shallow,63.76149279984239,13.764542976640953,77.52603577648325,2.206628990305487,1.3823601630918734,0.9037016377089118,7.769169839822013,14.810191587665045,3,-5.828225425598116e-17,1.0998257222520894e-15,0.8224526400869293,0.1775473599130718,sample_2856,uniform,train,84.22375350370638
4.432439367715683e-17,6.194518459140701,deep,41.71003758351329,4.775255360514229,46.485292944027435,1.9001612058840882,1.384608739619195,1.384608739619195,nan,28.73822567523742,1,-9.736489769061347e-17,1.8151321531545364e-15,0.8972738460255808,0.102726153974421,sample_2857,uniform,train,28.73822567523742
3.984693500222674e-17,5.3519629454557816,medium,29.722486301921876,18.557868704603205,48.280355006525006,4.262903217250615,1.4379427019255244,1.2083259081639022,20.65332902948094,38.35108933717606,2,3.993535214234344e-17,1.5452866335536994e-15,0.6156227786209305,0.3843772213790711,sample_2858,uniform,train,149.9118267546931
4.0689794202136683e-17,4.877089661648399,medium,50.87321844019556,11.747383581937338,62.62060202213287,3.162576209321157,1.5445319427193296,1.319242575676007,8.637129152675673,3.806491801331362,2,-3.764673330376518e-17,3.9713760245891136e-16,0.8124038542812911,0.18759614571870928,sample_2860,uniform,train,81.37786754425407
4.315166877305158e-17,7.475569487305927,deep,67.63603630836464,25.57001985915451,93.20605616751904,3.7948123896256636,1.1720241497710062,1.1139889627994601,7.247068372797375,16.097226076390236,3,-5.63831761518464e-17,1.1816198278454322e-15,0.7256613903586108,0.27433860964139034,sample_2861,uniform,train,179.0263060880973
3.741830230627743e-17,2.884046198250336,shallow,33.33203380000115,11.35951659457263,44.691550394573646,3.7937642744624807,0.894951543520556,0.894951543520556,nan,100.19784644444319,1,-4.181615718339156e-17,2.9810279969878804e-15,0.7458240653035894,0.25417593469641364,sample_2862,uniform,train,100.19784644444319
4.078881107056395e-17,6.3903505567593015,deep,69.39449153590458,20.95800582437291,90.35249736027725,4.353895447781716,0.9188893336145474,0.74312451395255,19.72713866732832,26.35707062830693,2,-2.0103615580932145e-16,2.5951590675557787e-15,0.7680417649021543,0.23195823509784833,sample_2864,uniform,train,193.0580195534034
4.4811114206162847e-17,5.769916931922567,medium,30.463906627898915,4.66107631035199,35.12498293825082,1.924192840303733,0.8358471249169155,0.8358471249169155,nan,29.84244432950158,1,9.702494710961012e-17,2.503336833070963e-15,0.8673002541084218,0.13269974589158068,sample_2865,uniform,train,29.84244432950158
4.276912124552098e-17,4.735478426052338,medium,55.91729683389735,13.19620660536243,69.1135034392596,2.3431905596233085,1.1404843015103718,0.9336361642082291,6.076183012385324,6.471818499250678,3,-6.567628968658865e-17,2.6216063229678835e-15,0.8090647131358384,0.1909352868641642,sample_2866,uniform,train,81.7826171153861
4.417772933034411e-17,1.6819188414588657,shallow,38.760663308067144,6.867476503718726,45.62813981178577,2.656548670287459,0.7233016701847772,0.632520319792964,8.07465169527454,3.3063813898635868,2,1.5935034504696866e-16,2.1606799004602114e-15,0.8494903247853914,0.15050967521461073,sample_2867,uniform,train,37.05063963924052
4.220296197153554e-17,5.043645353113441,medium,68.51878834933368,22.421548641533022,90.94033699086653,4.0035946458200105,1.1904154710411972,0.9419639480737156,6.723094525588645,8.67036379994068,3,-6.599919367746148e-17,1.8751883072475423e-15,0.7534477066674524,0.24655229333254947,sample_2868,uniform,train,169.11802416208164
4.1599432897682616e-17,4.9701385666182105,medium,38.964176844102795,19.093327409885738,58.05750425398846,3.027158862737774,1.134221072146205,0.6174665956154454,11.643023662262308,25.28239058353559,3,3.086678624173018e-16,1.2238602828182836e-15,0.6711307581125658,0.3288692418874353,sample_2869,uniform,train,121.1585570292845
4.001544777312017e-17,6.673578474759822,deep,14.499571823183038,7.10701188123161,21.60658370441461,2.8489181116974422,1.6247260288051302,1.6247260288051302,nan,42.58681572071436,1,6.546006211109915e-17,1.7264873585630055e-15,0.6710719298127874,0.3289280701872143,sample_2870,uniform,train,42.58681572071436
4.2508874132199995e-17,1.9393001856875243,shallow,26.57254306302419,11.719965156386074,38.29250821941021,2.819928965153647,0.929297615662463,0.871831888222008,10.215674231297706,13.295823715451919,2,5.969049574036674e-17,1.4844527429518047e-15,0.6939358192669853,0.30606418073301617,sample_2871,uniform,train,78.4691731928185
4.182352260240414e-17,2.9023093068569876,shallow,111.16005961383239,27.20485786767965,138.3649174815118,3.698997787300595,1.2167976408494225,0.8596629937023361,6.308724118235002,14.11340764071259,3,2.448516566946073e-16,1.6432899291369398e-15,0.8033832682239376,0.1966167317760641,sample_2875,uniform,train,226.44486439803455
4.427599070213418e-17,6.682926534686461,deep,87.28139710204638,14.49728638885135,101.77868349089749,2.896228325383584,1.186713919857981,0.9677925442479548,9.802040603874275,7.4536451921666504,3,-4.814746537115668e-17,2.37362600765061e-15,0.857560680767229,0.1424393192327734,sample_2876,uniform,train,88.92975293284675
4.429546056385475e-17,5.508369424403475,medium,33.978285728581795,9.317758825055938,43.29604455363771,2.5087503807298073,0.998594649178833,0.8160882973559878,4.6,21.823380819273485,2,1.086610387621657e-15,6.154223293537569e-16,0.7847896055836574,0.21521039441634318,sample_2877,uniform,train,52.114191460917
4.4173333830282475e-17,3.18737237185472,shallow,54.919376653211586,9.809138367649606,64.72851502086107,2.3394708462175715,0.9129593939072589,0.8876126187883366,10.141005867269776,23.670777039500575,2,-3.6874959365303417e-17,1.921023195386808e-15,0.8484572314923625,0.15154276850763937,sample_2878,uniform,train,49.4049290173344
3.837925115992596e-17,3.5899350216877584,medium,18.51821457142814,10.116447184834309,28.634661756262354,3.7247171916125605,1.5616147092645085,1.5616147092645085,nan,85.32011692748857,1,2.6566914609347236e-17,3.287865360156507e-15,0.6467062446574294,0.3532937553425739,sample_2879,uniform,train,85.32011692748857
4.4034504232220916e-17,2.4448897714619413,shallow,32.46385048634816,6.575822002611446,39.039672488959496,2.0700981083149923,1.2920149010930007,1.2520364838259432,9.840731680114036,11.689699865038344,2,-9.95166621064898e-17,2.7300795208811364e-15,0.8315605233504201,0.16843947664958261,sample_2880,uniform,train,30.33844060847609
4.269827842540014e-17,3.584619419621494,medium,45.76478043640046,15.5897232516919,61.35450368809226,2.5458592636987234,0.8398062139137612,0.6859610163613513,3.6276714294434096,23.406585868257494,3,3.707274509578459e-17,1.6213313942220092e-15,0.7459074344249407,0.25409256557506094,sample_2881,uniform,train,78.18713345218694
4.036847495757824e-17,4.601122481849655,medium,16.33388394208333,5.008584712732312,21.342468654815637,2.1212176686600195,1.15120663637286,1.15120663637286,nan,39.98014059565904,1,1.4455122976134367e-16,2.080777144540212e-16,0.7653230845157086,0.23467691548429162,sample_2882,uniform,train,39.98014059565904
4.432420753993481e-17,6.385023760161492,deep,70.37316491148766,9.136920158443518,79.51008506993114,2.8996091092398606,1.753382147321531,1.7072924681336037,11.435033887138246,8.8875316822177,2,6.336411204398989e-18,5.585319264335775e-16,0.885084764399292,0.11491523560070857,sample_2883,uniform,train,59.22338728415075
3.891300956910292e-17,5.835899229263358,medium,8.750086613870925,8.112690173488138,16.862776787359017,2.8095049257588345,1.120181460971186,1.120181460971186,nan,49.882233510012526,1,3.6429273784257685e-16,2.7388892355515707e-15,0.5188995100990914,0.4811004899009113,sample_2884,uniform,train,49.882233510012526
4.493418252490629e-17,1.6610981972997076,shallow,73.51238449611945,9.349598669500814,82.86198316562015,2.0402907094458733,1.2709991091088517,0.9816542324428521,10.465180361560904,11.653277383044232,3,2.50748139703252e-17,1.4577525237090193e-15,0.8871666075042736,0.11283339249572788,sample_2886,uniform,train,43.2350682324599
4.167327037092406e-17,2.974088403332159,shallow,22.57031374057443,9.200722389460507,31.7710361300349,2.478268656914627,1.287350350854354,1.0660636494130837,8.72926113711808,5.095398972151315,3,3.919923313470263e-17,1.174135255605977e-15,0.71040534051823,0.2895946594817712,sample_2888,uniform,train,40.81406588105909
4.503023198134965e-17,7.924418819689072,deep,43.24073020252065,9.326889668005187,52.56761987052573,2.920456932392869,1.2422893132310207,0.9094938600694211,9.99599919967984,5.53633184389058,2,-3.3484984518835423e-16,2.0275106734245434e-15,0.8225734836201972,0.1774265163798048,sample_2889,uniform,train,64.29784601813303
4.1803917471323304e-17,8.30000052367213,deep,40.349286403714835,19.32712291493563,59.67640931865036,3.621470896278003,0.9405568636274824,0.7200872512090353,10.877499712709719,6.289622924146413,3,1.7899989326955614e-16,1.785988996001904e-15,0.6761346211073843,0.3238653788926175,sample_2891,uniform,train,165.07121345173238
4.226633083351773e-17,3.875670457819089,medium,20.85234586574259,6.445976944195781,27.298322809938348,2.786136827635864,1.256748820896918,0.7788815354996959,10.992724866929036,2.3668289690669457,2,1.9305405306258642e-16,7.808641659495105e-16,0.763869121591272,0.23613087840872884,sample_2892,uniform,train,38.861441439455454
4.422371334855633e-17,7.643381979686437,deep,11.889420566696153,7.5340650517746255,19.423485618470735,1.8598084247099524,1.0194772297792951,0.6025648001453506,6.702238432046416,5.3438153990620565,3,-3.110256014651529e-16,2.1948977121317832e-15,0.6121157036505294,0.3878842963494728,sample_2893,uniform,train,37.19827167467427
4.3582821180101095e-17,3.574510476926569,medium,73.575345459722,12.06155745288761,85.6369029126094,1.9802385199703052,1.4819448769881038,1.1527020399786934,4.180908992073374,9.072780953798611,3,5.668903615672542e-17,2.4684038854644838e-15,0.859154674647728,0.14084532535227445,sample_2894,uniform,train,65.08958693673198
4.392641902940156e-17,5.492423531157983,medium,47.85223031641139,6.1008157932576665,53.95304610966897,2.6844844864861517,1.4160644391428137,1.4160644391428137,nan,38.48170115928583,1,2.2058440170745861e-16,1.5803580045859838e-15,0.8869236079672571,0.11307639203274446,sample_2895,uniform,train,38.48170115928583
4.189115094022542e-17,8.14525861972348,deep,26.972359935566413,10.004474730855243,36.976834666421524,3.8143804183341876,0.8044332248070808,0.8044332248070808,nan,127.21283217951047,1,-8.402806525428285e-16,3.554939391147723e-15,0.7294393957430834,0.27056060425692025,sample_2896,uniform,train,127.21283217951047
4.0493233960234466e-17,6.867899255790775,deep,59.94840405202524,27.69558359620121,87.64398764822624,4.047074752576683,1.0641534654458535,0.6601947080556331,11.216059914247966,48.01581407901771,3,4.119064966735401e-16,2.351072776349186e-15,0.6839990472893378,0.3160009527106646,sample_2897,uniform,train,227.26481644461768
4.252421025061961e-17,5.2141412215057095,medium,120.57838907042571,35.716684552079066,156.29507362250453,4.052386171680759,1.3667582838141834,1.0543781303220316,6.846897107449476,57.320281902978415,3,-3.606958872482704e-16,1.5911567252381192e-15,0.7714791405495965,0.22852085945040504,sample_2898,uniform,train,314.01583371850194
4.185168456696085e-17,3.6643563182890833,medium,12.5974682345936,9.687486658670634,22.284954893264207,2.8590898226874493,1.3955975174202861,1.044513578015679,9.608329719571453,14.975483922130074,2,-3.714454113706566e-16,1.275376574309095e-15,0.5652902729635445,0.4347097270364568,sample_2899,uniform,train,73.3929369093233
4.5048462419874873e-17,2.1746161568663185,shallow,18.6899702544535,5.386808698411822,24.076778952865297,2.1303850107374367,1.1953290998666228,0.6573879011216816,14.236572621245609,10.747411829114776,2,-3.2242573296375144e-17,9.960143497122362e-16,0.7762653921042568,0.22373460789574412,sample_2900,uniform,train,34.36935576657417
4.0927134155577376e-17,7.045098308864873,deep,44.330263285710885,20.765750895161506,65.09601418087219,3.6651763042268226,1.261198585456034,1.116873862402862,6.835202996254024,5.493861707033889,3,1.1194227404362267e-16,3.110861428918831e-15,0.6809981201389268,0.31900187986107625,sample_2901,uniform,train,152.61775929800373
4.2528405975899365e-17,7.479809248733356,deep,71.1072278346613,19.32774387447328,90.43497170913444,4.243803810483534,1.5671483308536232,1.4579776456749984,8.221921916437786,13.136007660977898,3,-8.055724863887871e-17,1.5321045703298939e-15,0.7862802021253805,0.213719797874621,sample_2902,uniform,train,169.61252169000673
4.233765296314517e-17,5.969479125769142,medium,29.588266519608357,16.17629868068867,45.76456520029696,3.8884169952360916,1.3433932204858907,1.2413619383499284,5.617828762075256,13.048331141019425,2,5.397863321482283e-16,1.5526045809684423e-15,0.6465322327462288,0.3534677672537727,sample_2903,uniform,train,141.4737201022433
4.02847835629786e-17,2.340117664206409,shallow,19.046480040837565,5.823710949568858,24.870190990406382,2.0435558477604525,1.6941679337467366,1.6941679337467366,nan,35.74770308268558,1,1.7574810979259167e-16,1.6784907579523086e-15,0.7658356965648032,0.23416430343519845,sample_2904,uniform,train,35.74770308268558
4.3984545279420656e-17,2.040827780620046,shallow,40.397553813962936,20.160145455990392,60.557699269953176,3.537969458030253,1.3237044264339126,0.9337981740596814,4.686149805543993,17.276790095264754,3,-2.9430115897782526e-16,2.5226633447122977e-15,0.6670919519891161,0.3329080480108864,sample_2905,uniform,train,181.82927858616557
4.05852571622069e-17,5.023579230256439,medium,28.695582706640874,15.678026382433185,44.37360908907396,3.3244090849521117,1.1574574865671645,0.8455421759466221,20.212867188996224,36.5976891615857,2,-1.5577219410538333e-16,2.2417825605920305e-15,0.6466812886244707,0.35331871137553156,sample_2906,uniform,train,116.25606900521248
4.315488543308848e-17,7.97199128341197,deep,32.21198308913171,18.486701578790935,50.69868466792257,2.9900311195446734,0.9977751690435402,0.8040309366413863,8.146164741766519,24.833059894401284,3,4.047310814867672e-17,1.4015013218077938e-15,0.6353613175592396,0.36463868244076175,sample_2907,uniform,train,117.16877734580163
4.254260386074696e-17,4.960910187790193,medium,9.377823255970824,12.840508843144782,22.2183320991156,3.8291294822869704,0.7707086758456376,0.7707086758456376,nan,114.77399255508398,1,2.7055768350737377e-16,3.1980021389111533e-16,0.42207593324901777,0.5779240667509825,sample_2908,uniform,train,114.77399255508398
4.288388902222878e-17,5.481342846690076,medium,46.92540031315396,13.897921648708623,60.823321961862426,2.1133651399597078,1.1667397570217721,0.8175315512994414,7.383765976789894,15.534801398332588,3,-1.109589223327714e-16,2.5408517661156966e-15,0.7715034101981018,0.2284965898019008,sample_2910,uniform,train,73.66971211169303
4.180263354770032e-17,1.8604413483781534,shallow,43.518233687072225,14.245387701790987,57.7636213888631,3.2914137972651556,0.95263945009465,0.648973018052924,5.99666574022598,2.164142185926265,3,-8.62548941618575e-17,1.937386856839143e-15,0.7533847885697588,0.24661521143024312,sample_2911,uniform,train,81.77131651373101
3.965983567041106e-17,1.412716578508391,shallow,41.536303674807215,17.68692102916622,59.223224703973315,4.167552315118285,1.0073252183238417,1.0073252183238417,nan,163.2860871727696,1,2.9056223226693413e-16,2.039609725458145e-15,0.7013516045846204,0.29864839541538163,sample_2912,uniform,train,163.2860871727696
4.32155062672096e-17,2.5094603359487495,shallow,54.69251375955224,14.855177918144364,69.54769167769649,2.57441348736993,0.8752237386875042,0.6962492092430475,3.80525951808809,6.430797133380565,3,-1.164925684924531e-16,1.6346601156580828e-15,0.7864030054802206,0.21359699451978112,sample_2913,uniform,train,76.29352632092122
4.137590082434651e-17,1.9235282021527211,shallow,17.311020557424015,13.612039997920968,30.923060555344936,3.4176569890440813,1.049203332604739,0.7006568636048041,17.89525076661403,24.940012010366715,2,-2.0274089994828085e-16,1.550998956845388e-15,0.559809418813555,0.44019058118644655,sample_2914,uniform,train,109.45166442339163
4.2628006386696656e-17,5.828467726142202,medium,17.256589942798964,12.231386468427267,29.48797641122618,2.4921486477825563,0.7101999286411176,0.6445190104351404,17.536248173426383,38.77638553718455,2,-1.1977306195446597e-17,1.6867210828435001e-15,0.5852076691240609,0.4147923308759408,sample_2915,uniform,train,89.31767330127582
4.4777168219703586e-17,1.6927554334600845,shallow,79.28757670201308,12.202380242838071,91.48995694485104,2.498346503374557,1.1585778202634036,0.6204416455880762,4.123105625617661,14.67480660508989,3,-6.947945014121992e-17,1.2037837563876323e-15,0.8666260139329457,0.1333739860670555,sample_2917,uniform,train,58.20153115129241
4.162198682106565e-17,1.8199127113351916,shallow,62.70101221763969,17.113362719480094,79.81437493711964,2.3200996929122994,1.1704434424976322,1.1301683492752908,4.604345773288535,25.121135851771573,3,-3.627818441569122e-16,1.8695125361462352e-15,0.785585457093883,0.21441454290611883,sample_2918,uniform,train,108.1432353921527
4.427921481739172e-17,7.617798843944134,deep,74.42701331140222,10.303355549900761,84.73036886130286,2.1512480671300764,1.2672227521002732,0.7461898110431507,11.894536560959406,14.91357920450664,2,2.554183637456727e-16,1.3836780480954675e-15,0.878398315876962,0.12160168412303936,sample_2919,uniform,train,56.61588693240679
4.077963138758617e-17,1.8407985812079954,shallow,49.909791051275015,16.419988163748148,66.329779215023,3.599085006439278,1.3742446518474767,1.299533805708469,15.316657598836636,38.68548058305637,2,1.1171901094710449e-17,2.517384271133001e-15,0.7524492263042385,0.247550773695764,sample_2920,uniform,train,122.64798570997863
4.4325249249523435e-17,5.629282780642239,medium,57.7360065944681,5.962450136751626,63.69845673121964,1.675039741536604,1.4913744796758144,1.4693825121035111,6.841052550594827,7.8193729626994175,2,-2.6864800079098684e-16,1.3106875069846485e-15,0.9063956892721822,0.09360431072781913,sample_2921,uniform,train,27.505666462524022
4.1833803330292724e-17,7.839116635564958,deep,38.542388170897766,23.733383961294457,62.275772132192145,3.395196302441751,1.2638435118154372,0.6371808686161335,10.622617379911603,7.529024938123018,3,4.4008762630805257e-16,1.255057918313758e-15,0.6188985997489398,0.38110140025106143,sample_2922,uniform,train,185.73806658395716
4.264365466877017e-17,3.8492693132073494,medium,72.52546903349511,16.75808792295448,89.28355695644943,2.8087541352054637,1.6418274408755662,1.5746913661369915,9.312357381458252,16.326613458670028,3,1.8870004375194447e-16,1.8304023136593687e-15,0.8123048801569527,0.18769511984304915,sample_2923,uniform,train,107.13676301604988
4.0949419792605964e-17,1.7580522354418076,shallow,38.95821591993384,20.203199755706553,59.16141567564023,3.346180502249387,1.061352332925702,1.0579708647687476,11.399999999999999,63.09715070939489,2,4.61067925732375e-17,2.8224061408384573e-15,0.6585071617205219,0.34149283827948085,sample_2924,uniform,train,160.99555262543555
4.2480899465657307e-17,4.910618624737889,medium,23.033579360932706,3.047143540306096,26.080722901238747,2.070703176676108,1.3767180105666037,1.3767180105666037,nan,13.59991803350694,1,3.444841888172478e-17,2.0773535997015758e-15,0.8831649125737495,0.11683508742625255,sample_2925,uniform,train,13.59991803350694
4.173592552986093e-17,7.9867851955621685,deep,42.9624954083456,9.206014521587198,52.16850992993273,2.2097444049574695,1.1419843201328055,0.7697380591761249,9.25418824100742,3.9559230963786907,3,3.081825659801839e-17,1.3279642610006801e-15,0.8235331134826032,0.17646688651739814,sample_2926,uniform,train,44.60218587506573
3.8149193001754694e-17,4.7671850312863855,medium,8.801095157646492,7.854079325162504,16.655174482808977,2.3668121827506274,1.4244100902244103,1.4244100902244103,nan,55.53669068645416,1,7.520675945586429e-16,1.0665495226325957e-15,0.5284300783958009,0.47156992160420014,sample_2927,uniform,train,55.53669068645416
4.1739504105525396e-17,6.754984237000932,deep,44.945287745617385,22.11525366441592,67.0605414100332,3.315601572316149,0.9348405166987795,0.827746654912358,8.511169132381285,10.688171723748892,3,2.7664553133100584e-16,1.6423089006904129e-15,0.6702195777216458,0.3297804222783559,sample_2928,uniform,train,154.38410432193547
4.473231859517524e-17,6.683357015795509,deep,76.9299796426321,5.122471421473482,82.05245106410548,1.9346604460091483,1.4354428079844321,1.1571339260709568,10.007996802557445,8.551881056720736,2,1.1440798624346519e-16,1.2664688715237409e-15,0.9375707690015095,0.06242923099849176,sample_2929,uniform,train,25.258022429173735
4.303868457053456e-17,7.069435923881667,deep,65.84030105173406,21.053528104981165,86.89382915671509,3.2639674124954214,0.9648337061216529,0.6481136763861358,8.4,12.891986944781587,3,2.47508512043873e-16,1.5945416932119633e-15,0.7577097440715785,0.24229025592842304,sample_2930,uniform,train,144.8758555167492
4.1788584872667656e-17,3.264965777310983,shallow,30.742750048583357,7.958561909521632,38.70131195810492,2.296224649049256,1.2268517238307952,0.756555537273961,15.907231060118539,9.234463606758872,2,-1.3598864730629819e-17,1.858915069173612e-15,0.7943593768051871,0.20564062319481477,sample_2931,uniform,train,50.22247889064036
3.770513298817442e-17,7.074805069849017,deep,22.50389807036849,11.51038211574727,34.01428018611567,3.2910332656125045,0.8057593199460087,0.8057593199460087,nan,85.17261323804416,1,-1.8552014742184918e-16,2.6111927544557353e-15,0.6616014787681552,0.3383985212318474,sample_2933,uniform,train,85.17261323804416
3.5145288234008534e-17,1.8628605943541936,shallow,7.939472026451817,5.6653491184602425,13.604821144912034,2.237465660386163,1.5088774279684798,1.5088774279684798,nan,36.720696192114744,1,-2.882547611587832e-16,1.8932387200794894e-15,0.5835778318497808,0.4164221681502211,sample_2935,uniform,train,36.720696192114744
4.292267820754867e-17,5.424710216855001,medium,48.62110772320212,18.90889949136637,67.53000721456844,2.9790238105665803,1.4154200414077778,1.2086930564535365,7.224956747275379,26.533257273592763,3,5.46228298758461e-16,7.365317072330609e-16,0.7199926333298681,0.28000736667013265,sample_2937,uniform,train,143.28741163673374
3.9487657804605873e-17,4.884475674718457,medium,26.89470573300362,14.698293981437057,41.5929997144406,3.156487144396169,1.1360689012852305,0.8431549787618894,10.543244282477763,42.659397245568854,2,-2.0804580595083694e-16,1.793739037026172e-15,0.6466161593934302,0.35338384060657163,sample_2938,uniform,train,105.81630743698139
4.312227170953369e-17,5.471247450912886,medium,49.57990071319195,21.312321428252755,70.8922221414446,3.807170640511001,1.2809901876753533,1.1583888852946775,5.734108474732581,11.089098480084274,3,1.6115853973831848e-16,1.3530859441283533e-15,0.6993701031725288,0.30062989682747254,sample_2939,uniform,train,155.55885458215482
4.3627193783020115e-17,6.66605029586629,deep,94.37114706223782,22.692101392578323,117.06324845481589,4.233100642798656,1.0919378890818672,0.6010683478986858,7.282856582413252,6.793431189292261,3,1.2875200440759142e-16,2.185104106113782e-15,0.8061552050527901,0.19384479494721205,sample_2940,uniform,train,196.0259077840224
4.603774194932579e-17,2.106019234386459,shallow,100.51555481885843,4.841868313752872,105.35742313261127,2.319370253889646,1.338636874156372,1.338636874156372,nan,30.38244396654292,1,1.516291044629152e-16,3.0348524250596886e-16,0.9540434060573171,0.045956593942683185,sample_2941,uniform,train,30.38244396654292
4.3229158338363584e-17,6.628257559336874,deep,45.303026018927675,7.126714765108742,52.42974078403636,1.838766873260295,0.9755165311898162,0.9466382646051027,9.245539465060975,11.285292685327258,2,5.929219575153205e-17,1.0503020079430643e-15,0.864071142474948,0.13592885752505307,sample_2942,uniform,train,37.32695016031585
4.128526303607356e-17,1.9790822856181458,shallow,41.82795531769108,14.20136657975385,56.02932189744489,3.4321777355435494,1.4502347659983115,1.332532465167485,6.076183012385326,30.283546898701335,2,6.43419398353999e-16,7.291933209719772e-16,0.7465368828530935,0.2534631171469073,sample_2943,uniform,train,98.5421954750301
4.3603483700476136e-17,1.7187111745068906,shallow,23.08723874643311,5.998689779901739,29.08592852633481,1.6490411719655023,1.3937399420413412,1.2728031675010056,16.93635143707168,8.905356379227646,2,1.472147742137109e-16,1.2519908097392934e-15,0.7937597290569423,0.20624027094305897,sample_2944,uniform,train,27.689141265489766
4.3258916742908727e-17,6.416524575289784,deep,94.53617980465395,14.362443048798456,108.89862285345227,2.683042177991759,1.5434007381293628,1.3484437300812782,9.505787710652914,7.280761017764014,3,1.2594814174282066e-16,1.321273862067567e-15,0.8681118027715904,0.13188819722841097,sample_2946,uniform,train,85.4799982912644
4.023947551657997e-17,1.8538368889344798,shallow,9.26307240228203,9.42714473731625,18.690217139598236,2.828060917483782,1.270177981460285,1.1712942220636238,22.16303228351211,8.916314599362286,2,-2.4027559956244832e-16,2.2810095691869763e-15,0.4956107429408467,0.5043892570591555,sample_2947,uniform,train,57.10928144723432
3.8176576213131537e-17,6.464498595135481,deep,9.369479680567368,6.625044449479548,15.994524130046893,2.234933511593845,1.5887590459027985,1.5887590459027985,nan,46.76085376981343,1,9.891938631891144e-17,1.4437840553706773e-15,0.5857929629157338,0.4142070370842677,sample_2949,uniform,train,46.76085376981343
4.34156348077396e-17,5.068860399935563,medium,8.038426632871614,8.114708446137517,16.153135079009104,3.099986435477711,0.8552061447221708,0.8552061447221708,nan,73.52959315903148,1,-1.4774890495591974e-16,1.6495468192814918e-15,0.49763879231824776,0.5023612076817539,sample_2950,uniform,train,73.52959315903148
3.944320148757442e-17,1.9469745805312269,shallow,15.343363902014381,12.4141077137249,27.75747161573923,3.7931582479472,0.6269509208864503,0.6269509208864503,nan,100.27440542123588,1,-1.5695316796221203e-16,1.791877595760712e-15,0.5527651838906784,0.4472348161093234,sample_2952,uniform,train,100.27440542123588
4.045444412376548e-17,4.731725821552333,medium,24.85424141479037,19.24167003111038,44.09591144590066,3.4741754672934304,1.0986673534945004,0.6400223034500759,10.744300814850636,76.79522797505327,2,2.2188092467301237e-16,2.014196760145875e-15,0.5636404963594629,0.43635950364053916,sample_2953,uniform,train,161.3114633869779
4.448143640397966e-17,7.604559999648901,deep,79.35176214923456,9.4692966601068,88.8210588093412,2.1834578150557817,1.4306293600325881,0.8000339445537789,5.678027826631358,6.1685579061823566,3,9.068909256043907e-17,1.839933360574124e-15,0.8933890590019541,0.1066109409980477,sample_2954,uniform,train,42.10862277228289
4.4577424092040607e-17,1.732958539987923,shallow,45.09419754258137,8.349652423770214,53.4438499663515,2.189683979247426,1.1805462118019465,0.6735478713573388,3.358571124749332,4.94276410755486,3,4.3578156014030943e-17,1.5621773413475395e-15,0.8437677594517028,0.15623224054829873,sample_2955,uniform,train,40.91145086604568
4.286874000413949e-17,2.9825014976810316,shallow,33.346572340256195,10.993039665022248,44.33961200527836,2.1837921234910342,1.043273585015494,0.7062990461563987,9.123595782365639,3.6711140317548536,3,-9.971527156353624e-17,1.8428761758827334e-15,0.7520718119113556,0.2479281880886462,sample_2957,uniform,train,62.043141904486234
4.2115852498682764e-17,6.2326039635622195,deep,41.616999962998776,19.726238676402154,61.34323863940081,2.7784829520739738,1.074317240133535,0.6935800550085004,6.615134163416492,26.66121980030886,3,9.969586425511947e-18,1.9691210923714103e-15,0.6784284769775449,0.32157152302245706,sample_2958,uniform,train,124.22323382974376
4.60716334526413e-17,1.4136677618343025,shallow,90.95178338940178,23.71260192263895,114.66438531204048,3.4626874130895935,1.3146419159022174,1.0185697564408274,8.13142054010245,40.05606941896932,3,-1.107789761028434e-16,2.199834504047601e-15,0.7931999386024814,0.20680006139752077,sample_2959,uniform,train,170.04642557049448
4.0839850574964436e-17,4.26736254460763,medium,16.24687513743351,17.151989683705455,33.398864821138915,3.8856828972832096,1.0128757974669038,0.9276196078289598,14.388884598883964,47.7770274114206,2,-1.0258056141015228e-16,1.4892120366835548e-15,0.48644992051198355,0.5135500794880179,sample_2960,uniform,train,177.51538376782494
4.3305807529860504e-17,8.123085423422305,deep,54.525012635916895,15.180995191474244,69.70600782739098,2.523387307764903,1.1688663202819571,0.6596500474870179,6.0266076693277455,16.97815927309936,3,-7.751416999619101e-17,2.319003446384474e-15,0.7822139631197081,0.21778603688029416,sample_2964,uniform,train,92.87257953330658
4.402342374054055e-17,3.2730007504354397,shallow,21.761428354880472,14.621831485816186,36.38325984069658,4.026237171779753,1.0757095160519072,1.0757095160519072,nan,138.81154164280457,1,1.7207959075210206e-16,2.099409025707257e-15,0.5981165088054913,0.4018834911945109,sample_2965,uniform,train,138.81154164280457
4.5008967417842544e-17,4.4616999750359865,medium,76.46353674475202,24.31756986734385,100.78110661209577,3.505660598673637,1.295811218770393,1.027532989781681,13.705473359209453,17.09378264585957,3,2.3853878412473516e-16,9.870499178908093e-16,0.7587090409619976,0.24129095903800335,sample_2966,uniform,train,208.5790964823514
4.167037018384815e-17,6.796792589507581,deep,54.17103305992101,12.666261043350014,66.8372941032709,3.401640413594826,1.1783802314429113,1.049281673213517,14.835093528522158,6.951808414226822,2,4.574764825691887e-16,1.7275264672237188e-15,0.8104911155771934,0.1895088844228083,sample_2967,uniform,train,88.68542038827111
4.257247283995111e-17,4.055462212708513,medium,37.063100590970585,7.959234970598621,45.022335561569186,2.359992275753946,1.3406774585813117,0.769935934807557,6.046486583132388,2.6681766354095373,3,3.2386743964231527e-16,4.537326506566264e-16,0.8232158578331827,0.17678414216681776,sample_2968,uniform,train,37.7217099621873
4.3790962935244025e-17,4.802511719221025,medium,79.96228445269698,17.484202259729017,97.4464867124257,3.1913332261401357,1.274681309068463,0.7076654879195913,10.934349546269317,12.967233318694925,3,-3.254995309620897e-16,3.062480332409856e-15,0.8205763712002635,0.17942362879973953,sample_2969,uniform,train,108.4159948440237
4.051761767115004e-17,3.3919879296176996,shallow,25.37297000916113,7.582803985208454,32.95577399436953,2.12885702101293,1.2362013057830614,1.1972780502877445,5.520869496736905,4.098033381726954,2,2.1924687145402426e-16,1.6170369778331467e-15,0.7699096981759883,0.2300903018240133,sample_2970,uniform,train,44.511684862384705
4.287248055944819e-17,2.4753389553449296,shallow,9.46386500633855,3.07503026692204,12.538895273260586,1.9544125559352334,1.546814028317432,1.546814028317432,nan,17.663848785800422,1,1.0602959885672188e-16,2.833354614881205e-16,0.7547606707044127,0.24523932929558762,sample_2972,uniform,train,17.663848785800422
4.297217393803725e-17,5.88601626421702,medium,47.42577841401323,17.15749537909574,64.5832737931089,4.097172279904026,1.6388451280988428,1.6205573229707153,11.847362575695911,45.52339762495927,2,2.744970105697948e-16,1.0451864071407914e-15,0.7343353105006827,0.2656646894993183,sample_2973,uniform,train,137.0637104370233
4.3585232778613406e-17,6.445963792465918,deep,96.74665926586492,15.085507932975196,111.8321671988399,3.698039323164997,1.0162391574312588,0.7261836279711711,7.962411694957754,7.145764762965104,3,8.334092056039813e-17,1.9537481631536992e-15,0.8651058249979844,0.13489417500201756,sample_2974,uniform,train,110.51474944226804
4.2632913880120494e-17,5.216694215397263,medium,63.342945683213344,16.514150172506866,79.85709585572005,3.0058501002025686,1.581115398596225,1.3402738281249937,13.455110553243328,6.435518893566865,3,-1.0371169596589399e-16,2.046465971165381e-15,0.7932037222798177,0.20679627772018436,sample_2976,uniform,train,103.85560472069746
4.487761720233462e-17,2.0875572509681986,shallow,27.077027699241206,11.570601957707652,38.6476296569488,2.362356049963541,1.0824841728998782,0.600762705591043,8.160882305241264,10.752895236383695,3,-8.530424956363024e-17,1.470812553457276e-15,0.7006128950103098,0.2993871049896917,sample_2978,uniform,train,59.61326504934277
4.4067121723038945e-17,7.94054327160942,deep,73.67362426897874,11.951573675011716,85.62519794399029,3.0278775179149835,1.2609998317191988,0.9386105089528232,11.709824934643558,14.669137571934089,2,1.444168005339199e-16,1.991589633392409e-15,0.8604199001930555,0.13958009980694652,sample_2979,uniform,train,83.78347647651775
4.3291903349741744e-17,4.874871557895134,medium,40.915896730081464,6.309060500509744,47.22495723059114,2.211123703681511,1.6495331969666012,1.6495331969666012,nan,45.28222207712283,1,-3.818344446520171e-17,1.5045915918793644e-15,0.8664041034552209,0.13359589654478066,sample_2980,uniform,train,45.28222207712283
4.124591315752137e-17,4.866678489663487,medium,10.796039504373908,6.418599997230595,17.21463950160448,2.4029448344959357,1.3573827117127264,1.3187283004196066,9.478396488858229,7.076585763781523,2,-1.3678417446464447e-16,1.3414535291343696e-15,0.6271429328141126,0.3728570671858887,sample_2981,uniform,train,34.92520590445288
4.45298827620801e-17,5.824958479620927,medium,40.97698201797488,23.048694475461296,64.02567649343607,4.154286540954202,1.3556324029714446,1.0928146297902215,17.72004514666935,87.22404410321394,2,2.718969747133496e-16,1.775644459348606e-15,0.6400085756559848,0.359991424344017,sample_2982,uniform,train,213.20642571805985
4.0892640869571554e-17,6.240722025008661,deep,32.94555795266309,13.478869117368841,46.424427070031875,2.306552458457942,0.9477962451896262,0.6910806071021269,5.317894320123332,7.5103858608162986,3,1.9489149209947905e-16,1.1479022692432534e-15,0.7096599792812579,0.29034002071874326,sample_2983,uniform,train,84.15534970580502
3.9950123229843426e-17,6.097510682332183,deep,40.95517129259718,20.807940807953507,61.76311210055056,3.3767386282088045,1.3879773212935749,0.8692224259488248,6.2,3.950316333887507,3,5.4521688465768794e-17,2.0707779787488714e-15,0.6631008364008928,0.33689916359910926,sample_2984,uniform,train,142.33755516082135
4.279994036433273e-17,6.962232782417167,deep,22.787041286010684,16.818846122513268,39.60588740852379,3.632338717675261,1.564166322039444,1.5508976026377002,13.58086889709197,63.20196916177056,2,3.606566959051371e-16,4.0365745096678635e-15,0.5753447978824119,0.4246552021175921,sample_2985,uniform,train,150.72579815714715
4.3240376077511386e-17,8.313734882309523,deep,18.996674484323172,4.081714820332393,23.078389304655555,1.706277615634673,1.1146231255827856,0.6730730149284317,14.120906486483085,6.858454625884722,2,4.589353318399063e-17,4.2333814928455614e-16,0.823136928385683,0.17686307161431744,sample_2986,uniform,train,16.91820321917867
4.0389124673551243e-17,1.6046039011029287,shallow,32.89635067724682,15.955449128725823,48.85179980597256,4.048645355471538,1.502244951071667,1.502244951071667,nan,131.62773323882638,1,4.813363627018958e-16,1.7090214031705857e-15,0.6733907616076195,0.3266092383923822,sample_2988,uniform,train,131.62773323882638
4.031292593890274e-17,3.503104957922269,medium,25.67136257940333,10.048739631745509,35.72010221114876,3.291891348783287,1.0216332267437291,1.0216332267437291,nan,76.63286505377609,1,-6.994609288547366e-17,2.0886554807092518e-15,0.7186811064440606,0.2813188935559415,sample_2989,uniform,train,76.63286505377609
4.013443759504957e-17,3.466517767314249,shallow,16.459086442304436,11.866883404886865,28.325969847191246,3.0125552758625305,1.5477103519250162,1.5090699441191195,11.91133913546248,21.881383797655165,2,-4.6086151521945545e-17,1.9440485998705574e-15,0.5810599436169522,0.41894005638304965,sample_2990,uniform,train,78.2579228365523
4.2009427326471995e-17,2.3096107412405447,shallow,20.041258788039645,6.582112660789677,26.623371448829264,2.1463787143150883,0.6372607179603996,0.6372607179603996,nan,41.41976853753199,1,-1.1562333590621206e-16,2.168455538828717e-15,0.7527693788354118,0.24723062116459027,sample_2991,uniform,train,41.41976853753199
4.2650817741362373e-17,1.8414291073258853,shallow,32.42018945896512,16.42307506834134,48.84326452730633,2.4293602161974888,1.4409709565111395,1.1344063005473357,7.8051265204351425,26.93282711715094,3,-4.153612657831013e-16,2.6185328453079854e-15,0.663759676440961,0.3362403235590416,sample_2992,uniform,train,111.7943723445273
4.401596891103267e-17,6.023584937360325,deep,25.83220121094003,10.061948417566768,35.89414962850674,2.763765003606479,1.244019543683364,0.7250071333234495,4.436214602563771,18.144707491760965,2,-9.238385183157334e-17,1.682617729203496e-15,0.7196772030622055,0.2803227969377962,sample_2994,uniform,train,57.31653044170733
4.302884762827611e-17,7.3656491674247375,deep,99.45116643808709,30.93619380214028,130.387360240227,4.112298775979726,1.1687388529937206,0.8680755903820001,8.885943956609225,43.29152463254771,3,2.691352656996799e-16,2.8337273023590192e-15,0.7627362518487777,0.2372637481512251,sample_2995,uniform,train,259.79444101101546
4.442768890832271e-17,4.9004982278466525,medium,59.9569528858932,17.725172004989705,77.6821248908828,2.3788944193842543,0.9792966271629077,0.708862593437355,6.289674077406556,16.56929587268741,3,7.519592276835115e-17,1.3262857681858614e-15,0.7718243156982705,0.22817568430173088,sample_2996,uniform,train,117.04634651231453
4.5720948135161295e-17,2.0958633901631023,shallow,13.920816790266356,14.35575616229558,28.276572952561857,3.3322891006412347,1.2273033185224587,1.0074538587898325,19.70279168036855,20.051867022870578,2,8.293326291794577e-18,2.7641150525820618e-15,0.4923091922638783,0.5076908077361245,sample_2997,uniform,train,113.09160333151587
4.3589645099084226e-17,6.4493173154538335,deep,87.8800341450187,15.905882349775421,103.78591649479395,3.776992021712224,0.9524422635426406,0.8264403123991612,7.188880302244572,7.517451639504333,2,2.0365505235217855e-16,1.6088651383831964e-15,0.8467433454656335,0.15325665453436818,sample_2999,uniform,train,139.91129587912394
4.4795921089749967e-17,3.874967962361074,medium,101.55260355186996,10.686713787007106,112.23931733887684,2.5250416615811067,1.4312612013099413,1.3452863287624681,9.985990186255943,12.474560414972965,2,8.260224651055154e-17,2.009966952335433e-15,0.9047863614962911,0.09521363850371085,sample_0001,uniform,val,60.949321036672586
4.2669167203149004e-17,4.493166781404351,medium,124.25087770744567,27.452289477468003,151.7031671849134,4.072739375337646,1.0542350823978168,0.8534661907471824,8.43326745692321,83.20796207408854,2,-5.3038818675031976e-17,1.7095760317008612e-15,0.8190394440215891,0.18096055597841257,sample_0008,uniform,val,232.78840755283022
4.40318473785074e-17,8.215329093552395,deep,20.85842887521322,11.503502597129296,32.36193147234246,3.0439104089574216,1.192550177456658,0.9137177162744161,18.253766734567417,10.495212604985571,2,1.2137251548008635e-16,1.7015999823270693e-15,0.6445359694627466,0.35546403053725506,sample_0013,uniform,val,82.76072341399491
4.215851662710333e-17,1.572923075481084,shallow,60.51806563583518,14.30014896395956,74.8182145997946,3.2766127840069657,1.533123274343334,1.4613519689457484,9.645724441429994,15.610651904813325,2,3.708704612452582e-16,1.8281574529071266e-15,0.8088680805810263,0.19113191941897553,sample_0014,uniform,val,110.27289216196324
4.4226238720245854e-17,4.00257900970183,medium,40.34209108300445,19.037782653524967,59.37987373652934,3.985038612697746,1.0269616000420119,0.9216030316884263,12.863902984708801,33.11341560778719,2,3.992522025672235e-16,1.2564355994733911e-15,0.6793899775200563,0.320610022479945,sample_0026,uniform,val,176.0964307964952
4.314462730288365e-17,7.02417413032633,deep,51.252996575694446,9.06001974453633,60.31301632023072,3.1721304167867133,1.415464591496197,1.415464591496197,nan,66.44977099779904,1,1.6668877919027456e-16,8.835688949639264e-16,0.8497833420163852,0.1502166579836157,sample_0029,uniform,val,66.44977099779904
4.134087530512897e-17,6.557676578335369,deep,19.125027092994088,7.633941975953901,26.758969068947952,2.5496832182605345,1.2635407238678247,1.2635407238678247,nan,55.10153279330299,1,2.5713913160341775e-16,1.3940557101167826e-15,0.7147146455349598,0.2852853544650416,sample_0039,uniform,val,55.10153279330299
4.0206826458767277e-17,1.730194157106953,shallow,38.15103074880131,10.743602475443222,48.894633224244544,3.8798852524506167,0.6591350669809443,0.6591350669809443,nan,106.62874527173419,1,4.537728165545298e-16,2.1798181791282224e-16,0.7802703125684561,0.21972968743154364,sample_0047,uniform,val,106.62874527173419
4.444823642320661e-17,5.291770116977654,medium,72.01800859239647,7.908066532826381,79.92607512522272,3.1134930973955313,1.6416733045467424,1.6416733045467424,nan,64.57376549786967,1,8.85515472816573e-17,1.5890873387455603e-15,0.9010577396621011,0.09894226033790052,sample_0060,uniform,val,64.57376549786967
4.5420332939232177e-17,6.342011701224755,deep,111.40377312218283,7.316742907124879,118.72051602930755,2.3679032961030773,1.7041944762870247,1.7041944762870247,nan,55.613534254728286,1,2.5474397851084396e-17,1.339144593063219e-15,0.9383700210221585,0.06162997897784285,sample_0086,uniform,val,55.613534254728286
4.168440476568143e-17,6.362970889178818,deep,32.500154447943935,15.299694886030752,47.79984933397459,3.107442212157645,1.3378254231511855,0.894134034136086,10.219589032832975,41.1965020669223,2,4.679059983038482e-16,1.9696068878881734e-15,0.679921692239391,0.3200783077606109,sample_0101,uniform,val,104.29050815145064
4.183443820494652e-17,2.318285752326773,shallow,18.425527346768384,6.667307700981393,25.092835047749727,2.3028290932950384,1.3312352769671643,1.3070305727990839,20.16829194552677,5.004788434710943,2,1.1282819984685338e-16,1.982159106715501e-15,0.7342943637777887,0.26570563622221327,sample_0102,uniform,val,36.38801360557139
4.5275621340027955e-17,5.3895472182971496,medium,40.70617461201804,15.74896455715579,56.45513916917372,2.379302974795022,1.1214581467155782,0.7239111382504753,7.912016177940994,17.232781195192917,3,2.3985985930730197e-17,1.9508254813222076e-15,0.7210357677099641,0.2789642322900378,sample_0131,uniform,val,90.99658570318947
4.285000270058063e-17,4.405258853054585,medium,21.314066536133343,5.670245978842333,26.98431251497563,2.045324185751462,1.636473361801598,1.636473361801598,nan,35.840583447925106,1,2.531607162840833e-16,1.6457310506006184e-15,0.7898687996703477,0.21013120032965396,sample_0147,uniform,val,35.840583447925106
4.378647646558027e-17,1.7326737263193808,shallow,75.64926097060263,12.776874599296855,88.42613556989927,2.6014066181674482,0.947477980000883,0.7738785630816681,7.25534285888682,33.92546765980881,2,-3.6137985779844325e-18,2.350365634213885e-15,0.85550793872252,0.14449206127748243,sample_0156,uniform,val,69.41117650968519
4.027050792965626e-17,5.541518826169032,medium,20.084053731878228,10.195110262891408,30.27916399476959,2.6996199568056083,1.037700272415885,1.006713512321009,14.860686390607938,24.999408933810187,2,-8.292491290684186e-17,1.5253154886437597e-15,0.6632961773762162,0.33670382262378534,sample_0162,uniform,val,57.681369112318166
4.248845064843853e-17,2.5788298100028237,shallow,28.892136262914285,13.027124965735078,41.919261228649304,2.9336448783848494,1.4586012043214873,1.1280122285440513,4.223742416388576,4.9947344220980305,3,1.673213488153908e-16,1.3983971563922783e-15,0.6892329544006429,0.31076704559935847,sample_0171,uniform,val,73.25455333617265
4.13529350920266e-17,2.267620729681054,shallow,76.65756986477292,25.406976901256566,102.06454676602924,3.6894278925794524,1.0274181071442032,0.663966432956378,8.85437744847146,23.622392236691542,3,-2.418277395253966e-16,2.4714034323110426e-15,0.7510695172193458,0.24893048278065666,sample_0177,uniform,val,204.682833303842
4.496151620368135e-17,5.985771501027271,medium,71.85229035018362,18.575319230648574,90.427609580832,2.8856992024677304,1.0836776340470695,0.6634241860756556,5.5353410012392175,27.014102028406423,3,1.0237508202140871e-16,2.2001241317231507e-15,0.7945835423854243,0.20541645761457789,sample_0181,uniform,val,115.76251809490792
4.2218719657056306e-17,4.521030593427113,medium,20.739038991023772,15.997352760300583,36.73639175132427,3.2467528216032746,1.2372613222608186,0.68040755681409,19.425756098540926,52.314126329216265,2,1.5740385625740131e-16,2.3209989938148566e-15,0.5645366352637552,0.4354633647362472,sample_0205,uniform,val,116.01665079028913
4.096959382396719e-17,5.6343092412141,medium,79.1426504485454,22.078896365719224,101.22154681426436,4.092117396774957,1.2059634989425299,1.0047090594795223,6.0728905802755895,10.262362907630475,3,3.6019774677950255e-16,2.597281117563287e-15,0.7818755288710174,0.21812447112898514,sample_0208,uniform,val,174.75540774188613
4.473341103075037e-17,8.171026879402042,deep,29.632911404816067,4.254391137432651,33.887302542248634,2.151547007766764,0.92329778352496,0.92329778352496,nan,22.012850246655777,1,4.488800655163653e-17,2.4899281896608866e-15,0.874454712583616,0.12554528741638654,sample_0221,uniform,val,22.012850246655777
4.470793897379188e-17,7.881792244384284,deep,52.496707844208935,6.230432385294071,58.72714022950292,1.906988464222652,1.0186813063652624,0.6596351284752802,8.087026647662292,4.75205992610928,2,5.100747914542303e-17,1.4216386346336899e-15,0.893908806712778,0.10609119328722345,sample_0229,uniform,val,33.801168316196076
4.555422250053097e-17,4.393780978672849,medium,102.53748595090539,6.5224626786733735,109.05994862957856,2.687527870508902,1.5634587485704767,1.5634587485704767,nan,40.29212871985907,1,-2.828805257061121e-18,1.9138274981079643e-15,0.9401937855222482,0.05980621447775368,sample_0232,uniform,val,40.29212871985907
4.4705527128983254e-17,1.8608413677264046,shallow,71.96497211770917,14.007843760514204,85.97281587822322,2.73416443783289,1.3551087129425035,1.1885715877978384,6.696267617113282,9.855248376281592,3,1.5221967862756358e-16,1.797580356641166e-15,0.8370665934641998,0.1629334065358021,sample_0237,uniform,val,73.86168174373283
4.1990700905730176e-17,3.561216567654011,medium,30.44952669932349,18.609942655165238,49.059469354488634,3.319115895761729,1.3601267783849362,1.137506045029454,14.462364951832743,7.336578862120384,3,-7.27702779197741e-19,1.8828282666771587e-15,0.6206656349930036,0.3793343650069983,sample_0239,uniform,val,138.97280953982616
3.956223891989799e-17,8.093244707328333,deep,33.218593113972965,12.620901151240082,45.83949426521297,2.8571179625620693,1.6200710062052455,1.4940555166593716,10.316976301223145,34.992015762882495,2,3.3861640880106447e-16,1.666321701811993e-15,0.7246718936683851,0.27532810633161653,sample_0241,uniform,val,83.52936107992421
4.157325478733841e-17,3.0364824899546887,shallow,48.76841020736168,23.537520053515742,72.30593026087732,4.182270630371896,1.4035080650674236,1.3593471507465416,12.4787819918452,55.79204664518873,2,5.674399623689351e-16,1.4740341487824435e-15,0.6744731729666837,0.3255268270333177,sample_0249,uniform,val,199.7263361700032
4.2499152605885674e-17,7.38638882348006,deep,17.578069704255245,9.153482013376424,26.731551717631632,3.095806296645656,1.2925186671308857,1.2925186671308857,nan,74.53022732120158,1,1.0085413019314248e-16,1.395485530411636e-15,0.6575776030488002,0.34242239695120125,sample_0262,uniform,val,74.53022732120158
4.273157436850924e-17,2.423214301894918,shallow,86.81009143273671,28.47913996028109,115.28923139301759,4.3194712166661295,1.1917050214904439,0.6752806057324835,5.355371135598354,39.387455758372816,3,6.163756584502588e-17,1.848939559683283e-15,0.7529765823210641,0.24702341767893776,sample_0271,uniform,val,251.3787049140231
4.3194979198130257e-17,4.504707693924419,medium,37.56573227470108,17.067903905458518,54.63363618015952,4.216968523160739,1.319093228910248,1.163664229103857,4.308131845707606,11.948734155027012,3,5.881599630153045e-16,1.3655870718322136e-15,0.6875934845490526,0.3124065154509488,sample_0278,uniform,val,143.5899827071484
4.424528246440621e-17,3.177474226677292,shallow,34.940298080234676,8.043937867385916,42.9842359476205,2.090292639420435,1.0085656522663184,0.6975062062770361,6.280127387243032,3.510212101063651,3,2.541113478834102e-17,2.1902660455088306e-15,0.8128630720064919,0.18713692799351034,sample_0281,uniform,val,30.86791810329736
4.2066770787112994e-17,2.521546033492233,shallow,41.403380721853395,18.896474700483818,60.299855422337096,3.372441400920664,1.2510005226298904,0.8611727368053768,10.906878563548785,58.59740813634627,2,1.3496051792449876e-16,1.9442758291753225e-15,0.6866248754970677,0.3133751245029342,sample_0283,uniform,val,135.2658843872992
4.025245194384913e-17,5.682616509653117,medium,17.60424892653614,14.052217095914871,31.656466022450967,3.0762157650796187,1.373717617590858,1.062240462702098,14.692855406625357,29.733289695436813,2,1.2903432235907851e-16,1.4028388687957517e-15,0.5561027852588187,0.4438972147411827,sample_0284,uniform,val,100.19167655310888
4.403418059724724e-17,6.034524598080867,deep,83.08595402541059,10.183661390099205,93.26961541550965,1.9819506219586323,1.187030651512494,0.6791135876093453,5.102940328869225,13.571934282108389,3,1.0470507991157247e-16,1.542677144645907e-15,0.8908148023905582,0.10918519760944335,sample_0286,uniform,val,46.86902167303773
4.4421007944541196e-17,7.694541028206629,deep,38.80616024399568,9.904231350467706,48.7103915944633,1.7673845523083074,0.9523869333219435,0.6360573667255738,5.344155686354955,12.942481133309611,3,3.2503692471496154e-16,1.641047323916346e-15,0.796671079285813,0.20332892071418857,sample_0292,uniform,val,45.3702496349247
4.280892044690596e-17,7.948100245970851,deep,59.00905079678755,10.82707656257255,69.83612735935999,2.477927366337125,0.7576219726765177,0.612469375596696,12.983065893693984,21.58501544692299,2,1.3493248630223701e-16,1.526164385026286e-15,0.8449645338026993,0.15503546619730224,sample_0298,uniform,val,63.85977231210833
3.960163773795093e-17,5.584287618700301,medium,62.75184349965161,19.02257641291117,81.77441991256251,3.518999302285099,1.0479409855213704,0.8210403659933259,6.164414002968978,4.414971587496199,3,1.118770974304464e-16,3.3887328976804894e-15,0.7673774215304636,0.23262257846953982,sample_0317,uniform,val,170.56644565939075
4.0806420719897854e-17,5.02910478662827,medium,17.81734321446887,10.20125643120912,28.01859964567795,2.1742522895033805,0.7104904531336961,0.6215994475614385,9.3936148526539,21.39145097380082,2,-5.601991499209253e-17,1.5215808314739371e-15,0.635911267507522,0.3640887324924795,sample_0326,uniform,val,64.44593783185249
3.9606780570943576e-17,2.2718806611629154,shallow,42.76496704405789,18.23033312255072,60.9953001666085,3.7637186458236873,1.1535233306754198,0.614137394287844,15.399999999999999,33.883540108915454,2,6.955695305259344e-17,1.8056165596690967e-15,0.701119052242476,0.29888094775752583,sample_0356,uniform,val,150.90144714536575
4.227539105198408e-17,5.667042525064149,medium,59.32598219111278,21.101070875401007,80.42705306651361,3.258936142126965,1.147642946423913,0.675195709214117,10.301456207740728,7.726209830390313,3,1.546152156849041e-16,2.2086558834018122e-15,0.7376371498039331,0.2623628501960691,sample_0372,uniform,val,166.23266959280323
4.3318862089302295e-17,4.7826052153944705,medium,83.48811269583376,16.639220972261874,100.12733366809539,2.8728325676363715,1.338926653235669,1.1464924054056311,9.977975746613138,11.199194073285561,3,2.271096886916595e-17,2.4837369418065082e-15,0.8338193941384904,0.16618060586151215,sample_0379,uniform,val,107.51680762049165
4.3067449237157687e-17,4.042334495951201,medium,21.3271616770413,8.453170530891912,29.780332207933185,1.9151977548024048,0.890514649845003,0.6997040446511017,7.5312681535050885,15.15519580050328,2,2.1983851322111956e-16,8.947298641586576e-16,0.716149219831737,0.2838507801682639,sample_0383,uniform,val,41.88348935644348
4.216358923674163e-17,6.223178525500712,deep,46.791849764624686,8.647112529792906,55.43896229441754,2.839165517502565,1.1259690462096192,0.8629727968998973,16.331564530074886,6.216151382916558,2,-3.5877193177495424e-17,8.9716671172641e-16,0.844024632281698,0.15597536771830292,sample_0403,uniform,val,49.685570521962035
3.8777050990974206e-17,1.6698411819677428,shallow,27.984867873421283,17.368917977605555,45.3537858510268,3.4953672171607946,1.3857828889487023,0.9494353770060577,3.929376540877701,2.8825794153204156,3,2.1841520706917787e-16,8.616667767310709e-16,0.6170348813954131,0.3829651186045878,sample_0413,uniform,val,169.30902549639953
4.352879751106912e-17,3.6197479610984784,medium,29.307507956545983,16.85416071625181,46.16166867279774,4.010877495342615,1.1467796593037103,1.086704278444156,8.982204629154248,45.505398308707875,2,1.8785022507351505e-16,1.154436282616681e-15,0.6348883998168027,0.36511160018319855,sample_0419,uniform,val,137.48633358794262
4.4786858101242093e-17,5.217661122091311,medium,88.8620677483111,8.075474888572657,96.93754263688362,1.9370683711397505,1.1851198678120092,0.8691494594608404,5.003998401278718,6.687452834884252,3,-1.2426483512911956e-16,1.4659804992616902e-15,0.9166940416591508,0.08330595834085061,sample_0421,uniform,val,31.61719310303315
4.13920634607871e-17,2.1235217273527622,shallow,11.847471989543308,8.56666612829148,20.414138117834735,1.9214748053097361,0.8259929158837847,0.6578239056759542,20.331256724560834,15.978942070823004,2,-1.3136138515275678e-17,2.610480289415221e-15,0.5803562178896403,0.41964378211036224,sample_0424,uniform,val,45.695102354893216
3.935705493257444e-17,5.639073415988415,medium,34.65119924851095,17.448917038220593,52.10011628673142,3.731124938468547,0.7679605540334687,0.604327538918473,20.810574235229552,27.203060667585884,2,3.1222782320161426e-16,2.3184644044639065e-15,0.6650887122364395,0.3349112877635628,sample_0435,uniform,val,141.8725997435421
4.392419725632339e-17,1.5766687841532456,shallow,55.17593363962274,6.254200944562779,61.430134584185396,1.7426500188242162,1.2524047854439797,1.223949526411166,20.75572210259137,10.89976343277899,2,1.7697341985922848e-16,2.0241690759705573e-15,0.8981900172139173,0.10180998278608466,sample_0442,uniform,val,33.067386859977034
3.8340337277677857e-17,1.7733221556093333,shallow,11.048997348917558,9.591747264077462,20.640744612994972,3.129264620293083,0.6416163549358539,0.6416163549358539,nan,71.99375029010982,1,1.1861202094834851e-16,2.323638781597595e-15,0.5353003273903861,0.46469967260961614,sample_0444,uniform,val,71.99375029010982
4.184713122277369e-17,4.247184274763671,medium,33.52141510451952,15.397819527591068,48.91923463211047,3.4843004948108915,1.4141645980735476,1.042830150186077,7.696752561957541,9.360566231451385,3,-2.583327496473713e-16,2.4692182121739344e-15,0.6852399747586432,0.31476002524135926,sample_0491,uniform,val,99.2457229774869
4.099718753563638e-17,6.4017476277842125,deep,62.53952833745208,28.910619089310078,91.45014742676194,3.531958365489207,1.076871484586162,0.7211834086360365,9.752948272189284,71.71548510432382,3,2.6146395141938233e-16,2.3697669222500455e-15,0.6838647076817126,0.31613529231828974,sample_0495,uniform,val,227.62331390280985
3.6717598358378856e-17,1.780707759237404,shallow,8.079599373701749,9.471990857033866,17.551590230735577,3.2415297355574526,1.509153343505561,1.3296072911374766,26.019223662515376,11.596560840156096,2,-3.045831844858958e-16,2.1253626102825154e-15,0.4603343211347942,0.5396656788652079,sample_0497,uniform,val,82.05523826772598
4.1045405952637795e-17,5.248479738830995,medium,9.308750036925904,7.090557009256341,16.399307046182216,2.933646757888848,1.6495784858598026,1.6495784858598026,nan,56.81033888741118,1,2.1342759114483371e-16,1.787263801303575e-15,0.567630693828188,0.43236930617181374,sample_0510,uniform,val,56.81033888741118
3.984865694216785e-17,5.9060040332741215,medium,36.38310686783371,20.7461840233667,57.12929089120028,3.657080353575922,0.7929905066153352,0.7551220666729588,14.849915824677257,89.52700020278716,2,-1.8787670584590643e-17,2.3009283690560573e-15,0.6368555656873708,0.36314443431263155,sample_0515,uniform,val,190.91642307515843
4.0380705262226454e-17,4.7996042058592705,medium,13.767883246433177,9.805261142849861,23.573144389283012,3.8555512435002948,1.511692330157664,1.511692330157664,nan,95.29955472892222,1,1.0640849052993273e-16,1.1303266187567856e-15,0.5840495022247617,0.41595049777523946,sample_0522,uniform,val,95.29955472892222
4.1762796707164957e-17,7.420564359470987,deep,21.029228707537104,15.674158127738087,36.70338683527516,3.30204668948357,1.0792072564860984,1.0377457275178767,14.205632685663812,36.726382256061,2,6.549119562055169e-16,8.227596653500455e-16,0.5729506326464178,0.42704936735358306,sample_0542,uniform,val,121.7151262592899
4.1889265382648905e-17,5.013469761261506,medium,82.95791147057815,26.909762815476665,109.86767428605458,3.635077611718077,0.8967973125574997,0.6116089289673982,5.126402247190519,25.287654873866586,3,2.2089156712379664e-16,2.1665318577681656e-15,0.7550711527267483,0.24492884727325387,sample_0546,uniform,val,216.66965969881795
4.041457104299531e-17,5.6555753274764164,medium,46.634858396238464,22.94954462230569,69.58440301854414,3.844891290368326,1.2885452426108799,1.1871187248918402,12.214745187681977,73.86084055024678,2,3.6358276663866687e-16,2.552808908810864e-16,0.6701912551266747,0.3298087448733256,sample_0550,uniform,val,198.34448044650196
4.3622137847641317e-17,1.5902541926374267,shallow,48.108052840483296,22.01211703018156,70.12016987066467,3.6259178381556043,0.9390933475699145,0.6551191002390699,4.833218389437827,22.019497428774923,3,-4.560210467952578e-16,2.685301894215758e-15,0.6860800954877562,0.31391990451224655,sample_0571,uniform,val,171.46792746376747
4.289939728194673e-17,3.433626631352187,shallow,35.8005648006916,7.706774762099258,43.5073395627908,2.7505769299675067,1.3395487853243637,1.3395487853243637,nan,55.72987110398375,1,9.767654827487722e-17,1.4698404191347201e-15,0.8228626516917542,0.1771373483082472,sample_0574,uniform,val,55.72987110398375
4.452930250650411e-17,3.0378078187163107,shallow,15.215086550030223,6.4184837575464115,21.63357030757661,2.2482188005743056,1.2513114238738516,1.0483515371089123,12.343419299367579,10.435143493605802,2,-8.434002402531964e-17,1.23166690528525e-15,0.7033090855419979,0.2966909144580033,sample_0604,uniform,val,36.88196886754047
4.2060312961562576e-17,4.29542629004531,medium,26.17789838366225,6.910879854437673,33.08877823809989,2.19869400555256,0.7749271765556405,0.7749271765556405,nan,44.52285305127827,1,3.385384328430707e-17,9.394799791583208e-16,0.79114128044534,0.20885871955466093,sample_0606,uniform,val,44.52285305127827
3.766747657010366e-17,4.543543328203407,medium,13.944924127173568,10.251797446495843,24.196721573669382,3.7116115399399883,1.4289422230364532,1.4289422230364532,nan,118.31396527649343,1,-9.882640105404624e-17,1.1746099298564567e-15,0.5763146087670111,0.42368539123299004,sample_0634,uniform,val,118.31396527649343
4.467735975285217e-17,2.547274675551159,shallow,67.84061097829391,8.614256374426914,76.45486735272067,2.9889080824000103,1.464539288196065,1.131494600566445,13.676256797823008,7.502049677861913,2,1.094870385943744e-17,2.021363065281969e-15,0.8873288690086228,0.11267113099137922,sample_0636,uniform,val,49.70128949310964
3.8850428937849483e-17,7.199743486242475,deep,37.36092692708372,19.88539900101225,57.24632592809584,3.4952927260201876,1.4288217100295202,1.2303684639652364,5.407402333838309,73.53643577641905,2,3.7121388902077814e-16,2.17210409125995e-15,0.6526344935046285,0.34736550649537357,sample_0644,uniform,val,150.21627708427013
4.3356146326818974e-17,1.4269491196966586,shallow,22.079107746216387,14.54597573975065,36.62508348596698,3.0785515483017316,1.6738100108666822,1.5700467351597411,13.824615727028366,18.32938541686826,2,1.245775549920317e-16,1.5035341023183437e-15,0.6028411581553409,0.39715884184466055,sample_0651,uniform,val,102.57883115504809
4.044588915992695e-17,4.834567426801008,medium,29.46756654493776,17.32063679797993,46.78820334291762,3.4163554217482845,1.0175620166420503,0.8203479864455765,16.816658407662327,52.01331126549773,2,5.269875018933392e-17,1.5186365044890226e-15,0.6298076104561151,0.37019238954388645,sample_0653,uniform,val,123.75774538649188
4.442317511119523e-17,4.811377092747111,medium,81.40025357672431,11.93997049184962,93.34022406857382,2.306953550581793,1.1754134864157015,0.9234341004485664,15.285287043428395,12.39211833351611,3,2.6186136180876352e-17,1.1989523487751545e-15,0.8720811888872516,0.1279188111127496,sample_0655,uniform,val,54.18135325463522
4.4704848454757904e-17,3.7805035394078277,medium,33.030836354902135,6.738366381860924,39.769202736763056,2.0683285210544127,1.3354291847505553,0.9358121383251181,19.213536894595958,10.68704933973975,2,1.728859629242246e-16,8.933328893506673e-17,0.8305632017201112,0.1694367982798888,sample_0665,uniform,val,30.288011590757094
4.318437292549629e-17,6.383851593085283,deep,67.877603809753,17.006311902670916,84.88391571242376,3.656520373873565,1.0460958495470163,0.8096080351561411,5.782732917920384,10.839012542125522,3,1.2071776449695491e-16,1.8415668098631652e-15,0.7996521277330555,0.20034787226694636,sample_0669,uniform,val,130.0704389997748
4.155028583806909e-17,2.5174679376979325,shallow,31.886771700950067,14.135971330332907,46.02274303128286,3.2981366349525443,1.0351450275102319,0.8841733552105988,13.95994269329212,24.26853306682045,2,1.0840687185824016e-16,2.547426417428569e-15,0.6928481355245557,0.30715186447544685,sample_0695,uniform,val,91.02388646669424
4.072211195649797e-17,1.43229840924692,shallow,31.061887688112794,16.71098123832554,47.77286892643828,2.2613230549866836,1.0929244170552341,0.8575005795683034,7.533923280734944,16.975953064088156,3,3.1748490654001686e-16,1.1898682272638214e-15,0.650199336697626,0.34980066330237525,sample_0700,uniform,val,107.86464848559946
4.5663641258488134e-17,8.236529460118488,deep,116.43100183196941,10.75413820637704,127.18514003834613,2.3159241318940955,0.7271142622661536,0.706299991659215,6.046486583132388,6.884992791967107,3,-6.547080600603311e-17,2.4860728015703196e-15,0.9154450102965301,0.08455498970347229,sample_0720,uniform,val,48.87049169159522
4.4300942706843e-17,7.231645654509854,deep,22.072979006020514,18.941429504542434,41.014408510562845,3.176356918658746,1.0806221498407809,1.0345136709686351,7.2691127381545,63.216283855905864,2,2.1381916231571514e-16,2.512012251954835e-15,0.5381762119118662,0.4618237880881364,sample_0725,uniform,val,145.7549638484346
4.1932482362371993e-17,1.4767047331145045,shallow,74.71441169353369,24.902854657111906,99.61726635064541,4.2208781166164275,1.3872189790111549,1.065522445245274,3.627671429443412,20.58614267202506,3,-1.1596744942138986e-16,1.8901725762444254e-15,0.7500146754734716,0.24998532452653036,sample_0731,uniform,val,208.75110682017313
3.9968475200790575e-17,2.5750148310911487,shallow,25.159824820680868,14.54076184810027,39.700586668781064,3.1572369737693324,1.0870558692091943,0.9720489535530197,7.4027022093287,28.835739612024465,2,4.694676411580817e-16,1.8792414297866895e-15,0.6337393709213254,0.3662606290786765,sample_0734,uniform,val,106.05144518908638
4.214879818505738e-17,7.2411745722422625,deep,21.265753854004632,9.794918797220657,31.060672651225197,3.0146050124760078,1.253302162054323,1.253302162054323,nan,82.3667618947322,1,1.4306892492572857e-16,2.9738749281454936e-15,0.6846520708934422,0.31534792910656084,sample_0779,uniform,val,82.3667618947322
4.395756691689427e-17,5.421684991955958,medium,8.966096629876288,5.478515830146005,14.44461246002228,2.4498306157438745,0.6144356342708451,0.6144356342708451,nan,29.447571252296115,1,1.588252925558635e-16,9.83816959751102e-16,0.6207225465336201,0.37927745346638086,sample_0784,uniform,val,29.447571252296115
4.2983485795986586e-17,2.7892330801811136,shallow,54.65960487532061,15.495207393570995,70.1548122688915,2.3464414588551716,1.2713770070097203,1.224399238095628,5.370288632839022,11.052130767511812,3,-3.0824046412500114e-17,1.4432700561970178e-15,0.779128374912039,0.2208716250879625,sample_0785,uniform,val,96.14092809595398
4.32148990777711e-17,5.477563621784908,medium,50.219011147766246,11.202446228743122,61.421457376509274,2.5006291659357736,1.1993794612536186,0.6967784977071315,12.916655913974019,4.796927610077585,3,2.6294983328741645e-16,1.5328016707760487e-15,0.8176134740653773,0.18238652593462418,sample_0787,uniform,val,67.7860448262913
4.2811813330979834e-17,7.202258657590061,deep,76.75964314743419,20.261781536256148,97.02142468369013,3.629961856672332,1.2344832060800643,0.982883450625679,3.847076812334268,23.032664357335594,3,-3.202033518303008e-16,2.1604517531318653e-15,0.7911617809951407,0.20883821900486144,sample_0814,uniform,val,151.3922507628414
4.139357385617554e-17,7.876226378187827,deep,7.17524434538624,8.570054470111709,15.74529881549793,3.0597473283532746,1.4687086435961816,1.4687086435961816,nan,57.443117904082236,1,2.64923387698684e-16,1.1281823611069238e-15,0.45570709260364894,0.5442929073963522,sample_0815,uniform,val,57.443117904082236
4.1338227945839244e-17,4.732052825118728,medium,40.33766239166974,14.680545329633745,55.01820772130342,3.6276285212283295,0.8346600810908416,0.7835086818574645,10.522357150372725,30.652956292687616,2,5.087317290436286e-16,1.162321508951074e-15,0.733169328161352,0.2668306718386491,sample_0833,uniform,val,100.70095892295808
4.0915394883530676e-17,7.596821851112009,deep,19.116051555454387,6.868956555410251,25.985008110864587,2.2229458883870157,0.8714158126146982,0.8714158126146982,nan,46.01244195686405,1,9.51818413550856e-17,1.948283783746053e-15,0.7356569401054671,0.2643430598945348,sample_0836,uniform,val,46.01244195686405
4.25792512230758e-17,7.4717001821358675,deep,60.06845653194475,15.547741364705596,75.61619789665025,3.971015686301954,1.1736374969936403,0.8290047427210898,4.770744176750624,4.562810279898333,3,2.2487518314218163e-16,1.2450627657435277e-15,0.7943860998412583,0.20561390015874298,sample_0862,uniform,val,123.25218309009924
4.336278129846253e-17,6.870160015206806,deep,76.30110329255325,16.410279072367693,92.71138236492085,2.6661139047711147,1.1508455860256417,0.7677255840845391,7.432361670424818,8.20620867836996,3,1.1198249215427749e-16,9.963237877872827e-16,0.8229960695896521,0.17700393041034884,sample_0864,uniform,val,94.06250635944119
4.3123062922241536e-17,6.060399448315431,deep,38.370349447241374,17.894594822173886,56.26494426941518,3.073100639869738,1.4252040936307224,1.308603130601533,10.91970695577496,12.234647947232192,3,2.825524717774307e-16,1.3891367342222272e-15,0.6819583658256452,0.31804163417435627,sample_0873,uniform,val,126.27475007715037
4.244233553271891e-17,2.605148352491688,shallow,74.17155602916252,21.9526571098895,96.12421313905182,3.2676760399000147,1.016043971304969,0.6446376216882667,4.48998886412873,29.17157063200345,3,5.4053117378964095e-17,2.0697383054259927e-15,0.7716219837541565,0.22837801624584558,sample_0877,uniform,val,157.68535359969127
4.1121714929642836e-17,5.9311419793163545,medium,53.09405796949892,18.983268182645077,72.07732615214385,4.1454090406345365,1.4103254730651462,1.1715838211016973,4.939635614091389,49.27663368002265,2,-1.9330571510524956e-16,1.971612360481455e-15,0.7366263539996718,0.2633736460003302,sample_0891,uniform,val,178.01440136977658
4.1921414992969705e-17,6.321266251946686,deep,13.328028172972065,10.409951889234081,23.737980062206123,2.838753936359405,1.2299493684456113,1.2299493684456113,nan,76.4331728047976,1,6.464258687021607e-17,9.728139821369918e-16,0.5614642921615718,0.43853570783842916,sample_0896,uniform,val,76.4331728047976
3.98454149864309e-17,2.576550116555458,shallow,16.406978137243737,11.580649893305266,27.98762803054896,3.349878711454864,0.9840210719384455,0.876762565971761,15.086417732516889,3.3485540315336735,2,7.503955748465756e-17,1.4597952803149496e-15,0.5862225308745438,0.41377746912545765,sample_0898,uniform,val,79.42494085877865
3.9290249657338795e-17,5.873101853886515,medium,32.70592660661281,19.28682648090364,51.9927530875163,3.321488815672069,1.0623549226039184,0.89808489546528,19.515122341404883,58.46026086634098,2,1.533366160865535e-16,2.9382304093664456e-15,0.629047793479235,0.3709522065207679,sample_0899,uniform,val,133.43062707513712
4.010952392662608e-17,2.7419741565446833,shallow,19.39135507505466,9.056224348895054,28.447579423949644,3.080484469874766,0.6201407440491984,0.6201407440491984,nan,65.74980119992343,1,-2.2720728348457982e-17,2.372840194634656e-15,0.6816521991579125,0.3183478008420898,sample_0902,uniform,val,65.74980119992343
4.2729727844253007e-17,1.8951958692952373,shallow,47.949507642404825,10.288180947238695,58.23768858964342,2.2609056737671804,0.7936849236182845,0.6811282796559219,8.40476055578028,3.2973390302237173,3,9.236110905610834e-17,1.7386050562422267e-15,0.8233415302634767,0.1766584697365251,sample_0933,uniform,val,61.259992698691946
4.303900119321504e-17,3.1182028932797428,shallow,60.59500328834205,19.134524603408742,79.7295278917507,3.004838263032411,1.4255760497515795,0.7868473294697318,6.1024585209569455,13.953359355667722,3,2.2703449835225583e-16,1.0694297400955018e-15,0.7600070499678899,0.23999295003211119,sample_0937,uniform,val,135.09527435797662
4.252430678443157e-17,4.774423747199713,medium,37.34617336844807,12.664469396948002,50.01064276539599,2.9384540786166906,1.2260070352748142,0.8664907871991842,7.782030583337488,2.605748630004783,3,2.999274901855573e-17,1.5983809315948576e-15,0.7467645145782672,0.25323548542173435,sample_0938,uniform,val,76.88646529965987
4.2307408446807186e-17,5.4496208251355345,medium,38.270995388615646,12.615960470194691,50.886955858810175,3.1176389362745875,1.001879252254849,0.7448304568471427,11.617228585166083,9.272486531007052,2,3.821180464206986e-16,3.176619030502219e-15,0.7520786956641994,0.24792130433580378,sample_0952,uniform,val,100.26090629141616
4.0991904532933766e-17,1.3165740506104346,shallow,30.900259769481895,7.123870441692416,38.0241302111743,2.372553269271328,0.7586533709795128,0.7586533709795128,nan,55.94181151651883,1,1.9941135057795016e-16,2.335828366796179e-16,0.8126486943388678,0.18735130566113242,sample_0962,uniform,val,55.94181151651883
4.08265226516205e-17,2.806147840537583,shallow,60.55532961958668,18.431998196044898,78.98732781563136,4.458830901732629,0.9425602841689296,0.6750034437452138,13.88668426947196,20.554703423003374,2,-4.0341931050237954e-16,2.74367471846469e-15,0.7666461354526664,0.23335386454733642,sample_0963,uniform,val,166.5122424053822
4.083653914225884e-17,4.84381550204283,medium,57.352364159866305,25.313632151221327,82.66599631108741,4.095457573824721,1.1808968323506919,0.7419642902931809,5.110772935672258,7.996648972783358,3,2.411486411534261e-16,2.664556866365234e-15,0.6937842247015177,0.3062157752984849,sample_0968,uniform,val,194.56241629742158
4.330549290604159e-17,5.576010401976305,medium,29.87533888172155,10.863220814707608,40.73855969642914,2.8273228661274463,1.2105981603250344,0.9065786566969058,8.66717947200818,27.052517715876036,2,1.8315937294469575e-16,3.9243438338846283e-16,0.7333430318681643,0.2666569681318361,sample_0969,uniform,val,69.53435780747144
4.293873809299256e-17,1.33178511555426,shallow,28.112677087844823,5.63092254508881,33.743599632933616,2.717543306070489,0.9245955420754617,0.9245955420754617,nan,34.28886707774776,1,1.6554780661812155e-16,4.737850060015175e-16,0.8331262044849229,0.16687379551507753,sample_0980,uniform,val,34.28886707774776
4.346233353887288e-17,2.8936866642822547,shallow,39.81476927777954,7.185235390514198,47.00000466829366,2.388955305726048,1.1798348041568238,1.1798348041568238,nan,57.11006882033363,1,1.557893990226167e-16,1.6062799611898742e-15,0.8471226664502588,0.15287733354974278,sample_0986,uniform,val,57.11006882033363
4.2084110838065806e-17,2.191266835412799,shallow,30.86649597426724,12.280172424268661,43.146668398535844,2.8628791087379875,1.5883594901170808,1.5425436452694592,5.067543783727973,31.07818761983502,2,4.575008508165667e-18,1.3586165021769674e-15,0.71538538478013,0.28461461521987136,sample_0995,uniform,val,74.78122035846098
4.212985836660487e-17,6.39039368014942,deep,19.562146568786428,11.325275502882976,30.8874220716694,3.0745036172151305,1.518480609935027,1.3114435081453397,20.538743875904387,20.737833020951527,2,5.251639763986214e-16,1.7253205870776403e-16,0.6333369785084539,0.3666630214915462,sample_0999,uniform,val,69.24873487085843
4.504818627642984e-17,7.998590789323817,deep,37.98772121318425,3.05336120128283,41.041082414467034,1.9957768474977013,1.2348729014295534,1.2348729014295534,nan,15.008085978911964,1,3.8075182981707123e-16,1.1469837897723961e-15,0.9256023228031025,0.0743976771968986,sample_1008,uniform,val,15.008085978911964
4.207030753376444e-17,5.619557958631812,medium,67.22051266366759,28.896443882097486,96.11695654576492,3.5040625569338815,0.8576958828033687,0.7527294617717346,7.63937170191371,53.80246224257987,3,-5.4831974360694326e-17,1.6263457300876194e-15,0.6993616431421376,0.30063835685786405,sample_1010,uniform,val,223.42116028980607
4.138599951845032e-17,3.425831908600821,shallow,19.618991717817988,12.59062745891312,32.20961917673106,4.139472732932019,0.8932995042400896,0.8932995042400896,nan,95.08789635855534,1,4.974563788545798e-16,1.4890469334842463e-15,0.6091034982490938,0.3908965017509076,sample_1012,uniform,val,95.08789635855534
4.334378298515061e-17,5.3909329749132695,medium,22.392553971069557,11.006077926857255,33.39863189792674,2.7174832041563763,0.946653543909956,0.6673764465034016,12.806248474865699,18.841049182601953,2,2.0564905341360072e-17,2.127460603571034e-15,0.6704632105741912,0.3295367894258109,sample_1016,uniform,val,74.26798049246355
4.1043674978696646e-17,3.305672193917208,shallow,35.05962572793532,15.255020939293514,50.31464666722878,3.6257795489781293,1.5987326689797727,1.439774089017671,10.373041983911953,43.096853866431225,2,2.6728142868484084e-16,1.0944539148930237e-15,0.696807551085727,0.3031924489142741,sample_1020,uniform,val,120.1958040617368
4.469864718939592e-17,8.319028854861577,deep,52.962247348674445,12.101119285769679,65.06336663444404,2.0047080876205885,1.1277793605992164,1.0049069413283371,3.6331804249169912,14.323199455859218,3,6.820253290392418e-17,1.3377955927127384e-15,0.8140102501341615,0.18598974986583988,sample_1022,uniform,val,62.89893346231334
4.2491068374202516e-17,1.6727177972769645,shallow,26.491322716328796,21.659180477917463,48.150503194246156,4.000744848572392,0.769308972165651,0.7317400785205382,11.884443613396467,55.025573384697026,2,-1.8276114912521563e-16,2.1397221181590093e-15,0.5501774843236619,0.44982251567634024,sample_1023,uniform,val,170.46566084386689
4.168673456290092e-17,4.239451997358929,medium,31.29600372723137,20.658732408689296,51.954736135920605,3.5623301736568607,0.7881275119933355,0.6046692467575816,21.431752144890066,64.7279754976323,2,5.591663328711436e-16,1.1624759748871417e-15,0.6023705643573436,0.3976294356426575,sample_1029,uniform,val,175.8256255379925
4.16465738902502e-17,3.5873393836642715,medium,26.33425383149905,16.23839264018885,42.57264647168778,4.084484681722156,0.6665191973396198,0.6401682955641471,7.820485918406858,22.54296608501508,2,2.1354986879718925e-16,2.7538704101560776e-15,0.6185721587454565,0.3814278412545463,sample_1043,uniform,val,124.5473230543205
4.158115005603393e-17,4.0899641104267825,medium,39.82739802315263,22.01982197847009,61.84722000162255,3.1248913417030924,1.254120432856275,0.934088390184051,7.402702209328695,32.06572695209906,3,-8.193756298694547e-17,2.757282487037416e-15,0.6439642399788991,0.3560357600211037,sample_1061,uniform,val,161.79772650421614
3.9573381673363427e-17,4.0207781011681005,medium,94.95100027765851,27.966579859171368,122.91758013682974,4.1759951313336945,0.9200853503762262,0.9096322247933744,10.067770358922575,112.79735365811621,2,5.375045156708332e-16,1.0983223038082582e-15,0.772476973366712,0.22752302663328916,sample_1076,uniform,val,234.77644486301523
4.088223651531624e-17,3.0817366090847784,shallow,26.2180323965352,11.059834524068142,37.27786692060329,3.00748614067601,1.1999379611686036,0.9069993960715683,8.66487160897379,3.499436442934401,3,2.0258885889189484e-16,1.4772052848059415e-15,0.7033136432504572,0.29668635674954424,sample_1083,uniform,val,69.40783872345463
4.106964032639786e-17,6.405146437724028,deep,10.452071261830145,8.515205620684975,18.967276882515083,3.1683099244337547,1.2189037568397465,1.2189037568397465,nan,60.03747568077579,1,1.7121017017112032e-16,1.966729006934746e-15,0.5510580842242753,0.44894191577572673,sample_1084,uniform,val,60.03747568077579
4.23326414257069e-17,7.948662561202784,deep,22.46660016705126,4.118856341412704,26.58545650846394,2.2407473213891484,0.9768325421837525,0.9768325421837525,nan,21.48369978462583,1,5.583581420530908e-17,1.0356613963705347e-15,0.8450710695864346,0.15492893041356637,sample_1087,uniform,val,21.48369978462583
4.362612431128098e-17,7.505322810982643,deep,58.59891762848594,21.278031366034533,79.87694899452033,4.214072903591926,1.5893848488176943,1.2954290746775323,7.353910524340096,2.8542012295805583,3,1.231102874091161e-17,1.7790933296885045e-15,0.7336148709498895,0.26638512905011225,sample_1105,uniform,val,202.1255803558847
4.478899508359271e-17,3.9117347921162167,medium,9.862556940907776,5.63640528368212,15.498962224589894,1.71090053146664,1.1314365443530847,0.7524889940950811,14.273051530769447,7.10669935408709,2,1.8488261075418315e-16,1.7191701099012648e-16,0.6363366009925702,0.36366339900743005,sample_1115,uniform,val,28.084641962850203
4.093280848256597e-17,4.757675628315164,medium,24.729146417336,13.659026112384971,38.3881725297209,3.96549253598172,0.7228098627174182,0.7228098627174182,nan,121.77524654203644,1,3.0741122106941764e-16,1.9434889013549236e-15,0.6441866019589809,0.355813398041021,sample_1124,uniform,val,121.77524654203644
4.375042959943868e-17,6.0074623383182,deep,64.3169448025057,9.262759156040895,73.57970395854653,2.5703509832838005,1.2192018361532666,1.1635360614521846,15.971224123403942,17.38417944584263,2,4.760563859472531e-17,8.93251800725342e-16,0.8741125791799964,0.12588742082000445,sample_1138,uniform,val,46.647079042166155
4.342896485047751e-17,6.79794364164308,deep,49.03972675984385,14.116673164125839,63.156399923969616,3.058492933932353,0.6846957434738835,0.629181643378665,7.972452571197898,29.125439239658494,2,-4.1517546061097444e-17,1.181305257180992e-15,0.7764807180092592,0.22351928199074197,sample_1140,uniform,val,92.08505124338573
4.422677649355301e-17,3.55379747181967,medium,71.85972590046597,11.971143357019269,83.83086925748513,2.8444457439930804,1.5117720915372663,1.2303439531340625,6.292853089020908,11.503142252880027,3,1.7968293125770134e-16,1.3137657406908233e-15,0.8571988640574633,0.14280113594253804,sample_1141,uniform,val,68.86332581001201
4.1922421411792895e-17,8.33175930769006,deep,24.439891136209795,7.6590716125664535,32.09896274877621,2.323358114802894,1.7657129073727669,1.7657129073727669,nan,52.53358952410272,1,1.201687159469617e-16,1.2174801650964704e-15,0.7613919280660114,0.23860807193398983,sample_1143,uniform,val,52.53358952410272
4.2276623340930216e-17,7.499022268428164,deep,53.08490140183708,16.05264195613092,69.13754335796793,2.7393049801033835,1.4462524796072118,0.8904351989252364,8.630179604156565,20.940316709459392,3,9.188579826734828e-18,1.0277234354150825e-15,0.7678158468400248,0.23218415315997618,sample_1154,uniform,val,92.20347040144046
4.3621696490868074e-17,4.859091368472035,medium,36.707582903261354,7.362191889862364,44.0697747931236,3.069755155836726,0.8394383469517104,0.8394383469517104,nan,50.62135330621027,1,1.4455347089514213e-16,2.7006243802813205e-15,0.8329423754847279,0.1670576245152748,sample_1162,uniform,val,50.62135330621027
4.4626457469917523e-17,1.5327105575635902,shallow,90.2441338862718,23.596025424397848,113.84015931066945,3.6555263084344563,0.9829754866322084,0.7582463883386356,5.844655678480984,7.9064079474062465,3,1.4022908271219725e-16,1.716435162399796e-15,0.7927267006012864,0.20727329939871542,sample_1168,uniform,val,236.16515800812945
4.1916627197003305e-17,2.5989089217111028,shallow,30.0703896984388,6.285032117384593,36.355421815823306,2.5380304744281394,1.3127147682240217,1.3127147682240217,nan,46.263318966055316,1,-3.6266228798046726e-16,2.36975126151376e-15,0.8271225637478641,0.17287743625213833,sample_1170,uniform,val,46.263318966055316
4.4062412566971534e-17,2.3787511813375923,shallow,34.29734658130381,5.414720712029886,39.71206729333365,2.35303239025053,0.7037215030629898,0.7037215030629898,nan,31.532513867657453,1,-2.8933635885118626e-17,1.3195617940319126e-15,0.8636504951496498,0.1363495048503516,sample_1200,uniform,val,31.532513867657453
4.0968794653338216e-17,8.047741109994522,deep,59.56225449131776,27.40593477578985,86.96818926710743,3.9843615813082396,0.7816493907626937,0.6222894484824942,11.52388823271035,34.1057468601562,3,-9.742986363076369e-17,2.0016855786954406e-15,0.6848740326003893,0.31512596739961274,sample_1202,uniform,val,227.35236834119243
4.1746040442563687e-17,8.113533468045459,deep,15.784475745413333,6.695385699452479,22.47986144486577,2.2292302364994963,1.3718094905661853,1.3718094905661853,nan,46.40378270240006,1,1.6887726997947684e-16,1.935988025195144e-15,0.7021607221257313,0.29783927787427067,sample_1222,uniform,val,46.40378270240006
4.195083304039436e-17,8.000974917068687,deep,62.57688630509442,20.281327607887363,82.85821391298144,3.1998935302285996,1.2869788918371967,0.8286795574263477,13.099618315050256,25.316194775471175,3,-9.157308125363506e-17,4.116194364544635e-15,0.7552285205038732,0.24477147949613087,sample_1226,uniform,val,146.2279287949672
3.9572791572833854e-17,4.103501116358972,medium,28.10387922002913,14.10019608636779,42.20407530639685,3.90597207623279,0.9636244865204391,0.9636244865204391,nan,126.87208227032842,1,2.577617498894024e-16,1.5573188745553994e-15,0.6659043946822225,0.3340956053177791,sample_1228,uniform,val,126.87208227032842
4.1895144719858704e-17,5.687394400401212,medium,61.8386556030336,28.398820572133697,90.23747617516707,3.8245863455305256,1.2018585599308975,0.7211214055027647,9.469952481401371,53.83507275728686,3,2.3924179158739496e-16,2.4803548509042414e-15,0.6852879560039303,0.3147120439960722,sample_1232,uniform,val,218.79856684914242
4.382293125230341e-17,1.5871810422684056,shallow,56.65011734108429,20.091519928418574,76.74163726950273,3.4986419978744068,0.9787462401184297,0.9402859000540308,10.235233265539192,50.87464159010634,2,3.959508229396554e-16,1.7128955126926535e-15,0.7381927120233224,0.2618072879766794,sample_1239,uniform,val,150.59918660299977
4.4158956325045486e-17,8.167647699874978,deep,65.09015430632849,9.639327800007646,74.729482106336,3.0313377933204757,1.1738702209419745,0.7743516746784517,8.567379996241558,7.746891395287496,2,-5.467819679806145e-17,1.854098671205323e-15,0.8710103759813126,0.12898962401868924,sample_1250,uniform,val,63.970013136792495
4.412972015938356e-17,2.830923610143576,shallow,55.96241589334069,13.477117998546305,69.43953389188682,3.3181317455193606,1.5907798811951197,1.4651345487714083,8.84081444212014,21.321071684822904,2,-2.8007112999300924e-16,2.4558093498716362e-15,0.8059157767457196,0.19408422325428287,sample_1271,uniform,val,98.75595118962929
4.216172765533489e-17,7.881834294921015,deep,5.780452916662927,3.134037189362012,8.914490106024935,2.002973071630985,0.7831836231177625,0.7831836231177625,nan,25.34316074756012,1,1.0454540173412984e-16,4.483490184087242e-16,0.6484333762125282,0.3515666237874723,sample_1284,uniform,val,25.34316074756012
4.2100358487856134e-17,5.093882780907651,medium,23.046612873017875,10.458318317357202,33.50493119037503,2.138410331301466,1.185878769112705,0.9239346336023035,10.49571341072154,12.754977358462746,3,4.242632909834372e-16,1.3254443273640752e-15,0.6878573408214752,0.31214265917852607,sample_1295,uniform,val,44.091004528386854
4.2472044058993666e-17,2.2699495071880125,shallow,35.652637602185166,18.599738033649572,54.252375635834674,3.4773048916591125,1.2142860606469903,0.8862534397553852,4.009987531152685,25.693940868636854,3,1.2535289922838648e-16,1.1787289582978122e-15,0.6571626990401496,0.3428373009598516,sample_1299,uniform,val,142.53456125938953
4.461636695555851e-17,6.674130243366085,deep,94.3936760926427,18.090330401404362,112.48400649404687,2.9660222051750655,1.0378441930866227,0.7044699590586964,6.554387843269577,14.046028775115373,3,4.0139355151283513e-17,1.8002975356531774e-15,0.8391741993795218,0.16082580062048002,sample_1309,uniform,val,106.60391128419596
4.16973957693994e-17,3.911603093494794,medium,47.71287556956211,23.622360701499034,71.33523627106098,3.6136296252811637,1.0263785848606213,0.8484053349611731,3.671511950137162,17.79600155749669,3,-5.689053580977106e-16,2.290941164109113e-15,0.6688542446016695,0.33114575539833274,sample_1336,uniform,val,192.8341974365618
4.2169097409598567e-17,5.311385747230642,medium,26.0775211925239,6.5752696271146585,32.65279081963851,2.2384205288925294,1.119393518927338,1.119393518927338,nan,46.98006894022337,1,1.0108446400397554e-16,1.4416365358821042e-15,0.798630700100525,0.20136929989947644,sample_1344,uniform,val,46.98006894022337
3.960284129372751e-17,6.059989996335493,deep,6.9949987286208986,5.022899536040766,12.017898264661651,1.6720781615928098,1.2211799108536496,0.9931098792748866,10.256705123966471,6.134114863223416,2,-1.0069280148027454e-16,1.10856956866384e-15,0.5820484226588545,0.41795157734114663,sample_1352,uniform,val,21.414552059873355
3.841893910477429e-17,5.1286358225968245,medium,15.669365406954192,7.64688430176665,23.3162497087208,2.1833689447971567,0.9446319536252336,0.7931747876314981,13.57203006185884,4.259629059739818,2,2.0382238918331995e-16,1.7903559211879836e-15,0.6720362666682841,0.32796373333171774,sample_1353,uniform,val,47.857973262007626
4.294556846829705e-17,7.631483900312512,deep,50.933366156668484,12.107559975145854,63.04092613181417,2.3410706893243765,1.631054629331981,1.5757012546755977,5.1613951602255765,24.867661468458014,2,2.28255957372145e-16,2.705072197477829e-15,0.8079412737397033,0.19205872626029943,sample_1356,uniform,val,78.61193439277733
3.887251936269873e-17,3.6387611140587373,medium,24.983109614713065,9.450026186736867,34.43313580144988,3.5486527660117155,1.2136186005316305,0.6536682138824204,6.873136110975833,5.471040907582974,2,1.7432389686778604e-16,1.5476576251810211e-15,0.7255542962677567,0.27444570373224486,sample_1360,uniform,val,67.95977484354877
4.5512657572661116e-17,4.720749332267699,medium,19.378068187103235,4.1783852458307145,23.556453432933946,1.8947411478262728,1.2883311230183292,0.8854031283678749,8.414273587185052,2.7087899299368665,2,3.00572087522134e-16,1.5081700175772224e-16,0.822622481872039,0.17737751812796118,sample_1375,uniform,val,17.55442827685647
4.025606813213801e-17,8.265897899904388,deep,24.584019712048306,12.270604441909159,36.854624153957396,3.283831959883401,1.4467821099359972,1.4467821099359972,nan,102.02321349573656,1,2.1784467215070009e-16,1.8797618569438267e-15,0.6670538711601136,0.33294612883988833,sample_1393,uniform,val,102.02321349573656
3.975018224590357e-17,5.804024080437035,medium,26.650247318094113,12.749034295986636,39.399281614080664,3.303282604506054,1.595578626003648,1.5798862225019352,8.153526844255804,9.058312436581458,2,5.092072718208276e-16,2.1641290094167515e-15,0.6764145493599494,0.32358545064005273,sample_1408,uniform,val,108.6972482227501
4.2149961965265895e-17,5.572363664133154,medium,43.106646243984514,12.448578646377152,55.555224890361586,2.9887255791270833,1.4362486073799567,1.169397773015199,3.3763886032268267,6.096642295900069,3,3.77201427734397e-17,1.4388576039565196e-15,0.7759242506722926,0.22407574932770882,sample_1415,uniform,val,73.6932668839446
4.1305229461892864e-17,2.1002214368492957,shallow,31.576192102629594,15.275772086233724,46.85196418886322,4.486283384830266,0.7469684407072691,0.7469684407072691,nan,148.25040538463324,1,9.086387770963872e-17,2.0852834637450935e-15,0.6739566344613424,0.3260433655386597,sample_1448,uniform,val,148.25040538463324
4.36495815536117e-17,8.124129909145754,deep,69.39224538013191,7.98761067413496,77.37985605426681,2.0139449349484884,0.756345250099663,0.7205525794057195,11.692732785794773,9.104141495637373,2,3.373627654884258e-17,7.919930855949086e-16,0.8967740303298942,0.1032259696701066,sample_1451,uniform,val,43.32031071918719
4.55143573143904e-17,4.039828471892619,medium,86.82101690321211,4.3492117712672655,91.17022867447928,1.8829981152763666,0.8412013648096824,0.8412013648096824,nan,27.96650948810939,1,-7.415487237161807e-18,1.1105855641465253e-15,0.9522957018480682,0.047704298151932945,sample_1465,uniform,val,27.96650948810939
4.154051476135702e-17,7.925951298591236,deep,47.91780324750848,23.745391843430887,71.66319509093927,3.435313789218144,1.162763059534509,0.9181292773499519,7.820485918406863,28.18258993985967,3,1.562989241892812e-16,1.3881042127717141e-15,0.6686529003723832,0.3313470996276181,sample_1481,uniform,val,183.91779923563664
4.034566370116721e-17,8.070227219002561,deep,16.599663020995603,5.155883116224354,21.755546137219927,2.662620951626957,1.5387883709200474,1.5387883709200474,nan,34.633707069783874,1,3.5501573772571507e-16,1.3880628911512664e-15,0.7630083343482005,0.2369916656518009,sample_1491,uniform,val,34.633707069783874
4.034549507125197e-17,1.3384025213850625,shallow,21.508706252952496,10.168773365244835,31.677479618197285,2.8745904842949628,1.371479751865504,1.0217051945344906,22.997391156389895,14.255450763567643,2,2.2010644908021573e-16,1.457984611814734e-15,0.6789904535396406,0.32100954646036084,sample_1493,uniform,val,62.42650642616676
4.462325115577921e-17,4.5568711315929225,medium,47.529708875379086,4.787297839587754,52.31700671496676,1.8884590907171293,0.6839987683531044,0.6839987683531044,nan,28.210536986633837,1,1.525279220071321e-17,1.5448941227287253e-15,0.9084944238941306,0.09150557610587097,sample_1494,uniform,val,28.210536986633837
3.963585111216933e-17,6.076872397184799,deep,20.02215677672812,12.441191287020594,32.46334806374862,3.0498768970518624,1.3724457124480087,1.2830720771768025,19.804039991880448,9.821706959849559,2,9.545822239109663e-17,2.9548175110973763e-15,0.6167619167748933,0.3832380832251096,sample_1512,uniform,val,87.83632340759083
4.6391144105201384e-17,2.9480573852436676,shallow,65.79595820933292,4.7921465310309515,70.5881047403638,1.6739818240495885,1.2371594484074975,0.9685236925026759,9.34237657130133,8.483248737854487,2,1.2589570922163074e-16,1.006604070719293e-15,0.9321111319158194,0.0678888680841816,sample_1531,uniform,val,18.512319394534323
4.136764749062345e-17,5.484153413451362,medium,32.52358726450188,13.228748384889021,45.75233564939089,2.133306062527978,1.3440657846846984,1.1146672954854404,9.537295214053092,16.01923872759498,3,3.7413260236072133e-16,1.1647646928975304e-16,0.7108617910512044,0.28913820894879577,sample_1550,uniform,val,76.57525349145217
4.2142709840798025e-17,2.95649811687455,shallow,25.1861612673452,16.060572277710836,41.24673354505596,3.8557436938670455,1.5197153238267596,1.2665773693174036,4.372642221815089,18.640589229084096,3,2.208049082863136e-16,1.8087974693393213e-15,0.6106219596718621,0.3893780403281398,sample_1552,uniform,val,139.61911533248548
4.400055261288562e-17,6.234584312119737,deep,47.71373799885759,6.736972433062306,54.450710431919774,2.651873419349023,1.0709977916196651,1.0441437763548764,8.685620300243386,2.9244098986733924,2,6.126719958627509e-17,2.218378128054816e-15,0.8762739295847116,0.12372607041529063,sample_1554,uniform,val,32.09354579759462
4.026538405020234e-17,7.431975336996053,deep,29.658719859349155,18.50949047600678,48.1682103353558,3.3097495404865542,1.4092776130854654,1.2468076741790393,6.554387843269574,51.00896114892351,2,1.70241126517061e-16,2.7289867155212327e-15,0.6157322361129836,0.38426776388701916,sample_1556,uniform,val,130.71871925170325
4.319824288463282e-17,2.018258808978775,shallow,41.44868756025377,4.019979387439286,45.46866694769301,2.178728169024206,1.2008448691770708,1.2008448691770708,nan,23.49871130078525,1,-8.379262276859057e-17,9.571589731313707e-16,0.9115879207089178,0.08841207929108315,sample_1563,uniform,val,23.49871130078525
4.28165237854472e-17,1.4998414623813803,shallow,24.196328818098547,16.891281907018236,41.087610725116704,3.6177528112847326,1.2675874963430205,0.9601462681202204,8.449852069711044,3.623177594776933,3,-2.2142400882724292e-16,1.902269310730017e-15,0.5888959808341306,0.4111040191658713,sample_1576,uniform,val,126.2681972482714
4.287255869244514e-17,4.781781200414013,medium,24.425966908788574,13.04187766648715,37.4678445752757,3.4183239664161187,0.8248205559602511,0.7645763138728952,12.497999839974394,4.095567658692247,2,3.8073617636236934e-16,6.637423645131184e-16,0.6519181230111858,0.3480818769888149,sample_1577,uniform,val,109.49365878834297
4.170061613104055e-17,4.148792057591083,medium,29.33074489725935,13.581709284115593,42.912454181374876,3.306562014189506,0.8665793839040207,0.8200973033890646,15.134067529914091,13.659715703114237,2,6.194863609090713e-16,1.5730062795268175e-15,0.6835019216866338,0.3164980783133678,sample_1621,uniform,val,111.73748221608781
4.071815009634464e-17,6.377090331972799,deep,50.911235600270075,15.012618236642522,65.92385383691249,4.0340226761293625,0.9317496635878904,0.925404592847328,12.22620137246234,7.676787859809203,2,2.1259991434362652e-16,1.6975718858771297e-15,0.7722733523167231,0.22772664768327858,sample_1632,uniform,val,129.76576509345344
4.2234995033665303e-17,3.3429742276257466,shallow,84.63799046637216,23.7521936605353,108.39018412690731,4.401074353646577,0.7807248259218915,0.6307887704424148,16.619265928433784,50.445610507992505,2,1.717848861745684e-16,1.3438602582340375e-15,0.7808639790414491,0.21913602095855228,sample_1636,uniform,val,233.3534443191364
4.023693311555224e-17,3.4845736489643855,shallow,25.45201225939138,8.443307711540147,33.89531997093147,2.9651208425725324,1.6807105072530875,1.6406465401004318,19.60612149304395,3.697883339361457,2,2.4098667782195572e-17,1.7818428205251956e-15,0.7509004865928086,0.24909951340719322,sample_1637,uniform,val,53.58722304194862
4.3059763360977395e-17,5.247499864597014,medium,46.66578991149653,12.746332393965298,59.412122305461615,2.825569030189595,1.2581112076379684,1.0217899568196667,5.0039984012787215,14.174909433824476,3,-3.2661996629412516e-16,3.617766361927647e-15,0.7854590629092315,0.2145409370907721,sample_1648,uniform,val,72.1219972699681
4.2290373602389697e-17,4.768575087489978,medium,25.091783305247695,9.681318158453776,34.77310146370138,2.0262623900133128,1.3899291462350976,0.9469661212196192,7.258098924649622,10.629827067903621,3,-1.1035349463434735e-16,2.6052953287466002e-15,0.7215860032341456,0.27841399676585704,sample_1649,uniform,val,42.60685307496729
4.422931936913269e-17,8.216787189243501,deep,95.53871272747868,15.598636639050127,111.13734936652853,3.7804220651108857,1.1644508804997518,0.7251429044445552,10.262553288533999,6.566366411042079,3,7.003447081345216e-17,2.557349945126893e-15,0.8596454141837963,0.1403545858162063,sample_1653,uniform,val,101.56690606383304
4.560358069183255e-17,4.236746063896912,medium,70.2645343438054,8.971773575523201,79.23630791932851,1.8277005425125432,1.256908667995036,0.8773937717240622,4.565084884205332,9.41320554839731,3,5.155379651975809e-16,1.0760865887141225e-15,0.8867719381289523,0.11322806187104878,sample_1663,uniform,val,37.88463598632548
4.1026729990564436e-17,2.6379369304819305,shallow,73.52369609815234,22.999218510432915,96.52291460858507,4.468841734730723,1.1243203954707457,0.8485923336777643,7.5392307299883035,5.864397860323849,3,1.6561974653936593e-16,1.9507681231963033e-15,0.7617227100559695,0.2382772899440325,sample_1664,uniform,val,201.98587322503874
4.4334225235713846e-17,8.27484522485336,deep,66.14975976754529,8.175075436059428,74.3248352036046,2.1993515093235203,1.4260192574377333,1.1665481034756406,10.950799057603056,6.1576752132312675,2,1.8348188595042823e-16,1.6968935787334402e-15,0.8900088319918289,0.1099911680081728,sample_1667,uniform,val,50.72048293587994
4.12130683770207e-17,5.89104194902637,medium,10.855013681157951,8.550375932785126,19.405389613943036,2.623349851682758,1.6116918419754853,1.6116918419754853,nan,51.337378767719855,1,3.0013049469139314e-16,2.1054051538779733e-15,0.5593813830647583,0.44061861693524385,sample_1672,uniform,val,51.337378767719855
4.109354604272491e-17,4.492754609249384,medium,39.94507018725223,20.369733770630692,60.31480395788278,2.7665547623051974,1.1007824791384409,0.9641541071898688,6.2737548565432455,24.658227327879388,3,1.4951959148133658e-16,2.2972110391003123e-15,0.6622763826795403,0.337723617320462,sample_1722,uniform,val,133.53590193725
4.452427599112132e-17,7.08448027467045,deep,63.451211573496195,6.714825932305101,70.1660375058012,2.484650403088225,0.9243181345150593,0.8137894824571995,10.363397126425292,7.701089463047846,2,2.528434725952452e-16,1.3797479690841806e-15,0.9043009100841723,0.09569908991582902,sample_1728,uniform,val,32.55946096124591
4.118396555592841e-17,5.144041199717992,medium,6.655510426851718,7.430845016399077,14.086355443250772,3.098690706797049,1.1494102844808185,1.1494102844808185,nan,51.70138843747085,1,1.5458660123708737e-16,1.6393622186544842e-15,0.47247923379929957,0.5275207662007021,sample_1732,uniform,val,51.70138843747085
3.934691978173058e-17,2.4872720171883906,shallow,18.31352529089818,9.489909133330546,27.803434424228662,3.1329723559222225,1.549481828532679,1.549481828532679,nan,60.83948089609138,1,1.2253456168140186e-16,2.3000340620755207e-15,0.658678529115068,0.34132147088493436,sample_1733,uniform,val,60.83948089609138
4.1308220990460996e-17,5.335219679165115,medium,83.66390872450788,24.439206186442576,108.10311491095015,3.604098191743795,1.2821600773048194,1.129816314223616,4.951767361255979,18.987568083000742,3,-4.142002514303359e-16,2.7605860318185264e-15,0.7739269011205269,0.22607309887947585,sample_1747,uniform,val,192.89485312726387
4.122465346723296e-17,6.641823991028296,deep,11.29514706302405,11.118382854407185,22.413529917431184,2.3046724333059334,1.4071801156911312,1.323532089489124,22.13955735781545,23.081412381966427,2,2.4220706636721115e-16,2.2983594521871423e-15,0.5039432478790288,0.49605675212097355,sample_1751,uniform,val,74.35765936924611
4.39728049649963e-17,3.262715519222538,shallow,48.950292778302064,9.452354791849015,58.40264757015095,2.8787263914144585,1.2925793198548383,1.1990449505797365,13.379088160259652,14.67233079827566,2,4.123661357436307e-18,2.250761079927507e-15,0.8381519471271386,0.1618480528728637,sample_1754,uniform,val,51.10829183949697
3.996549842550419e-17,3.7308761675439936,medium,8.895781064368743,10.83814104370797,19.733922108076662,3.6326688948146653,1.1631105278915281,1.1631105278915281,nan,87.93173220872568,1,6.773242275193856e-16,2.610446522514831e-15,0.45078626618921813,0.5492137338107845,sample_1766,uniform,val,87.93173220872568
4.3005370265192286e-17,5.770811446431497,medium,96.10442447984717,27.639308381463657,123.74373286131042,3.6925902017512553,1.2213134136573356,0.6522041680566265,6.505382386916237,34.22220974037836,3,2.5890254184294514e-16,3.2729686588425756e-15,0.7766407417784879,0.22335925822151542,sample_1779,uniform,val,224.67481174291163
4.405123540233179e-17,5.405976266002203,medium,92.15746368858618,10.69386988132381,102.85133356990987,2.382076509915393,1.1290854471833465,0.8873337473751364,4.724404724407088,16.593330645031973,2,-1.468200783532048e-17,1.1398933521919453e-15,0.8960259482289077,0.10397405177109344,sample_1780,uniform,val,60.437834447228695
3.96278787563625e-17,4.611554254429609,medium,20.028082521632708,7.2049199900481495,27.233002511680827,3.148823614726699,1.399557547610299,1.399557547610299,nan,49.95374476485449,1,4.9094325120711624e-18,1.1414916396446119e-15,0.7354342406072275,0.26456575939277366,sample_1786,uniform,val,49.95374476485449
4.09847416239398e-17,5.169300396282544,medium,28.770934422284025,10.860094005636599,39.63102842792058,2.8008310483962564,0.9968362446169508,0.8487187609895056,4.171330722922844,41.47282805089382,2,2.0854300983932174e-16,1.0309146375172545e-15,0.7259699170969411,0.27403008290305986,sample_1794,uniform,val,85.431485237024
4.113418747839188e-17,2.9991473174278314,shallow,24.95605299952921,12.453127203596278,37.40918020312543,3.5448153129597086,0.7413175398022221,0.7413175398022221,nan,101.28988417503984,1,-1.440189480517709e-16,1.5195045321003563e-15,0.6671103954703664,0.33288960452963506,sample_1801,uniform,val,101.28988417503984
4.450899943126063e-17,5.984435347054246,medium,86.05639356528071,9.975165335340083,96.03155890062065,3.1972363174491214,1.0084218136789365,1.0084218136789365,nan,79.93869952443512,1,3.4262778227193966e-17,1.5168061676636922e-15,0.8961261750872663,0.10387382491273515,sample_1849,uniform,val,79.93869952443512
4.088729575890682e-17,6.150197020284937,deep,43.66401995785534,18.182414898158857,61.846434856014035,3.9433000243691763,1.2520515391228826,0.994381744674945,4.787483681434328,28.459170463215475,2,7.295192394044567e-17,2.5849851477813412e-15,0.7060070650719067,0.2939929349280959,sample_1857,uniform,val,132.3100677503297
4.067029112908357e-17,1.3329154419927047,shallow,26.05910198580456,13.577850914667858,39.636952900472345,2.487505392625453,1.1505610329686584,0.7808304472423517,10.332473082471594,13.886793160810596,3,1.0803413431430588e-16,1.8374427166055533e-15,0.6574446338304178,0.342555366169584,sample_1872,uniform,val,86.502483368146
3.894656887423277e-17,7.377812393627522,deep,24.931159901384596,17.560821707572952,42.491981608957495,4.205976144973148,1.149758861290875,0.643559382772896,15.375304875026057,30.58657671240513,2,-2.6147927376875558e-17,1.254135560737737e-15,0.5867262235689427,0.41327377643105856,sample_1877,uniform,val,166.86766627254073
4.3148794150437355e-17,5.225951853844009,medium,22.421194594201125,11.127680546400626,33.548875140601666,2.7958299635494357,0.9676232492175993,0.7883727920793588,8.1117199162693,16.872499866947077,2,-1.492897350221841e-16,2.5415197360230445e-15,0.6683143473584439,0.33168565264155864,sample_1879,uniform,val,76.57761952475776
4.2830505643160317e-17,7.369467464826721,deep,55.748527743514146,16.96975885007307,72.718286593587,2.8024127047501484,0.76949078147543,0.6830013481232595,8.47112743381895,22.512368252734017,3,2.998543541390518e-16,3.0290626801574892e-15,0.7666369816313933,0.23336301836860976,sample_1902,uniform,val,104.83584048497158
4.424022927808778e-17,3.323843589447285,shallow,43.89584575390664,20.187087075050105,64.0829328289566,3.7335415731114225,1.1194962124402685,1.014358454925286,5.688585061331158,13.649514163267503,3,3.6787895200819543e-16,2.2730117739711478e-15,0.6849849689474856,0.3150150310525167,sample_1903,uniform,val,129.4691632148942
3.862033173892812e-17,2.012531916003465,shallow,3.5495713084166485,3.023721499750121,6.573292808166744,2.4658819454856618,1.76763204887189,1.76763204887189,nan,20.090271275516205,1,-2.509487075828309e-18,3.918458362192931e-15,0.5399989642948227,0.4600010357051812,sample_1912,uniform,val,20.090271275516205
4.608410117766959e-17,2.4171582788158865,shallow,158.9024434734764,4.401077567606446,163.30352104108266,1.8822431012189882,1.4317083176553274,1.4317083176553274,nan,27.932882302241183,1,3.677864897379735e-17,1.1965403506815416e-15,0.9730497080555963,0.0269502919444049,sample_1917,uniform,val,27.932882302241183
4.365567638318475e-17,7.423500407337317,deep,52.03579594649889,11.780871015268735,63.8166669617676,2.346796697048897,1.1627581737067298,0.6212660304046403,11.009087155618309,18.600824956800352,2,-5.401940792352495e-17,3.06188432641101e-16,0.8153950750463573,0.18460492495364297,sample_1936,uniform,val,72.74042140079868
4.335228850184658e-17,7.598801321346436,deep,99.21109692137372,26.4176250124847,125.62872193385807,3.6375093013918347,1.1547884502733392,0.7187156053800459,7.334848328356897,49.04183075023571,3,-1.4198381009859546e-16,2.7713880644726613e-15,0.7897166777960783,0.21028332220392437,sample_1937,uniform,val,210.65288304283797
4.371216666910124e-17,6.471083215219114,deep,21.96396495378457,9.573424536298285,31.537389490082802,2.3851128235151524,1.0657961596096732,0.9437945127388305,6.283311228962003,9.72180443066412,2,-3.8490644822829124e-17,1.6334373001546746e-15,0.6964420742779399,0.3035579257220617,sample_1938,uniform,val,66.55674254864059
4.4631862393358604e-17,6.262422694229356,deep,33.88627915610474,13.681889966204242,47.56816912230897,3.5726386424669414,1.5027404047944235,1.4122739785945402,26.062233212063774,36.0328691226179,2,4.566692423962706e-16,2.2406035870325198e-16,0.7123729960885216,0.28762700391147866,sample_1946,uniform,val,134.72270500730076
3.948074113491715e-17,2.4339852709942527,shallow,90.39110301991846,31.545408325223228,121.93651134514145,3.9742955770659334,1.0678319297865908,0.7301170045623916,4.069397989875158,35.33615088142351,3,-1.1323712754866978e-16,1.9229605654137476e-15,0.7412964502819531,0.2587035497180488,sample_1952,uniform,val,248.1926532713759
4.26051994646662e-17,7.779365095975847,deep,30.794898129243737,14.1804685960493,44.97536672529299,2.275022551577129,1.4038560829185567,1.0226478226867617,6.873136110975835,7.324933596895453,3,4.591748222297364e-16,9.874054225339274e-16,0.684705881718258,0.3152941182817431,sample_1971,uniform,val,82.49728640595687
4.297214233935183e-17,4.8735625430380916,medium,72.88652495651353,11.273254952088982,84.15977990860242,2.205069306051543,0.9297389342305388,0.641778717215132,6.945502141674137,6.054497336095874,3,2.72254755117457e-18,1.0764547971465484e-15,0.8660493769787462,0.13395062302125488,sample_1984,uniform,val,65.29642864302197
4.3728755189423635e-17,7.4261333671421035,deep,63.242678799297494,9.969523432474876,73.21220223177231,2.43304483339754,0.9234827814057364,0.668335933387733,8.01997506230537,13.773559203136948,2,1.6822856286842517e-16,8.249462616683598e-16,0.8638270243406463,0.13617297565935457,sample_1988,uniform,val,61.928020160024595
4.3147776846424767e-17,4.897703869365326,medium,36.11943599661989,14.905079519329954,51.02451551594976,3.1883120463778214,1.3406927913152937,1.0826074768682965,17.029386365926403,10.436555225565353,3,1.196989854095054e-16,1.705875778544217e-15,0.7078839579638794,0.2921160420361223,sample_1990,uniform,val,88.86875197366032
4.58875830506615e-17,5.493857167888044,medium,112.36887642215416,25.034788793559805,137.40366521571366,3.6885308755951844,1.5447544228048855,1.4520888930695601,9.715966241192895,18.570867769552994,3,-2.1165302529671176e-16,2.223618823392943e-15,0.8178011572380058,0.18219884276199638,sample_2001,uniform,val,196.26381846887483
4.179954618918624e-17,5.407334154402251,medium,29.655583368362763,14.30335418345066,43.95893755181338,3.5665679568259954,0.8273688974168307,0.6882537571297067,10.58489489791939,22.147421488709156,2,1.1440958412869605e-16,1.0102364492468113e-15,0.6746201118579905,0.32537988814201046,sample_2050,uniform,val,94.47937793717153
4.3751962720081155e-17,7.757191422090524,deep,41.52920417500818,6.558009280052696,48.087213455060734,2.162261960974603,1.6261409151937016,1.6261409151937016,nan,42.34611121823399,1,-8.869295559523589e-17,2.9921655603081684e-15,0.8636225971758323,0.13637740282417063,sample_2080,uniform,val,42.34611121823399
4.549455381780451e-17,5.4017567309207095,medium,76.72281330517923,6.3980999624784705,83.12091326765758,2.153867603729909,1.053573096013714,0.8702176048847605,10.027960909377342,4.598392723154697,2,8.514140381207222e-17,1.389099205265146e-15,0.9230265920939074,0.07697340790609403,sample_2093,uniform,val,28.359492468585803
4.510816028843642e-17,7.951977498962072,deep,81.74404766405735,6.024907815248184,87.76895547930557,2.4290558693860933,1.5949619624569291,1.5949619624569291,nan,36.0279789808509,1,1.7288069484862438e-16,4.857362596238033e-16,0.9313549103741038,0.06864508962589574,sample_2094,uniform,val,36.0279789808509
4.2464515263671086e-17,5.8473075604485745,medium,38.86263329030247,24.050458838771732,62.91309212907407,3.5648251103657436,0.9453259739430138,0.6595865329245514,9.143303560529967,13.202213019883333,3,1.0159399854275798e-16,2.032926503984575e-15,0.6177193327355603,0.3822806672644417,sample_2105,uniform,val,182.30519342090275
4.149771785023828e-17,7.378226816812868,deep,15.310668374362349,11.326194687075825,26.636863061438127,3.315104045877628,0.7149766917841496,0.7149766917841496,nan,101.27894803952678,1,2.330275212989817e-16,1.7338857701779603e-15,0.5747924723361071,0.4252075276638946,sample_2135,uniform,val,101.27894803952678
4.1858728832143086e-17,3.927917887836939,medium,22.08762072085561,10.891441368205989,32.97906208906156,3.3520516820109694,1.6565189131643345,1.6565189131643345,nan,88.51651914754656,1,4.302930869135981e-16,1.2927160884828897e-15,0.6697467824041484,0.33025321759585285,sample_2141,uniform,val,88.51651914754656
3.9326268679372115e-17,4.679912724348197,medium,51.51427356584368,22.93020085568769,74.44447442153127,4.172337189286062,1.4265590063422373,1.2257271440934345,15.997499804656979,45.90000787027008,2,3.2664767498233008e-16,1.3839670101212503e-15,0.6919825005970413,0.30801749940296014,sample_2161,uniform,val,210.6737950681041
4.198437501987538e-17,3.3209030977136003,shallow,13.400252926508095,9.077734179323484,22.477987105831524,2.3477695455818046,1.7114039971763328,1.6600144314035288,10.083650132764422,27.761238509653307,2,5.24269960162432e-17,2.449821763939066e-15,0.5961500406338267,0.40384995936617574,sample_2181,uniform,val,58.55493674877201
4.455724342806136e-17,1.8551536110895872,shallow,69.63887223292703,16.193583327344328,85.83245556027119,3.0751309130633016,1.380575661890946,1.2486289475163974,4.82078831727758,12.129857651671356,3,-1.041017335674967e-16,1.9867805886396715e-15,0.8113349638940122,0.1886650361059898,sample_2187,uniform,val,103.36032008202426
4.09529277985784e-17,4.070453853070685,medium,17.546467765286813,10.980406939188443,28.526874704475166,2.5974979589367053,1.2647817976822309,0.8362359988166389,10.311159003720194,5.538826894401585,3,2.876884657466581e-16,3.1757491750472324e-15,0.6150855271409806,0.3849144728590225,sample_2205,uniform,val,64.98956589220221
4.33398130677115e-17,6.718480421142386,deep,101.47960612537345,22.64046511652853,124.12007124190185,4.022796400814514,1.432784631439518,1.1072740696850103,4.280186911806538,6.541863955847476,3,2.570438622724056e-16,1.0304352161348171e-15,0.8175922323440854,0.18240776765591565,sample_2212,uniform,val,241.72010858263667
4.165541990764475e-17,5.843298029113264,medium,15.467787971666876,5.783390418031568,21.25117838969842,2.5182302983431866,0.9790937942948597,0.9790937942948597,nan,38.79391464949732,1,1.6781060711973515e-16,1.1284464744565958e-15,0.7278555423150058,0.2721444576849953,sample_2214,uniform,val,38.79391464949732
4.2805754338313493e-17,3.222653450273512,shallow,71.90508466179364,20.528763702433114,92.4338483642266,3.436158097885418,1.0166642729075719,0.7226771247413316,7.817928114276828,16.39551169062641,3,-1.4462246448242168e-16,1.575843302086228e-15,0.7779085901352785,0.2220914098647231,sample_2220,uniform,val,160.49183214138355
4.3793699658803476e-17,7.596016962223537,deep,62.61705850251483,13.992786244436989,76.60984474695165,2.7607016095399874,0.9197826111927695,0.7505969844610423,7.002856560004639,15.806814115260861,3,1.5704984526411032e-16,2.1795833610571004e-15,0.817350024782636,0.18264997521736617,sample_2232,uniform,val,94.04622372464833
4.569921778335089e-17,1.776342880233615,shallow,105.77354847835717,22.055041108225076,127.82858958658204,3.650069661433541,1.60029360526441,1.2562907214882062,6.072890580275591,26.60611488104686,3,-2.0742774379414671e-16,1.6119820615783322e-15,0.8274639407384969,0.17253605926150467,sample_2233,uniform,val,179.0556766631948
4.34131642785099e-17,6.127400025573634,deep,35.62592059480036,5.240114568706956,40.86603516350726,2.3235731700759197,1.1814229075867209,1.1814229075867209,nan,33.28935811300297,1,-3.779023110909723e-17,1.369235851171465e-15,0.8717733553612208,0.12822664463878056,sample_2244,uniform,val,33.28935811300297
3.930635846569992e-17,7.206159887170934,deep,12.006623195466785,6.825370359237958,18.831993554704663,2.3376354820631997,1.7512832203944413,1.7512832203944413,nan,53.50803237737364,1,2.568513529366309e-17,4.244694410116841e-15,0.6375651712384564,0.36243482876154787,sample_2251,uniform,val,53.50803237737364
4.2007818805381735e-17,1.8104084636490942,shallow,23.831238069467773,6.948210543347211,30.779448612814925,2.5922170063344865,0.9393363446249126,0.9393363446249126,nan,45.82272596516375,1,-1.3794737078319845e-16,1.933366476718899e-15,0.7742581216853155,0.22574187831468645,sample_2254,uniform,val,45.82272596516375
3.948161261940405e-17,4.187967134125385,medium,45.77231699792842,23.10811489463647,68.8804318925648,3.486650488007862,1.034326500306406,0.6643141478349588,9.42761899951414,10.768950050259035,3,6.857459035126736e-17,1.2894495509050348e-15,0.6645184378245638,0.3354815621754375,sample_2261,uniform,val,169.31775207778554
4.1919474026326076e-17,2.1795749466354577,shallow,20.460767319976828,4.796390590127423,25.257157910104166,1.9536825536459135,0.7733226114246919,0.7733226114246919,nan,24.91156311048908,1,-3.663084581421251e-18,3.375879764250972e-15,0.8100977708102093,0.18990222918979413,sample_2268,uniform,val,24.91156311048908
4.165383887419744e-17,4.188096432080535,medium,16.133543749993187,5.185367182778341,21.31891093277149,2.0384602945259926,1.5712425786189683,1.5712425786189683,nan,35.480961405842,1,-1.235435975747736e-16,1.7497842054427942e-15,0.7567714786590086,0.24322852134099307,sample_2276,uniform,val,35.480961405842
4.5218335052834e-17,6.078156129592425,deep,25.46111762396342,4.390287987734064,29.85140561169747,2.5417245747824304,0.8075020776215643,0.8075020776215643,nan,23.75688365783238,1,-9.848601275404792e-17,5.355597576396054e-16,0.8529286009227758,0.14707139907722472,sample_2283,uniform,val,23.75688365783238
4.1782850317031934e-17,6.3810283502763365,deep,21.453949714535916,12.147340136555735,33.60128985109158,3.6148646216338354,1.6925877427541827,1.6925877427541827,nan,114.76657646987276,1,2.489836620353375e-16,2.1674950794498822e-15,0.6384858977024943,0.3615141022975079,sample_2289,uniform,val,114.76657646987276
4.3391776671171674e-17,6.365994078932775,deep,56.15940191815213,10.304293939534793,66.46369585768676,2.156701276505467,1.4874459277919805,1.4045059855109925,3.059411708155669,7.436509814421711,3,1.9789947863200048e-17,2.4321318623560652e-15,0.844963572871446,0.15503642712855645,sample_2297,uniform,val,58.83044377968546
4.360950911974551e-17,1.5439080476403355,shallow,57.95744989480431,14.48083959249263,72.43828948729676,2.3397283006597553,1.3239551686334856,0.7169612657029191,4.833218389437829,2.8736535977610416,3,-1.3489584593064573e-16,2.5748463893495884e-15,0.8000941257036184,0.19990587429638415,sample_2298,uniform,val,91.49542884592962
4.310107805977036e-17,6.635809796723994,deep,59.405326710194245,8.587182629144905,67.99250933933907,2.5763845674778314,0.8818414561188692,0.8073642046986719,10.586784214292836,5.73461104641449,2,-2.4243342769936427e-17,1.2540370861394193e-15,0.8737039901515085,0.1262960098484928,sample_2315,uniform,val,55.53306749175039
4.54856190193337e-17,4.043080776862164,medium,26.60607463325746,6.258607940146848,32.864682573404245,2.1687451663871338,0.8548736560944876,0.8548736560944876,nan,42.72815908218288,1,6.637588079212878e-17,1.9187974098901156e-15,0.8095643271110865,0.19043567288891536,sample_2331,uniform,val,42.72815908218288
4.5026615838113165e-17,7.410639747950198,deep,74.6026238460532,12.69791651104851,87.30054035710165,4.07535425657672,1.3518735250994016,1.0524598925334259,12.68227108999015,5.657791520685812,2,2.9856569096010517e-17,7.121661461050877e-16,0.8545493938627665,0.14545060613723418,sample_2333,uniform,val,114.94815686550999
4.2252733590037384e-17,4.095742372377772,medium,26.743948312642544,10.459545661039042,37.20349397368157,2.78015949402145,0.8165071146741525,0.7401209253559684,3.852272056851645,6.8487230687639205,2,5.618691733197382e-16,5.252174768107978e-16,0.7188558239062628,0.28114417609373776,sample_2338,uniform,val,75.32428500719134
4.488027986135158e-17,4.029838593131912,medium,56.450395715150854,20.94095024889713,77.39134596404782,3.6828447171115393,1.2340524498724605,0.9377538547778888,6.852736679604726,13.348164425828564,3,-1.6388216900712168e-16,2.2034796585866844e-15,0.7294148332989959,0.27058516670100635,sample_2360,uniform,val,150.81510468437705
4.3098408395415174e-17,1.841466837007295,shallow,57.15487324025844,13.951769230243718,71.10664247050204,3.0171961373904916,1.317349604184183,0.8069101250720446,3.566510900025402,13.725801176248767,3,1.1803565449694234e-18,1.6737663895351194e-15,0.8037909153700884,0.19620908462991324,sample_2364,uniform,val,78.91463336479792
3.9679565020272366e-17,7.939753578057152,deep,41.89440095790165,30.021810272292612,71.9162112301941,3.4716356782432864,1.2476611966906157,1.0493741495948297,14.188727920430361,61.95945276398745,3,3.237104966080285e-16,2.3712352703979313e-15,0.5825446063030674,0.41745539369693496,sample_2371,uniform,val,232.44460396537485
4.315022345958308e-17,5.306569072036083,medium,44.618213801420836,18.367913992753365,62.98612779417409,3.8097977304135484,1.1416738121800587,1.0291410604187659,5.7758116312774614,3.738281986241761,3,4.214459464095714e-16,1.8049504184972537e-15,0.7083815970910948,0.291618402908907,sample_2390,uniform,val,151.84426918007995
4.4502137975887964e-17,5.057325871412733,medium,71.73569143137229,7.240576543366419,78.9762679747386,2.5321321908402825,1.3075178291494518,0.8989009276931744,4.498888751680799,2.98756032604231,3,3.6391087247838177e-17,1.3045526121615337e-15,0.9083195910740897,0.0916804089259117,sample_2392,uniform,val,31.897537909344233
4.239809016523061e-17,2.1258604274907356,shallow,70.14585709820993,18.57250077767893,88.71835787588869,3.7969663049735547,1.2012722992519098,1.2002971189136507,8.894942383174833,29.60209108394253,2,2.1712968664913817e-16,1.9621978407755866e-15,0.7906577486064328,0.2093422513935692,sample_2394,uniform,val,155.93789623735137
4.3989521275146976e-17,3.931889203505423,medium,97.38351395763644,30.88855077896953,128.27206473660573,3.6872877657467487,1.134488094990883,0.7429003009276955,8.160882305241266,50.29548854397674,3,2.6238163291858694e-17,1.8833760153039128e-15,0.7591950293901019,0.2408049706099,sample_2410,uniform,val,251.62255266325786
4.474124001687496e-17,1.7818261738929015,shallow,29.481175008102998,3.116561128379517,32.5977361364825,2.104946594976739,1.30153118097877,1.30153118097877,nan,17.5966628415259,1,-9.124130163092852e-18,3.6782949023666557e-16,0.9043933261091854,0.09560667389081497,sample_2437,uniform,val,17.5966628415259
4.115892443417839e-17,7.214560240142201,deep,52.473700005307016,19.986830841228066,72.46053084653495,4.056869643827064,1.0725644501323195,0.8458705710649139,4.335896677735761,11.597867850885136,3,2.1682056963365754e-16,1.814096647925737e-15,0.7241694118476956,0.27583058815230627,sample_2443,uniform,val,161.36576549569844
4.074568651150111e-17,4.389920513298964,medium,40.856646117875314,20.31567658223287,61.172322700108026,3.9138559515117604,0.8432301529532501,0.7559214227425839,8.639444426582074,10.153761131712987,3,-3.0817238419981826e-17,2.6134713950585406e-15,0.6678943076621671,0.3321056923378356,sample_2465,uniform,val,149.46515325732184
4.162955434298635e-17,3.0582580449301,shallow,36.604599047213085,11.338806927435469,47.94340597464852,2.919304737642509,1.0042655821704276,0.9218027166210763,10.025966287595427,11.772857170378847,2,2.0658223630799603e-16,7.03971260749632e-16,0.7634960074920175,0.23650399250798315,sample_2484,uniform,val,65.5479744837794
4.2200353916487465e-17,4.961833304429039,medium,17.359433106806353,8.62576497910882,25.985198085915155,3.6868285892197354,1.4803994478543614,1.4803994478543614,nan,75.25361619864977,1,5.214307830567711e-16,6.836033473853314e-16,0.668050828375857,0.33194917162414367,sample_2495,uniform,val,75.25361619864977
4.2277831465850434e-17,3.0351789854360636,shallow,24.34194600829557,8.608846460787717,32.95079246908322,2.9888371237955775,1.5549405743118618,1.5549405743118618,nan,63.454341001481005,1,-2.498482814535699e-16,2.048556494067458e-15,0.7387362847535432,0.2612637152464588,sample_2542,uniform,val,63.454341001481005
4.08193750532172e-17,4.403567114519976,medium,34.45068050062791,13.55164264288657,48.00232314351435,2.595309959215961,0.7653580333704754,0.7357839195684339,12.42416999239788,37.169406092982705,2,-2.7542117653537505e-16,2.6644063049706466e-15,0.7176877751859928,0.2823122248140098,sample_2544,uniform,val,83.85823234497713
3.945308732721167e-17,5.02532255654809,medium,11.046582319953584,5.268776683799781,16.315359003753308,2.3851079224825766,0.9772133992899914,0.9772133992899914,nan,29.757794738711752,1,-3.238514658036264e-16,3.538481578445631e-15,0.677066457281899,0.3229335427181046,sample_2561,uniform,val,29.757794738711752
4.118544557101091e-17,4.195198535781072,medium,14.361841730918316,4.67618293433984,19.03802466525813,1.8781239430824848,0.763116200739319,0.7342382159202112,12.09297316626478,7.375822813159217,2,-4.483683238782297e-16,1.3062802569526094e-15,0.7543766742316902,0.2456233257683111,sample_2568,uniform,val,23.958113368498115
4.093194695344707e-17,6.101658472774108,deep,19.269108962903246,7.179032104881037,26.44814106778425,1.5677347076322778,1.1500723319547992,0.8896467056592956,5.9093146810776656,5.272925674386405,3,-1.5220161307666232e-16,1.2761116126121867e-15,0.728561939892797,0.27143806010720417,sample_2570,uniform,val,28.866094030497116
4.478771537058067e-17,3.8274660389670463,medium,83.22884279283302,7.448701287919947,90.67754408075287,2.0295002044128148,0.9187005693374042,0.6267079949597002,8.246211251235321,4.268776402697824,2,5.645877720448734e-17,1.116619785772363e-15,0.9178550614330003,0.08214493856700075,sample_2574,uniform,val,39.28391965798562
4.0949596162285185e-17,7.930950605330594,deep,39.48854341078786,14.605998848174098,54.094542258961894,3.713203257825152,1.4080203134962403,1.3937614747541338,11.542963224406462,29.082778309428036,2,2.1821165803630898e-16,1.2150061783159004e-15,0.7299912664340137,0.2700087335659876,sample_2575,uniform,val,132.56633963473115
4.4122725551501126e-17,4.728481487646144,medium,62.91374657442335,7.045992961196561,69.95973953561978,1.9562576848729145,1.0399192400094255,1.0374663407510902,10.48618138313466,9.771295862843568,2,6.092544587714164e-17,1.929725877919866e-15,0.8992850315343301,0.10071496846567184,sample_2597,uniform,val,41.13062708107757
4.3051485077931053e-17,7.078297287825517,deep,28.00642430018674,6.3170435494843025,34.32346784967103,2.505395530655362,1.7826801014905738,1.7826801014905738,nan,35.64751652600631,1,2.8200748922852113e-16,2.8464380870521556e-16,0.8159555562056986,0.1840444437943017,sample_2617,uniform,val,35.64751652600631
4.127899694244707e-17,1.7585422795633243,shallow,21.106775899447328,9.348479374304896,30.455255273752194,2.804286159356799,1.2136254832532352,1.0617057973360566,14.839137441239638,14.387617725796673,2,1.3912933957731193e-16,9.915551847575682e-16,0.6930421600385719,0.3069578399614291,sample_2619,uniform,val,57.41147489396664
4.5008747301089716e-17,5.9081885689039115,medium,131.44866999017847,11.723639884171126,143.17230987434934,2.79380012483275,1.05776215809248,0.6351783745855123,8.209750300709516,29.309883527362164,2,-9.685452472590081e-18,1.8238474717702357e-15,0.9181151725884723,0.08188482741152957,sample_2621,uniform,val,78.40884350934954
4.132787931395759e-17,1.9734724375431925,shallow,29.74962094638177,8.59317812801631,38.34279907439805,2.5809772724990334,1.0307331105892215,0.6252872349652431,7.57099729229908,24.637785729778116,2,1.168145680113471e-16,7.875811625335374e-16,0.7758854769224699,0.22411452307753085,sample_2625,uniform,val,52.832339825194765
4.3103616998272067e-17,3.037214406027675,shallow,18.11734671817554,10.003671812827646,28.121018531003145,2.6636850958393103,1.2049160237261007,0.6652490789653465,17.533967035442952,14.251321977489589,2,1.12155899445031e-16,1.4528708219142985e-15,0.644263531856122,0.3557364681438795,sample_2633,uniform,val,60.751950837755906
4.187369334476842e-17,7.843225392439285,deep,73.62756664082666,22.333720001072404,95.96128664189892,3.172992082582334,1.1314975924035864,0.6648037320867262,9.079647570252934,33.65212619816099,3,1.3551620426671767e-16,1.4438721939011899e-15,0.7672632289267279,0.23273677107327345,sample_2646,uniform,val,157.558134766398
4.3645490189875914e-17,3.4037587586093823,shallow,68.29092636552983,16.754917412376617,85.04584377790628,2.8711783887032176,0.9322379485182218,0.6003591395191924,6.299206299209449,16.941727870898273,3,2.2069390174730634e-17,1.879834550921994e-15,0.8029895798772808,0.19701042012272102,sample_2654,uniform,val,102.31733586806573
4.1916112033205114e-17,3.9770467190566987,medium,130.28555180398834,30.717678802821467,161.00323060680947,4.077293806801004,1.4666305922144598,0.9913758028246062,7.874007874011813,33.282499607984825,3,-4.5075865312355185e-17,2.1183457740532026e-15,0.8092107923111329,0.19078920768886917,sample_2661,uniform,val,265.9003519493381
4.4314330783302446e-17,7.630852759099565,deep,45.68495038922363,16.39030568455174,62.075256073775286,2.949334021626245,1.5117646183090183,1.423375033882551,5.531726674375733,4.756840717333346,3,2.9121207321113925e-16,1.373576746745531e-15,0.7359607237854632,0.26403927621453815,sample_2671,uniform,val,99.58457825410385
3.9483579699295664e-17,2.1284977779758836,shallow,8.829322992722021,11.331770927543147,20.161093920265134,3.35702180915239,1.4798856104738296,1.4798856104738296,nan,87.03699461518828,1,-3.551792718919182e-17,1.6740549933493345e-15,0.4379386866427488,0.5620613133572528,sample_2678,uniform,val,87.03699461518828
4.312412876827634e-17,5.9370774042322285,medium,68.19390678293021,9.59043234444385,77.78433912737391,2.3346786813597173,1.2728541745714064,0.9794361073755384,8.238931969618394,2.6367325762344707,3,-1.5626491620794085e-16,1.941140505182806e-15,0.8767048424909916,0.12329515750901043,sample_2699,uniform,val,60.981039976150385
3.9449903073063516e-17,4.2831129738280165,medium,27.764112682202697,13.329075589915668,41.09318827211824,3.990053415467001,1.0715261566716077,1.0715261566716077,nan,145.16697041118613,1,-3.8538536596347377e-16,3.0259267773190937e-15,0.6756378331695588,0.32436216683044417,sample_2701,uniform,val,145.16697041118613
4.4902998966766974e-17,1.8249720725528213,shallow,70.22720393782035,6.469443860723851,76.69664779854416,1.870754246284461,0.9727225683241828,0.9571198249053077,12.395160345876935,11.970057372062472,2,4.182500555298059e-16,4.863771064074243e-16,0.9156489358215912,0.08435106417840928,sample_2705,uniform,val,28.078943286995106
4.2617760141436356e-17,5.615538980172637,medium,35.13317657012007,16.68837315518914,51.82154972530909,2.5887011993763944,1.0602956057612902,1.0531377164132019,6.675327707311454,7.765604884955188,3,2.5030855320494275e-16,2.3309273018561115e-15,0.6779646065459406,0.3220353934540618,sample_2708,uniform,val,96.54169030200708
4.1385888237329386e-17,6.596681152335231,deep,27.974143878381078,7.434842292636303,35.40898617101727,2.329321756694553,1.5250160148638132,1.5250160148638132,nan,52.93916156762873,1,9.2830569126251e-17,3.1855941527702683e-15,0.7900295067266934,0.20997049327330986,sample_2727,uniform,val,52.93916156762873
4.3770655641745304e-17,7.617722556593127,deep,44.15367238157964,9.707840077514794,53.86151245909437,2.417370493334692,1.03783166226046,0.739081690146171,9.245539465060977,27.230829179594327,2,2.278163738649916e-16,1.1543027022537892e-15,0.8197629506804615,0.18023704931953968,sample_2740,uniform,val,59.336613297754
4.1494260557267886e-17,5.017925608324187,medium,14.78256134140178,4.265758732270028,19.04832007367179,1.9180151751991397,0.8641909751450585,0.8641909751450585,nan,21.941639195593424,1,-1.640854198163133e-16,9.32553019127128e-16,0.7760559085645533,0.22394409143544763,sample_2779,uniform,val,21.941639195593424
4.472200586110821e-17,2.066980909503298,shallow,62.56231444426092,26.258648002311872,88.82096244657264,3.962750085782678,1.494190877749599,1.4388891076497596,3.7202150475476565,16.75690658750005,3,5.623267352475917e-18,1.7599381673132724e-15,0.7043642933039962,0.2956357066960056,sample_2786,uniform,val,187.9611702995038
4.596380400215807e-17,6.830043181640703,deep,54.46702094592828,18.97906307426339,73.44608402019156,3.417820675856279,1.0134408904512473,0.7124653680409482,9.090654541890812,9.550701571412118,3,-2.4729543221127344e-16,1.499523432897223e-15,0.741591899316979,0.2584081006830225,sample_2787,uniform,val,153.21556828218132
4.2529508091951055e-17,5.258651175903369,medium,63.469194828659525,10.027080066939366,73.49627489559876,2.0921242701348373,1.3359072243596184,1.3123746744309082,8.648699324175864,16.529865693518534,2,8.016582801532868e-17,1.7885315453380928e-15,0.8635702274546203,0.13642977254538144,sample_2791,uniform,val,54.88743180002416
4.2285448356211217e-17,4.151578620025533,medium,21.000044067146494,6.329177533024527,27.329221600170985,2.5580118388080875,0.6188113547091997,0.6188113547091997,nan,32.48228291316031,1,-1.5002203937174486e-16,1.299968850476983e-15,0.7684098864716699,0.23159011352833148,sample_2792,uniform,val,32.48228291316031
4.6338291326830064e-17,3.2008280681270107,shallow,85.60651648801552,22.754733245443845,108.36124973345927,3.1583036785076835,1.1432661468515584,0.7213785682156622,6.3655321851358195,50.25788151481984,3,4.0824816703006906e-16,7.868599568659668e-16,0.7900104206862275,0.20998957931377332,sample_2814,uniform,val,170.18643120687688
4.186880877844991e-17,5.159681790101466,medium,25.71600290009113,9.16945644957283,34.88545934966388,2.2729631085566995,1.058919719473572,0.6933613120592371,8.849858755935037,23.14288850171096,2,2.3381268473525025e-16,2.240466440478849e-15,0.737155347227466,0.2628446527725362,sample_2816,uniform,val,47.22955738388966
4.387255521528991e-17,3.847652237182017,medium,12.883377668997536,11.452932560848776,24.336310229846276,3.4431761346665026,1.7186907084709988,1.7186907084709988,nan,99.80547452213051,1,1.0338949296660758e-16,1.459840725749551e-15,0.5293891122902125,0.47061088770978904,sample_2818,uniform,val,99.80547452213051
4.533924889211944e-17,7.264570142664789,deep,20.22147598191541,13.54086139933608,33.76233738125145,2.7759263169307173,1.1973371421301442,1.0077773356438713,8.910667763978186,4.149260946947568,3,3.1441095124653236e-16,1.2627254939191587e-15,0.5989359016696691,0.4010640983303322,sample_2822,uniform,val,88.68528266645268
4.229990883658659e-17,4.828461106553214,medium,12.973247429856686,11.167565414658192,24.140812844514816,4.009740389969387,1.430503623760842,1.430503623760842,nan,122.5378336504328,1,6.623866283597207e-17,2.5754099408104794e-15,0.53739894813875,0.4626010518612526,sample_2832,uniform,val,122.5378336504328
3.939134782292569e-17,3.408975333891515,shallow,18.651930968907,7.200881726736941,25.852812695643888,2.3224211203086655,1.1202237581442032,1.1202237581442032,nan,52.47005583776532,1,-4.240975634645662e-18,2.0269565009898145e-15,0.7214662167900124,0.27853378320998956,sample_2859,uniform,val,52.47005583776532
4.5191885760062805e-17,5.627185575349136,medium,4.148039122880345,9.264633182338784,13.4126723052191,3.292913549594296,1.6881101836972823,1.6881101836972823,nan,71.14880910048505,1,7.848500827110768e-16,2.119019147239185e-15,0.30926269042346405,0.690737309576538,sample_2863,uniform,val,71.14880910048505
4.335717302152856e-17,4.191568775356883,medium,91.50594608377702,18.826729326826282,110.33267541060303,3.8609320654055557,1.0973073825232071,0.8735536284373391,7.64198926981712,22.63495761061321,2,9.799882432034283e-17,2.447201054302453e-15,0.8293639734850774,0.1706360265149251,sample_2885,uniform,val,138.54914544190333
4.330116790186666e-17,2.4415361504961193,shallow,71.32456191798154,20.8192298491696,92.14379176715097,3.838573708030839,1.0363567967732026,0.6095820042877408,8.44985206971104,10.104823785434746,3,3.17151496004302e-17,1.8121409994238007e-15,0.7740571616394949,0.2259428383605069,sample_2890,uniform,val,149.42413748160251
4.501850552245542e-17,1.4368387940758713,shallow,52.64684858887383,15.146932093804978,67.79378068267874,2.2983329671090296,1.0652360791503794,0.9049802521828163,5.560575509783136,21.871765738560345,3,-1.9780777887485635e-16,9.43284849649164e-16,0.7765734269238809,0.22342657307612004,sample_2916,uniform,val,97.13303015833569
4.3355381841152354e-17,5.744825531345958,medium,51.1596747358098,15.531326607327843,66.69100134313753,2.6664201472008937,1.0629886581324868,0.7813418515263063,3.9496835316263006,13.279815762986905,3,3.4417077268967656e-16,1.7313159532113907e-15,0.7671151085674035,0.2328848914325982,sample_2962,uniform,val,86.58904347873417
4.2483531918925736e-17,3.538241328561466,medium,80.25706615977307,26.930329276577773,107.1873954363506,4.302050293752603,1.1594715532937327,0.8554044671959518,12.081390648431162,20.58493713496571,3,9.200771037661987e-17,2.3201418086859916e-15,0.7487547004295936,0.25124529957040875,sample_2963,uniform,val,235.08499524179433
3.9170058325620504e-17,6.74530692165433,deep,38.349775576014494,14.894393733888139,53.24416930990254,3.5901186821649422,1.1865416332813326,0.6665117960056736,6.931089380465384,17.991016555992577,2,2.53787675082826e-16,1.7682107488660452e-15,0.7202624451290306,0.27973755487097113,sample_2971,uniform,val,106.88952324224704
4.5320839586592456e-17,3.735941673316162,medium,46.36779871943103,19.8624661977465,66.23026491717741,3.7178124577883227,1.1235470722291774,0.6964107762503959,8.843076387773657,30.23538507013758,3,-5.140040838730746e-17,1.823822767888227e-15,0.7000998528001529,0.299900147199849,sample_2975,uniform,val,149.17396276915318
4.088292020664377e-17,5.984619244746308,medium,21.426443662983125,9.007931000588888,30.434374663571937,3.065531946196702,0.6769576649816385,0.6769576649816385,nan,65.47019121626899,1,2.8631041099943045e-17,2.509772089572023e-15,0.7040211569922366,0.29597884300776595,sample_2998,uniform,val,65.47019121626899
4.1166773690504536e-17,2.379761792981304,shallow,12.690329842852105,9.913846808118512,22.60417665097055,3.023648883651687,1.4124678021121233,1.4124678021121233,nan,78.50991787330557,1,7.407835232107262e-17,2.9076574684699803e-15,0.5614152658069598,0.43858473419304317,sample_0002,uniform,test,78.50991787330557
4.432958330846847e-17,7.70462647243154,deep,69.69511127897356,6.928977899236406,76.62408917820984,2.3932244644842555,1.2116405008604454,1.2116405008604454,nan,57.416790228416716,1,-3.3692449824129602e-18,1.5532440191623473e-15,0.9095718073317506,0.090428192668251,sample_0006,uniform,test,57.416790228416716
4.277067104741512e-17,2.026802703795305,shallow,34.37352451439523,8.250173450042645,42.62369796443782,2.512909939281102,1.3803315906221607,1.3721856021857262,15.92733499365164,12.458878042883677,2,1.669471661399001e-16,1.333610680805643e-15,0.8064416312041731,0.19355836879582816,sample_0022,uniform,test,37.21810676612943
3.877472218519222e-17,2.7528015864031485,shallow,24.23353434922092,10.237519000648943,34.471053349869784,3.9129510866369994,0.925546548147099,0.925546548147099,nan,122.59308291745383,1,7.013288623683637e-16,2.3189328437888665e-15,0.7030111352635084,0.29698886473649394,sample_0032,uniform,test,122.59308291745383
4.1172857091562116e-17,6.093093360875906,deep,46.932751830963234,13.4969231606988,60.42967499166197,3.5437492896478267,1.4665193969938348,1.2262188951591817,16.822603841260722,3.628393145120789,2,-4.0375006745066207e-16,1.08763125181259e-15,0.7766507405085162,0.22334925949148485,sample_0038,uniform,test,95.80418252671345
4.2470415732866956e-17,5.893785831705103,medium,51.59349623436823,13.104813042849818,64.69830927721792,3.257363021487442,0.9315504773961149,0.740655629997778,6.817624219623726,29.771872194424095,2,1.0458382741847934e-16,2.0592000694202322e-15,0.7974473647109005,0.20255263528910158,sample_0079,uniform,test,82.63700951260365
4.1745295408984773e-17,3.907560375680096,medium,32.62694950611596,12.175104023675155,44.802053529791095,2.474222896931429,1.1091522511317087,0.7817714786329357,9.785703858180057,38.9126265114721,2,-9.939375061633322e-18,5.154370635454873e-16,0.7282467417351907,0.27175325826480984,sample_0096,uniform,test,79.5410593566153
4.43266061085612e-17,1.5190281532029886,shallow,31.041530386592786,4.1056479200933795,35.14717830668607,1.3483405638658268,1.5446918153139189,1.3285489661936585,7.076722405181652,5.5025107604263646,2,1.9858337259665853e-16,2.6533775557957798e-15,0.8831869834821914,0.11681301651781131,sample_0100,uniform,test,15.770547401721855
4.1035975752178535e-17,6.352224253402583,deep,15.14913052775916,9.570049048481913,24.71917957624101,3.3781241957015773,0.7687044286973467,0.7687044286973467,nan,95.08604461271766,1,1.7270706911128097e-16,2.515151815101753e-15,0.6128492444919102,0.3871507555080923,sample_0108,uniform,test,95.08604461271766
4.499381091701084e-17,5.4313294360581565,medium,16.291095580745743,8.314802601748193,24.605898182493913,2.2911370391950685,0.8540829453257146,0.749743800441867,12.414507642270799,10.161132838596744,3,4.444474979099739e-16,9.385001409390826e-16,0.6620809149058493,0.3379190850941517,sample_0113,uniform,test,40.869002944584864
4.4268519861508976e-17,7.516802625734616,deep,58.38801853403554,13.713621720015883,72.10164025405122,2.3479693853891286,1.120076339631291,0.838705432658965,4.707440918375929,4.359171966942813,3,2.2887293054799113e-16,2.808600178554888e-15,0.8098015291788713,0.19019847082113153,sample_0122,uniform,test,90.27301122669095
4.5855664939188283e-17,7.279805544599467,deep,59.70826903224459,18.483160398038187,78.19142943028254,2.937945090096522,1.0534098969319605,0.6939152759346308,8.395236744726144,38.0328205219544,3,-1.24277814659665e-17,2.998782660827304e-15,0.763616542980353,0.23638345701964997,sample_0128,uniform,test,132.3720868735997
4.172221594814704e-17,1.931196837529688,shallow,18.839276294404353,8.963403011670861,27.80267930607515,3.21903891481918,1.2663930812756847,0.8375512262310378,5.299056519796706,3.374955136063226,2,2.2300752953282183e-16,2.363988101083757e-15,0.6776065028483709,0.32239349715163146,sample_0130,uniform,test,70.74876633725553
4.031121104124959e-17,3.7989990466887553,medium,9.41858077633506,5.424097699168989,14.842678475504027,2.506324264988123,1.5782075491871324,1.5782075491871324,nan,38.8536611861703,1,1.2635788872325346e-16,1.5558269317977042e-15,0.6345607224382879,0.3654392775617137,sample_0158,uniform,test,38.8536611861703
4.144438002180795e-17,7.705565825164653,deep,29.00093240583766,13.156107917581934,42.15704032341952,2.86522123701379,1.4041283974109273,1.1725177615151223,7.166589146867566,11.978889032889866,3,-1.5732821721105045e-17,1.6854663664929343e-15,0.6879261965106871,0.31207380348931457,sample_0163,uniform,test,73.18318373651458
4.486469425235969e-17,5.765687297181245,medium,82.00731980633967,5.363821967861738,87.37114177420129,1.9118097471885238,1.324300285083603,1.324300285083603,nan,29.26999335005407,1,8.976756179989806e-17,1.2910287883547241e-15,0.9386087687657363,0.06139123123426496,sample_0180,uniform,test,29.26999335005407
4.1766225560479634e-17,4.517611855822367,medium,41.16622719491489,25.088709888936222,66.25493708385089,4.259470646911321,1.5466325408102906,1.1316944468795567,10.947145746723205,2.8039297652394612,3,-2.2539049066636403e-16,3.32455599205934e-15,0.6213307114429186,0.37866928855708465,sample_0187,uniform,test,255.14821310160877
4.2140907946432856e-17,2.0892506574431526,shallow,68.52377262908924,19.793408516769322,88.31718114585837,3.330358857282236,1.2318871836506238,0.8515645290204268,9.368030742904295,2.4317100517418413,3,1.2558812018781827e-16,2.1320180573410045e-15,0.7758826962097018,0.2241173037903003,sample_0189,uniform,test,137.25861643904395
4.384270650953295e-17,5.837678747810509,medium,61.11145761612672,11.688029426128434,72.79948704225505,2.21770543100116,1.0943915804295277,0.9873450938886968,4.565084884205331,10.910510996836335,3,1.7340254561906027e-16,1.4152393220217817e-15,0.8394490139835156,0.16055098601648585,sample_0192,uniform,test,52.96281939653658
4.183974272866393e-17,4.783394267386893,medium,51.76824531217936,16.300887609272678,68.06913292145192,4.1230678123837095,1.0003846210869445,0.9810117749453144,7.515317691222377,3.027016162014642,2,8.361699821474125e-18,1.6701672673398742e-15,0.760524529846988,0.23947547015301363,sample_0207,uniform,test,138.74597609174674
4.41025419174499e-17,6.375351134553748,deep,48.14408324663165,11.23393665026837,59.37801989689995,2.6848400976462723,1.1191960878593243,0.9638794680079841,6.606057825965498,2.8103517975024026,3,2.1762057754344583e-17,1.22655875931647e-15,0.810806479067942,0.18919352093205924,sample_0234,uniform,test,67.9436920289142
4.094086808885624e-17,6.857788063557103,deep,26.799844895413482,16.20019680782088,43.00004170323429,3.521877622574299,0.6520274237199162,0.6309955369665391,19.7453792062852,38.49927018599856,2,2.434793479374843e-16,1.7350445325079508e-15,0.6232516024140904,0.37674839758591133,sample_0240,uniform,test,124.27101862063375
4.169830950704205e-17,6.179514651526978,deep,48.33188119744265,22.501059859772408,70.83294105721488,4.0143105098841705,1.1890158913595819,0.6199643676715854,6.459102104782056,18.56123174150251,3,5.580480960148296e-17,2.4576555436348476e-15,0.6823362192232405,0.31766378077676194,sample_0248,uniform,test,186.2547900833263
4.343643650844584e-17,5.574370261349701,medium,46.85053447733144,13.810159742277047,60.66069421960843,2.2045144475116616,1.0493097756882899,0.7167939998907601,4.4810713004816165,5.4256420423427665,3,8.458758011061826e-16,9.956386638266597e-16,0.7723375915831032,0.22766240841689783,sample_0260,uniform,test,87.73385951549638
4.325890844316714e-17,3.3453393011021406,shallow,58.15818938989106,12.15277798492742,70.31096737481839,3.0751853856948217,0.8920639135924808,0.7115207731049419,11.233877335986895,30.739101448884075,2,1.2178359497618724e-16,1.2379503280989682e-15,0.8271567233580717,0.17284327664192958,sample_0276,uniform,test,76.54543341599539
4.566512529408771e-17,1.852910633500774,shallow,57.78176145875076,2.269704977669028,60.05146643641977,1.623929040926953,1.1539854990739526,1.1539854990739526,nan,11.23013706642363,1,3.517153429826423e-17,2.1445916061495646e-16,0.9622040041258261,0.03779599587417413,sample_0280,uniform,test,11.23013706642363
4.28749799048223e-17,5.863713983810557,medium,57.23534899724788,20.491749465059087,77.72709846230686,2.7763943580263297,1.491253900383244,1.1713620828791083,7.318469785412794,31.173024969096094,3,2.6722948851037926e-16,1.462640957538735e-15,0.7363628660987996,0.26363713390120175,sample_0290,uniform,test,139.00165097254722
4.221958277983275e-17,1.9426853879821993,shallow,71.32545932103812,11.99107162952156,83.31653095055962,3.8640868199720724,1.444273508324538,1.444273508324538,nan,126.10490005570841,1,1.976159828034669e-16,7.248997509923671e-16,0.8560781216798734,0.14392187832012726,sample_0297,uniform,test,126.10490005570841
4.3806582045344704e-17,2.0857983341483917,shallow,78.41009618501502,11.367048122030726,89.77714430704557,2.9543660399725993,1.2873233020119053,0.7008768747343219,7.090839160494334,7.31519322336488,3,1.6265809259231195e-17,1.9192703750134983e-15,0.873385946837936,0.12661405316206584,sample_0300,uniform,test,65.42192077730269
4.0598650824153796e-17,6.560923895011269,deep,32.07125568679724,12.580109516854684,44.65136520365184,3.5591513333025238,1.179773722308211,0.9325614156338808,17.310112651279887,26.328146306125507,2,1.7843503865271575e-16,1.750443700369069e-15,0.7182592411345637,0.28174075886543803,sample_0308,uniform,test,86.0232029011113
4.535160663392808e-17,7.589032529298667,deep,34.828795586054746,13.302721113639103,48.13151669969381,3.027661029660651,1.3377600687526983,1.2008977191982768,4.770744176750628,16.59959865933822,2,2.739862856412322e-17,7.750325812534091e-16,0.7236172465405876,0.2763827534594132,sample_0322,uniform,test,88.22823947024304
4.086548161587931e-17,4.228156547660222,medium,27.775471834121824,9.312744015360417,37.08821584948214,3.1687375161277815,0.6772633341817563,0.6772633341817563,nan,64.9690723841773,1,-2.084839864517217e-16,2.7300407292907852e-15,0.748902884593993,0.25109711540600976,sample_0328,uniform,test,64.9690723841773
4.2310761752177015e-17,1.7333524142712449,shallow,22.883486289682853,5.743062381993709,28.62654867167653,2.156036221948347,0.6856508579500862,0.6856508579500862,nan,34.169043784642334,1,6.330114337084261e-17,1.08592359652009e-15,0.7993798537203356,0.20062014627966546,sample_0335,uniform,test,34.169043784642334
4.2004370674505626e-17,8.220029675254569,deep,15.827521359958228,6.992167299418093,22.81968865937629,2.1752282557574047,0.8822717647998832,0.6488656456245797,5.5497747702046425,15.190304561256996,2,1.853128041231798e-16,1.3622554257212218e-15,0.6935905917127805,0.30640940828722085,sample_0347,uniform,test,36.222252049242186
4.302250694074248e-17,2.4367538495357324,shallow,23.81367915466208,7.274384944934369,31.08806409959643,1.578326134405165,0.9597451872147945,0.640959287205527,12.237646832622683,9.226892687458149,3,3.7552122268835056e-16,5.999648853639863e-16,0.7660071427532607,0.23399285724674,sample_0350,uniform,test,35.342377402751765
4.3630903829532467e-17,6.29736708426764,deep,51.11279655695563,13.38052876594077,64.49332532289637,2.9292405823056824,1.3543758772982337,0.9089731146179509,7.740800992145452,39.69763917320872,2,2.9053590626751017e-18,4.957787949236505e-16,0.7925284717612414,0.20747152823875908,sample_0378,uniform,test,96.51608417354002
4.2914999114000344e-17,1.3756417503543685,shallow,30.26840062671199,7.166264575644017,37.43466520235595,1.7876240617420627,1.273060957925964,0.8952734405641303,20.37743850438519,10.415962526826217,2,3.570103178291706e-17,1.4947439796412643e-15,0.8085660834174376,0.1914339165825639,sample_0382,uniform,test,32.73242926452031
4.496163191416806e-17,7.129398301962298,deep,56.7850764666913,14.289513282402964,71.07458974909407,2.7937516198704264,1.1816049985977748,0.6898881273965063,5.741080037762929,15.208657528455637,3,-2.2948389126964834e-17,2.6992282239331865e-15,0.7989504641131621,0.20104953588684063,sample_0386,uniform,test,79.65481100785705
4.230980256529626e-17,7.467106433857134,deep,45.65765660155575,16.476094292541873,62.13375089409751,2.6186896973154252,1.1825372653539834,0.8860086591825449,5.499090833947008,24.488644332200664,3,1.5025684110266756e-17,1.8297114866827697e-15,0.7348285906539898,0.2651714093460121,sample_0396,uniform,test,100.27510953076441
3.970311104359247e-17,3.7550146897894945,medium,34.17155213299428,15.079303247278412,49.25085538027259,3.61519029638172,1.2368711728101462,0.7488495646321794,3.6932370625238766,3.608187743494074,3,5.5090901764457454e-17,2.055849366757818e-15,0.6938265715214701,0.306173428478532,sample_0397,uniform,test,112.92596079286976
4.365688388413417e-17,6.431065283515832,deep,33.798404511470444,12.30470462257819,46.10310913404862,2.3711584542968605,0.8698463668267964,0.8223018761904596,9.52050418832952,5.298823611503061,3,-4.41572620896118e-17,2.6971061408564477e-16,0.7331046679129335,0.26689533208706684,sample_0401,uniform,test,69.33694472900889
4.461103917584312e-17,4.453595549435252,medium,66.43201048640897,7.793380860869468,74.22539134727829,2.916181214616828,0.9701291750109259,0.6926241646187925,15.370100845472681,6.218816814118245,2,5.023232352733039e-17,1.9983161206378706e-15,0.8950038427630993,0.1049961572369027,sample_0409,uniform,test,46.558199277988095
4.426188788205855e-17,3.701851944213124,medium,38.28716136967859,6.675941133657708,44.963102503336145,1.5833962789514366,1.066819557821054,0.7863847041652883,4.180908992073376,5.572190381744316,3,4.1436138444340965e-17,3.4568616219485594e-15,0.851524010533699,0.14847598946630453,sample_0418,uniform,test,27.39044822128543
4.4274855772504796e-17,4.707843711822619,medium,55.627654085209976,5.531235539635542,61.15888962484535,1.9736369011519466,1.445134483206,1.2003380453100059,11.02905254316979,8.48787156090222,2,-1.7758281599128866e-17,2.7302252203707463e-15,0.9095595820400841,0.09044041795991858,sample_0436,uniform,test,24.807465979562313
4.542532379828591e-17,1.9586902136382978,shallow,96.22617347157619,7.805299483106814,104.03147295468283,2.402506354438024,0.7893853794302313,0.6966953907318809,6.359245238233857,10.761055705402052,2,-1.6593147897920123e-17,1.6989810919750981e-15,0.9249717488234863,0.07502825117651542,sample_0438,uniform,test,41.401443536871376
4.172942526997246e-17,1.786145128708413,shallow,12.670432362080998,6.7138556531780145,19.38428801525896,2.189529856268221,0.8231974359957722,0.8231974359957722,nan,43.968456897503444,1,1.217210173165688e-16,2.7033506064838217e-15,0.6536444543182119,0.3463555456817908,sample_0447,uniform,test,43.968456897503444
4.2148520210084974e-17,6.548849780620286,deep,26.210427978774174,8.85981414992623,35.070242128700365,2.3127667488361556,1.4981052067600291,1.3234887830405562,10.720074626605916,5.1993837282465405,2,5.03346921873805e-16,1.1143307857239974e-15,0.747369461624686,0.2526305383753151,sample_0449,uniform,test,57.01779738518681
4.1005001051871205e-17,4.544707521472082,medium,53.863706488677316,18.865902000007374,72.72960848868453,2.819450499190395,1.1075481261292126,1.0373617005681002,3.611094017053556,15.74486099421267,3,-1.9882370096777012e-16,2.149322746478728e-15,0.7406021785069499,0.25939782149305235,sample_0456,uniform,test,127.19320825467238
4.270699377723349e-17,6.246158648817626,deep,15.481592065081351,6.420976928790443,21.902568993871753,2.415024690350935,1.1838636336289445,1.1838636336289445,nan,41.72368852146667,1,3.884440898179205e-17,1.865361424846426e-15,0.7068390958801698,0.29316090411983203,sample_0458,uniform,test,41.72368852146667
4.292923738286027e-17,2.7376358856951772,shallow,42.65801741697654,14.365166870049325,57.02318428702571,3.302141239528022,1.2673160834622885,0.6868257387574321,4.7201694884823775,10.373889284250295,3,1.5277617750075313e-17,2.8036336017523613e-15,0.7480819941983208,0.251918005801682,sample_0469,uniform,test,81.04215665342747
4.151423722664757e-17,2.264312188080542,shallow,14.364373241968874,13.250941757532654,27.615314999501443,3.657295048637386,1.1730527499862964,1.1730527499862964,nan,104.94136024871024,1,7.101203422998791e-17,3.0876029584580646e-15,0.5201596737979706,0.47984032620203254,sample_0472,uniform,test,104.94136024871024
4.419268279371808e-17,4.107361655892782,medium,92.70322436852483,13.974435553000225,106.67765992152475,3.070079558923607,0.7871253221554643,0.6688471260658906,9.427618999514142,8.208830704949248,3,1.0739264676125156e-16,2.8474285971486016e-15,0.8690031674553048,0.13099683254469804,sample_0473,uniform,test,86.25632328371513
4.3519857027722464e-17,8.253830793895666,deep,25.698719125047788,10.904895762434698,36.60361488748246,2.5889503155604365,1.0153271490497568,0.9642376034193221,12.485191228010889,26.614831409063104,2,2.3068707053507744e-16,7.764727477810816e-16,0.7020814529943086,0.2979185470056922,sample_0511,uniform,test,65.81472405189899
3.9040895344316524e-17,5.822642299443126,medium,14.543191626585871,12.122627801092694,26.665819427678535,3.4105802474302114,1.0172687191451575,0.657558249762788,3.458323293158117,4.045686383756001,3,2.5686397097695874e-17,1.1324634651376709e-15,0.5453870137397825,0.4546129862602187,sample_0521,uniform,test,76.69746841799409
4.342846492888968e-17,4.225519875889052,medium,26.221620661331507,10.989880633987518,37.211501295318996,2.3681782159238836,1.234515492123693,0.705123889734967,6.743886120034946,8.10937108966949,3,4.50265345482561e-16,7.637883031066877e-16,0.7046644115009153,0.2953355884990855,sample_0525,uniform,test,53.65289625716246
3.915476411369415e-17,5.023370013189387,medium,19.623387013334828,13.342333339557502,32.96572035289226,3.30702142844008,1.472031160534268,1.291375945254465,3.7416573867739396,31.964987400190157,2,-8.548069355080458e-17,2.047628845194861e-15,0.5952664405106246,0.40473355948937745,sample_0535,uniform,test,102.34798115506803
4.029267648891419e-17,8.382456181686779,deep,14.965834426018114,7.163789346751363,22.12962377276944,2.0231680079077234,0.8412217599900457,0.6023682569568043,17.329743217947577,5.323526609035336,2,-1.9214379479851662e-17,1.7659518692266866e-15,0.6762805630899886,0.32371943691001315,sample_0536,uniform,test,40.01194159691512
4.055652331930731e-17,2.541411450770072,shallow,7.102223484501071,6.75413779971262,13.856361284213651,2.5555751562310927,1.5173855193476922,1.5173855193476922,nan,39.133135289900956,1,2.519026648425975e-16,2.8203544686243573e-15,0.5125605011896254,0.4874394988103774,sample_0541,uniform,test,39.133135289900956
4.4734475239181736e-17,5.118963857944374,medium,48.101377032096345,16.61303593468682,64.71441296678304,3.1890265449686956,0.8217465445151202,0.6681669590818617,6.276941930590087,13.808679738000452,3,2.3390296500380874e-16,1.8665434721816594e-15,0.7432869252292542,0.25671307477074773,sample_0566,uniform,test,112.23485229712206
3.917869898428767e-17,6.538637696175914,deep,19.346323512920563,15.547309911895818,34.89363342481632,2.796566079719635,1.2206863853638557,0.9042945611299589,14.643770006388385,54.06656382294065,2,6.6575849755228274e-18,1.679956196780526e-15,0.5544370595456957,0.44556294045430606,sample_0585,uniform,test,108.52754213030624
4.323997734775833e-17,3.524699512246674,medium,12.974223478288867,9.184735613112112,22.15895909140094,3.1671740188581685,1.093220912880486,1.093220912880486,nan,56.90629207604027,1,4.718638998180182e-16,1.6834497267464761e-15,0.585506901509813,0.41449309849018867,sample_0603,uniform,test,56.90629207604027
4.2301463651817805e-17,5.854718890954866,medium,35.01564233493219,8.094764387375257,43.110406722307424,2.22161182848627,0.8760089900550161,0.6345570103746061,6.8,8.40606831086442,2,6.5196389523078045e-18,4.9445792080112585e-16,0.8122317787554852,0.18776822124451523,sample_0610,uniform,test,54.335719422453025
4.221158163513395e-17,2.8246251053080442,shallow,28.153858446628274,10.246648083828422,38.400506530456646,1.9869179706721103,1.0477408046972447,0.8969346756717493,7.224956747275378,2.7768082740064006,3,2.9352432018970177e-17,1.2952431099771628e-15,0.7331637259601919,0.2668362740398095,sample_0626,uniform,test,52.52146437360752
4.1172874244882274e-17,3.8217107845028715,medium,7.029033186065861,5.126534566516677,12.15556775258253,2.1990033923194696,1.1176647522691803,0.7109436650954426,19.787875075409186,5.5787982308979425,2,2.2057427098894534e-16,6.576085905656553e-16,0.5782562632315136,0.4217437367684871,sample_0633,uniform,test,30.348343463325588
4.326169443651865e-17,8.396407725857461,deep,22.717410089642268,13.589400244815884,36.30681033445808,3.146488396361554,1.4144654828642163,0.935491412018155,8.602325267042625,4.707183260448516,3,-2.0219976857646514e-17,2.0549033794908306e-15,0.6257065790238704,0.37429342097613166,sample_0646,uniform,test,80.70245708921642
4.2057093993442974e-17,6.946835758505564,deep,61.249660873034955,16.09190426583648,77.34156513887135,2.987636363039669,1.3481182686213466,1.2609992869451152,6.016643582596529,7.897235243342915,3,2.009415315571719e-16,1.1483843365535059e-15,0.7919371784506504,0.2080628215493508,sample_0647,uniform,test,108.5542518486306
4.310306374631347e-17,3.619006526583271,medium,68.11975162409257,17.689532625989113,85.80928425008152,3.650402001788415,1.1795747677316848,0.7930688560273718,5.095095681142798,13.677908539139366,3,-2.4808363485021545e-16,1.9459146450515336e-15,0.7938505980957167,0.2061494019042853,sample_0652,uniform,test,117.280306562005
3.9633891940310594e-17,4.9792989047272584,medium,17.915500321603975,8.239802315561441,26.155302637165384,3.2260545138305448,1.4036523072098757,1.4036523072098757,nan,60.15234904432734,1,9.181570841263915e-17,1.2224833928616236e-15,0.6849662789275831,0.3150337210724181,sample_0661,uniform,test,60.15234904432734
4.261687419841786e-17,7.941466301368537,deep,30.841890500957405,5.074001381862494,35.91589188281987,2.5117776529097875,1.2040445337674472,1.2040445337674472,nan,31.647281653765333,1,8.028886916615966e-17,7.66611368041075e-16,0.8587254522756379,0.1412745477243629,sample_0666,uniform,test,31.647281653765333
4.377345548316007e-17,2.2076583765623714,shallow,65.15004154586242,14.362637743118158,79.5126792889804,3.2258296522824543,1.384219724593834,0.9443736138800551,6.273754856543249,3.206279260727369,3,6.647576091353937e-18,2.345757554705814e-15,0.8193666988516575,0.18063330114834486,sample_0674,uniform,test,90.11273520990454
4.2266054105366914e-17,5.904633649578206,medium,33.13373712692157,16.046769471467876,49.18050659838937,2.6490961302515115,1.1360135864688168,0.6186855223065352,3.969886648255841,2.9985855485783315,3,2.656246967927874e-16,1.4447649788612995e-15,0.6737168731809419,0.3262831268190596,sample_0676,uniform,test,99.9643164733643
4.5701039816667197e-17,4.545422762556397,medium,67.58723401566705,18.754103009788114,86.34133702545502,3.739770739630552,0.964760504431834,0.6531047831305085,7.932212806020775,3.936942009231832,3,-7.923192823000723e-17,1.6870396712512907e-15,0.7827911443592898,0.2172088556407119,sample_0681,uniform,test,133.35570763657262
4.567827283355007e-17,3.4001003008591466,shallow,60.63288545984281,7.4695421468501815,68.10242760669293,1.8328203580799887,1.1894072015315071,0.8381645075978714,5.2306787322488075,16.70991248195706,2,1.2256407054180949e-16,9.520515922362969e-16,0.8903190031640512,0.10968099683594972,sample_0712,uniform,test,35.87603524209935
4.1194040117192354e-17,1.793043850510324,shallow,57.00481152847662,24.982832718064543,81.98764424654101,3.966779589120349,0.9462535161135316,0.8407833506348595,11.513470371699405,13.245122669284255,3,4.036192924740818e-17,1.90662145868177e-15,0.695285393943754,0.3047146060562479,sample_0751,uniform,test,197.0512721870859
4.295847794850456e-17,7.056497826326589,deep,27.74482589603326,6.72863456531818,34.47346046135138,2.230551970535836,1.4544811746640263,1.4544811746640263,nan,46.486371522227756,1,-1.0654349483079142e-17,1.7261961324313088e-15,0.8048169671605299,0.19518303283947183,sample_0761,uniform,test,46.486371522227756
3.828626928980285e-17,5.447426347744496,medium,28.736816616619226,21.13644150679079,49.87325812340993,3.702419402973351,0.748435011743092,0.7410363581479256,18.24280680158621,85.84869835791677,2,5.128257839133867e-16,1.6384013735420396e-15,0.5761968978547743,0.4238031021452273,sample_0777,uniform,test,202.3166716586752
4.102339400744296e-17,8.055822220094468,deep,41.73561921619779,13.540292515473789,55.275911731671414,3.885444239568729,0.9667427477953602,0.9667427477953602,nan,136.14176186059208,1,1.8651224064438136e-16,2.988665060219496e-15,0.7550417154365009,0.24495828456350208,sample_0778,uniform,test,136.14176186059208
4.215006290861263e-17,4.9193982303058394,medium,24.84621628516227,6.552818696101705,31.39903498126391,2.1733660304456075,1.2303316900155439,1.2303316900155439,nan,43.00185927979201,1,1.4965611604568613e-17,2.121510470537015e-15,0.7913050926561352,0.20869490734386684,sample_0791,uniform,test,43.00185927979201
3.680856437566761e-17,7.1500886226324365,deep,12.235764715814,7.9058721463517365,20.141636862165704,2.8992979475125153,1.2987087946238862,1.2987087946238862,nan,59.75921555486401,1,2.2106560560555772e-16,1.5874788791007176e-15,0.6074861144377898,0.39251388556221184,sample_0796,uniform,test,59.75921555486401
4.6136228876729454e-17,3.7529295650676904,medium,122.46835475607058,6.1805318713630095,128.64888662743346,2.296853459904539,1.477919646194513,1.477919646194513,nan,40.46542975136276,1,-4.292647848442541e-17,1.0562959523129003e-15,0.9519581394492619,0.048041860550739154,sample_0807,uniform,test,40.46542975136276
4.4659694863557096e-17,1.4587865540698817,shallow,61.573988367598346,3.914965604779536,65.4889539723778,1.84213657536427,1.5949407857857603,1.5949407857857603,nan,26.18509089536067,1,1.2000690831913908e-16,1.2545093307936158e-15,0.9402194512614949,0.05978054873850644,sample_0817,uniform,test,26.18509089536067
4.618244335314766e-17,7.371995148661072,deep,227.4993365345231,12.971248522413722,240.47058505693664,3.7910224916864506,1.542609753605651,1.542609753605651,nan,114.5388187859186,1,-1.3205379701352686e-18,7.904092792506142e-16,0.9460588973102789,0.053941102689721895,sample_0823,uniform,test,114.5388187859186
4.3004158076323504e-17,6.467984129835259,deep,51.1879152335179,22.203413186873288,73.39132842039106,3.4895238457868514,0.9193017492641609,0.6995846339938843,10.697663296253069,28.98373244251421,3,2.669590621751622e-16,1.6942734439382283e-15,0.6974654408802857,0.30253455911971594,sample_0858,uniform,test,161.85097261769835
4.3472176909097844e-17,6.864442866512304,deep,55.48637180690992,15.936641181780772,71.4230129886906,4.0700768241560485,1.361360926849441,1.0339582032472976,7.6837490849194205,11.817415614744625,3,4.2221649115714415e-16,1.29328842040645e-15,0.7768696598629331,0.22313034013706817,sample_0860,uniform,test,120.16422025596543
4.185132643597502e-17,4.9940650556655655,medium,50.42666663948443,23.076443022831192,73.50310966231557,3.7570300841824715,1.0508234896293804,0.9235560415081601,6.893475175845635,18.990277621945804,3,3.7867751479997364e-16,7.733471294201743e-16,0.6860480715870687,0.31395192841293207,sample_0867,uniform,test,176.14131156689973
4.3144777553965956e-17,1.6241726028033845,shallow,61.23145162766313,14.551398662187834,75.78285028985088,2.389658417472111,0.7786770531084328,0.6493481076516193,5.858327406350721,9.242800863652276,3,1.4808340590788716e-16,1.0079238746241814e-15,0.8079855982384905,0.19201440176151055,sample_0870,uniform,test,91.61847541797803
4.4747246972973754e-17,1.5382103591690057,shallow,49.27000882047539,10.305878289907666,59.575887110382936,1.849992562407383,1.2450821099793117,1.0065667552190511,8.170679286326202,9.1752743859681,3,-1.9465315633658642e-16,1.997719446783942e-15,0.8270125920103768,0.1729874079896252,sample_0875,uniform,test,57.126697537781794
4.470730076588408e-17,7.935369935975233,deep,82.7720531457572,25.863758476112046,108.63581162186904,3.546858559719467,0.9579397475250849,0.6417652859255485,5.067543783727972,48.49711648286012,3,-2.850565340401191e-16,1.8967722548772164e-15,0.761922352399443,0.23807764760055897,sample_0881,uniform,test,210.22710669243125
4.171552451887054e-17,6.927597097321815,deep,20.933715678741308,13.455059808016914,34.38877548675816,2.328244385163372,1.626655059828097,1.4882628983832302,20.83266665599966,45.24456004299265,2,1.0160977006284458e-17,1.7046194541815122e-15,0.6087368736581534,0.3912631263418483,sample_0895,uniform,test,98.11029838873515
4.2916988799276797e-17,5.975616675105904,medium,83.94657440357479,24.212214512842458,108.158788916417,4.460741016605776,0.7721483993774925,0.7578200140025197,16.24930767755968,56.163263263441415,2,6.611552078088592e-17,2.2993041990162985e-15,0.7761419598406105,0.2238580401593918,sample_0911,uniform,test,231.08669583875158
4.425016480648515e-17,1.6767637791742551,shallow,41.20489931976467,7.245198185532563,48.450097505297244,2.051754815436476,1.173231041386325,0.7388596952768397,18.089776118017603,10.976803714313085,2,1.97393059141091e-16,2.0165000938611503e-16,0.850460606715179,0.14953939328482085,sample_0913,uniform,test,32.93364947994752
4.422864040768659e-17,6.566644032141202,deep,33.12211464818883,5.110976880789774,38.23309152897854,2.4360490571404507,0.6772886503757445,0.6772886503757445,nan,29.566257185654766,1,-2.1192015675562057e-16,1.5796821581595523e-15,0.8663205962061457,0.13367940379385593,sample_0914,uniform,test,29.566257185654766
4.7468206240891553e-17,5.233758637384116,medium,198.70430983182695,5.895399676523922,204.59970950835086,2.1295180035739056,0.8429185829601086,0.8429185829601086,nan,40.451306917451696,1,9.843069192568962e-17,6.511581237097556e-17,0.9711856889206224,0.028814311079377646,sample_0920,uniform,test,40.451306917451696
4.4489435806739396e-17,5.499352232027767,medium,32.81849961975101,3.6282510798871206,36.44675069963811,2.1753950903121817,1.1462573523403923,1.1462573523403923,nan,18.363486881866145,1,1.4219032822395958e-16,5.604917656844981e-16,0.9004506297478221,0.09954937025217851,sample_0932,uniform,test,18.363486881866145
4.015902847645009e-17,6.411757904506163,deep,23.530202663714253,9.72312995235056,33.25333261606477,2.099957008311196,0.9795135373709679,0.7625805966043171,17.76063061943466,19.103475400566168,2,1.0121820166953016e-16,1.3354727929901438e-15,0.7076043455670591,0.2923956544329422,sample_0942,uniform,test,57.893479035595426
4.057209767990032e-17,5.75474729992456,medium,15.642010880262411,10.07144312405919,25.713454004321587,4.3377810281852245,1.0908375853517647,1.0908375853517647,nan,142.14748231636517,1,3.3529394743684725e-16,5.526622254954012e-16,0.6083200987947206,0.39167990120527996,sample_0953,uniform,test,142.14748231636517
4.2510891189339683e-17,4.09315132930715,medium,7.077356246651943,6.011391313477344,13.088747560129262,2.9152848654962975,1.4997221838954973,1.4997221838954973,nan,48.44027897330136,1,1.2026880753079008e-16,1.9678868473072804e-15,0.5407206620907622,0.45927933790923975,sample_0960,uniform,test,48.44027897330136
4.323775803671519e-17,5.083572171125942,medium,33.378458706313715,7.136264063844163,40.51472277015785,1.803106358515471,1.2629690476671938,1.167069153311541,11.46472851837321,7.736155751042933,2,1.8841275354303804e-16,6.138261365550154e-16,0.8238599803748248,0.17614001962517584,sample_0974,uniform,test,32.2918741302983
4.5955099987500647e-17,3.187590991960352,shallow,48.2390637816895,18.948481828879885,67.1875456105693,2.440320790762708,1.261399817104573,0.8733946874617959,8.106787279804495,40.56864027218085,3,5.840230013289805e-16,1.2690615130581422e-15,0.7179762758605814,0.28202372413941984,sample_0977,uniform,test,128.79937074276444
4.1369745465292525e-17,3.916300620152504,medium,16.41468998047558,6.439296507074462,22.85398648755003,2.1947253729876497,0.9124639108806094,0.9124639108806094,nan,44.28219732215053,1,7.366829513301532e-17,4.2749489775115056e-16,0.7182418695056841,0.28175813049431625,sample_0979,uniform,test,44.28219732215053
4.442445661109795e-17,4.212534911139164,medium,93.09013739417152,13.05052321955945,106.1406606137309,2.9563942795663647,1.1154916790963207,0.7145712178136691,5.574943945906542,4.909670719736547,3,3.0609299035308904e-17,6.526991290239588e-16,0.8770450160749131,0.1229549839250875,sample_1000,uniform,test,73.7555199414844
4.2682019259827156e-17,7.0873334760544076,deep,42.41006321803412,17.459023169088088,59.86908638712205,3.69872520844678,1.4074256753317584,1.363166654384997,4.237924020083422,29.27746921528005,2,3.316267037264929e-16,2.5516789616699734e-15,0.7083799967115683,0.29162000328843424,sample_1002,uniform,test,146.70286799543473
3.9683966006176245e-17,5.739809852628644,medium,39.58387283194148,22.027017160626237,61.610889992567614,3.497394239914662,1.3710251894795544,0.942228445840742,6.876045375068432,35.85755949066728,3,-6.472998365596906e-17,1.6145844187352957e-15,0.6424817566621202,0.3575182433378815,sample_1003,uniform,test,186.4501017647696
4.180545193481348e-17,4.484973072456674,medium,37.359329537961116,16.931456321473703,54.29078585943471,3.3468580019181227,1.0302294826359508,0.6166820702507989,3.6110940170535586,8.206193658027564,3,2.1133750775989748e-16,1.963158364293472e-15,0.6881338876672158,0.31186611233278616,sample_1015,uniform,test,127.16031972274483
4.2283183946058423e-17,4.863467183725806,medium,18.890708889959093,7.361617343044529,26.25232623300357,2.6077154814942203,1.4701907001862184,1.4701907001862184,nan,48.220636123344484,1,-9.558672712076766e-17,2.029942211940524e-15,0.7195822847199845,0.28041771528001747,sample_1018,uniform,test,48.220636123344484
4.018277389659144e-17,3.1557031790600565,shallow,27.581008996101623,8.81591355563328,36.39692255173488,2.7253364715914334,1.6705714081016934,1.605093338683937,10.461357464497617,5.6013288275121935,2,6.760093480137436e-17,5.8566165978741385e-16,0.757784094435395,0.2422159055646056,sample_1028,uniform,test,62.004787596338595
4.330111079009443e-17,1.766569759498302,shallow,13.512405265862954,13.761833218429127,27.274238484292024,3.272644174306413,1.132189793603047,0.6218344602393109,8.901685233707155,4.74127455041096,3,-9.300878005692498e-17,2.084143206914675e-15,0.49542740757528814,0.504572592424714,sample_1068,uniform,test,106.42790404770273
4.50681701120375e-17,2.396735794694395,shallow,62.67153739087376,20.136612013772016,82.80814940464563,3.3513378722994007,1.432374217849512,1.2400045188495734,11.15347479487895,38.052098089172716,3,-9.154616299359804e-17,1.7161178962906225e-15,0.7568281363785412,0.24317186362146054,sample_1069,uniform,test,184.4910085026931
4.037670262498296e-17,3.5834968682553328,medium,22.985941780232288,10.64067272207166,33.626614502303916,2.8366838337224523,1.0631497135500563,0.9566022075763236,6.764613810115106,6.845972765253896,3,2.296878434186178e-16,9.508665556270553e-16,0.6835639602867964,0.3164360397132045,sample_1072,uniform,test,59.88732894687957
4.284046252768251e-17,4.6565913058200135,medium,40.59483872413935,16.406432727940718,57.001271452079926,3.2085797175987283,1.2495014929790276,1.1585976559323465,8.54400374531753,31.41653920792987,2,4.3281295761180623e-16,2.4930767951639194e-15,0.7121742671699314,0.2878257328300711,sample_1078,uniform,test,119.17465579535643
4.343058690325697e-17,1.3446773930086546,shallow,47.384398114627764,16.215224500781606,63.59962261540925,3.703685484855975,1.2325828621825432,0.8902253780925332,5.223025942880238,37.846623157000955,2,3.771996690599607e-16,1.8434001111825955e-15,0.7450421270761947,0.25495787292380717,sample_1081,uniform,test,128.27187794677002
4.136531331918813e-17,5.169898516678671,medium,25.509571296541452,18.28984998775111,43.79942128429243,3.2075319023049986,1.2039625070843032,0.629457275237623,15.596153371905524,60.72422240687235,2,1.417786452518689e-16,3.0823037345206784e-15,0.5824179988809538,0.41758200111904925,sample_1085,uniform,test,128.00532507044605
3.899754346820958e-17,7.124113421998907,deep,11.903126190751362,7.675895577958481,19.579021768709815,2.082328765511539,1.5251542855142428,1.2797730191375916,16.615655268450894,6.406128734652821,2,2.867858508007762e-16,1.4062771539846058e-15,0.6079530597271374,0.392046940272864,sample_1086,uniform,test,44.22743331158854
4.151137276885025e-17,7.056913789501287,deep,26.094144542269404,13.341574064476848,39.43571860674619,2.7579744129626516,0.8514952444306277,0.739354994190476,10.875660899458019,22.513450494538787,3,-4.9268064235249925e-18,1.5315083552015372e-15,0.6616880702106828,0.33831192978931873,sample_1092,uniform,test,91.07033416418783
4.008314259921897e-17,7.706914929039538,deep,25.27112139500094,15.076998067938622,40.3481194629395,3.621057895112519,1.1100641455154925,0.8631635543438604,17.805617091243988,24.24166995347133,2,-1.1794119326557778e-16,1.4968760215722938e-15,0.6263271183732103,0.3736728816267912,sample_1093,uniform,test,114.63406366679924
4.1606851385637526e-17,1.7001733222341904,shallow,34.82366203635046,15.92052169759356,50.74418373394396,3.880752568595631,1.0368019108829603,0.6326103513383547,10.943491216243563,22.18491842121222,2,-1.2938987553388392e-16,1.1902079823821886e-15,0.6862591823120825,0.31374081768791867,sample_1096,uniform,test,134.2320395971315
4.2773659610609127e-17,4.306824495024626,medium,50.750799596910525,14.633037677062434,65.38383727397284,2.718428666419661,1.1049422171462164,0.8184282882710069,6.248199740725324,10.958587541877668,3,1.0196137415958305e-16,1.7659286969836256e-15,0.7761979368731965,0.22380206312680528,sample_1112,uniform,test,88.99510072143808
4.310859809576597e-17,5.286213994212451,medium,25.641269894494616,6.14697975892663,31.788249653421236,2.683122472624426,1.4147925397548518,1.4147925397548518,nan,36.45898442921258,1,-2.3048080301784434e-16,3.3528555842502676e-16,0.806627297006111,0.19337270299388934,sample_1126,uniform,test,36.45898442921258
3.845521862042052e-17,1.4110201381424086,shallow,8.426415818459505,5.577833176198859,14.004248994658335,3.0452329422635613,1.7365698156179596,1.7365698156179596,nan,40.88549708123396,1,-2.22356750828445e-16,2.0929282149498953e-15,0.6017042271723109,0.3982957728276912,sample_1133,uniform,test,40.88549708123396
4.117605957944791e-17,6.951759012021471,deep,42.423959056851395,17.362577021004267,59.786536077855565,3.869680199284208,1.0773002167089687,1.0028913270204702,3.8418745424597103,3.0912844422495933,3,3.100422441331425e-16,1.6044292849262881e-15,0.709590517196143,0.2904094828038586,sample_1135,uniform,test,140.82030774842573
4.5265787389803337e-17,5.532815059506917,medium,71.51971398966234,5.489789969905504,77.00950395956772,2.2472326859603666,1.1027310245976345,1.1027310245976345,nan,26.76194750286099,1,1.8208873487454967e-16,1.5108703081869523e-15,0.9287128252015792,0.07128717479842238,sample_1139,uniform,test,26.76194750286099
4.437986860010004e-17,4.262752795556575,medium,20.926598098838028,10.511560593497284,31.438158692335275,2.841290815786589,0.9692545335197844,0.6986548378076394,11.518680479985544,21.988397052256563,2,1.1258360480386045e-17,1.1865673811392768e-15,0.6656432491365978,0.3343567508634034,sample_1167,uniform,test,73.10481614768653
4.042190204550028e-17,8.196196393053814,deep,15.577119793006474,7.4934084462892665,23.070528239295733,3.0503633098497422,0.8016991298114093,0.8016991298114093,nan,43.15837174797439,1,5.234271889862507e-16,3.4648559817914015e-16,0.6751956275744986,0.32480437242550175,sample_1175,uniform,test,43.15837174797439
4.3898568864827057e-17,3.8313188034539962,medium,63.12003124325326,6.585512365351133,69.70554360860442,2.465957821554488,1.368612125891972,0.9835387932945712,10.64894360957931,10.183715855212343,2,1.0937872022061034e-16,3.4403027493129257e-16,0.9055238360620397,0.09447616393796003,sample_1185,uniform,test,34.70147432262594
3.948116420975831e-17,5.685649111018236,medium,16.14300837440787,7.3319989466384525,23.475007321046306,2.719958462435546,1.6753562844522145,1.6753562844522145,nan,45.49629820447556,1,1.5053562857218264e-16,7.188662283897522e-16,0.6876678739066889,0.3123321260933118,sample_1211,uniform,test,45.49629820447556
3.8702090235221416e-17,2.8708048206801395,shallow,19.798323123098545,14.824055018345494,34.62237814144398,3.6704384208465166,1.2882180012265254,0.8688722484417446,12.074767078498866,5.7839441400252385,2,1.9779964360593834e-16,1.6418115078225898e-15,0.5718360258852174,0.4281639741147843,sample_1215,uniform,test,135.31719720610457
4.2854199420674625e-17,6.964729649677657,deep,39.17057343534286,9.917192706885551,49.0877661422283,2.1284706871092167,0.9728748896084546,0.6115304518000394,10.667708282475669,4.14642680008204,3,2.0044288939233658e-16,2.3159912674008538e-15,0.7979701769652529,0.2020298230347495,sample_1230,uniform,test,50.183518749344515
4.073109659085893e-17,1.5802349633793886,shallow,21.714728678958107,7.164322010708386,28.879050689666435,2.294353221617443,1.3809242989685004,1.3809242989685004,nan,50.590555452927795,1,2.467714882671783e-16,1.9683271265266296e-15,0.7519197536063095,0.24808024639369253,sample_1244,uniform,test,50.590555452927795
4.17498850715647e-17,6.529865211380836,deep,52.69841962138509,10.194847233221234,62.89326685460629,2.114724465334144,1.153462624277985,1.009748734685939,15.942396306703706,18.566420219357813,2,6.464279473943127e-17,5.931238031193662e-16,0.8379024060430957,0.16209759395690487,sample_1259,uniform,test,58.180537076370626
4.465786003367254e-17,3.3559573878040396,shallow,54.7185369158738,5.86683832588703,60.58537524176078,2.622889808510814,1.4004519630697825,1.4004519630697825,nan,34.41030338107344,1,-9.173076235792564e-17,8.062971119445224e-16,0.9031641167117335,0.09683588328826737,sample_1262,uniform,test,34.41030338107344
4.4430419928884183e-17,4.453808716063065,medium,58.085001528898886,5.37303897876534,63.45804050766412,1.5598340726814872,1.2164427970706133,0.8161764152362255,8.260750571225355,7.959681820987298,2,2.013432236023908e-16,1.6235719833292249e-15,0.9153292642542861,0.08467073574571551,sample_1266,uniform,test,21.45790453878376
4.175539602213109e-17,7.972791880124489,deep,8.177916189575946,3.9271945284896903,12.105110718065617,2.4049582001720085,1.230667272405725,1.230667272405725,nan,28.556714627448258,1,1.5942815084978371e-15,1.5408158791862052e-15,0.6755754969982437,0.32442450300175785,sample_1276,uniform,test,28.556714627448258
4.291987734885594e-17,5.074395623630771,medium,59.505026971261394,8.052894981618294,67.55792195287965,1.89734479584072,0.7048586000626518,0.6439873384768035,14.051334456200237,14.483404710991067,2,1.248054935352256e-16,5.25876696041428e-16,0.8808001378841256,0.11919986211587492,sample_1285,uniform,test,43.09403270727336
3.9982642860118797e-17,4.698958481976252,medium,30.804565775745147,15.883011483707975,46.68757725945305,3.9674138661532408,1.1477152911044963,1.1477152911044963,nan,136.09311717272894,1,3.925431824518062e-16,1.5219096330731818e-15,0.6598021911601336,0.34019780883986794,sample_1286,uniform,test,136.09311717272894
4.364148545584175e-17,3.451163346308112,shallow,6.57712190838349,5.710453236151442,12.287575144534916,2.7853085620921907,0.8860317384906653,0.8860317384906653,nan,37.33112849192802,1,3.4312154068147146e-16,1.3010875918600431e-15,0.5352660578689331,0.4647339421310682,sample_1288,uniform,test,37.33112849192802
4.109323912545059e-17,6.970176982065068,deep,29.9613852413382,9.62035940204974,39.58174464338787,3.454913450240182,0.777221002456576,0.777221002456576,nan,66.30918388826592,1,9.500632586486643e-17,1.7053710114439246e-15,0.7569495865145814,0.24305041348542025,sample_1292,uniform,test,66.30918388826592
4.445640907931992e-17,5.320626730086508,medium,36.821302124578544,5.854261481494135,42.67556360607262,2.631063229016294,1.7261077533595919,1.7261077533595919,nan,35.08835180447752,1,-1.2840623292663312e-16,1.352802222213489e-15,0.8628193517130016,0.13718064828699975,sample_1319,uniform,test,35.08835180447752
4.1901763884103196e-17,2.3902028328856186,shallow,33.03574882160637,17.79015877356614,50.825907595172424,2.8689458620789234,1.3153912321942411,0.9646838747925892,8.430895563343197,19.370795866100057,3,5.2170886491634967e-17,1.6775918488332262e-15,0.6499785323015892,0.35002146769841247,sample_1327,uniform,test,122.11591497014575
4.1855980009643646e-17,4.059856068817208,medium,16.212042028698527,6.48113410475106,22.69317613344956,2.3578632116930494,1.597827059725827,1.597827059725827,nan,41.773012920942875,1,3.4892021847911785e-16,1.2524341794761218e-15,0.7144016304003434,0.2855983695996578,sample_1328,uniform,test,41.773012920942875
4.485874816964438e-17,3.361758636357571,shallow,55.78622795302638,6.945325436813333,62.73155338983959,1.6598644178748647,0.8174318081419862,0.759994332709831,10.488088481701517,11.131806938199231,2,4.5799316165980964e-17,2.0104927868380384e-15,0.8892849760366668,0.11071502396333521,sample_1366,uniform,test,30.287878677212376
4.14790136971727e-17,2.011193764686887,shallow,58.167824575823076,6.212057925154491,64.37988250097749,2.3913550491664264,0.9133955130560203,0.8156868101244905,15.67801007781281,3.7612840494736766,2,-7.833844311604224e-17,1.241630998189498e-15,0.9035093311165938,0.09649066888340738,sample_1372,uniform,test,30.659551300572268
4.24927440924568e-17,2.4965523839732775,shallow,34.16693373498686,16.677424530484924,50.84435826547168,3.434365219944868,1.026713482548105,0.9565794956114724,7.161005515987264,9.6140951718618,3,-2.2053390449588768e-17,2.0263545494521687e-15,0.6719906573821303,0.3280093426178718,sample_1378,uniform,test,103.36239087218289
4.380152121780308e-17,2.707273103784515,shallow,66.3692829440664,7.578705655101884,73.94798859916821,2.0011953110225735,1.0253398623824892,0.7654708243205687,7.28285658241325,7.179139837832928,2,9.784955389932481e-17,9.488573859208274e-16,0.8975130250508658,0.10248697494913515,sample_1384,uniform,test,40.74958027738161
4.4952128610185696e-17,5.49158687676216,medium,35.110901467666274,18.03957167223905,53.150473139905245,3.434927856527533,1.3765760502965572,1.1463065406648973,7.318469785412796,45.37489592863606,2,1.937044358048989e-16,1.4705363154129461e-15,0.6605943351669826,0.3394056648330188,sample_1389,uniform,test,144.79894828516822
4.3388160821607094e-17,3.335564408324349,shallow,53.4845825795162,19.552166432431843,73.03674901194788,3.968730254207167,1.282436524860598,1.154666689371325,6.770524351924305,9.195275420305146,3,1.8134377820902862e-17,2.2862126965195035e-15,0.7322968683993151,0.2677031316006872,sample_1404,uniform,test,134.2196002000237
3.720845823551184e-17,3.1576607729912958,shallow,11.571252970086624,11.273891106714164,22.84514407680077,3.090488256202056,1.5018861457175445,1.4604573934268208,15.02797391533536,8.262875972320261,2,1.891196587021707e-16,6.99807867302411e-16,0.5065082072227868,0.493491792777214,sample_1429,uniform,test,75.20407549909022
4.308322841963363e-17,4.7416072683714745,medium,36.51682080206947,7.592229839531962,44.10905064160136,2.0277475624053074,0.9411138856694453,0.8773123797518458,4.054626986542656,4.155717751533589,2,3.932763068055129e-17,1.6511493527072246e-15,0.8278759182277369,0.17212408177226482,sample_1432,uniform,test,39.08022387036973
4.427435883315023e-17,7.424343793833582,deep,9.745281289351746,3.1975398510276785,12.942821140379419,1.913208979973929,1.7946110254679417,1.7946110254679417,nan,14.776339647858114,1,7.277244047900818e-17,4.803627331682819e-16,0.7529487724239743,0.24705122757602618,sample_1438,uniform,test,14.776339647858114
4.3709942382836145e-17,3.2034194361270574,shallow,46.32829401760899,12.002971880711813,58.33126589832077,3.3345735041762996,1.3564163883306215,1.01942864898382,5.6178287620752565,15.124654862022588,2,1.0907936818386243e-16,5.176994842258959e-16,0.7942274748222579,0.20577252517774267,sample_1455,uniform,test,92.32666156250085
4.106687666747105e-17,5.411941835578838,medium,54.77242469104051,25.141809584349563,79.91423427538989,3.7564179682134764,1.1421935387818258,0.7050032900132693,4.014971979976947,6.584610549381165,3,3.9511147874860757e-16,2.3561988259507463e-15,0.6853900958656628,0.31460990413433954,sample_1470,uniform,test,202.13965234469737
4.639072265737732e-17,5.881936503261816,medium,49.2294456081308,12.673150490761206,61.90259609889192,2.3201624854858753,1.4018375122072364,1.3100074285699266,6.749814812274484,15.421484314433819,3,-1.9507851721330172e-16,1.434799952947408e-15,0.795272714079467,0.20472728592053444,sample_1482,uniform,test,77.63112182634865
4.045309111394149e-17,5.972958308926395,medium,33.81845700859405,15.221600028401857,49.0400570369958,3.1638221479265756,0.8257368275349715,0.6681470189534976,14.770240350109408,35.21956463744373,2,8.598686206903512e-17,2.282021833657138e-15,0.6896088432988857,0.31039115670111656,sample_1486,uniform,test,116.01024256085185
4.527843850394277e-17,2.98295995910361,shallow,46.060429437134054,15.594108522668721,61.65453795980265,2.4827487013276737,1.3028708254801067,0.9259786018975025,4.770744176750624,20.11170906031536,3,-5.89896679600878e-17,1.987990275728434e-15,0.7470728183408721,0.2529271816591298,sample_1513,uniform,test,96.14675404983558
4.372138766769371e-17,7.309394945425053,deep,97.02830326071103,14.67275592734902,111.70105918805982,3.195057972376673,1.48459601493309,1.3518120509593312,5.692099788303083,4.747858570185914,3,-1.5266670736979e-16,2.0673607824366738e-15,0.8686426428361279,0.13135735716387414,sample_1516,uniform,test,106.78228096659512
4.397714340435975e-17,4.59043174790419,medium,27.522291165230016,15.506280542425335,43.02857170765528,3.3206347056745273,1.184945567086392,0.9726089995296625,6.2545983084447565,24.195666788215508,2,1.1222207492155214e-16,1.6100445352287728e-15,0.6396282765838003,0.36037172341620133,sample_1529,uniform,test,113.56166949996624
4.399090546631262e-17,5.989477166402084,medium,42.62936723237345,9.915556834728395,52.54492406710183,1.8539768732095778,1.3002481624699067,0.6014053969800169,5.418486873657627,10.62517783558369,3,1.8677967839465054e-17,2.0283864189794353e-16,0.8112937260682717,0.18870627393172856,sample_1566,uniform,test,47.207952056457
4.2930252078042313e-17,3.6640489453191494,medium,28.898346653198622,11.288334378007407,40.18668103120594,3.1446075123880433,0.9593421339953462,0.6183019815147583,23.03736095997109,2.865331842365197,2,-1.9586601718695832e-16,2.165928683262557e-15,0.7191025959759739,0.28089740402402824,sample_1572,uniform,test,79.32992373962071
3.894162066458471e-17,4.703558959772462,medium,15.34224840690014,10.085983758084016,25.428232164984124,2.6121941636764094,1.2328208413145079,1.0717089474650674,7.655063683601854,7.413657415026857,3,3.8213136377281446e-16,1.2574379100264311e-15,0.6033548973187032,0.39664510268129816,sample_1599,uniform,test,48.601570205206215
4.569223791391415e-17,4.768391028857011,medium,48.44783185648626,12.61145610658325,61.05928796306943,3.175821607100573,1.072617028771853,0.7518963971141117,6.199999999999999,38.09935198253357,2,-5.088769551745951e-17,1.3091547648141443e-15,0.7934555654463089,0.20654443455369237,sample_1620,uniform,test,87.69243304006594
4.283243760518101e-17,5.073479645913081,medium,4.001460017600272,4.5707097111830945,8.57216972878335,2.296223966601338,0.6014177869915914,0.6014177869915914,nan,28.814423679529686,1,-2.309645046734283e-17,1.8650134167223635e-15,0.46679663891445133,0.5332033610855506,sample_1634,uniform,test,28.814423679529686
4.165666332186889e-17,4.991194597367209,medium,47.4147866796393,17.218393958266603,64.63318063790577,3.194117709314314,1.1367691131371966,1.0801156131732725,4.48998886412873,7.238465739636768,3,-6.035050324013544e-17,2.088758722098894e-15,0.7335982263548345,0.26640177364516765,sample_1635,uniform,test,118.6860786554296
4.3478883481409826e-17,4.2415316539940395,medium,61.12359849758672,13.198736967541864,74.32233546512842,3.331428083341176,1.2933833241314099,1.193110305034192,8.78179936004006,4.761912508747584,2,1.5365892200733313e-16,2.2227663464872504e-15,0.8224122414219012,0.17758775857810105,sample_1642,uniform,test,102.37340350998946
4.5326052914767044e-17,2.5762347036592956,shallow,47.60064266764176,17.328777852557483,64.92942052019913,3.5877350599159112,1.5037820123663856,1.3789646875303727,4.242640687119284,12.134099605634402,3,2.559054187509912e-16,1.696212951855215e-15,0.7331136222420698,0.26688637775793195,sample_1643,uniform,test,126.50062505286331
4.109680121217491e-17,4.7576249687984795,medium,17.099823031740044,4.92828057369583,22.028103605435852,2.6417584516091206,1.032951057111811,1.032951057111811,nan,31.357458800764814,1,-2.1294350909820858e-17,1.0080059949883185e-15,0.7762730436550307,0.22372695634497033,sample_1683,uniform,test,31.357458800764814
3.98022990176917e-17,7.270249813510571,deep,9.125829177930362,12.523894582163248,21.649723760093583,2.9409694740460544,1.5966967467013844,1.5326039332747616,15.327100182356743,41.432949722663075,2,2.0870921414683247e-16,1.2307479248358123e-15,0.4215217376007256,0.5784782623992756,sample_1686,uniform,test,90.8301422081731
4.152808986536e-17,6.106716332303994,deep,43.25301629275677,17.418766429048752,60.671782721805386,2.8869088085072296,0.7692610982811304,0.602292188297032,10.295630140987,24.89527843380974,3,-2.045033364339107e-16,2.225138503238657e-15,0.7129016876112274,0.2870983123887748,sample_1688,uniform,test,113.84751115067866
4.517907005248775e-17,2.9519587628649755,shallow,83.33342248269155,7.822417379848106,91.15583986253961,2.289137724647792,0.8083813238474633,0.761395480685521,12.655433615645101,12.339967222720771,2,3.156943059810732e-16,4.774323030859479e-16,0.9141863275941065,0.08581367240589398,sample_1697,uniform,test,40.74822203448848
4.3328549247127455e-17,4.2613094791776485,medium,40.43171901248447,18.353659055676236,58.785378068160654,3.1901827394161995,1.074480076317976,0.6665301557597703,11.953242237987148,12.61913356289819,3,3.7201754984904986e-16,9.065299387922255e-16,0.6877853020797888,0.312214697920212,sample_1717,uniform,test,130.80311491399897
4.394239571948127e-17,4.748975602431699,medium,38.64699964904492,19.529206189076852,58.17620583812165,3.2679341655722793,1.2248770844963215,0.982657762730538,6.805879810869421,15.733380628067735,3,-1.210823503488682e-16,2.076317342099068e-15,0.6643093871845515,0.3356906128154506,sample_1718,uniform,test,135.46082068488803
4.3552056326491916e-17,6.456869460089046,deep,88.50182811417258,9.327243867480282,97.82907198165273,2.4239089565993424,1.0439275979012,0.7149524011698711,17.62498226949463,19.672829015804705,2,1.2160577110625203e-16,1.3618320224892318e-15,0.9046577497001156,0.09534225029988583,sample_1729,uniform,test,50.704278645546076
4.51586690157316e-17,2.2406291540364047,shallow,178.8124085420017,6.419871440622853,185.23227998262442,2.063288547713847,1.2537342988382367,1.0249002830755458,8.027452896155792,4.146066948409541,2,-1.0014696254334851e-17,6.76087111757546e-16,0.9653415082877297,0.03465849171227102,sample_1731,uniform,test,40.93934751744843
4.687960501642817e-17,6.630214302086367,deep,55.011728217224146,11.15460161399928,66.16632983122327,3.55218454222841,0.802087705025078,0.7296668093990968,7.531268153505093,13.839322082057642,2,8.236278049008161e-17,2.41621555788002e-15,0.8314157420783015,0.16858425792170095,sample_1734,uniform,test,78.81661462938271
4.602842489806879e-17,7.814066017587418,deep,101.83513560050447,26.757569074882408,128.59270467538664,3.9253960663257903,1.1080253221924314,0.8479658026071304,6.624198064671676,50.612577929874384,3,3.183478005366196e-16,1.8510522589948618e-15,0.7919200071074971,0.2080799928925047,sample_1741,uniform,test,194.71620449408533
4.058678374768615e-17,3.0901331558471905,shallow,50.84803778882682,24.35265880134088,75.20069659016757,3.4152829810367384,1.5368730809838018,1.3474983254573587,11.023611023616537,12.25309929318459,3,1.1893103748426496e-16,1.795237622999234e-15,0.6761644518526331,0.32383554814736876,sample_1760,uniform,test,172.08248242419162
4.116789527166962e-17,4.011477922315873,medium,32.81324718851613,10.535015462866873,43.348262651382946,3.319700821168256,0.7871770905043158,0.7871770905043158,nan,105.2292938607411,1,1.2059457159804567e-16,1.311319425139511e-15,0.756967988599868,0.2430320114001333,sample_1765,uniform,test,105.2292938607411
4.419104165484157e-17,7.468637333629963,deep,11.43307078214126,6.285292022963663,17.718362805104885,2.0238481420062824,0.7846540227618874,0.7033162733467372,24.358981916328116,4.796793811777552,2,7.869012096286293e-16,2.1053578165053517e-15,0.6452667725512002,0.3547332274488019,sample_1787,uniform,test,39.52020446868349
4.585622808775211e-17,3.696735295683117,medium,118.08673765975914,7.5806238458096855,125.66736150556879,3.1207723956207722,1.4780278447684223,1.4780278447684223,nan,60.3718205014416,1,1.5695836521351555e-16,2.4736927963691538e-16,0.9396770668613605,0.06032293313863966,sample_1809,uniform,test,60.3718205014416
4.340866728545117e-17,2.5531566320070285,shallow,34.85574728048795,8.155297290086681,43.011044570574605,2.1234014235639718,1.6635928583972646,1.5406828753820658,12.671227249165726,10.660653018417724,2,2.291755349639253e-16,5.369002111611527e-16,0.8103906247451151,0.1896093752548854,sample_1811,uniform,test,50.764397251282666
4.125202304500527e-17,2.5624027052903084,shallow,19.198078862422534,11.164245961764266,30.36232482418676,3.7905613756199243,1.1777911011485207,1.1777911011485207,nan,103.07174034949848,1,6.836477317631079e-16,1.2871165397609583e-15,0.6322993701433975,0.3677006298566037,sample_1812,uniform,test,103.07174034949848
4.4676703503553544e-17,5.9694322614486275,medium,110.13860532751659,8.064837607440827,118.20344293495727,1.9830928039442157,1.524341656560934,1.435930504548855,6.131883886702357,6.50852802333234,3,6.32855061948066e-17,1.2473208394729241e-15,0.9317715507501888,0.06822844924981239,sample_1815,uniform,test,34.66649241725457
4.414012696952991e-17,1.9618506601714738,shallow,38.4141040327453,10.811072684497985,49.22517671724324,2.2742649996396036,1.1162450658782386,0.6184797090265906,14.05560386465128,20.008157164236437,2,7.172073767506005e-16,9.743313861381454e-16,0.7803751371661223,0.2196248628338787,sample_1826,uniform,test,69.28147566506098
4.011359558782819e-17,2.6010585275931817,shallow,23.133948155502544,11.39152178539212,34.525469940894595,3.1398030765011886,1.173858242068516,0.7651388309632043,20.631044568804555,10.575092789779276,2,1.289020283850996e-16,2.0065741858172865e-15,0.6700545479933043,0.32994545200669767,sample_1837,uniform,test,77.34278565460073
4.5798623089354686e-17,8.225485673829406,deep,9.653486709401573,8.116424911286504,17.76991162068801,2.855772908774184,1.586155194203797,1.586155194203797,nan,62.1989731640051,1,-2.014787255940933e-16,3.798643535099136e-15,0.543248999514597,0.45675100048540673,sample_1839,uniform,test,62.1989731640051
3.583576957899793e-17,4.017005754574624,medium,9.377502590823951,6.286749603372303,15.664252194196242,2.80365241515168,1.7749462630664552,1.7749462630664552,nan,43.22923843765622,1,-2.1003913654431714e-16,7.371127145399033e-16,0.5986562572261449,0.40134374277385576,sample_1843,uniform,test,43.22923843765622
4.418093632682645e-17,4.333082142492406,medium,56.32293293827012,23.263186396386075,79.58611933465608,3.8943661528187756,0.927141688291966,0.7484512751223317,7.194442299441978,20.966906262902956,3,4.224304730475381e-16,1.5177554338501034e-15,0.7076979429218644,0.29230205707813717,sample_1858,uniform,test,165.76947023782813
4.383250577510389e-17,1.8233967634686166,shallow,21.92477483304456,6.357046037735399,28.281820870779942,2.004827396537548,1.263355526761577,0.8663435665337733,11.016351483136331,16.735736060080367,2,1.7850429367072148e-16,5.652822577318504e-16,0.7752250087863571,0.22477499121364344,sample_1863,uniform,test,34.136950457790405
3.6256378636715724e-17,8.115067608262407,deep,17.513086472305066,14.895444179828655,32.40853065213365,3.0424833732556076,0.8232512990181756,0.6509961545099519,14.601369798755183,42.41780425101463,2,1.1350156102433183e-16,2.192455879555036e-15,0.5403850813320373,0.4596149186679649,sample_1865,uniform,test,95.80859167043705
4.5294074838680026e-17,7.987628235009919,deep,91.48926581867129,16.38252085742445,107.87178667609564,3.8496509789834477,1.1892749917083243,1.0833403470118195,3.2124756808418033,9.469679682687286,3,-9.833636543576155e-17,8.892340831958251e-16,0.8481296976510104,0.1518703023489905,sample_1869,uniform,test,140.5667689102068
4.3810617685661616e-17,7.364984657419942,deep,24.105235615237177,5.155494264696295,29.260729879933404,2.1395462592089682,0.8530893869493074,0.7798334723941333,14.328991590478376,5.1885146412532706,2,8.438852973137948e-17,2.3372533288655372e-15,0.8238084187971062,0.17619158120289613,sample_1881,uniform,test,22.340594102819306
4.3366158140439916e-17,2.129569037009626,shallow,86.27906528759395,22.8466884020664,109.1257536896602,3.300217842441034,1.1081928795485136,0.8548102284093998,6.289674077406554,42.29243075237825,3,6.599771254077243e-16,1.3673580201238898e-15,0.790638894765031,0.2093611052349703,sample_1885,uniform,test,174.19165362664728
4.429127079906623e-17,5.5710161901518,medium,63.92185865565632,7.249210882785162,71.17106953844139,2.8419842337447228,1.585495280331956,1.585495280331956,nan,41.9643185371257,1,4.7254549641811633e-17,1.3727435431364933e-15,0.8981438535377135,0.10185614646228788,sample_1893,uniform,test,41.9643185371257
4.341795801575071e-17,5.657462371046256,medium,25.787057894191204,4.161341298578652,29.94839919276985,2.0549055810063686,1.6732339554886937,1.6732339554886937,nan,24.69867167428173,1,-1.6459785658613912e-16,2.372556647140057e-16,0.8610496249968754,0.13895037500312485,sample_1894,uniform,test,24.69867167428173
4.059432607951515e-17,7.948629693976953,deep,9.203416288453848,5.982173145798717,15.185589434252543,2.22793023422324,0.9033663754969741,0.9033663754969741,nan,46.32264727313955,1,-5.0678671639126057e-17,1.4037177921274562e-15,0.6060624994703641,0.39393750052963733,sample_1904,uniform,test,46.32264727313955
4.4756631210749426e-17,4.776093059292376,medium,90.65205697216786,8.00115890574854,98.65321587791628,1.6693768497701287,1.1480139073435767,0.6766534532446028,4.166533331199932,3.9035860174778665,3,1.9778202617721191e-16,1.152388563412914e-15,0.9188961167201088,0.08110388327989229,sample_1927,uniform,test,32.14625398321005
4.45086965629137e-17,5.906575058001606,medium,42.656685270619406,12.08910924574772,54.745794516367084,3.6154581756427837,1.0387898033921763,0.9637592747552945,11.074294559925704,16.209977394301674,2,-8.872893265716166e-17,7.462894212630557e-16,0.7791773897420841,0.22082261025791666,sample_1944,uniform,test,80.8863854897791
4.0654616364635245e-17,5.433493447691437,medium,13.503018892160254,10.788070466642846,24.291089358803074,2.395918822062635,1.1582054048824895,1.031949535270025,22.02362368003958,26.998666331136274,2,5.651635076837013e-17,1.0969188000351042e-15,0.5558836284658748,0.44411637153412625,sample_1989,uniform,test,65.38985483054371
4.579416627535181e-17,8.384649204108225,deep,55.32170485139952,15.605434089558523,70.927138940958,2.359475960734161,1.0736053966283357,0.8232294697208896,6.251399843235115,28.01097796777292,3,4.562063319415737e-16,5.259410457604651e-16,0.7799793658313365,0.220020634168664,sample_1993,uniform,test,111.75229075174988
4.1785054632602473e-17,2.133752097173425,shallow,74.40874866010462,21.41152406272621,95.8202727228307,3.638085186122924,0.8859372723585449,0.6397838985848951,6.660330322138685,5.291086405012419,3,3.4271354468086386e-16,1.4089202207233168e-15,0.7765449475951612,0.22345505240484015,sample_2021,uniform,test,161.40370927324201
4.222898402927235e-17,7.383778437838735,deep,33.42340549544492,14.760775688197324,48.18418118364216,3.1527522869011038,1.2714702190126108,0.9836243114098884,5.868560300448484,39.02675307922235,2,-1.1563346793242834e-16,1.695834869559882e-15,0.693659302169312,0.3063406978306896,sample_2024,uniform,test,102.14532156863162
4.1523851378382174e-17,5.076640590721503,medium,16.259784483284196,8.118799676431394,24.378584159715583,2.0308944946116965,1.1353046621154375,0.6572218439242529,29.697811367169802,10.160410404091522,2,4.0008557903096136e-16,2.914618548415282e-16,0.6669700084614715,0.33302999153852886,sample_2044,uniform,test,45.24777068021227
4.167875093811285e-17,1.4806425441166544,shallow,49.831167075325084,22.47805929865803,72.30922637398301,3.9397271719895013,0.9275704852456877,0.6502297873175711,11.766052864066184,19.86855307425635,3,4.612326611152453e-16,1.4739669570350045e-15,0.6891398176160605,0.310860182383941,sample_2059,uniform,test,165.27007413494098
4.180693906902415e-17,5.679356645678794,medium,67.58719168207415,28.9654850743307,96.55267675640462,3.4346543301348285,1.3131654655754834,1.1621592157020495,10.669582934679314,51.61853827269644,3,4.646662042423015e-16,2.3549184039390155e-15,0.7000032930479153,0.299996706952087,sample_2067,uniform,test,202.01472493754568
4.4328595317872757e-17,2.351123758449374,shallow,53.925365578834295,9.34036461734846,63.2657301961827,2.5483116324370134,0.9660399585319248,0.8983600403727567,16.773789077009408,9.896256627650734,2,-9.083049957264001e-17,8.423313066451092e-16,0.8523629682549372,0.14763703174506368,sample_2069,uniform,test,65.63254302211713
4.091474365859537e-17,6.924925051157915,deep,25.934264580039777,11.635168069279153,37.56943264931887,3.1841589140920923,1.1485217107613521,0.993044951683853,10.495713410721539,10.129916130381337,2,6.59714522946312e-17,1.6075870270216469e-15,0.6903022683923858,0.30969773160761577,sample_2070,uniform,test,82.0554909899977
4.1657050354189403e-17,2.837235957171335,shallow,43.794341562716404,17.487817388971454,61.28215895168774,3.039103536748499,1.1217179135216468,0.890142050512676,4.690415759823431,20.034445522600567,3,-3.174434405207455e-16,1.913110657423855e-15,0.7146344435619837,0.28536555643801825,sample_2072,uniform,test,124.81006147489357
4.0576014671362896e-17,4.544514412793748,medium,52.83889214010368,22.47144373509414,75.31033587519765,3.0325074261746177,1.5277461183290388,1.151727111248288,7.9548727205405365,41.09535333141313,3,-5.675815551366973e-16,2.2643672292873902e-15,0.7016154094395082,0.2983845905604941,sample_2077,uniform,test,164.80706148749888
4.118251730831626e-17,3.690279607731068,medium,9.771327280239968,4.658330811364708,14.429658091604667,2.423994277759901,1.178260782954144,0.6072787504140764,18.58709229546138,4.78815747637149,2,3.524168335451827e-16,6.155228447283011e-16,0.6771697027197777,0.3228302972802229,sample_2079,uniform,test,27.18418203802152
4.2173558705580675e-17,4.730626720105782,medium,9.610814126767206,7.392959205575867,17.003773332343034,2.326745356356727,1.1524756221848498,1.1524756221848498,nan,52.76369203159121,1,-1.757334223608814e-16,2.2983045999837793e-15,0.565216551580724,0.4347834484192783,sample_2086,uniform,test,52.76369203159121
4.3968860076048556e-17,1.3785086242829325,shallow,39.534989650445,7.575194724422084,47.11018437486707,2.2593892631410633,1.1465722387930741,1.0567328786713424,7.769169839822015,11.036087313038996,2,9.3716299763501e-17,3.205046495839518e-16,0.8392026092671507,0.16079739073284957,sample_2087,uniform,test,41.25785325682236
4.248940011788818e-17,4.203835736488889,medium,38.6867411228679,11.704370833050628,50.39111195591847,3.097758752758733,0.790643350228691,0.7495917486651118,5.495452665613634,2.528149297935926,2,9.124787788024086e-17,1.1985473270056497e-15,0.767729459050449,0.23227054094955216,sample_2111,uniform,test,83.03891349598659
4.130572442152695e-17,3.2366600379850494,shallow,40.884580010773135,16.036317982208864,56.92089799298189,3.2458855491064633,1.0592127387554005,0.7796606904284455,14.715977711317722,24.20012129694216,2,1.5724630548068962e-16,1.8724478025128145e-15,0.7182701161147182,0.28172988388528364,sample_2119,uniform,test,117.08405379729788
4.3082918635972184e-17,2.945745555069005,shallow,25.85768483406982,21.952817277152903,47.81050211122264,3.28176638646321,0.9397446061040128,0.8807627587763427,13.125547607623844,90.19533104204328,2,-2.3023299016119263e-16,1.7090892378064155e-15,0.5408369226894231,0.4591630773105786,sample_2121,uniform,test,187.72821396121674
4.502195570857906e-17,5.810659675648995,medium,24.208423431031378,16.357138713995305,40.56556214502661,3.3976880615395078,1.4626737998636237,1.264770292274958,3.2186953878862177,9.231710496069311,3,-6.255765512307257e-17,1.7515910003165422e-15,0.5967727833891083,0.40322721661089345,sample_2129,uniform,test,125.195467563803
4.466122264956509e-17,4.840703183649827,medium,56.41202665965217,13.440938165575485,69.85296482522756,3.4197696248146525,1.0344658606691566,0.7916137385309312,4.1999999999999975,5.183656269879962,3,3.704144569570276e-17,1.373216864418196e-15,0.8075824240359063,0.19241757596409506,sample_2166,uniform,test,84.8506724616151
4.340001776891473e-17,2.9122221774571395,shallow,32.87916965224733,7.033661819041488,39.912831471288754,2.6429669556285367,1.0937482882763123,1.0937482882763123,nan,46.74624641612089,1,-8.540609749096665e-17,1.5354538553195214e-15,0.8237744214137982,0.17622557858620339,sample_2167,uniform,test,46.74624641612089
4.125752694613309e-17,2.666011223926056,shallow,18.293308611617764,8.207142354823054,26.500450966440784,3.320520218214894,1.1509062964318826,1.1509062964318826,nan,56.9527960838146,1,-8.850742574806241e-18,1.2735926641907162e-15,0.6903017852331551,0.30969821476684617,sample_2172,uniform,test,56.9527960838146
4.451218671398768e-17,2.7233392904383424,shallow,58.54532800679071,9.229502600152943,67.77483060694364,2.5106810495927223,1.4764034100476544,1.3557132095088407,6.572670690061991,18.27541739367529,2,7.516824718033453e-17,2.358871488343394e-16,0.8638210893704934,0.13617891062950685,sample_2175,uniform,test,48.265590189648776
4.437700802938063e-17,2.728249532114382,shallow,83.94257249807077,10.223070744154047,94.16564324222469,2.296085749573357,0.9382620629935912,0.6491210485068806,10.892199043352083,8.955987342851126,3,1.087854545858454e-16,1.3959486877553132e-15,0.8914352369700609,0.10856476302994056,sample_2196,uniform,test,48.52852658794717
4.831126032207611e-17,3.9287002702760296,medium,46.70749520720786,14.067759270388198,60.77525447759601,3.3877687718956775,1.1423113946704722,0.8922136978018154,13.770983988081609,43.07870674214508,2,4.8626985209611825e-17,8.768487378634083e-16,0.7685281716825384,0.23147182831746252,sample_2199,uniform,test,124.61603924351246
4.355590010729596e-17,3.5655548267524906,medium,55.877276392631316,7.515427924490317,63.39270431712161,2.042577442359773,0.9284173771944686,0.8670777821756374,13.093509842666327,12.121355718179649,2,1.0818083421761668e-16,3.2224691899735683e-16,0.8814464849630895,0.11855351503691079,sample_2202,uniform,test,34.04116684866556
3.9560581995050013e-17,7.158869216118256,deep,30.082442520998825,11.906296657351213,41.98873917834994,3.3763971606240544,1.1613113317844481,0.8546195609856395,12.247448713915894,14.141356356557266,2,-1.6816989513894414e-17,2.369110979586294e-15,0.7164407198135115,0.2835592801864908,sample_2207,uniform,test,76.83638087321371
4.172895761339457e-17,3.5447003995598396,medium,52.67672602173991,19.233026128127054,71.90975214986689,3.1667196235158657,1.213513572098771,0.6155164164897325,8.390470785361213,6.139162718802569,3,2.0604339949093967e-16,1.0375086135649908e-15,0.7325393906511666,0.2674606093488344,sample_2208,uniform,test,131.0679837819445
4.624498713605743e-17,6.403776427633786,deep,145.12888327108686,5.509115334732344,150.637998605819,2.0657374713666474,1.0517264260892725,1.0517264260892725,nan,36.92444630749636,1,1.3026619429081855e-16,1.3266250632780814e-15,0.9634281165063266,0.03657188349367469,sample_2209,uniform,test,36.92444630749636
4.248593277385232e-17,2.010883653103051,shallow,24.16400785383442,19.310459987790665,43.474467841625014,3.4192587363571376,1.4600588828762644,0.9980421050501815,9.99599919967984,13.085523911292663,3,1.8692975114806207e-16,1.634390875924155e-15,0.5558206702348264,0.44417932976517527,sample_2225,uniform,test,145.97951053175817
4.383234387835604e-17,7.79770930750784,deep,35.119602684456225,11.646427420410765,46.766030104866864,2.6501547537588905,0.9248687636298101,0.9180381500770521,5.7965506984757775,32.27660130913384,2,-1.6723454666550724e-16,2.6968578541861853e-15,0.7509639498094021,0.24903605019060063,sample_2234,uniform,test,71.95996043660222
4.393372609828319e-17,4.689765344452487,medium,67.3686924192611,11.888795711936258,79.25748813119729,3.2587760209724834,0.748135569714179,0.7460993090231187,13.69379421489895,7.74726219412748,2,3.568075552866101e-16,7.620243079068187e-16,0.8499978236471951,0.15000217635280566,sample_2259,uniform,test,89.23987154223218
4.0885654880700753e-17,4.3219923336013775,medium,18.38976750349058,9.106691729166629,27.496459232657163,2.504400786191157,1.33757519602692,1.0874846600121284,8.802272433866154,13.013532925748356,2,-2.1962499168357876e-16,1.7442840279174343e-15,0.6688049304053414,0.33119506959466033,sample_2263,uniform,test,41.57644090107928
4.5202023997230375e-17,6.223376169791008,deep,80.26882991002662,6.762558924738686,87.0313888347652,1.97098622716236,1.1319176743992236,0.6308638882859036,8.930845424706442,16.285261999214196,2,5.044526756620378e-17,1.326684499775486e-15,0.9222974720353166,0.07770252796468465,sample_2266,uniform,test,32.84330163960921
4.5837372144033297e-17,6.650508844290066,deep,51.48047361848302,10.10496815961756,61.585441778100574,1.986582276408621,1.2049648784848432,0.6810912121277103,4.064480286580315,8.028522305304609,3,2.7243284620444987e-17,5.768755693271368e-17,0.8359195311770773,0.16408046882292282,sample_2270,uniform,test,52.49785377057553
4.3269149593431367e-17,2.8554358024590747,shallow,60.78277607408138,17.941323972934587,78.7241000470159,3.2166894899452907,1.1864850201152073,0.6334413120170943,4.45869936192159,9.30311525382137,3,-2.366484613568919e-16,9.477020024395764e-16,0.7720987097696953,0.22790129023030564,sample_2271,uniform,test,104.0585454237714
3.7797236648620725e-17,8.161174511619413,deep,18.590669014604945,17.317620030861143,35.90828904546605,4.106504284465487,1.1527800018106293,0.6903675512310186,13.001538370516009,39.36079216360009,2,2.91117583367224e-16,1.08832393593924e-15,0.5177263943449372,0.4822736056550639,sample_2281,uniform,test,193.5205085237886
3.9209126521283796e-17,8.347009246703422,deep,17.87700175839203,11.46430694118363,29.341308699575603,3.973067047406799,1.262710825695367,1.262710825695367,nan,97.6969437673119,1,8.958452754916187e-16,1.937317092527308e-15,0.6092775868122953,0.3907224131877066,sample_2293,uniform,test,97.6969437673119
4.226343351699736e-17,4.943655210989041,medium,24.967344492468236,4.883903277904697,29.851247770372915,2.3504683301271774,1.1278463696106746,1.1278463696106746,nan,24.93108625816018,1,1.9135876450088326e-16,5.950695438477678e-16,0.8363919888550887,0.16360801114491186,sample_2299,uniform,test,24.93108625816018
4.4071769623400986e-17,2.8664638305561434,shallow,129.87423991988788,33.91049497889875,163.78473489878635,4.152967275523446,1.2640467062149086,1.150739602039637,6.529931086925802,47.63876604279017,3,1.9202151665038318e-16,1.6919260950520516e-15,0.7929569260538594,0.20704307394614235,sample_2306,uniform,test,268.3058119909533
4.25665791064621e-17,2.115703159359229,shallow,70.38052750341659,24.134190975276503,94.51471847869283,3.5023016653148646,1.5059840072565809,1.1168038959827902,5.830951894845299,61.397550261461824,3,-8.332808382100659e-17,2.7815859419874884e-15,0.7446515065194106,0.2553484934805922,sample_2323,uniform,test,227.2574552272808
4.327767286445339e-17,4.8293328425795945,medium,57.106953350441366,17.14947617569695,74.2564295261381,3.208796453004359,1.1799873195015589,0.7779921988796517,5.429548784199289,10.573937764003139,3,-2.175984286415207e-16,2.8227873113054437e-15,0.7690506224829977,0.23094937751700506,sample_2357,uniform,test,118.26098489007806
4.2970964464140066e-17,3.144966802896863,shallow,20.614733717576602,12.036024625200858,32.65075834277743,3.572258721582678,1.5056951772845062,1.4423550541013457,10.091580649234293,8.0676282437662,2,9.816720725803457e-17,9.248810074417239e-16,0.6313707479978553,0.3686292520021456,sample_2361,uniform,test,97.49823722897456
4.334084802938377e-17,8.180767432039058,deep,50.0386555740734,9.075381057370004,59.11403663144331,2.1037600045828886,1.1202957097179806,0.7334812279904681,2.891366458960192,7.461415353912478,3,1.5604534075309136e-16,1.5926321031870736e-15,0.846476715607294,0.15352328439270757,sample_2372,uniform,test,46.07936538087921
4.097772700723574e-17,5.07926136534451,medium,30.916260707366796,13.186387057089217,44.10264776445593,2.899035797754927,1.6830512509045945,1.5948241180084195,10.303397497913005,25.14525508114532,2,-1.3261240012186953e-16,1.8527779794270492e-15,0.7010069071699463,0.2989930928300556,sample_2375,uniform,test,84.58399569474102
4.386091451358327e-17,1.5314543210298839,shallow,70.72159194905498,18.153027020762917,88.87461896981783,2.552336380427588,1.0716643736076186,0.6163559314970487,6.203224967708327,27.209043851600956,3,-9.524024784618394e-18,7.595144787077322e-16,0.7957456557205866,0.20425434427941408,sample_2378,uniform,test,116.54243990509349
4.391241888277373e-17,8.28694832878176,deep,16.96693147060614,7.930918285112515,24.89784975571863,2.253142884603759,1.6448879252723618,1.5339648748719057,29.21095684841563,18.606900164278965,2,4.135720748897941e-16,9.988411045773744e-16,0.681461718062987,0.31853828193701395,sample_2385,uniform,test,37.641109843953544
4.4307595443832103e-17,1.4661779950193465,shallow,63.89130893552635,7.781538583819328,71.67284751934558,2.090181448048513,1.1506502673309487,0.8049422974148364,14.963956696007914,16.40494786628304,2,3.7594258770153265e-17,1.313564561011778e-15,0.8914297554353637,0.10857024456463758,sample_2409,uniform,test,40.49458668263653
4.569052116643665e-17,2.8228702804483943,shallow,79.71169355682665,17.771844423142536,97.48353797996899,3.24703545618701,1.2177647529918079,0.8196449336975191,5.560575509783139,7.873909003205097,3,7.616123265103198e-17,2.0044333267241323e-15,0.8176938917954115,0.18230610820459053,sample_2413,uniform,test,121.92032270420447
4.608642167747442e-17,6.533648438451719,deep,158.7588231006248,5.042680368035327,163.80150346866012,1.9505315052097323,1.3868993262533207,1.3868993262533207,nan,31.084759938024305,1,-6.688899870909236e-17,4.337827924125539e-17,0.9692146881362409,0.030785311863759147,sample_2418,uniform,test,31.084759938024305
4.258719371118077e-17,1.8759623191615464,shallow,21.840953621258205,5.717084101934054,27.558037723192225,2.566789365382134,1.3183757334028874,1.3183757334028874,nan,31.577435848336577,1,2.4983245829872784e-16,1.224716370868484e-15,0.7925438610920164,0.2074561389079849,sample_2435,uniform,test,31.577435848336577
4.3249125149542024e-17,6.6046569447442165,deep,28.22050691347989,10.909429487519446,39.12993640099929,3.3499238700682024,1.057051459366505,0.7030561211124956,8.084553172563094,8.912782233569551,2,3.995758615818318e-16,1.1803054661552439e-15,0.721199917737643,0.2788000822623582,sample_2440,uniform,test,77.34610575285774
4.327383202849344e-17,5.344070585117202,medium,53.501980741482065,14.861218740495502,68.36319948197743,3.298686154695637,1.290255595286239,1.0421837479808127,8.2,4.386549944481518,3,5.23264202359552e-17,1.974792297865021e-15,0.7826137621833626,0.21738623781663935,sample_2442,uniform,test,86.73552780942254
4.125499444779806e-17,4.647732911627825,medium,12.515288197832014,7.545408468471213,20.060696666303148,2.7666886074562695,0.9371360234283901,0.9371360234283901,nan,64.12539275019518,1,-7.103815092301773e-17,3.9404354030282215e-15,0.6238710651985734,0.3761289348014306,sample_2453,uniform,test,64.12539275019518
4.295850996373962e-17,4.343716811381561,medium,45.93455331089421,11.743998395321745,57.67855170621589,2.3924605173023594,1.2642168120906045,0.987369448587723,11.532562594670797,36.92837369262839,2,4.2960975520909733e-16,1.0779134971294464e-15,0.7963888126883037,0.20361118731169736,sample_2472,uniform,test,91.25484492946237
4.662025633559195e-17,4.965654949822606,medium,64.22531747909484,16.51901579495035,80.7443332740452,3.817325778517755,1.2379874544791718,1.0244158457547248,9.4424573072903,54.329534635509674,2,4.584794581186217e-16,1.7599816778436388e-16,0.7954157880171597,0.20458421198284005,sample_2477,uniform,test,155.35821775982964
4.4498871142102054e-17,4.5449963651925955,medium,109.09174583678549,21.613865530646162,130.7056113674314,3.7105651645807254,1.153472725084334,0.7791771810896048,5.145872132107444,4.5521882020055155,3,4.2862731190311563e-17,1.9298534206442506e-15,0.8346370495916479,0.1653629504083541,sample_2478,uniform,test,180.5933820121402
4.229425943938056e-17,4.725873844755524,medium,80.0864515356693,20.583220556766374,100.66967209243545,3.1819780298155678,0.9770960972474709,0.7267047526626674,14.195774019052289,22.043259618301434,3,-1.752356273890414e-16,2.223320659661213e-15,0.7955370259091882,0.20446297409081404,sample_2483,uniform,test,158.53801800965505
4.25401180323179e-17,6.332065135421349,deep,59.04965008376853,16.620268960640153,75.6699190444086,2.7134103611924476,1.0294758925832437,0.7139747236398065,3.7788887255382364,9.470960801967577,3,2.200790645652193e-16,1.126803482387397e-15,0.7803583092128579,0.2196416907871432,sample_2494,uniform,test,99.84529556976231
4.238211003068905e-17,4.085500083878043,medium,54.31032151330068,15.333616768813705,69.6439382821143,2.8362453767530096,1.1319797549181299,0.7288655076583482,4.586937976471885,5.287852311189855,3,3.7715777557573328e-16,1.1222757193454653e-15,0.7798284079412616,0.22017159205873954,sample_2505,uniform,test,108.05324250538403
3.982762536321582e-17,7.293387313665775,deep,10.81827210640305,5.786257833900501,16.604529940303532,2.741608835135164,1.136857211087526,1.136857211087526,nan,43.40791584413618,1,-2.2025276976599974e-16,1.1232926725874948e-15,0.6515253455109427,0.3484746544890585,sample_2533,uniform,test,43.40791584413618
4.165655990158756e-17,3.184457606534014,shallow,32.14132636764453,17.028022966076644,49.16934933372107,3.317567546748983,1.4098784221011806,0.9914327464911183,4.770744176750624,9.862234907648604,3,-2.8170211723677073e-17,2.09538458574956e-15,0.6536862253249613,0.34631377467504076,sample_2536,uniform,test,121.0093187018741
4.135468284588386e-17,6.308972632416053,deep,7.920968141124549,7.719822297350826,15.640790438475344,2.9507148766922366,1.617970915881631,1.617970915881631,nan,64.09362322097681,1,3.04513306903642e-16,1.9875111051315035e-15,0.5064301687489831,0.49356983125101894,sample_2584,uniform,test,64.09362322097681
4.426672182907141e-17,3.2035874868654526,shallow,85.26360294930534,16.55058101821337,101.81418396751849,2.620147516252841,1.2321330380473485,1.0326676939679367,7.238784428341543,17.471277006882097,3,-3.1854162933132146e-17,2.1634338115002e-15,0.8374432679881495,0.1625567320118527,sample_2589,uniform,test,110.528810122401
3.7746938516118106e-17,3.349361692488242,shallow,13.564987554610612,6.6308887015763585,20.195876256186946,2.172014567267617,1.0237991573172958,1.0237991573172958,nan,42.92168967441236,1,3.7131738630830074e-17,1.2313897865156985e-15,0.6716711561576844,0.32832884384231686,sample_2600,uniform,test,42.92168967441236
4.1322175550442077e-17,6.572984364224833,deep,9.944487710022022,10.483741397399795,20.42822910742177,3.3551260781019794,1.6478760640125079,1.6478760640125079,nan,90.51033524044124,1,4.697260210324391e-17,2.2608556807122824e-15,0.48680126200508955,0.5131987379949127,sample_2603,uniform,test,90.51033524044124
4.110038797652139e-17,5.001666820772391,medium,35.27612819595397,11.196255599658645,46.472383795612565,2.17335484351065,1.4849724837765141,1.2446562483738703,12.504399225872472,8.512104401896414,3,1.7662016835721375e-16,1.1467177026335082e-15,0.7590772264039611,0.24092277359604003,sample_2614,uniform,test,64.54149851266178
3.986760285110449e-17,6.031717761916437,deep,36.39148606476648,13.745108319157,50.13659438392337,4.135756922374363,0.7008361408932688,0.7008361408932688,nan,133.75324615591268,1,-1.0899344669026731e-16,2.3029724292170973e-15,0.7258467893949265,0.27415321060507575,sample_2643,uniform,test,133.75324615591268
4.248014088882357e-17,4.746435800192328,medium,57.91632939639401,9.619722477963698,67.5360518743576,1.8374681863929103,1.2470459649660703,0.7395872304864053,11.803389343743602,9.761722629037818,3,1.7580096902419187e-16,1.683350367195231e-15,0.8575616694938004,0.14243833050620122,sample_2650,uniform,test,45.6903475489259
4.0874924799354054e-17,2.8579466190810177,shallow,15.07137312313513,5.904853990411842,20.976227113546912,2.602002045660757,1.2449382698480764,1.2449382698480764,nan,40.06505280067979,1,2.1866005280500644e-16,2.8369236182362286e-15,0.7184978042787162,0.2815021957212866,sample_2655,uniform,test,40.06505280067979
4.198481229291151e-17,2.35805148566077,shallow,29.34225759460928,12.540011913364209,41.88226950797344,2.352662728385743,1.1241664672723761,0.8190582856532818,7.984985911070852,11.524517391469956,3,2.3515884306382095e-16,1.1451536706881644e-15,0.7005890067400281,0.299410993259973,sample_2676,uniform,test,67.35387038042425
4.1960679620645656e-17,4.279460116223287,medium,37.806837422414034,16.87980193665142,54.68663935906535,3.441115179987626,1.5058974096200413,1.2881258006349108,12.796874618437114,24.147295414340494,2,2.5169494721317575e-16,1.8190180302224766e-15,0.6913359070060836,0.3086640929939182,sample_2682,uniform,test,131.79907569379196
4.1503746255953545e-17,3.8991744128523163,medium,22.052340063014096,20.288424997245066,42.34076506025902,3.0133461994989874,1.3482817935332034,1.0689265394202758,8.260750571225357,18.09269944544763,3,-1.5292857820643555e-16,3.440213246584389e-15,0.5208299857508336,0.47917001424916983,sample_2684,uniform,test,133.76222047091017
3.834838182256092e-17,7.358594215082207,deep,14.897428904316504,18.642208971950808,33.53963787626724,3.866332210677137,0.9459170904687388,0.7676057142088913,14.97464523786791,45.81940537310692,2,3.9291112687067544e-17,2.118516420425882e-15,0.4441738148537964,0.5558261851462056,sample_2698,uniform,test,152.5292960728724
4.055820516630727e-17,7.257985614402353,deep,14.74800089407899,6.161313267569146,20.90931416164813,2.3584868542234867,1.1752266088817778,0.605862638390845,11.095945205344158,9.409771300640875,2,6.609512234077414e-16,2.9734351350961843e-16,0.705331642160209,0.2946683578397913,sample_2702,uniform,test,32.36605749167614
4.265210530192563e-17,8.217732701105708,deep,94.22821759400334,18.17108109573362,112.39929868973665,3.0714171072118956,1.4969391554750568,1.2414769922919673,7.0823724838503095,19.06717808792151,3,-8.772434904843394e-17,2.7182854336149143e-15,0.8383345687423533,0.16166543125764937,sample_2711,uniform,test,125.5902086463396
4.110751747400732e-17,2.514753488220624,shallow,15.675527744842096,6.356475149559989,22.032002894402076,3.3707986045461933,0.830306660706991,0.830306660706991,nan,70.70157589831199,1,1.6420773413840654e-16,4.0313103804366096e-16,0.7114890017023807,0.28851099829761967,sample_2719,uniform,test,70.70157589831199
4.0820912698703473e-17,4.132234149667398,medium,25.21441704913308,15.00398575295895,40.21840280209196,3.112106924213035,1.0644299172742666,0.8991963851129259,7.8204859184068605,6.469644218412886,3,3.319761165014525e-16,1.7667104764367752e-15,0.6269373046266659,0.37306269537333586,sample_2741,uniform,test,108.26554648014202
4.442937028580155e-17,5.948604519468583,medium,37.73828708077834,8.684184176004866,46.42247125678314,2.1987757443011526,1.4394998124468459,1.1474851326785829,16.70449041425688,16.014894931702926,2,-2.6918784670158814e-16,1.4540707995450878e-15,0.8129314545111408,0.1870685454888607,sample_2745,uniform,test,60.54271371842775
4.00484131626213e-17,2.7506410635271648,shallow,37.63643484192821,15.263531036936747,52.899965878864855,3.157695015140338,1.2927913582213417,0.8737943867754308,11.649892703368558,44.970393080125085,2,5.420584714688575e-16,1.880454577876348e-15,0.7114642555367906,0.28853574446321134,sample_2747,uniform,test,114.13221626471511
4.089540198308798e-17,3.608652122589138,medium,37.7468983070459,10.893545421005276,48.640443728051046,2.296252786110265,0.9920412706394082,0.8675428267833627,12.014990636700473,18.163140587146913,2,1.9959561183691296e-16,2.7390120801506306e-15,0.7760393494370444,0.22396065056295827,sample_2751,uniform,test,68.87945646089452
4.1968899133394783e-17,3.6951307888864773,medium,13.82840476827979,10.890571390439657,24.71897615871937,3.1425138046923116,1.2875864257193264,1.2875864257193264,nan,73.86633081470691,1,7.223807979133642e-17,3.0900690871562376e-15,0.559424657376109,0.44057534262389414,sample_2759,uniform,test,73.86633081470691
4.362199094447897e-17,2.486927462609539,shallow,55.87888719286999,17.32067837070543,73.19956556357522,3.3945426818829385,1.335748485067171,0.6536902484476546,5.986651818838307,4.735168271585941,3,1.0314021844013122e-16,2.7179391637240588e-15,0.7633773064450513,0.23662269355495136,sample_2769,uniform,test,126.6530991087455
3.9882362223473296e-17,3.159729582851209,shallow,17.798004591164023,12.350459265237582,30.148463856401545,4.228698115174946,1.4984542278582929,1.4984542278582929,nan,155.80668694205713,1,1.6928964114834432e-17,2.003290543335075e-15,0.590345321603671,0.40965467839633096,sample_2771,uniform,test,155.80668694205713
4.1522710001633823e-17,6.021853297548664,deep,14.678951850903488,6.034730401679905,20.713682252583368,2.0547009750122758,1.664776590578517,1.664776590578517,nan,36.33578024746014,1,-2.2949278292153616e-16,1.2006071855477023e-15,0.708659699994807,0.2913403000051942,sample_2784,uniform,test,36.33578024746014
4.316340642932415e-17,3.7041818281991796,medium,23.051849187964063,14.866685391100944,37.91853457906496,3.536608887770434,1.0734475045752525,0.7819542165477906,5.3404119691274765,3.5472427259260537,3,6.80488419944316e-16,1.2180132575562577e-15,0.6079309088250241,0.3920690911749772,sample_2799,uniform,test,108.2624655132471
4.339599691093025e-17,5.16225602704498,medium,26.42331340561256,13.274901964713344,39.698215370325876,3.216748609058997,1.2734012937927288,0.8216944627955486,13.056798995159573,17.451083193123626,2,2.4546251814964943e-16,7.159442600951031e-16,0.6656045658254903,0.3343954341745104,sample_2804,uniform,test,91.51721691782697
4.247340018214293e-17,5.384120341724658,medium,42.974665542650655,10.850187467292741,53.82485300994332,2.1230532468847767,0.9662105196245335,0.7320561324330529,4.967896939349688,8.744793276254528,3,-1.0594304843971955e-16,1.4521117395187723e-15,0.7984167747696728,0.20158322523032873,sample_2833,uniform,test,60.003249878991674
4.260167572087938e-17,5.760541259475331,medium,49.303307521749666,15.313962558656357,64.61727008040593,2.8912433701491267,1.0210550304966746,0.9332696729663557,11.694443124834976,37.714809632669734,2,1.7865877437179982e-16,1.4295026009899914e-15,0.7630051139641079,0.23699488603589353,sample_2844,uniform,test,103.30355194303229
4.505965633839157e-17,6.730403851527422,deep,92.8333988234849,23.05364100444594,115.88703982793062,3.797227926174483,1.1318738838350033,0.7703095723278237,5.051732376126036,17.331343691233286,3,-1.6180444200601715e-16,1.870058418340915e-15,0.8010679965708346,0.19893200342916728,sample_2850,uniform,test,163.9994190063855
3.890573831456658e-17,5.845124286736171,medium,11.65692658521677,8.022094160092273,19.679020745309032,2.4159163271545947,1.003467328222372,1.003467328222372,nan,45.251661483621035,1,1.8869937169695242e-16,5.415991564998034e-16,0.5923529801652087,0.40764701983479196,sample_2872,uniform,test,45.251661483621035
4.572086970524e-17,1.819595105524357,shallow,43.490548940580304,5.104779982059833,48.59532892264013,2.054914495698599,1.0472999298154784,0.8112719145823291,21.723719755143225,3.4246386623030305,2,1.2224484072798908e-16,1.8277032780538107e-16,0.8949532785304072,0.10504672146959297,sample_2873,uniform,test,23.00172163732511
4.0797500794457564e-17,5.613843691513161,medium,11.525293830704904,6.556326911872237,18.081620742577112,2.606908820849625,0.9021430520182152,0.9021430520182152,nan,36.63993520331828,1,1.7655810206591842e-16,1.5718562973439049e-15,0.6374038032755598,0.3625961967244417,sample_2874,uniform,test,36.63993520331828
4.205120902114819e-17,3.466400437618983,shallow,42.411756728067964,18.230014734147012,60.64177146221484,3.517982976191272,1.016746337045901,0.6590008564644053,14.330387294138287,73.30547871654254,2,-1.3274659778626646e-16,2.226239711327329e-15,0.6993818898330537,0.30061811016694845,sample_2887,uniform,test,166.10504035056542
4.234586123743516e-17,6.6024252727173485,deep,90.12164075877986,24.169353309510743,114.29099406829043,4.047215513844268,1.1636586546639398,0.8120645688851269,10.592450141492291,88.45492345194954,2,2.615242817161824e-16,1.5231556228936778e-15,0.7885279281491852,0.21147207185081637,sample_2909,uniform,test,201.31701889712656
4.2409783137984217e-17,3.620683832746508,medium,22.582071181304425,14.690864489670467,37.272935670974825,3.2067091415107263,1.0823185792491414,0.7303020987239492,18.85099466871709,41.05076517740199,2,-2.438249985100897e-16,1.8110073350024406e-15,0.605857058876356,0.3941429411236458,sample_2932,uniform,test,122.2460879416133
4.1784185776688346e-17,8.346130662995469,deep,14.044343762073218,10.864810719495813,24.90915448156899,3.2619322529941606,1.7996255159731653,1.7996255159731653,nan,104.29982121105691,1,1.6479973771001855e-16,1.6402085159669494e-15,0.563822580668687,0.43617741933131465,sample_2934,uniform,test,104.29982121105691
4.6181115783396055e-17,6.552289430001614,deep,95.48775252209197,3.246584257049679,98.7343367791416,2.199271790797513,1.6880940566239442,1.6880940566239442,nan,17.41754111411102,1,9.430581268771002e-17,4.587775730547648e-16,0.9671179818191122,0.03288201818088826,sample_2936,uniform,test,17.41754111411102
4.3738117904125673e-17,6.144637253113004,deep,49.398241693018385,9.19709948566499,58.59534117868328,1.9146682481518835,1.4978487063771704,1.3245706541265976,6.1546730213716465,7.541418397049635,3,2.121876815551568e-16,1.667361674183006e-15,0.8430404311902743,0.1569595688097274,sample_2945,uniform,test,44.261963710889525
4.349987440133343e-17,6.377429106179556,deep,20.078626866978713,10.853400498444259,30.932027365422915,2.628142038003156,1.373071647325124,1.090465063684906,16.830923919975397,35.173270595397206,2,-3.735098041603946e-16,1.8376881084862193e-15,0.6491209460594045,0.3508790539405973,sample_2948,uniform,test,74.70585110974889
4.176089076331992e-17,2.8124111368103852,shallow,27.212268619713655,6.020575024283531,33.23284364399712,2.4696343398092147,1.3267852644454674,1.3267852644454674,nan,34.05891382774245,1,1.362825776599501e-16,1.9242664546992553e-15,0.8188365976508614,0.1811634023491406,sample_2951,uniform,test,34.05891382774245
4.1578674534949154e-17,6.72296373741041,deep,17.924497627573356,8.587453740335548,26.511951367908882,2.3695358215737943,0.9610181363198977,0.8890168506483332,17.590906741836815,8.866055727147739,2,2.4357134553987805e-16,8.040253913035266e-16,0.6760912231179588,0.32390877688204206,sample_2956,uniform,test,39.9139990358254
4.274926778013199e-17,4.934108059214983,medium,44.040650464378196,12.665068655542456,56.70571911992058,2.9523027394896983,1.176120567710603,1.1343033265643547,6.6992536897776915,29.217137233583458,2,4.780814379828146e-17,1.2530354024035087e-15,0.7766527106594231,0.22334728934057813,sample_2961,uniform,test,79.77247439238474
4.2372605403825205e-17,5.814942435562405,medium,13.989979302035819,9.60142642339776,23.591405725433514,2.6419874595451187,1.04808546513789,1.04808546513789,nan,65.52656790415902,1,4.1559765305074523e-16,2.710684007670929e-15,0.5930116867496983,0.4069883132503044,sample_2977,uniform,test,65.52656790415902
4.65127599352899e-17,7.477225938768172,deep,61.3105058573781,12.243753753480773,73.55425961085878,2.094519986838606,0.9820520759352055,0.6539263573101901,4.935585071701225,5.727416320779441,3,3.649249193162088e-16,1.2316648864213215e-15,0.8335412004925797,0.1664587995074215,sample_2987,uniform,test,68.78201600585722
4.1644817911552486e-17,6.2527305009091245,deep,42.45936500661079,13.939193160315513,56.39855816692619,2.2398780411751336,1.114388178770593,0.9134959782299152,5.9497899122574065,22.27047659624741,3,2.5468368390196804e-16,1.9212861237108632e-15,0.7528448667240971,0.24715513327590483,sample_2993,uniform,test,72.45011004292871
