sample_id,proposed_coarse_dice,proposed_coarse_iou,proposed_coarse_precision,proposed_coarse_recall,proposed_coarse_volume_error,proposed_coarse_mse,proposed_coarse_mae,proposed_coarse_mass_error,proposed_coarse_peak_error,proposed_coarse_assd,proposed_coarse_hd95,proposed_coarse_component_recall,proposed_coarse_fp_components,proposed_coarse_localization_error,proposed_coarse_separation_success,proposed_coarse_weak_recall,proposed_final_dice,proposed_final_iou,proposed_final_precision,proposed_final_recall,proposed_final_volume_error,proposed_final_mse,proposed_final_mae,proposed_final_mass_error,proposed_final_peak_error,proposed_final_assd,proposed_final_hd95,proposed_final_component_recall,proposed_final_fp_components,proposed_final_localization_error,proposed_final_separation_success,proposed_final_weak_recall,proposed_stage2_marginal_dice,proposed_final_relative_l2,proposed_detail_cosine,proposed_detail_relative_l1,proposed_detail_relative_l2,proposed_detail_energy_recovery,proposed_boundary_energy_le_0.2mm,proposed_boundary_energy_le_0.6mm,proposed_coarse_leakage,proposed_coarse_preservation_relative_l2,b4_final_dice,q_only_final_dice
sample_0002,0.9138602977915459,0.8413837519551015,0.8932408673569054,0.9354541734860882,0.04725859247135843,0.0025155806951112276,0.028629921638274814,-3.5021428507208583,0.587343692779541,0.1536953538204837,0.39999961853027344,1.0,0.0,0.1664119313785322,1.0,0.9354541734860884,0.9273647748467893,0.8645667726550078,0.9679608410279228,0.8900368248772502,-0.08050327332242226,0.0023055227914399526,0.02804908616912215,-3.5021428510982746,0.4862327575683594,0.13440801428108445,0.2828431170851686,1.0,0.0,0.06170704038810459,1.0,0.8900368248772504,0.01350447705524338,0.6290050712424019,0.5433975732334634,0.7416409502183754,0.8459479721211177,0.6478432248032994,0.51040259488111,0.8416205358061042,4.905144348325585e-18,7.132039920694323e-09,0.9317142406560479,0.7582055945267169
sample_0006,0.8365856729195517,0.719078021859106,0.765729430744411,0.9218923418423972,0.2039400665926748,0.003459864673543978,0.03496021194653983,-5.801921764881503,0.48068201541900635,0.2585492395226704,0.6633254756499797,1.0,0.0,0.25830995856680766,1.0,0.9218923418423973,0.8453260728639957,0.732090725353694,0.7933803845217813,0.9045504994450609,0.14012208657047726,0.003482432983378175,0.03460277815303768,-5.801921764601485,0.463772177696228,0.24729155273460202,0.6324561351905607,1.0,0.0,0.23015136461415747,1.0,0.904550499445061,0.008740399944444088,0.9002933208660026,0.247255452236659,1.1289456540200042,1.0216231870412076,0.5710597063177127,0.34547077109157454,0.7030749916225285,4.22864301095918e-18,8.998020657631595e-09,0.8447856206702864,0.5254744525547446
sample_0022,0.6937987489381419,0.5311576209057585,0.5743511059966756,0.8759750390015599,0.5251560062402496,0.005041832710012914,0.04640957047774947,-12.131959388627616,0.609571099281311,0.35319767180333084,0.7999997138977051,1.0,0.0,0.5201343350539418,1.0,0.9353478566408995,0.7033589037014969,0.5424468696151636,0.5689842149656584,0.9208268330733228,0.6183697347893916,0.005388064028029347,0.045929160697762546,-12.131959389484322,0.48030102252960205,0.34755645977051,0.8246200148885449,1.0,0.0,0.3848074042142258,1.0,0.971890372452565,0.009560154763355033,1.3276769000465385,0.1331054601000417,1.430125008368579,1.2502958809840203,0.895310716913487,0.27278364529653487,0.6408220224798287,4.273691928340238e-18,8.90378088846363e-09,0.6900601754513158,0.5063386334336055
sample_0032,0.8533651992907255,0.7442345189269145,0.942604104572937,0.7795619409817591,-0.17296992745968026,0.007741515280299297,0.06929294317560936,-7.599953287456824,0.6994638442993164,0.2503009006132699,1.0000001239776795,1.0,0.0,0.531124495720075,1.0,0.7862332134732516,0.8844639442006975,0.7928600242033077,0.945861405197305,0.83055144728502,-0.12190999366152545,0.007831801403833376,0.06865000761090133,-7.5999532879195275,0.7056933641433716,0.20228103306683184,0.7483315283311025,1.0,0.0,0.4378790669148844,1.0,0.8387025757686946,0.031098744909971998,0.961948865868713,0.268097027949283,1.0481907388775031,1.0575268808532776,0.7042611256493334,0.41684632851196174,0.7650081548234666,4.8170121140285305e-18,1.0798016741977646e-08,0.8853704876504117,0.8650135720049886
sample_0038,0.6356884785226816,0.4659408562601147,0.8507723304231026,0.5074100777056797,-0.40358888087799405,0.0064963670173474606,0.04638406696117336,-5.464282564267771,0.6045255661010742,0.5269639376685942,1.8110773014484798,1.0,0.0,0.5404207066950937,1.0,0.5573134038629526,0.7336272040302267,0.5793137742416707,0.8364960508770128,0.6532884723223583,-0.2190178642954418,0.006855951806347349,0.04603832852534558,-5.464282563988688,0.6963800191879272,0.4008243285786939,1.4560214407675487,1.0,0.0,0.4970922936939485,1.0,0.7165874017276521,0.09793872550754512,0.9598965399001684,0.15086200798254057,1.1551051210883116,1.1651464747870997,0.767567491306086,0.3498459328169262,0.711412380205316,3.6860593278746285e-18,7.931419176161199e-09,0.7310132318288926,0.5775583035936592
sample_0079,0.5887382435568584,0.417171542323005,0.4287493328589219,0.9392049883086514,1.190568978955573,0.008597045688991571,0.04017454737529753,-2.7645918679143877,0.6514229774475098,0.5974379390807021,1.612451549659844,0.5,0.0,3.431690168472936,0.0,0.9873383620689655,0.5885449759462649,0.4169774919614148,0.4268223109667793,0.9475837879968821,1.2200896336710834,0.00923037150997813,0.03938109299997683,-2.7645918680769026,0.7535144090652466,0.6041399748981372,1.6124519045259496,0.5,0.0,3.429112982771614,0.0,0.9859913793103449,-0.00019326761059357267,1.2282910922866035,-0.026112204935611644,1.6097126362640162,1.283983702169517,0.7796768460470493,0.142886331602577,0.337488788710068,4.100785076823883e-18,6.390420076472345e-09,0.5847275334608031,0.566417791898332
sample_0096,0.8253640122236203,0.702655138113092,0.7427208023293431,0.9287014563106795,0.25040453074433655,0.005697113886570892,0.05232460037247372,-7.153635620888807,0.6642513275146484,0.2512881274038625,0.6324553812445446,1.0,0.0,0.2946858893349493,1.0,0.926926298157454,0.8139586574794399,0.6862818590704647,0.7261838661061314,0.9258697411003235,0.2749797734627832,0.005824143585253586,0.05153080224539452,-7.153635620773616,0.7595951557159424,0.27730441179876864,1.0,1.0,0.0,0.38134635693353147,1.0,0.925251256281407,-0.011405354744180474,0.9940582664429768,0.2804235586788387,1.0657100489647477,1.0677221103180232,0.748042930737007,0.37156801634346365,0.7089397272480227,5.549308463949782e-18,8.50884702556103e-09,0.8114083572849878,0.7244953205971073
sample_0100,0.38666022232962777,0.23966446974236064,0.23966446974236064,0.9999999999999996,3.1725,0.00789604004456544,0.06412845065301848,-44.97835203184614,0.6942037343978882,0.6909395408388365,1.2806248623820635,1.0,0.0,0.38644292849323647,1.0,1.0,0.3559035501379126,0.2164736443338023,0.2164736443338023,0.9999999999999996,3.6195,0.008389332142297498,0.06385288782281992,-44.97835203277783,0.7197893857955933,0.7563869984161656,1.2806243708828495,1.0,0.0,0.3027734268287026,1.0,1.0,-0.030756672191715184,2.652764701388416,-0.20427684948036037,2.8216840360821376,1.6163376707196961,1.0819099553894431,0.04917777139932958,0.1474704627142245,4.7534946455530166e-18,8.835277467240084e-09,0.3596798849024368,0.3253619651862697
sample_0108,0.8687097335887167,0.7678928736339848,0.9034770010865627,0.8365191146881287,-0.07411133467471495,0.004399268437370149,0.04342061146412702,-5.0048336204267,0.5569701194763184,0.23172315266149512,0.824620778175153,1.0,0.0,0.5119968003767392,1.0,0.8365191146881288,0.8868782019500909,0.7967485710043797,0.8743075920495273,0.8998155600268275,0.029175050301810865,0.0043832580213623165,0.04279350716002977,-5.004833620202244,0.6045355796813965,0.20978127452996825,0.5965672501260212,1.0,0.0,0.3077996065322169,1.0,0.8998155600268276,0.0181684683613742,0.7851718779167155,0.33643281828599536,0.9885940317412009,0.9887096577125856,0.6376533827798467,0.4039958576246839,0.7954884762540854,5.779649629034021e-18,1.0889489630359945e-08,0.8826034817847248,0.7967359050445104
sample_0113,0.8068088221835819,0.6761773278110139,0.7314968469963491,0.8994082840236685,0.22954499081820037,0.0045710402278291914,0.048204606698058095,-14.080540703919628,0.6056469678878784,0.1881420756653595,0.5999992211664128,1.0,0.0,0.291250402410778,1.0,0.9300314465408805,0.7921964814492247,0.6558984713008363,0.6910803829205286,0.9279738828810445,0.34278718628851257,0.004678851732207966,0.04739541930687304,-14.080540704086594,0.6036238670349121,0.20441730100074795,0.5999999046325684,1.0,0.0,0.27128896654495155,1.0,0.9944968553459119,-0.014612340734357132,1.2655442172194604,0.35434907893257894,1.130869888155237,1.0835227828602834,0.9016925640656884,0.365233890810964,0.7426581784178675,3.719170439230771e-18,9.537367952757427e-09,0.7866794525324731,0.6359479423144564
sample_0122,0.6329253500937259,0.4629778996612356,0.837956204379562,0.5085046066619417,-0.3931608788093551,0.005733976591336376,0.04215573696011522,-4.978938916101001,0.6773344278335571,0.5688683987922675,2.0880614113966613,0.6666666666666666,0.0,1.9507674763657628,0.0,0.04318181818181818,0.6276453968761662,0.4573492852703542,0.7879801900682638,0.5215272856130403,-0.3381467044649185,0.005882862934722174,0.0418800997056937,-4.978938916387186,0.7334860563278198,0.5575368379831964,1.7999992052714557,0.6666666666666666,0.0,1.9418574469399046,0.0,0.11085858585858586,-0.005279953217559696,0.9350522895573354,0.07169902194602516,1.1271428191808088,1.0703789696144488,0.4600955826168233,0.3660105113871788,0.699812784338226,4.779430228840776e-18,7.887809891105438e-09,0.6143355534411672,0.5496349641571141
sample_0128,0.5795249691641102,0.40797969452731886,0.6093781177253076,0.5524602026049205,-0.09340328027013989,0.010634096714241155,0.05583992151491902,-4.405400606675106,0.4688307046890259,1.0877270015984053,5.582293064491281,0.6666666666666666,0.0,3.0423110906090147,0.0,0.6201842546063652,0.5732727272727273,0.4018096087676819,0.5762061403508771,0.570369030390738,-0.010130246020260492,0.01115529066931721,0.055392173541868456,-4.405400606182411,0.512549877166748,1.0534450649430882,5.047969992351906,0.6666666666666666,0.0,2.967696163242168,0.0,0.6614321608040201,-0.006252241891382959,1.0622967049609466,0.051522287708309175,1.256447246682219,1.1740758407544651,0.6688622475148978,0.2655246801638175,0.5308692829340913,4.6410349041731755e-18,9.88080890055556e-09,0.5782971212951129,0.6190549961270333
sample_0130,0.7995300519416274,0.6660142165447613,0.8798312465977135,0.7326609247506798,-0.1672710788757933,0.004578102785988305,0.043754134748979816,-7.136167764584098,0.6108690500259399,0.30708282109559976,1.01980386531239,1.0,0.0,0.5873756619004208,1.0,0.03009259259259259,0.8539899139721151,0.7451853385794159,0.8961524094135225,0.815616500453309,-0.08986854034451495,0.004619146287771282,0.043213830807584425,-7.1361677645499695,0.6331547498703003,0.22757596046751694,0.8000001907348633,1.0,0.0,0.5459642213669866,1.0,0.10416666666666667,0.054459862030487693,0.9371263337494187,0.33801789018274614,0.9722816591576712,1.0302696793990993,0.757197692144526,0.466548231387364,0.8427719104207722,5.791787035586175e-18,8.335326747442851e-09,0.8497249985214974,0.7577417106442298
sample_0158,0.8114188325521942,0.6826785202179523,0.6971738175428319,0.9704443538524254,0.39196901752955565,0.005572045479062109,0.05542487027368601,-16.668798846926112,0.6765046119689941,0.26763811860835957,0.5776957406762968,1.0,0.0,0.1313006131077915,1.0,0.9892590968873302,0.7977779620263659,0.6635862068965517,0.6723969252271138,0.9806359559722787,0.4584182633509988,0.0058325158821595745,0.0552340027096137,-16.668798846450702,0.6862585544586182,0.28694218046747966,0.6000003814697266,1.0,0.0,0.10440268557820072,1.0,0.9947391494958352,-0.013640870525828297,1.4122585949458037,0.057223938852382444,1.544799882359849,1.2823794479950283,0.8620665494401992,0.2670040371625761,0.6737050882620699,5.666295352899332e-18,1.1137301872777234e-08,0.8001660440016604,0.7398790847172265
sample_0163,0.7927238365225608,0.6566217908578584,0.6960092922923753,0.9206540825285336,0.32276119402985076,0.006251912856291406,0.054486610143847675,-8.063008044640899,0.703488826751709,0.258352826965084,0.5999999046325684,1.0,0.0,0.3428922375213232,1.0,0.9686135371179039,0.7693698580598499,0.6251836614751689,0.6541122213681783,0.9339332748024581,0.4277875329236172,0.006648284264766763,0.05371198391536993,-8.063008044133513,0.8013502359390259,0.2865664432203901,0.6324550796671088,1.0,0.0,0.3954734668990032,1.0,0.9710698689956332,-0.023353978462710923,1.106363827661438,0.17719326675230002,1.2204486355212034,1.1850556855948975,0.8373102501295975,0.2877153380958874,0.6717419466697225,4.13149953715663e-18,8.251487289187292e-09,0.7663442069741282,0.589790301949688
sample_0180,0.5724597881522164,0.4010113224139826,0.4010113224139826,0.9999999999999998,1.4936951754385965,0.004034695120013694,0.026801735507747664,-6.165293266217143,0.5420074462890625,0.6170206950774136,1.1999998092651367,1.0,0.0,0.33806109640678206,1.0,1.0,0.6348432055749128,0.4650331801939765,0.4652706843718079,0.9989035087719296,1.1469298245614035,0.004326017554465334,0.026637231199747508,-6.165293265762633,0.5708698034286499,0.5129402866160493,0.9797957413790622,1.0,0.0,0.25166330974528783,1.0,0.9989035087719298,0.062383417422696374,1.4104794312294417,-0.10624154513164145,1.726299429825835,1.3148902608074255,0.754120973739432,0.12729765314584215,0.41809271003573073,3.176713863501358e-18,6.873478709436479e-09,0.6201378840752404,0.47882693319305625
sample_0187,0.879802725848912,0.7853998096144693,0.9005696353651464,0.8599719878831309,-0.045079964821992766,0.008729946828202525,0.06761018513111214,-2.944271328004237,0.7019121646881104,0.22547536089109804,0.8246203387035443,1.0,0.0,0.37264565755323037,1.0,0.8249277574832343,0.8693021442495127,0.7688191322097482,0.8338918142651986,0.9078531643920393,0.08869417934269241,0.008978829974894369,0.06629802738080086,-2.9442713280472947,0.793683648109436,0.23890173246895996,0.6000003814697266,1.0,0.0,0.2030782530218859,1.0,0.8695272885884084,-0.010500581599399261,0.7004604946074923,0.26880212332469544,1.0090134537900353,1.0644902948464467,0.722006458394583,0.3490361406302718,0.7119399145508092,4.9630283297619366e-18,9.42249162510832e-09,0.873085304861797,0.8615222728867065
sample_0189,0.8095166314943222,0.6799898704258642,0.7107689592800106,0.9401295442609559,0.32269358697555,0.006621927442645381,0.04979450597032971,-3.145489551687623,0.6606975793838501,0.3332014125497128,1.4000000953674316,1.0,0.0,0.6125675893140596,1.0,0.7763157894736842,0.7772780510658234,0.6356948542089735,0.6492779712753884,0.9681391141973508,0.4911011262181245,0.0068851658656439,0.04849508324128399,-3.1454895516665524,0.6282066106796265,0.39077263666820733,1.8110766168965513,1.0,0.0,0.7270108758270587,1.0,0.875,-0.03223858042849881,0.8209937265256471,0.20818052868408604,1.132550390862449,1.085583712305754,0.6791700497423858,0.2718795870400854,0.6049352873505667,3.2426396726480146e-18,7.677728331556231e-09,0.7763006729033317,0.6655577733422045
sample_0192,0.48039156444498154,0.31612851916653406,0.4149702474162229,0.5703012912482065,0.37431850789096127,0.007390040772626616,0.0458645708631398,-8.321947995651064,0.5032225847244263,1.4155492550253816,8.957894814268844,0.3333333333333333,0.0,4.982919456640079,0.0,0.4310897435897436,0.4763244830539581,0.3126154340319601,0.4152090443686006,0.5585365853658536,0.34519368723099,0.007676013352507714,0.04569570152515,-8.321947996088326,0.5307103395462036,1.3736336279463852,8.438363775770634,0.6666666666666666,0.0,4.964784300165953,0.0,0.453525641025641,-0.004067081391023464,1.3592567711735115,0.0856083929282879,1.276730726462506,1.1525525211733005,0.6650099039745512,0.25069755515865483,0.4782235117621306,3.483710670047701e-18,7.55467752798485e-09,0.48070521513993336,0.4184009946483594
sample_0207,0.788546533653239,0.6509094699536144,0.9092828540225699,0.6961150437545287,-0.23443509280419153,0.004916954394329903,0.032963250308951926,-2.1781770003358814,0.7061547040939331,0.47196237875417857,3.6981094660414526,0.5,0.0,3.7705107501995108,0.0,0.7927426830883326,0.7541340726804634,0.605309171832777,0.9245710585950144,0.6367538041357784,-0.31129814391616967,0.0053448892809525896,0.032887266616251534,-2.1781770003229184,0.7150446176528931,0.5283104146060166,3.8652212521470983,0.5,0.0,3.76204383708155,0.0,0.7359290160243677,-0.034412460972775616,0.7069619940335944,-0.02969750323517649,1.2016273784170268,1.1628996405669165,0.5646235511866453,0.3325646485772907,0.6857957083112581,4.454202920793625e-18,8.363302791038602e-09,0.7641814441069854,0.5584903084903085
sample_0234,0.6272659548050658,0.45694645441389287,0.5443965517241378,0.7398945518453426,0.3591095489162273,0.005874126815425218,0.042080857454137255,-5.836809154180625,0.6356192827224731,0.5073361017767404,2.126029041432979,1.0,0.0,1.082364598447181,1.0,0.5825968728755948,0.6140589569160998,0.44306282722513085,0.5009248982611912,0.7932044522554187,0.5834797891036907,0.006226344658376929,0.041658311738344674,-5.836809153821761,0.5783281326293945,0.5464350157403621,2.366432211460679,1.0,0.0,1.146561959246007,1.0,0.6390210740992522,-0.013206997888965955,1.1062794608008868,0.10480023710594144,1.4106603321101647,1.191970595789698,0.7618976354607876,0.20864517134811444,0.43310492985592114,4.670959153551431e-18,8.93332872253654e-09,0.6175251082649958,0.6141732283464567
sample_0240,0.8531347793244848,0.7438840797892359,0.9573746669895857,0.7693655118723237,-0.19637991436356558,0.006319251809598411,0.05772705593900362,-5.598369031582013,0.7144486904144287,0.2275310914818377,0.5050565612495931,1.0,0.0,0.30146468823629774,1.0,0.7181742043551089,0.9086601194972873,0.8326096532628531,0.9652028012839217,0.8583755027896717,-0.11067860386661477,0.006096187256206057,0.05656138259209415,-5.598369031483104,0.8324408531188965,0.1503248290488856,0.3464109874207043,1.0,0.0,0.14528723047793715,1.0,0.7757537688442211,0.05552534017280253,0.8145570473779621,0.5028352190199262,0.7338562779105456,0.9028846520649886,0.7636875765353056,0.5336713549919814,0.8457759677429414,3.943350649509935e-18,7.938688358732613e-09,0.9072986433110081,0.7123592175459396
sample_0248,0.8524125294476922,0.7427865424824178,0.8787101996762008,0.8276431718061674,-0.05811589291765503,0.006859739225008667,0.052159464879581174,-2.778215935786223,0.7149505615234375,0.2394087825285764,0.7211095673884683,1.0,0.0,0.4377415563179663,1.0,0.5094775774387424,0.8544578216064694,0.7458981761847757,0.8154663381962354,0.8973652998983396,0.10043205692985428,0.00724934542672979,0.05111966269236836,-2.7782159360089325,0.7795488834381104,0.2440882684176124,1.0770328197526593,0.6666666666666666,0.0,2.210081742604905,0.0,0.6773000462320851,0.0020452921587772455,0.7177444322280252,0.2948825791999361,0.9846848867003852,1.1101295401049274,0.8599872874878626,0.37516409566003417,0.6878169207604915,4.579145845518344e-18,8.939592873394057e-09,0.8528459234070116,0.7409802146644252
sample_0260,0.6014630724521495,0.43006592146746914,0.6676307007786428,0.5472283005105761,-0.18034281546316558,0.006343046645020403,0.04085791148515448,-4.765440797925034,0.6622978448867798,0.8080854879206989,5.936497353732375,0.6666666666666666,0.0,4.328725730802354,0.0,0.44195156695156695,0.6534521370372135,0.4852795470629865,0.6843996406827028,0.6251823486506198,-0.08652443471918307,0.006612624784463112,0.04057591418894755,-4.765440797416292,0.6895896196365356,0.7472239866600365,5.936329071231785,0.6666666666666666,0.0,4.307893348620376,0.0,0.5876068376068376,0.051989064585064027,1.0057111216382997,0.03623933050920806,1.1916472314380733,1.1233809483256498,0.5493650891072245,0.2878230946156008,0.6200832822672305,4.711936509776236e-18,8.31716512543716e-09,0.6397984886649875,0.4372835004557885
sample_0276,0.8019784332947153,0.6694190284906641,0.6950108124806919,0.9478618074573413,0.3638087212976617,0.006172786092618366,0.055923401056499025,-8.034817643882477,0.6610596179962158,0.2736881032166737,0.8485270668946058,1.0,0.0,0.33533137532476787,1.0,0.89140625,0.8363235901436241,0.7186908517350157,0.7409545491503373,0.9598693911944384,0.2954497577417316,0.006162108134169932,0.055016168551155,-8.034817643453534,0.5410767793655396,0.22840563868890928,0.6928204882091161,1.0,1.0,0.2009996997088449,1.0,0.9208333333333333,0.03434515684890882,1.0434942908455893,0.3756201699923131,0.9514398263948848,0.9940863069693425,0.7352006169148328,0.34822361042908323,0.6956577731990748,5.12481982784481e-18,8.548907184561317e-09,0.8443735035913806,0.6468904864940322
sample_0280,0.5042735042735041,0.3371428571428571,0.33770569997615063,0.9950808151791982,1.9465917076598735,0.003051010009743371,0.030013581028900865,-25.658276118706926,0.41481828689575195,0.5533671143896297,1.0,1.0,0.0,0.371516643475867,1.0,1.0,0.5261187043624789,0.35696138211382106,0.358601327207759,0.9873506676036536,1.753338018271258,0.0031723241313817586,0.029951898051157083,-25.658276118138385,0.5212901830673218,0.5232908020912364,0.8944282572403175,1.0,0.0,0.3699219213920193,1.0,0.9962321024868124,0.021845200088974726,1.933910452882831,-0.08516787934803587,2.2275048668347472,1.3104775782946136,0.7660694852486757,0.14029001838900254,0.3930011087284615,7.433045266440885e-18,1.0272651039939086e-08,0.508991825613079,0.20989748506527028
sample_0290,0.7314198004604758,0.5765656761204143,0.7754344854520601,0.6921333953056007,-0.10742505228910063,0.007372147828069972,0.05245015958479739,-3.86744363853838,0.7157301902770996,0.3698713757848815,1.1489132431661084,1.0,0.0,0.5882458377872852,1.0,0.7055225445648374,0.7371425373551962,0.5837100062040238,0.7110007556946993,0.7652800371833605,0.07634208691610504,0.007980571685764982,0.05183008893933065,-3.867443638190163,0.745233416557312,0.36067923331303864,1.1313704452889313,0.6666666666666666,0.0,2.763217647304312,0.0,0.8079342887102412,0.005722736894720359,0.8819650311441621,0.1814097782327406,1.1662861621652068,1.1825776248681599,0.8382197556822837,0.29998496754782017,0.6077044427711433,4.082873167231017e-18,8.211842331228002e-09,0.7241732392417324,0.6374954591988375
sample_0297,0.5116764761723942,0.3437938512565378,0.990262722763182,0.34495999999999993,-0.651648,0.007718794280038773,0.03612715875395512,-3.3477358952289373,0.4412485361099243,0.8046787456021098,1.8973669982055748,1.0,1.0,0.6795072266191269,1.0,0.3738095238095238,0.5498427963750694,0.3791608213238107,0.9905047476261868,0.38054399999999994,-0.615808,0.00802012141769303,0.03610392959896013,-3.347735895184725,0.41680681705474854,0.7447182764165383,1.8000011444091797,1.0,1.0,0.5011177382591101,1.0,0.41358543417366944,0.038166320202675186,0.9279626404819767,-0.15236326542454162,1.2869999913663048,1.1564014204925912,0.4480356102973494,0.21105374418008127,0.5635795585932573,6.626428273540558e-18,9.402726152902801e-09,0.5609901443960578,0.655028618152085
sample_0300,0.6361276677562008,0.46641291323042217,0.5245342845818469,0.8080351691293197,0.5404811332275004,0.006630174086163647,0.047351708830324156,-7.001015991173346,0.6600306034088135,0.4418285942921881,1.1832152795793058,1.0,0.0,0.44145386012721116,1.0,0.6940737833594977,0.6236733225400252,0.4531433799503332,0.49362853278280056,0.846745634387593,0.7153498595677128,0.007171276206620608,0.04695315784919891,-7.001015991327189,0.5710476636886597,0.4659845737353933,1.3416406372265666,1.0,0.0,0.5005505392791179,1.0,0.755298273155416,-0.01245434521617561,1.2120842914866061,0.023147337157064855,1.5347859402164112,1.2801888061229074,0.8227842413453705,0.16089589364848825,0.39936620087649094,5.123991452545612e-18,8.342836224638846e-09,0.6277510238984653,0.5148244916505736
sample_0308,0.7882657184418943,0.6505268774176336,0.7173113693190174,0.8747982062780267,0.21955156950672647,0.005432145579221638,0.04592243763759977,-5.315412985615259,0.6992102861404419,0.3066962662917409,0.8717802700415546,1.0,0.0,0.3382702694689056,1.0,0.9328836424957841,0.7717882991556092,0.6283837701798538,0.6656912472363116,0.918116591928251,0.3791928251121076,0.00572961769210812,0.04528209005043356,-5.315412986481265,0.6488045454025269,0.3365403327159513,1.019803678282069,1.0,0.0,0.31345964230369106,1.0,0.9258010118043845,-0.0164774192862851,0.9284861333523037,0.15442142324986075,1.2272054781505919,1.1477629485440153,0.7385496300751797,0.33582091121341356,0.6236364709310586,4.6720562614520426e-18,8.788009736988942e-09,0.7713007883565798,0.752700444299515
sample_0322,0.7444510277562554,0.5929287062581675,0.7331238779174146,0.7561336913248772,0.03138598277937228,0.0064835593615009774,0.051625716297757196,-6.658965033368386,0.6605582237243652,0.3982588473268871,1.820435004957117,0.5,0.0,2.49532746005853,0.0,0.022410358565737053,0.7407859196654178,0.5882922778854137,0.6995803505307331,0.7871493380242569,0.12517359503749653,0.006765637053360094,0.05123779134114189,-6.658965033319014,0.6332820653915405,0.3868153100779729,1.5748014900208571,0.5,0.0,2.492274433701691,0.0,0.05826693227091633,-0.003665108090837532,1.0251145516179765,0.15922461940960245,1.156033867578365,1.133397163714716,0.7159486175834681,0.34060399241780126,0.7310378097297519,4.548259899986656e-18,1.0200858923399013e-08,0.7397212391313847,0.6818687925889636
sample_0328,0.816768577054617,0.6902864149951825,0.7091056325355406,0.9629765395894427,0.3580156402737048,0.006708304455180459,0.06130692931445362,-10.842441893037588,0.7105752229690552,0.2779163204027105,0.721110360893658,1.0,0.0,0.2545118047441398,1.0,0.9779665898617511,0.8304773882513231,0.7100994712787883,0.7270391779062298,0.9682306940371456,0.3317448680351906,0.006894737839694107,0.06072240963092486,-10.842441892175266,0.7124254703521729,0.2611497410807248,0.6633244404931026,1.0,0.0,0.15450158666436817,1.0,0.9821428571428571,0.013708811196706083,1.1888473712899728,0.22528026443080734,1.1317727687004546,1.1263571598063196,0.7904631100559831,0.3559586909048259,0.7532722681308097,3.975102994530991e-18,9.308221425478105e-09,0.8257836092887639,0.763264721333397
sample_0335,0.7739719669544229,0.6312840702604481,0.6420760819343908,0.9740654205607474,0.5170560747663552,0.0033197214695556707,0.033922295673693675,-10.095255801924266,0.6967499256134033,0.30402845344230667,0.6324540241422548,1.0,0.0,0.2698303771257211,1.0,0.9740654205607476,0.8075854803179771,0.6772690763052208,0.6843044960233727,0.9850467289719624,0.4394859813084112,0.0034593272201325124,0.033633036080622805,-10.095255801583177,0.8039723634719849,0.2636470123693174,0.4898978706902273,1.0,0.0,0.19565271687050967,1.0,0.9850467289719627,0.033613513363554115,1.1644583809991917,0.19177531619662117,1.2200905329784633,1.1516290541217118,0.7942927434960994,0.30781444658441054,0.7533721836071019,5.2834171355363385e-18,7.194247004001953e-09,0.7841098941897159,0.6409837341427348
sample_0347,0.5821976672805401,0.4106338759958434,0.6418516513264753,0.5326892833071218,-0.17007414064255225,0.00581642933025064,0.04997690252889725,-16.800936917989112,0.7271133661270142,0.9566261197082176,4.583011614211465,0.5,0.0,2.7742239750803175,0.0,0.0,0.5990876837303598,0.42764109985528215,0.6870095902353965,0.5311166030105593,-0.22691529993259943,0.005922307250019135,0.04973146908473709,-16.8009369184269,0.8034652471542358,0.9465322623033914,4.6307668556571135,0.5,0.0,2.7702497539971844,0.0,0.0,0.01689001644981969,1.4940554074903571,0.12964845437841346,1.2759644014109368,1.096917522043756,0.5987292276886444,0.30628594237935036,0.6870858167403118,4.355355951228408e-18,8.957509430741328e-09,0.5852511754516209,0.5395736339132565
sample_0350,0.6326012581392781,0.4626311541565778,0.6024805549716207,0.6658921933085501,0.10525092936802974,0.00532163919953876,0.047367557472341226,-16.185599271203028,0.6278579235076904,1.7505769224394727,10.923826652913819,0.6666666666666666,0.0,4.241990995733073,0.0,0.0,0.6465015409199861,0.4776522179119581,0.6354049809288758,0.657992565055762,0.03554832713754647,0.005376786215342836,0.04705185089583188,-16.185599270981385,0.6858628988265991,1.7510149011434633,11.02986927754089,0.6666666666666666,0.0,4.258875420330392,0.0,0.0,0.013900282780707984,1.4476890402333065,0.2626728806315477,1.1705755642470292,1.049640718219083,0.6758830929481658,0.37409025099538556,0.7151289947010175,5.245486436478374e-18,9.355919943458927e-09,0.644807494573289,0.5319265053665635
sample_0378,0.7375422223769892,0.5842113973630496,0.6319746971414931,0.8854515050167223,0.40108695652173915,0.007797494961671246,0.05978877863048411,-6.43441566891813,0.6951191425323486,0.38807177443651114,1.019804045329895,1.0,0.0,0.47461007310573844,1.0,0.9938725490196079,0.7255817169726515,0.5693434617471513,0.6185816188174261,0.8773411371237457,0.41831103678929765,0.008229338367707374,0.059168482523033576,-6.434415668356886,0.6651895046234131,0.40897952092594797,1.1313701081139924,1.0,0.0,0.5287601717827111,1.0,0.9967320261437909,-0.011960505404337685,1.0744022358373435,0.031795809050486984,1.3780284378658505,1.1971444093028925,0.6907083299501464,0.21254191199795616,0.5453655427564775,4.83375391648737e-18,8.19540696506477e-09,0.7311664536630859,0.7469484284406469
sample_0382,0.6864048338368579,0.5225390984360625,0.5302040272036271,0.9730788056779244,0.8352912383749388,0.006204896409678468,0.055766390405886136,-19.369159892315896,0.688610315322876,0.34187428855925117,0.8246209169536083,1.0,0.0,0.25235224309341864,1.0,0.9607142857142857,0.7277833137059515,0.572059242381088,0.5777362289659139,0.9831130690161525,0.7016642192853647,0.006449366873438124,0.05516683029678832,-19.369159891651684,0.6401894092559814,0.29366261330884,0.6928202129068357,1.0,0.0,0.17604487758875748,1.0,0.9764285714285714,0.0413784798690936,1.6272691591727524,0.22630606453357138,1.3508883029718584,1.207414764675019,0.9397938701756181,0.26422114611669056,0.6333774952536624,3.679591391956509e-18,8.726865245585906e-09,0.7047220040150125,0.5958503798947983
sample_0386,0.6545896867804857,0.4865353567969002,0.5659980467282698,0.7760609806345281,0.3711372064276885,0.00690103228196952,0.04760840424127306,-5.819332981691087,0.669068455696106,0.4089296996729461,1.3564658278916648,0.6666666666666666,0.0,2.0383353744142525,0.0,0.9431030862901533,0.6486930545182973,0.4800486349065989,0.5087863167760075,0.8947259991759372,0.7585496497733828,0.007491254501116634,0.04722905131704326,-5.819332981288872,0.6335231065750122,0.4361053541842913,1.6248081270063013,1.0,0.0,2.050176559543734,0.0,0.9905521730002099,-0.005896632262188395,1.1377908199178592,0.15211194020284885,1.3687569543935958,1.2467378464134773,0.9120417396132868,0.2525509605496382,0.5315384136100308,3.847638553798924e-18,7.82694126299192e-09,0.6462836450517042,0.40391696677861855
sample_0396,0.6988310624674261,0.5370794232089723,0.6550352432130643,0.7489028963536263,0.1433016835554137,0.007230229062711627,0.05477790061764232,-5.7238119229745665,0.6857912540435791,0.41777858946522917,1.732627472996586,0.6666666666666666,0.0,1.8673426398366857,0.0,0.9665224750799323,0.6671954205317425,0.5005950840879689,0.5875136645208308,0.7718822309103964,0.313811537540892,0.007863907522415545,0.054469713556664405,-5.723811922627038,0.788494348526001,0.42495121161539406,1.1489122636862785,0.6666666666666666,0.0,1.9024891085661062,0.0,0.940944141433139,-0.03163564193568358,1.025986656093848,0.10579259322669933,1.3381958458759382,1.2313343279595534,0.8319993819537355,0.21631366637114233,0.5039610370948213,3.642790264778671e-18,8.77237918578746e-09,0.6739828139558961,0.7061913203335303
sample_0397,0.7504428959489784,0.6005671077504725,0.8478783026421135,0.673093220338983,-0.20614406779661018,0.006487433356816546,0.049061997737145806,-4.963646145212208,0.5012425184249878,0.41706710885896686,1.4696937094027704,0.3333333333333333,0.0,2.923903597966229,0.0,0.7060707748627212,0.7773169502693903,0.6357468932285062,0.8615001288770512,0.7081214689265536,-0.1780367231638418,0.006681971072508468,0.04839574599487568,-4.963646144998185,0.557914137840271,0.3760621066164183,1.403553513209403,0.3333333333333333,0.0,2.928874063723484,0.0,0.7481696156192801,0.0268740543204119,0.8897555431405466,0.14698313712627414,1.077048052117933,1.083118669151404,0.5882881269731933,0.36217098169368905,0.7313734640208448,3.2176511589304972e-18,7.913362963631118e-09,0.7785442988915587,0.7237810487580497
sample_0401,0.6604943820224719,0.4930881760837471,0.537842190016103,0.8556124825337679,0.5908244061481136,0.00744653000493808,0.05412958906460356,-7.994584829968289,0.7357180118560791,0.4710498613017226,1.019803912070773,1.0,0.0,0.5363975276879228,1.0,0.9027939464493597,0.6463172402610564,0.4774510391088219,0.49574031465704865,0.9282720074522588,0.8724965067536097,0.008351610392459598,0.053801264704537485,-7.994584829945825,0.5944371223449707,0.4937822131398998,1.00000009536745,1.0,0.0,0.412958248540423,1.0,0.9812281722933643,-0.01417714176141549,1.2772888720641367,-0.011760301558737378,1.7099581305052933,1.4096815160366638,0.9818896777338594,0.16633136288978284,0.44567479302935487,3.844955155223967e-18,8.764713128072151e-09,0.654223166149322,0.6253532498990715
sample_0409,0.6494076349275998,0.48083170890188426,0.539620807000486,0.815277267719427,0.5108336393683437,0.0045384191478665716,0.037916827956115326,-8.453206017433127,0.6152051687240601,0.42878518964529977,1.0198033322745657,1.0,0.0,0.44563607776254127,1.0,1.0,0.6739146622980117,0.5081985624438453,0.5668295127145183,0.8308850532500917,0.46584649283878077,0.004832159060479724,0.037464536211942706,-8.453206018081554,0.5367953777313232,0.40117157507035334,0.9165142649342194,1.0,0.0,0.42013375346118875,1.0,1.0,0.024507027370411882,1.2200617889371654,0.05405899242995892,1.46777094717246,1.2271333455372213,0.7673461873184648,0.21423118899211793,0.5874493432905038,5.1204144558753125e-18,9.992950714297338e-09,0.6717157005534518,0.3893642776641483
sample_0418,0.5451146315064449,0.3746787501690788,0.41006661732050326,0.8127934272300468,0.9821009389671361,0.007602074707225984,0.06178168642239238,-26.28470173568486,0.7118810415267944,0.4262774239435335,1.2806246315251821,0.6666666666666666,0.0,1.581783246504192,0.0,0.23958333333333334,0.5450047573739295,0.37457494114569706,0.40326668544072086,0.8403755868544599,1.0839201877934272,0.007884673734590154,0.06159474248966348,-26.28470173545279,0.6214044094085693,0.42562889698314493,1.496663184101811,0.6666666666666666,0.0,1.5953889981466052,0.0,0.37202380952380953,-0.00010987413251539735,1.9701173873138944,0.14870012235078456,1.5244460357969623,1.2522502357580851,0.9169724564506905,0.22156904644450692,0.4710098126944637,7.03408677137727e-18,9.435876792631718e-09,0.5378342499525886,0.5096381816307596
sample_0436,0.37426546313685105,0.2302131465196005,0.2302131465196005,0.9999999999999997,3.343800582712852,0.008317437149355527,0.04665895814900495,-14.82933926976625,0.6283137798309326,0.8595920685176062,2.2891055116748773,1.0,0.0,0.2943629803187254,1.0,1.0,0.34988956221328654,0.21204008786381107,0.21204008786381107,0.9999999999999997,3.716089349303982,0.008914955232793809,0.04630931196683582,-14.829339271470845,0.710516095161438,0.9671839806038888,3.401176596937823,1.0,0.0,0.22978155897977376,1.0,1.0,-0.02437590092356451,2.2003950667615473,-0.15751219526597293,2.784526648353225,1.565195280039621,1.0568379833545973,0.0587648514862489,0.16970745315463412,3.659732566557795e-18,1.0076916440060213e-08,0.3376694359422825,0.3132036847492323
sample_0438,0.5259389738053298,0.35679592938092664,0.3739797979797979,0.8859111791730473,1.368874425727412,0.0064896855974412365,0.03684336943710247,-6.953737601149847,0.6537646055221558,0.567926206363034,1.612450839927335,0.5,0.0,3.2089735832625355,0.0,0.9956395348837209,0.5188901081674243,0.3503386960203217,0.3568604901890318,0.9504211332312402,1.6632848392036754,0.007142608323504763,0.03668103397847872,-6.953737600749117,0.7626726627349854,0.5982932486792522,1.7087994542817615,0.5,0.0,3.214840690759064,0.0,0.9963662790697675,-0.0070488656379055215,1.51452646641595,0.03955073544527658,1.9229828550757517,1.4569475741323106,1.099862243656088,0.20239888080139612,0.4313939514533734,3.642457171719883e-18,7.905288806745661e-09,0.5176100628930818,0.37269391243150857
sample_0447,0.7631688672689366,0.6170356219799976,0.619052987598647,0.9947463768115941,0.6068840579710145,0.00587387467580923,0.05430937451108249,-13.680127681766395,0.6873161792755127,0.3573058932661144,0.6324546574633796,1.0,0.0,0.21066470493567982,1.0,0.9947463768115942,0.7301587301587301,0.5749999999999998,0.5749999999999998,0.9999999999999999,0.7391304347826086,0.006411610236118678,0.054118585773559796,-13.680127681533396,0.867644190788269,0.4137871846714055,0.6633253318785721,1.0,0.0,0.1431918421064337,1.0,1.0,-0.033010137110206506,1.3959313195916596,-0.10189443350488865,1.7875481973711498,1.4404674246513485,0.9398967533751739,0.16100350430142565,0.5617356634361703,3.905824050062142e-18,7.699250931173194e-09,0.7294117647058823,0.7808410830384329
sample_0449,0.745489443378119,0.5942472460220317,0.6878394332939786,0.8136871508379887,0.1829608938547486,0.005722230157919332,0.052358206137786086,-10.343016165967867,0.7105587720870972,0.3449252051596533,0.8246196563690025,1.0,0.0,0.47765968419196647,1.0,0.7951602959309494,0.7247597451679084,0.5683319220999152,0.5907410667136067,0.9374301675977652,0.5868715083798882,0.006703118900209393,0.05285668649838799,-10.343016166169532,0.5473114252090454,0.35313962981415975,0.9999996185305645,1.0,0.0,0.46563971799375137,1.0,0.9341861898890259,-0.020729698210210534,1.2532334663330402,0.05343036651696891,1.7437004886890521,1.5766689521261976,1.2735696162195824,0.23609910433588077,0.4865384714530525,4.6137921954930945e-18,9.225801391551302e-09,0.7301848499808019,0.5604528301886792
sample_0456,0.652975495915986,0.48475398475398473,0.8609230769230768,0.52593984962406,-0.3890977443609023,0.00849692146639761,0.05530688017465024,-5.021034417289932,0.6923985481262207,0.467873587381692,1.7204656797811055,1.0,0.0,1.288268904461675,0.0,0.26588114754098363,0.7280145395200475,0.5723450166209832,0.8921007181165347,0.6149122807017543,-0.3107142857142857,0.008627271419936336,0.05476345549470099,-5.021034417547936,0.6968177556991577,0.37243186503691483,1.2806246687601688,1.0,0.0,1.2522229307378538,0.0,0.4707991803278688,0.07503904360406144,0.952292405011614,0.27402266321546104,0.9707266852497899,1.0453375828713631,0.683679937188519,0.3844810349064857,0.7235397638033064,3.544643624844336e-18,8.989668131657084e-09,0.714736130921102,0.7093258085041636
sample_0458,0.8088940320714166,0.6791117279666897,0.7276918500892325,0.9104949758094528,0.2512095273539263,0.006432669698726707,0.06114212066000323,-17.158256563643956,0.7314901351928711,0.2627890564702683,0.5656869085187075,1.0,0.0,0.326876430399023,1.0,0.9880063362751754,0.8255701895277866,0.7029540481400437,0.7261938400678156,0.9564570152586526,0.317082247860067,0.006656699377562737,0.060895904964701625,-17.158256563056465,0.8771917819976807,0.24822326025793423,0.4898990386984194,1.0,0.0,0.15747037258826463,1.0,0.992305951572754,0.016676157456369967,1.4415532000056273,0.13634895072203226,1.3087281175174197,1.211721099082406,0.8341018140801648,0.3920012836676006,0.7983619245355076,4.4276061180239995e-18,9.364274269286989e-09,0.8270042194092826,0.8059994643335415
sample_0469,0.7006596894995288,0.5392426324629713,0.7102061337355454,0.69136648394675,-0.02652701644479248,0.0067209123478558135,0.05531339895669001,-7.714231808156089,0.6830027103424072,0.34809206451009556,0.871778957315184,1.0,0.0,1.6923616979220022,0.0,0.5406862745098039,0.7152062461784489,0.5566700834675647,0.6883657763693978,0.744224745497259,0.08114722004698512,0.007047720644831889,0.05472237642327114,-7.714231808242171,0.3816744089126587,0.3391573089428341,0.7483324586441733,1.0,0.0,1.6677424643647563,0.0,0.6151960784313726,0.01454655667892002,1.0758059253040244,0.1268379275586804,1.1561424967499427,1.1425113086817031,0.6937770339298647,0.32205103318503214,0.6961338576552257,5.079785916541095e-18,9.25533094890956e-09,0.7079210264665499,0.6208040842373963
sample_0472,0.8760876840696118,0.7794982505769373,0.9681028106508874,0.8000458435207822,-0.17359413202933985,0.0034409296051096418,0.032608625536314516,-3.2626275232689648,0.6491489410400391,0.21079142328943407,0.6928207635116154,1.0,0.0,0.3316213391787267,1.0,0.8000458435207825,0.8938319005091395,0.8080434618576925,0.9848261909141068,0.8182304400977994,-0.16916259168704156,0.003464380581074501,0.031780719256134064,-3.2626275234260733,0.5878698825836182,0.18276205868072598,0.4898978706902273,1.0,0.0,0.13288157326179365,1.0,0.8182304400977995,0.017744216439527727,0.6663864964936668,0.37884616761628037,0.8549522288774057,1.0118064149641133,0.78784083760609,0.5338167537528243,0.8550393686960382,3.184402729723887e-18,6.810243847094058e-09,0.8883574575204531,0.8443645435867332
sample_0473,0.6938532623914869,0.5312215254328134,0.5666342690526557,0.894736842105263,0.5790376455719057,0.007430795014625355,0.05317149173861036,-5.747399868006798,0.4681720733642578,0.42502684438835614,1.0770328197526593,1.0,0.0,0.5365738303117317,1.0,0.892770105605199,0.6824465440079562,0.5179649758454107,0.5392393126571668,0.9292227137311545,0.7232102554843369,0.00803386272211051,0.0528853088753386,-5.747399867824765,0.5917716026306152,0.458604429471579,1.2806243708830625,1.0,0.0,0.4801467112168916,1.0,0.8862713241267263,-0.01140671838353069,1.1030651373148557,0.009472762161672352,1.452072888987264,1.2566586907567172,0.7705777472178451,0.18081801298176492,0.48579526294916325,5.007909857307754e-18,8.756729247472805e-09,0.6892973117739614,0.5144619713736843
sample_0511,0.6603952355170546,0.49297767000101034,0.7477394636015324,0.5913222639680038,-0.2091867652405769,0.007139055643631245,0.05616793146907761,-10.190428453567108,0.6892892122268677,0.6800541411278492,3.458322443811243,0.5,0.0,6.269403273485505,0.0,0.0003224766204450177,0.6847503373819163,0.520623845680279,0.7724158928299588,0.6149557629378256,-0.2038540782935402,0.007244214168620116,0.05579800419300607,-10.190428453628924,0.761752724647522,0.47959502986029373,2.4331057960350835,1.0,0.0,0.7820456769829777,1.0,0.05191873589164785,0.024355101864861672,1.2136469827662792,0.23101743302026329,1.0588729444860527,1.0627433674890565,0.6585598513850969,0.36180441277083697,0.7649524731167836,4.6279635635689205e-18,9.251283530875473e-09,0.6878390895858144,0.6290345925604284
sample_0521,0.8291930104047394,0.70822348839187,0.7829275171570931,0.8812698412698411,0.1256084656084656,0.0053908477489322225,0.052090407277819474,-7.7646164916545795,0.6604663133621216,0.2356766785175452,0.6000016530359028,1.0,0.0,0.35872620542825295,1.0,0.7958333333333333,0.8445098784194529,0.7308672420879572,0.7660692745131827,0.9408465608465607,0.22814814814814816,0.005497927662113855,0.05121720187980422,-7.764616491284368,0.7091587781906128,0.2221140430142039,0.4898982600259046,1.0,0.0,0.26433611712941535,1.0,0.80625,0.015316868014713547,0.9879469842419186,0.33212534768389895,1.0004285091433975,1.0576152090581363,0.8105155409416992,0.37863497679491903,0.7547491214276225,3.88771231818782e-18,8.407830524217281e-09,0.8423058599333015,0.7525722200237436
sample_0525,0.683086134167914,0.5187022112006612,0.6302573760200878,0.745581464428932,0.18297935541363433,0.007508097022355065,0.06415119352554788,-13.896690201728788,0.7249366044998169,0.6876724269853396,4.758150200847009,0.6666666666666666,1.0,2.416072004267145,0.0,0.0,0.6538652130822596,0.48573532118534873,0.5608330676867495,0.7839001930788652,0.3977424624981435,0.00784759069800795,0.06382104719697385,-13.896690202417066,0.8084018230438232,0.7266969864120876,4.6130240868870445,0.6666666666666666,1.0,2.3732366573318937,0.0,0.0,-0.029220921085654328,1.3983435967525586,0.06124481006722678,1.3935344216778864,1.1893693677985384,0.7080449490728266,0.23173125935645575,0.5917141167022192,6.642572032791273e-18,8.402313441534228e-09,0.6578473386746164,0.6347779724274506
sample_0535,0.8017514506425546,0.6691027926322044,0.7208424017411342,0.90311973694763,0.252867110433876,0.004349158575646192,0.031902385887478873,-2.5250031125314654,0.6200075149536133,0.3292680742419105,0.7211108898968429,1.0,0.0,0.36148021857189183,1.0,0.9109417652411284,0.8198182014155858,0.6946541646371164,0.7425800572767508,0.9149891731494104,0.23217579597401555,0.004612391201391055,0.031091463766477784,-2.5250031132842796,0.6442394256591797,0.30388174488378317,0.7211100038162789,1.0,0.0,0.27538513912844054,1.0,0.926410373066424,0.018066750773031215,0.7877661010928907,0.1461872837637983,1.1433911325103105,1.124627854109108,0.6811251606918522,0.36528016377187317,0.7230720999908704,3.2577450852159366e-18,6.933533339615413e-09,0.8182012086740135,0.6893613568124645
sample_0536,0.8174370385354505,0.6912418747861785,0.8175197248634432,0.8173543689320387,-0.0002022653721682848,0.004746399849696488,0.05033210220877367,-15.28148902802841,0.6688365936279297,0.21372466472046941,0.6000001430513748,1.0,0.0,0.2500820393608881,1.0,0.7933052434456929,0.8396575209184665,0.7236290457823242,0.8089613798275215,0.8727750809061487,0.07888349514563107,0.004750623545090173,0.049798134939807906,-15.281489028039033,0.4092528820037842,0.18910839361574389,0.5656848854695771,1.0,0.0,0.26949238392463815,1.0,0.8593164794007491,0.022220482383015994,1.2696561212080708,0.4088585926923861,0.96867320811028,1.0039486938605762,0.8272822162161475,0.43710644840234175,0.7922073161641199,4.252668004169513e-18,9.09902489159489e-09,0.8432285603414822,0.7503552026744671
sample_0541,0.7567127746135068,0.6086387434554973,0.6536407084621871,0.8983771251931992,0.3744204018547141,0.003328151845460562,0.031177994736993217,-7.44864571556879,0.7091530561447144,0.3396485227963887,0.7483333889570705,1.0,0.0,0.5212104701753781,1.0,0.9392482517482518,0.806472491909385,0.6757049891540129,0.6937639198218262,0.9629057187016999,0.38794435857805254,0.0035383737068990636,0.030742154645722233,-7.448645714978605,0.8357399702072144,0.2754606239529827,0.5999984741210938,1.0,0.0,0.2724831098634432,1.0,0.9925699300699301,0.049759717295878136,1.0709143774582237,0.22107955572719773,1.277569257180774,1.1906856260312675,0.9041669805843722,0.3384071833041951,0.7233473952688111,3.0809095027009583e-18,6.798301041430944e-09,0.8009222451900142,0.6637583449005221
sample_0566,0.6764238808532556,0.5110577858486283,0.8043278554659589,0.5836172418900902,-0.2744037920308102,0.010025203619187425,0.06686343704176795,-7.491183071643407,0.7007852792739868,1.2489653181693714,8.346243774576635,0.3333333333333333,0.0,5.770443884332941,0.0,0.9856696935300795,0.6718928768168143,0.5059026226788335,0.7851837179360205,0.5871722707746999,-0.2521848615019997,0.01001955026068106,0.0661800713422795,-7.491183071966697,0.7365126609802246,1.1927532334214295,7.994979834254846,0.3333333333333333,0.0,5.7235507852657745,0.0,0.981838819523269,-0.004531004036441244,1.1157710672837398,0.2997134874167784,0.9834706490221803,0.9977138009312593,0.5917083557076867,0.37440350885976176,0.7041040164350445,4.459567520052394e-18,1.0901749340732142e-08,0.6734867860187553,0.623585726718886
sample_0585,0.7828980202961238,0.643247676325861,0.8963809523809523,0.6949202598936798,-0.2247489663319551,0.006694189677253071,0.05433783737894198,-5.874654561620312,0.706062912940979,0.3127032096637796,1.0770323327481484,1.0,0.0,0.48540875947252865,1.0,0.4639479905437352,0.8185029716138149,0.6927676938229913,0.9362936198535703,0.7270378027170702,-0.22349379799173066,0.00676091659003846,0.05364198579043913,-5.874654561460003,0.7068918943405151,0.26680731924631385,0.8485280025544442,1.0,0.0,0.31098196318440213,1.0,0.5184692671394799,0.03560495131769115,0.9151227454027732,0.3122773571518507,0.9228156062884768,1.0283976713989724,0.706128748324425,0.4387447552366657,0.7976706932631639,4.4093837307525216e-18,8.179960741876156e-09,0.8172892919544055,0.7386500120105693
sample_0603,0.8652282046111446,0.7624689017888874,0.895256642092085,0.8371488033298646,-0.0649063475546306,0.0046409261737909435,0.046900208976134554,-8.880817861463637,0.7191815376281738,0.20323488971932957,0.4472148749891313,1.0,0.0,0.36918675608363305,1.0,0.9125155666251556,0.9071330679370879,0.8300489669174727,0.9102815979043876,0.9040062434963578,-0.006893860561914672,0.004507215861103317,0.046214069776329046,-8.880817861477917,0.6879252195358276,0.14940747616766525,0.34641093236042325,1.0,0.0,0.15868867252174085,1.0,0.975093399750934,0.04190486332594334,0.9917393035283729,0.5154930515450664,0.7598455731415942,0.8970040765300716,0.7807276637336155,0.5348676146714999,0.8552288758348737,4.049059545231148e-18,7.598930029706957e-09,0.9038225211823296,0.8317620190900041
sample_0610,0.8401805869074491,0.7244063838069287,0.8731623396934625,0.8095997679814384,-0.07279582366589327,0.005513888736989448,0.05697900852520966,-12.627585875197374,0.5236579179763794,0.20777612492853173,0.5656852226444656,1.0,0.0,0.25436166670683574,1.0,0.7884087791495199,0.8646759364789909,0.7616115647169053,0.9082202713487628,0.8251160092807424,-0.09150232018561485,0.005445629601110023,0.056458943410075235,-12.627585875179413,0.4642667770385742,0.18067885615231621,0.4472135955000088,1.0,0.0,0.2079605403394572,1.0,0.806241426611797,0.024495349571541758,1.1510003512627864,0.4048720413023021,0.9182312368206836,0.9417143989695703,0.6301438306033821,0.49578312664980567,0.8338149110031651,6.516513693838298e-18,9.007974103640781e-09,0.8541984732824426,0.6436438497169326
sample_0626,0.6105126080265183,0.4393797392860185,0.49672510113658247,0.7919226044226043,0.5942874692874693,0.0061071003310603925,0.047202492751222465,-9.034412568366557,0.6669285297393799,0.45597159017799527,0.894428043993071,1.0,0.0,0.41192421582442473,1.0,0.9888888888888889,0.6280597647557487,0.45778944929327253,0.4794531629186215,0.9101658476658475,0.8983415233415234,0.00687815613900755,0.04690470584020181,-9.03441256888404,0.8021458387374878,0.44463417171449504,0.9797952255089041,1.0,0.0,0.42654386861081256,1.0,0.9666666666666667,0.01754715672923035,1.3311556893393992,0.0676765990130468,1.7044815941294382,1.4177222754895944,1.0749087333660785,0.21931017132805228,0.5514641024644494,4.75646283518299e-18,7.854098587052718e-09,0.643067204008278,0.4521276595744681
sample_0633,0.7703969128996692,0.6265411342748262,0.766383328763367,0.7744527569963977,0.010529232474369632,0.0059961627201712405,0.05821960644128661,-24.512077790528444,0.7114452123641968,2.352247974964387,18.441908139625493,0.5,0.0,9.912710565979783,0.0,0.0,0.7608132078046117,0.6139616824487997,0.7494623655913977,0.7725131615405928,0.030756442227763924,0.0060715613897510175,0.057927965220879674,-24.512077791619667,0.931486964225769,2.359604507986817,18.402828102684254,0.5,0.0,9.919105533998971,0.0,0.0,-0.00958370509505746,1.6799903521102146,0.23942795370207348,1.2859093870272749,1.0942541468880198,0.7441237858580252,0.44968147340817055,0.8259986772655078,4.512806282704445e-18,9.257519836034651e-09,0.757146746528723,0.6822237474262182
sample_0646,0.7952986327656513,0.6601624721248804,0.7753975678203927,0.8162481536189068,0.05268340718857706,0.006150391853060986,0.05448856962629498,-7.690246797248808,0.6310046911239624,0.559542735063948,6.651315462177142,0.6666666666666666,0.0,3.2171622897788557,0.0,0.0,0.8070387222583341,0.676500350276329,0.763506984099095,0.8558345642540619,0.12092565238798621,0.0062686369860145445,0.05371183803602589,-7.690246796957184,0.7271045446395874,0.5394303163265364,6.4899930643594965,0.6666666666666666,0.0,3.1089746226779447,0.0,0.0,0.011740089492682793,1.0176457657842697,0.26054129303010237,1.0436233407703206,1.0567787031721538,0.6902656149529086,0.41160911998644717,0.782944701403375,4.241133694670474e-18,9.049468647626764e-09,0.809609943880154,0.6955011135857461
sample_0647,0.7313527180783818,0.5764823119083208,0.7909083141074937,0.6801381438753765,-0.14005437578073335,0.005705548970350547,0.04060102117907817,-3.841099488291863,0.5763194561004639,0.550073205767482,3.9410641254474803,0.6666666666666666,0.0,2.4982683005308606,0.0,0.0,0.7481635699414699,0.597652817873729,0.8037643484132342,0.6997575134102432,-0.12939966198839004,0.005862529934206406,0.04001973231277067,-3.8410994881828455,0.5005083084106445,0.5263109706123072,3.8470759694884578,0.6666666666666666,0.0,2.4512536518515478,0.0,0.0,0.016810851863088172,0.8501184916727952,0.14572699475586343,1.0623832200530308,1.0634505710591093,0.5358083633016054,0.36931868382200506,0.746142745898804,4.158295177810027e-18,8.005152308558309e-09,0.7429673053468151,0.6236266407389403
sample_0652,0.6435348545440288,0.4744204867333372,0.7716972261401033,0.5518794970075986,-0.28484970748436556,0.009522150714888501,0.059145784004341326,-5.758179207288096,0.699001669883728,0.6741466091384047,3.3823077396584487,0.6666666666666666,0.0,2.0565972594089454,0.0,0.09043778801843318,0.653267460139232,0.48507587126896784,0.7366421878956697,0.5868468831954811,-0.20334879967722413,0.009900477388417038,0.05892880052462527,-5.758179206856105,0.7079623937606812,0.5411178293110158,2.6076811138538694,0.6666666666666666,0.0,1.9565734798167347,0.0,0.25172811059907835,0.00973260559520317,1.0568370125063564,0.19462258727904946,1.0854138307898937,1.1344773379017272,0.7646373078712282,0.34251588772165453,0.630948353130185,4.093826479802263e-18,9.450951424307453e-09,0.6574453806576691,0.6520922288642186
sample_0661,0.8799430841287722,0.7856235443573998,0.8145099330479638,0.9568076328004125,0.17470345538937596,0.005630711667433971,0.05763670880880773,-11.185586448349008,0.719994306564331,0.18450504450158017,0.4557506657288675,1.0,0.0,0.24611874672492542,1.0,0.9814565574996261,0.8473303826544905,0.7351025566248662,0.7492321410878826,0.9749871067560597,0.3013151108818979,0.005742242328132105,0.05716763459904672,-11.1855864490518,0.6756258010864258,0.23103453715288116,0.6633254756499797,1.0,0.0,0.39479809016775236,1.0,0.9880364887094362,-0.03261270147428175,1.1144790045559783,0.29007071083147673,1.1291895926823685,1.0870434412115533,0.805632986762651,0.36452762025093766,0.7105160484302226,4.55761063150594e-18,9.936292796086358e-09,0.8534981290395737,0.8296248382923673
sample_0666,0.5641171452942848,0.3928712871287128,0.3928712871287128,0.9999999999999998,1.5453629032258065,0.006266206940787523,0.048804009151739686,-15.598917564960159,0.725306510925293,0.6440700677984963,1.0770328197526593,1.0,0.0,0.13285333428464077,1.0,1.0,0.5016434892541086,0.3347958150523118,0.3347958150523118,0.9999999999999998,1.9868951612903225,0.006980073743737564,0.048897960741600285,-15.598917563941875,0.6798816919326782,0.7648019851134601,1.4282855254596813,1.0,0.0,0.2809374294807279,1.0,1.0,-0.062473656040176184,1.7178854728813142,-0.23621389280130187,2.696280632644853,1.699481587570827,1.158072544644247,0.03662529858605143,0.14532541954263004,5.669809915832859e-18,9.07297271731912e-09,0.49930791493645393,0.4562553925798102
sample_0674,0.7972432699996193,0.6628466506268202,0.7001738897806312,0.925559190168862,0.3218990363363098,0.005948898776498986,0.05095814852626223,-5.8009299403601196,0.6810390949249268,0.28669208630395193,0.7483299990503122,1.0,0.0,0.36842561976104915,1.0,0.8222862632084534,0.7815168257157208,0.6413849958779885,0.6576103362917346,0.9629564141101581,0.46432676155954383,0.006357788983770702,0.05038283007400385,-5.800929940720811,0.7697896957397461,0.32110424912628255,0.7483315283322571,1.0,0.0,0.37558820251991193,1.0,0.7598463016330451,-0.015726444283898466,0.9710745829278642,0.12138748148119405,1.2241477066938897,1.1756220733303617,0.7513257165185072,0.31613223585398265,0.6657016727275964,4.140242081504126e-18,7.32957338224457e-09,0.7823112103424682,0.671806698103466
sample_0676,0.7951482479784366,0.6599552572706934,0.8477011494252872,0.7487309644670049,-0.116751269035533,0.005870858757645842,0.04937764069768656,-5.4835814256879605,0.7219159603118896,0.3072241274945804,1.005801241035029,0.3333333333333333,0.0,2.8119583808574498,0.0,0.6236684420772304,0.8189137275736647,0.6933564013840829,0.8447011213219795,0.7946541878172587,-0.05924809644670051,0.005942717136976547,0.04859799334831442,-5.483581425974155,0.7328482866287231,0.26741533053486316,0.8246201074046184,0.6666666666666666,1.0,2.778039234568158,0.0,0.7170439414114514,0.023765479595228012,0.8892409682556747,0.3075067610444385,0.9646467685957512,1.0296119398230306,0.7007765853561757,0.4125233394872487,0.7898767921548205,3.504110822896032e-18,8.259980769890184e-09,0.817707701637356,0.7191097200486872
sample_0681,0.5819631598467054,0.410400592825073,0.5932203389830508,0.5711252653927813,-0.03724598119502578,0.011505146618317526,0.0584036366327914,-4.502033493164536,0.6468640565872192,1.861481228477451,8.496352059682716,0.3333333333333333,0.0,6.218129843366992,0.0,0.0,0.5718154735036562,0.40037926675094815,0.5673593694016481,0.5763421292083712,0.015832575068243857,0.011911960843736575,0.05800340705497193,-4.50203349333073,0.6856536865234375,1.6507194397117095,7.529273777711673,0.6666666666666666,0.0,2.9773351754525685,0.0,0.0,-0.01014768634304919,1.1010250152927061,0.12866903474017558,1.2310486012470347,1.1362798795512838,0.683365064268103,0.20736215164649993,0.4684914886512881,5.249718928868597e-18,9.393441646979783e-09,0.5768328713715696,0.6654477782493715
sample_0712,0.5052769661916403,0.3380405297590553,0.34352197178530886,0.954924498535046,1.7798061753437007,0.007520493143137261,0.04986826693799386,-13.154533808071909,0.62117600440979,0.598639014385258,1.4000012942727373,0.5,0.0,2.6269418384966245,0.0,0.9180327868852459,0.5159403334308277,0.34765471028774136,0.34839627113288035,0.993914807302231,1.8528284877169259,0.007847111770423219,0.04934815530282428,-13.15453380816867,0.7027206420898438,0.5821793491318885,1.3999996185302734,0.5,0.0,2.621433530916462,0.0,0.9889344262295082,0.010663367239187371,1.7225039969193487,0.04536947043354145,1.7012204752110045,1.2597076619578573,0.8127818644191686,0.11487650369263788,0.3005161475274383,4.161289957839959e-18,7.409410801643335e-09,0.5088633993743483,0.42006485211751987
sample_0751,0.8456652088734095,0.7325996022766235,0.8127424876378851,0.881367817514334,0.0844367446273151,0.006933571087671436,0.05220413192194587,-2.5525003459394475,0.6827141046524048,0.25287989949205386,0.632453722564172,1.0,0.0,0.3154619453313098,1.0,0.9420731707317073,0.8397352952049983,0.7237445832271221,0.7608105844917099,0.9369302479066122,0.23148950212432454,0.007258407504120111,0.050620600156787925,-2.5525003462541105,0.6597516536712646,0.26706747857956126,0.5999994277954102,1.0,0.0,0.24040485480959287,1.0,0.9817073170731707,-0.005929913668411113,0.708724630381756,0.22324136882927753,1.0443444497746417,1.0837467850092979,0.6968908201904689,0.33536115552645335,0.7072802205647004,4.3451508005934936e-18,8.570733901573404e-09,0.8424743951313641,0.7451981932542531
sample_0761,0.7134150253416308,0.5545028423257204,0.5699641209636083,0.9533607681755828,0.6726680384087792,0.004548421199666389,0.035559291233991215,-7.229017400830586,0.677936315536499,0.4443126953773513,1.0770329879909324,1.0,0.0,0.543942292202419,1.0,0.953360768175583,0.7383955272396306,0.5852829021951973,0.5946596858638742,0.9737654320987653,0.637517146776406,0.004882570193182161,0.0351842909209609,-7.229017401610245,0.5834066867828369,0.4032570273414037,0.8944267645038213,1.0,0.0,0.39822231332203684,1.0,0.9737654320987654,0.02498050189799983,1.1851287220159272,0.07000555956205977,1.5043572207805778,1.2909317500843542,0.8893989704127021,0.22358661943420013,0.5368497345024351,4.1042917080055185e-18,7.443668741638014e-09,0.7372881355932203,0.702244704394562
sample_0777,0.8853754940711462,0.7943262411347518,0.8812146472164335,0.8895758200240426,0.009488236304310492,0.007163232627490708,0.05819341390603534,-3.281060633377319,0.707683801651001,0.19675799934140278,0.5656852226444656,1.0,0.0,0.3020026955360592,1.0,0.8008016405667412,0.9025576332227806,0.8224191634529813,0.8578224714755367,0.9522153529108707,0.11003778121243345,0.007112743245526366,0.056643734637219605,-3.281060633310192,0.7354010343551636,0.1725491830914565,0.5999994277963575,1.0,0.0,0.2799549012316307,1.0,0.9303691275167785,0.017182139151634357,0.7157563483381607,0.4107742979858466,0.8434032334643998,0.9838396150801773,0.7804713524600144,0.4274260830480014,0.7813426965724342,4.866474158045857e-18,8.522562294620542e-09,0.9022350367053146,0.8278225520550212
sample_0778,0.7845476494816077,0.6454779154007946,0.9881932021466904,0.6504945831370702,-0.3417333961375412,0.00566447064020864,0.04405044770247341,-3.742411500861386,0.6661462783813477,0.3833760602829437,0.8944263380076759,1.0,0.0,0.29629353071450326,1.0,0.6504945831370702,0.8031396734178989,0.671038763321232,0.9918642894235761,0.674752708431465,-0.31971267074894016,0.006048508471577568,0.04368475531564155,-3.7424115009541383,0.7066432237625122,0.353050854917155,0.6928215894181284,1.0,0.0,0.1907699444540559,1.0,0.674752708431465,0.018592023936291224,0.7729549619621072,-0.017241456282756255,1.195552645160952,1.1750144367181505,0.5999750327312857,0.3931484221738193,0.7554221126779395,5.34714727702745e-18,8.257164015024555e-09,0.8035939029506363,0.814715849843587
sample_0791,0.8264710785130854,0.7042613636363635,0.7514398302515913,0.918148148148148,0.22185185185185186,0.005813213032228575,0.05592485753146372,-15.245354895491579,0.7155985832214355,0.25742610992456005,0.8246205353132011,1.0,0.0,0.31248449873947853,1.0,0.9181481481481482,0.8668911733427861,0.7650555294853745,0.8312372535690006,0.9057407407407406,0.08962962962962963,0.005791621915365083,0.05557931126263143,-15.245354895000302,0.7418984174728394,0.2175664043122923,1.000000238418579,1.0,0.0,0.20937817554746405,1.0,0.9057407407407407,0.04042009482970066,1.3413844111797533,0.44106887022657304,0.9618445516847836,0.9776390639110716,0.8287799579811815,0.431840655531932,0.7889744026924979,3.176798752826509e-18,7.903003068345506e-09,0.8718533461977018,0.8351880432133862
sample_0796,0.8258407327134166,0.70334643324997,0.861560904449307,0.7929645542427496,-0.0796186895810956,0.003453701539688476,0.03576629973036701,-6.72880593192912,0.6680035591125488,0.26890869812768814,0.8246205700040597,1.0,0.0,0.532540534363772,1.0,0.7929645542427497,0.856294536817102,0.7487019730010384,0.9575033200531207,0.7744360902255638,-0.19119226638023631,0.0034413746510786373,0.03551409018114713,-6.728805932269411,0.6138229370117188,0.22246783718553476,0.632454325721632,1.0,0.0,0.2887836634857122,1.0,0.7744360902255639,0.030453804103685367,0.8804327261327508,0.3532886267852378,0.9465090662548028,0.9894815001194223,0.6756029033762391,0.4824177226423956,0.8321476451398137,3.9637365318082636e-18,7.953185433184884e-09,0.8558105107327905,0.7250972475257275
sample_0807,0.6025285972305839,0.4311562984663105,0.432797093928386,0.9912836767036448,1.2904120443740095,0.005102921428409276,0.03532434828071159,-6.480280396743551,0.42084217071533203,0.6178742807648963,1.6248075694079445,1.0,0.0,0.6605066292746165,1.0,0.991283676703645,0.6528209537667834,0.4845836606441476,0.49002085195114675,0.9776148969889064,0.9950475435816165,0.005324508724741309,0.0351451752588777,-6.4802803968145835,0.42188191413879395,0.5210961715955618,1.3564661231758786,1.0,0.0,0.5846810259296991,1.0,0.9776148969889065,0.050292356536199456,1.33024039504932,0.001833587753025506,1.630015551629632,1.217038065179298,0.6955085938902045,0.1331616090474346,0.38199219737586226,4.158839382556252e-18,9.085876983988541e-09,0.6370113614481031,0.44983068971662804
sample_0817,0.6213739015402059,0.45071967100753935,0.45320468642315637,0.9879807692307689,1.1799879807692308,0.004681546786828884,0.043410118128616476,-16.651471836733034,0.547325849533081,0.5164791157085931,0.9999995613101955,1.0,0.0,0.37188907184869036,1.0,0.9879807692307693,0.6401404330017553,0.4707401032702237,0.47386658966214257,0.9861778846153844,1.0811298076923077,0.0048955434237074385,0.0431449283951854,-16.651471835939784,0.5390632152557373,0.4873149020054633,0.9165146187200773,1.0,0.0,0.3241736765605374,1.0,0.9861778846153846,0.018766531461549385,1.5709372151980672,-0.08274490762572041,1.9621578442782814,1.3166686840693274,0.7777567735735911,0.14453841950180843,0.4252857571802612,3.806917879698451e-18,9.217810878293793e-09,0.6276006871540369,0.45356047700170354
sample_0823,0.7865128869012593,0.6481427601590535,0.7440022265516282,0.8341758721837358,0.12120077388753667,0.005837699730547601,0.041351434180609735,-2.472540195268854,0.4444221258163452,0.3892069220623182,1.0198040523439806,1.0,0.0,0.3236696349033354,1.0,0.9171186311206172,0.7721598002496879,0.6288764616166751,0.772304426546794,0.7720152281095923,-0.0003744617112900206,0.005914741057060358,0.04122016416446521,-2.4725401952101627,0.48373591899871826,0.4037582333611228,1.0,1.0,0.0,0.2956898834529247,1.0,0.8627301199297227,-0.014353086651571423,0.7869479080378693,0.1084167382732031,1.1337341113804225,1.039092646360516,0.41085304042342163,0.2985974842639541,0.5833139513611798,5.531512546918739e-18,9.93732971125791e-09,0.7820006080875647,0.748776686360506
sample_0858,0.7605562063872052,0.613627023917153,0.7911831717268055,0.7322120335409209,-0.07453537978718187,0.008188948829568717,0.05721150169567291,-3.788343261118416,0.6658650636672974,0.3578822774232866,1.1313716254006394,1.0,0.0,0.693837249763666,1.0,0.9030322511518268,0.7544567699084431,0.6057250777662568,0.7121647509578544,0.802088952091404,0.12626881773157456,0.008659185274200275,0.056411459713841046,-3.788343260921947,0.6485656499862671,0.37238150260805036,1.0770331739384815,1.0,0.0,0.6890373611725614,1.0,0.9249973213329048,-0.006099436478762099,0.8440107725890401,0.15933776208601128,1.1527515690011325,1.133243540315308,0.7157813298383484,0.28025802210074985,0.6138604351236452,5.083411807760531e-18,8.992155604935067e-09,0.7570190163029732,0.694703557312253
sample_0860,0.7271818531334102,0.571316377695886,0.8563796069908538,0.6318567515200106,-0.26217678893565843,0.00671572826244523,0.0484180688350511,-4.7350680310717,0.5842722654342651,0.3907274884125973,1.9565143125162399,1.0,0.0,0.5190910674202537,1.0,0.626984126984127,0.7359435887919836,0.5822078684674105,0.8277675738854565,0.6624574062938464,-0.1997060199104697,0.00688658407408241,0.04787780477739419,-4.735068031176473,0.44907712936401367,0.3844662037925445,1.6613250251632659,1.0,0.0,0.4915544208795854,1.0,0.6856452726017943,0.00876173565857341,0.8785866117538889,0.173090793864321,1.0712924728808155,1.0695267564980127,0.5900415173146338,0.3761918189422385,0.7091154593603212,5.149507913231122e-18,1.0104307337684647e-08,0.7357481963291091,0.6811024921604225
sample_0867,0.6767676767676768,0.5114503816793893,0.8881952724977203,0.5466436434275848,-0.3845456507662422,0.009977414534553426,0.060212611705588975,-3.8660157749308093,0.6857376098632812,0.46893978318951335,1.6970569042413068,1.0,0.0,0.6668855852092417,1.0,0.5189462287982678,0.72170384346972,0.564582659333549,0.8993171862921926,0.6026764515432765,-0.32985106842218864,0.010068201072180177,0.05901544953745025,-3.866015775016207,0.48500216007232666,0.42414187563301675,1.414213292633496,0.6666666666666666,0.0,2.5585077857739127,0.0,0.577192349332371,0.044936166702043256,0.8539055204961826,0.26285605437491016,0.988617752536694,1.0260609436572303,0.6119897900984999,0.4059485909938538,0.716168773456192,4.850381339240277e-18,9.575018384382409e-09,0.7189117486409863,0.6220696669209255
sample_0870,0.7673430165945966,0.6225113936195731,0.6586511008184759,0.9189978753541075,0.3952726628895184,0.008201242507965353,0.06437102902843554,-7.735617179371245,0.7179484367370605,0.3093280891375627,0.8485283397287968,0.6666666666666666,0.0,2.127775596077601,0.0,0.8966189856957087,0.7818477217339931,0.6418308578357078,0.6706575446598251,0.937234419263456,0.397485835694051,0.008472694734083443,0.06343843676840982,-7.735617179738465,0.784419059753418,0.2985750311493789,0.8485277777721999,0.6666666666666666,0.0,2.0880691949249366,0.0,0.915962288686606,0.014504705139396501,1.1217561810105616,0.21498236576981564,1.105412170114462,1.1181985280159208,0.7595788821458913,0.3186848067876365,0.6877251381171318,4.131735480037836e-18,8.651021674811327e-09,0.7814894725094859,0.7161464565314006
sample_0875,0.5201201908914158,0.3514611035910502,0.443662679666298,0.6284168564920273,0.41642938496583143,0.008397402171778232,0.05783903228007451,-11.151401136093636,0.6819614171981812,1.5833596293183565,7.566635880886926,0.6666666666666666,0.0,2.7849636975315684,0.0,0.9981617647058824,0.5027894796766481,0.33581749049429654,0.41889584519066586,0.6287015945330295,0.5008542141230068,0.00908213262141832,0.05753024451427586,-11.151401135483242,0.680994987487793,1.5537751320310869,7.208327903819071,0.6666666666666666,0.0,2.792485452608107,0.0,1.0,-0.017330711214767702,1.4728268798097097,-0.11034320388976222,1.7620416503609502,1.3753952677562415,0.8403869182852535,0.11594399821530989,0.39007050877194077,4.008835310774356e-18,8.325410762298064e-09,0.5042822884549504,0.4829109381039147
sample_0881,0.6565414811998121,0.4886950151510106,0.771608832807571,0.5713395881185035,-0.2595476310974423,0.011880529473118422,0.06280329438569882,-3.2816552344823813,0.7152407169342041,0.5031861398802027,2.135415936229584,0.0,2.0,3.9581512906158167,0.0,0.31786657859973577,0.6892736034267357,0.525871459694989,0.7024656426839126,0.6765679137306809,-0.03686689765250905,0.0132226294619708,0.06279081640617892,-3.2816552345113514,0.7115135192871094,0.4506186958952792,1.4696937418470435,1.0,0.0,1.3932836933878858,1.0,0.5151915455746368,0.032732122226923566,0.9292921199025104,0.05584743246874173,1.3040730493302268,1.3024743111439931,0.8922434313253642,0.28918811553048895,0.6126073129816914,4.375435019383376e-18,7.928630133812988e-09,0.6845013665290163,0.6285658460336069
sample_0895,0.863294100445939,0.759470062383433,0.785277297512967,0.9585227272727271,0.22061688311688313,0.005884900353098645,0.055569990620588684,-6.254834431392049,0.7081389427185059,0.209288074784083,0.6000003814697266,1.0,0.0,0.26504961584991255,1.0,0.9325775656324582,0.8300496004408928,0.7094741800624154,0.7209789372905696,0.9780032467532466,0.3564935064935065,0.006108426819048891,0.054781212421693974,-6.2548344318114975,0.8393698930740356,0.2637304659530609,0.8485273169662496,1.0,0.0,0.2712352182209174,1.0,0.961664677804296,-0.033244500005046196,0.9120305103746064,0.2752133138392901,1.1066415140692725,1.1058767096526998,0.821753033408402,0.3079893828050356,0.6941698789370738,6.119957661050585e-18,9.476093156464554e-09,0.8278287250913604,0.8115344285214959
sample_0911,0.8568609438263414,0.749568426692065,0.8535213176980952,0.8602268069408389,0.007856264517010521,0.008056861138678241,0.0592698311134854,-2.5569938683582376,0.7000317573547363,0.2747364843858976,0.7211090780609576,1.0,0.0,0.4411465098232312,1.0,0.9897973643191158,0.8795748748440614,0.785036728555729,0.8365950627176626,0.9272100013663068,0.10831397731930592,0.008098217969734006,0.057662814775807945,-2.556993868471285,0.7545788288116455,0.23980378284109388,0.7999992370605469,1.0,0.0,0.3984405178713497,1.0,0.9875301119455859,0.022713931017720013,0.681222360983793,0.328959684327975,0.9281023743824733,1.0113973763946698,0.6910910512256536,0.3731735837392728,0.7188913104775877,4.366389876745633e-18,8.59221582208169e-09,0.8812634417231086,0.746607251367227
sample_0913,0.6674839683138437,0.5009200283085633,0.54513247073321,0.8606517509727625,0.5787937743190662,0.006085586205459531,0.056340124896546606,-19.4803787130663,0.6944772005081177,0.35541837397674303,0.9143055575407962,1.0,0.0,0.584075974211738,1.0,0.9945014662756598,0.6710951839874136,0.5049986845566955,0.5238095238095237,0.9336089494163422,0.7823443579766537,0.006416644030164682,0.056056452535269606,-19.480378713322683,0.6985874176025391,0.36223643459325633,1.1489122512352976,1.0,0.0,0.5131004713038398,1.0,0.998900293255132,0.003611215673569923,1.6179960384512648,0.18612363711482124,1.4120904938605698,1.270141170392503,0.9910463669584286,0.2926446819335531,0.5931306232494027,5.593021568969689e-18,9.53146564828979e-09,0.6842244340702897,0.5299449660084169
sample_0914,0.4614332773944931,0.2999111254746707,0.2999111254746707,0.9999999999999998,2.3343211206896552,0.00798546700730959,0.04883549350073054,-14.611127935273007,0.6143512725830078,0.859044597652837,1.4000009809238112,1.0,0.0,0.1540806538295004,1.0,1.0,0.4576218948406583,0.29669890496363194,0.29669890496363194,0.9999999999999998,2.3704202586206895,0.008409130556834914,0.04855931386295065,-14.611127934798038,0.7061951160430908,0.8769766140596711,1.4000005722045898,1.0,0.0,0.15991617624648805,1.0,1.0,-0.0038113825538347856,1.949492628029321,-0.18360973082786838,2.305711285187286,1.453450543558842,0.8870120585198803,0.038680932828639124,0.13762236116146914,2.9179785227040862e-18,7.207024462414375e-09,0.4575372858375446,0.50466514617458
sample_0920,0.6102967898243489,0.4391562064156206,0.439232781168265,0.9996031746031744,1.2757936507936507,0.004885733496346454,0.035587984685189256,-6.148492279805801,0.37085986137390137,0.5995917778073241,1.356466109114616,1.0,0.0,0.42965622218350774,1.0,0.9996031746031746,0.6480980012894906,0.4793971766501334,0.4800382043935052,0.997222222222222,1.0773809523809523,0.005074255443705312,0.03560039690180923,-6.148492278683475,0.4715390205383301,0.5348967121750172,1.2328825530643077,1.0,0.0,0.31847448070523265,1.0,0.9972222222222222,0.037801211465141704,1.2996335925834,-0.08015015697123336,1.5789195976359736,1.1954828514439937,0.5798523398112965,0.1319359995202852,0.37789826924548386,4.9229644332094956e-18,9.186941082460832e-09,0.632531255889929,0.5556171675723633
sample_0932,0.5462543321780858,0.37575646433156057,0.38887834503700885,0.9175996417375724,1.3596059113300492,0.005651585483842483,0.052144763186681,-33.00811560091125,0.4665665626525879,0.5451690993648971,1.1427728834745137,1.0,0.0,0.7779307354478667,1.0,0.9176190476190477,0.5769438444924405,0.4054259153860747,0.4129468599033816,0.9570085087326463,1.3175100761307659,0.005909858988573826,0.05191035273926904,-33.008115600804175,0.4408971071243286,0.5049179593878061,0.9999999403954487,1.0,0.0,0.573377462012346,1.0,0.9547619047619048,0.030689512314354683,2.1071440743269854,0.0018212430112888374,2.111045326024436,1.3983462207977342,0.9792543456558679,0.15631031572548248,0.4210130590309987,5.069359104832009e-18,9.878290412931206e-09,0.5786366076221148,0.3994963575861138
sample_0942,0.8449279028585883,0.7314936487078404,0.7802826772573296,0.9212522410701971,0.18066473589849677,0.005595468829547841,0.05582717586203655,-11.342872421145652,0.6811670064926147,0.19997477325231983,0.565686824225136,1.0,0.0,0.21391578690253038,1.0,0.8563710040522288,0.8677896886166411,0.7664562669071234,0.807505046906543,0.9378016825265479,0.16135705419942076,0.00550792571134508,0.055140080826080046,-11.342872421409014,0.534609317779541,0.1762640037388862,0.4898974813554009,1.0,0.0,0.15425932663055147,1.0,0.9284106258442143,0.022861785758052755,1.12887308321612,0.4620095008987887,0.8618449838791081,0.9376360262600403,0.7663351433633468,0.429837429868805,0.795484183910913,5.361298040634336e-18,8.47371580617201e-09,0.8687610677510329,0.6955195986819456
sample_0953,0.9060569868623102,0.8282487990517187,0.956346347788503,0.8607923231537313,-0.09991571030279453,0.006881545996859949,0.06511863211674307,-6.434116574588492,0.6547198295593262,0.16908961907504577,0.6324550796671088,1.0,0.0,0.3450601630772625,1.0,0.8607923231537314,0.9255435684647303,0.861406327236777,0.9482383349204189,0.9039097451857614,-0.04674836283472736,0.006783898043181797,0.06431676761331047,-6.434116574610152,0.6389716863632202,0.1388027300412803,0.44721316900383795,1.0,0.0,0.2377113830309727,1.0,0.9039097451857615,0.019486581602420117,0.8590239260168197,0.4380766503434391,0.8820732590036804,0.9326707752278944,0.6866444007462766,0.534843280379942,0.8426280494739532,5.287571001294018e-18,1.145802805670368e-08,0.9273531269740998,0.8916806062881917
sample_0960,0.8783670737828341,0.7831145584725536,0.8190327613104523,0.9469696969696968,0.1562049062049062,0.006576679184269691,0.06223848320096712,-16.93699837290845,0.7267206907272339,0.17274870987728932,0.39999961853027344,1.0,0.0,0.06910840796460213,1.0,0.946969696969697,0.8736545785726112,0.7756542193472507,0.8074686256504437,0.9516594516594515,0.17857142857142858,0.006683199299859701,0.061955990293640247,-16.936998371978067,0.8441864252090454,0.18262059569620173,0.39999961853027344,1.0,0.0,0.0980211892220705,1.0,0.9516594516594516,-0.004712495210222878,1.4221016123772237,0.2942005754253182,1.166852685210479,1.112573175624172,0.8637381507432618,0.3920950151286754,0.7877448273310803,3.9105411362306424e-18,9.91545047562794e-09,0.8787427626137302,0.8745203376822716
sample_0974,0.8211694408877506,0.6965966690803764,0.7293404094010613,0.9394531249999998,0.2880859375,0.005262064217194698,0.05429233708710552,-19.611746133995716,0.6850435733795166,0.196249635066164,0.5999988873804021,1.0,0.0,0.2522876463089897,1.0,0.9434447300771208,0.7891783567134267,0.6517709367759019,0.6692726036709721,0.9614257812499998,0.4365234375,0.005293566662705238,0.05385597549483301,-19.61174613419794,0.5451292991638184,0.22795647083546464,0.7999997138977051,1.0,0.0,0.24908175534159735,1.0,0.9511568123393316,-0.031991084174323836,1.4724625323396465,0.40842424327355425,1.0378286512657107,1.0291970657654665,0.8838787234015903,0.3192603839872103,0.6596772638981432,3.861743520394105e-18,9.586380494077823e-09,0.8025270022416954,0.5426290276589677
sample_0977,0.6588109266202464,0.49121405750798725,0.8499506416584401,0.537856071964018,-0.3671914042978511,0.008490074004563853,0.05013554885444048,-4.412277124195198,0.7334007024765015,1.3928992170522898,8.770176897364978,0.6666666666666666,0.0,3.2962836680861027,0.0,0.0,0.700928264039549,0.5395608607567213,0.8137748781897761,0.615567216391804,-0.24356571714142927,0.008791011077363816,0.04943818517964408,-4.412277123988939,0.7944939136505127,1.2830562811669721,8.285769536895081,0.6666666666666666,0.0,3.2555823453091803,0.0,0.0,0.04211733741930257,0.9598445631390333,0.27362165243906394,1.0070560167687188,1.1014322212902499,0.8102982280223996,0.44368240737243414,0.793686267584062,3.367056369557035e-18,8.011369218488665e-09,0.6983214118831099,0.6230401177769599
sample_0979,0.7723198278953028,0.6290887850467288,0.6391691394658753,0.9755434782608694,0.5262681159420289,0.005701066849320079,0.052390221259410896,-13.081426131385973,0.6121892929077148,0.34710681723397974,0.9165142649348396,1.0,0.0,0.4978571087275754,1.0,0.9755434782608695,0.7847137418288915,0.6457028017496157,0.6501606951553385,0.9894927536231882,0.5219202898550724,0.005890875113014403,0.05192369750516841,-13.081426131592542,0.5875295400619507,0.3252871737224878,0.7999999523162842,1.0,0.0,0.307966557132809,1.0,0.9894927536231884,0.012393913933588685,1.3380440231117132,0.15063210304040636,1.3668749369556006,1.1813591865627169,0.7973929229286383,0.22994495775061263,0.5755473494314134,4.175664502462573e-18,8.258991644087819e-09,0.7890772128060263,0.7051888320269482
sample_1000,0.6348942896660739,0.4650880037054192,0.5026594080470558,0.8615401115401113,0.713963963963964,0.006854283292903711,0.046028878027621144,-5.235575878269692,0.494936466217041,0.4880056106201969,1.2328820270624465,0.6666666666666666,0.0,2.1732520927428323,0.0,0.8996288277141974,0.6275729646697389,0.45727237114555935,0.4888131131849725,0.8763406263406261,0.7927927927927928,0.00724120669290239,0.04543249587880045,-5.235575878247256,0.47874772548675537,0.507723910324666,1.3416411987801238,0.6666666666666666,0.0,2.1885293720182832,0.0,0.9206619239096814,-0.007321324996334977,1.1414433783991182,0.04694709905854963,1.3900342686053866,1.182333320240191,0.6794944176523494,0.21556425596969186,0.4807911297912972,4.305628136391233e-18,7.109858766813886e-09,0.6209850107066381,0.5548464599444403
sample_1002,0.7845267918144256,0.6454496788008566,0.9493700787401573,0.6684592781504685,-0.2958917780118645,0.006405423638782405,0.047118028929646255,-3.77396115528313,0.6474252939224243,0.3683991245749412,1.2806235815084202,1.0,0.0,0.4671219326952306,1.0,0.2757125154894672,0.8130905450222139,0.6850485027414593,0.933141831238779,0.7204080501191994,-0.2279758274657648,0.0067273703859958844,0.04651109478127673,-3.773961155105143,0.664505124092102,0.3269201876503135,1.0198033042205887,1.0,1.0,0.2810031433977608,1.0,0.370817843866171,0.028563753207788256,0.7910256209677015,0.16117753036221555,1.0530151639801115,1.1169100251888249,0.6841174893067995,0.4546644066862173,0.8071677276271715,3.630067514357661e-18,8.075178007066007e-09,0.8141383287099087,0.6905041448749422
sample_1003,0.8031390134529148,0.6710378418883477,0.7520613834173157,0.8616602519244226,0.14573128061581525,0.009035868368345374,0.0629396406944853,-3.4873911121838437,0.7167569398880005,0.30349002529279856,0.8485277777717025,0.6666666666666666,0.0,2.371344776406959,0.0,0.8176785714285715,0.7946144712146168,0.6592201849439131,0.7068143100511073,0.9073215535339398,0.2836773967809657,0.009771059911765433,0.06221173910877465,-3.487391112176447,0.8319010734558105,0.3181707043701003,1.0770319342882275,0.6666666666666666,0.0,2.337725384050227,0.0,0.8317857142857142,-0.008524542238298016,0.8467296461504854,0.15982622572289154,1.1564339588660484,1.2033102231001116,0.8479395270374813,0.3502591812797826,0.6978864061297824,4.5977828742212256e-18,9.660892011309888e-09,0.7977758604160675,0.7303203249524397
sample_1015,0.751484249493609,0.6019020979020979,0.8141505864547861,0.6977754718204812,-0.1429405279200986,0.00968075285836314,0.06615205064923574,-6.287596042114675,0.7027935981750488,2.116103587582212,12.11445419325788,0.3333333333333333,0.0,9.748016753171234,0.0,0.0,0.7508471675509156,0.6010851098810763,0.7950130472600753,0.7113301770542836,-0.10525974447110707,0.009812080210729802,0.06552419742930761,-6.287596042077864,0.6881353855133057,2.0935924874860117,11.948221670890026,0.3333333333333333,0.0,9.697433917666007,0.0,0.0,-0.0006370819426934071,1.0332430056407278,0.21843327161903628,1.050784897803392,1.0507616512609947,0.6080653312739454,0.35509574265998256,0.7215637628905927,4.4955803893244024e-18,1.1620709954167031e-08,0.7490580256217031,0.7228747100622216
sample_1018,0.7726094843223632,0.6294732397339806,0.6351725607158073,0.9859457671957671,0.5522486772486772,0.003148411554365665,0.028411671034135274,-5.217653305946152,0.6267383098602295,0.35207484132675254,0.8485303964969871,1.0,0.0,0.3534454738920703,1.0,0.9859457671957672,0.8188823325234292,0.6933113906194897,0.7057556539428023,0.9751984126984126,0.3817791005291005,0.0031805374678941204,0.02792044131166244,-5.2176533052662375,0.6273947954177856,0.27806078179593546,0.812308978332642,1.0,0.0,0.3889117429268381,1.0,0.9751984126984127,0.04627284820106603,0.9392785404985463,0.3709731603147453,1.0921609226565734,1.028868119437643,0.8139073460230299,0.3505490847011693,0.679438755474678,5.1029545807148954e-18,7.142884881970457e-09,0.8077107772518349,0.6794784580498866
sample_1028,0.7546468401486989,0.6059701492537313,0.6089359014840542,0.9920267489711933,0.6291152263374485,0.007255452812941272,0.06204165060300641,-11.02918166502475,0.5660916566848755,0.3480484024435681,1.0198039588278718,1.0,0.0,0.3316884229087934,1.0,0.9914132882882883,0.6969656102494942,0.53487890705858,0.535766120671781,0.9969135802469135,0.8607253086419753,0.007947933022100435,0.06194816654346599,-11.029181664563774,0.6121379137039185,0.4434890830884983,1.4560224887460602,1.0,0.0,0.4305351376321931,1.0,0.9966216216216216,-0.057681229899204656,1.3094804131901006,-0.014635443697439344,1.770358199342486,1.4332540582028854,1.0122196539513277,0.15361061471083917,0.4289742934424538,5.349234642751142e-18,1.0007647340508922e-08,0.7006139400505598,0.6494464944649446
sample_1068,0.8383184462837008,0.7216422121896161,0.9226190476190474,0.7681333533563597,-0.1674425589427842,0.00665813853101878,0.056679649881383236,-6.335735983857682,0.7328711748123169,0.5285243398768257,6.594539940748496,0.6666666666666666,0.0,3.3259169814957517,0.0,0.0,0.8702037522695178,0.7702306978072994,0.9404377779715705,0.8097311908694999,-0.13898483255744107,0.006631181124895279,0.05598385518456146,-6.335735983851009,0.7936102151870728,0.47352573534274367,6.233938658148173,0.6666666666666666,0.0,3.253862764637639,0.0,0.0,0.03188530598581707,0.9139574417371562,0.38116438449758827,0.9003969076367194,0.9867674102944806,0.7261226573780911,0.5352498879094024,0.8342517663493935,5.0769665778547545e-18,8.920258096491559e-09,0.8763820700115754,0.7660118051273016
sample_1069,0.8025782870690507,0.6702553314358783,0.8585997357992075,0.7534195762043864,-0.12250197060323642,0.009438758715069825,0.06062914603692406,-3.831757370602506,0.7272522449493408,1.0846134271822476,9.097142678069197,0.6666666666666666,0.0,3.7201756372215242,0.0,0.0,0.788536423212081,0.6508956920544079,0.8080685191493503,0.7699262762553902,-0.04720174340427505,0.009510616748529004,0.05962720978960082,-3.831757370631163,0.7893468141555786,1.1006496865469597,8.99088404021943,0.6666666666666666,0.0,3.722572720764706,0.0,0.0,-0.014041863856969705,0.8601209082297988,0.29503575560350254,0.9767547998965143,1.0236668223396759,0.6623773680619037,0.36882344312516024,0.759749172930522,5.037893537899118e-18,1.1583652667358002e-08,0.7888186956728257,0.7751533275888286
sample_1072,0.6661299412285644,0.49939642684693375,0.8087976539589441,0.566246920339447,-0.2998905009581166,0.005850749407671805,0.046511889356866655,-9.441173556289819,0.7300597429275513,2.0721976037601135,16.14930342598127,0.3333333333333333,0.0,8.32218713782938,0.0,0.8683879093198993,0.6667764783396474,0.5001235483073881,0.8370554177005788,0.5540651519299206,-0.33807829181494664,0.005883074083142014,0.04620583716090205,-9.441173555602095,0.8151264190673828,2.0534987954428177,16.180235940653535,0.3333333333333333,0.0,8.254980367627716,0.0,0.8497061293031066,0.0006465371110829787,1.1622842643800215,0.23216373335453389,1.0452661564368568,1.020182020020545,0.5398508358764179,0.44057534062783865,0.7746583393057347,4.131275566301414e-18,9.913517420980707e-09,0.6705615060045439,0.687469606094991
sample_1078,0.8548028872848418,0.7464242424242424,0.9327476522265978,0.7888803484499103,-0.15424032795285678,0.00529186334188906,0.04687052059280989,-4.124751110017117,0.6189379692077637,0.2341958991635053,0.6000003814697266,1.0,0.0,0.21433574740035244,1.0,0.8726310217046056,0.8513710470121683,0.7412063267233239,0.9041105751925707,0.8044452984883422,-0.11023571611580835,0.0054072152703404895,0.04611338652219527,-4.124751110194226,0.6164790391921997,0.23896646637211177,0.5656862341703373,1.0,0.0,0.2617136791356767,1.0,0.8943356273160402,-0.003431840272673514,0.7622678307852252,0.23624939490366176,0.9660116240443661,1.0461179597391586,0.6237756034124097,0.4149345986479071,0.8245833988546014,4.91677485964443e-18,8.278954884198881e-09,0.8529005757381907,0.6912382578992314
sample_1081,0.6531541965871361,0.4849509832024308,0.8528937285743092,0.5292167167167167,-0.3795045045045045,0.006704239885624691,0.04375432325982185,-3.8080308218732917,0.6186916828155518,0.45513385086137215,1.8000011444091797,1.0,1.0,2.9086152769989333,1.0,0.8643162393162394,0.6997690531177829,0.5381882770870338,0.7939494997617912,0.625563063063063,-0.2120870870870871,0.007238726461822329,0.043580331760265344,-3.808030821915763,0.6293610334396362,0.4120818592893092,1.469694351806895,1.0,1.0,2.847091602377118,1.0,0.8544871794871794,0.04661485653064679,0.8716424662837837,0.1639661450924233,1.1806790125921742,1.2009948210169323,0.8490015141398631,0.3522382538118276,0.6990056546509192,3.7178328428831625e-18,8.384704071073734e-09,0.7028400389809272,0.658801986125295
sample_1085,0.793751107436064,0.6580326102923175,0.77794500723589,0.810212817266534,0.04147826611201543,0.006627542333678853,0.04947144221109563,-3.734560137765524,0.6801892518997192,0.3180172671786034,0.8485282722939866,1.0,0.0,0.31071209073567274,1.0,0.7150259067357513,0.8157049443615922,0.6887683440693563,0.7779114928067392,0.8573581720624586,0.10212817266534033,0.006911168611206666,0.048359841674261876,-3.734560137912252,0.7101035118103027,0.28748487462038264,0.6633255906673551,1.0,0.0,0.2415823223317558,1.0,0.8221070811744386,0.021953836925528214,0.8360684889180332,0.17731696583855242,1.061653404478223,1.0991478595667574,0.6667731166471553,0.3253969783317575,0.7110791669459638,3.4506308883755666e-18,7.3044737783005496e-09,0.8077076791321725,0.7870786662855064
sample_1086,0.7853953244024164,0.6466262975778546,0.7610724588494823,0.8113241678726482,0.06602749638205499,0.006643454691307324,0.05922539309924438,-15.999204004803758,0.7294626235961914,1.9614614927633631,15.121507665805405,0.5,0.0,8.512619423782338,0.0,0.0,0.8168939259783955,0.6904654991767698,0.8000346860908775,0.8344790159189579,0.04305354558610709,0.006586705580859838,0.05878057931630276,-15.999204005550133,0.936185359954834,1.9253128492861,15.111585432575962,0.5,0.0,8.422377649225346,0.0,0.0,0.03149860157597906,1.4138396010677212,0.4674093110501794,0.9014691843129303,0.9490918007781015,0.8127304809205197,0.4270300765125687,0.8067885386980228,4.653579591455497e-18,9.354896672761614e-09,0.8150044130626654,0.8059729883964237
sample_1092,0.7743635640413683,0.6318052738336714,0.8899428571428569,0.6853546910755147,-0.22988910403098045,0.006095752077752737,0.05296125307186726,-6.961131122984519,0.691916823387146,0.2645432521506606,0.9165148892613909,1.0,0.0,0.42277052631124173,1.0,0.44025522041763343,0.8037584418126652,0.6719031255113729,0.9052028218694883,0.7227600774511529,-0.20154902305932054,0.006194806946123917,0.052306747236765566,-6.961131122769665,0.726973295211792,0.23793061939790025,0.721110360893658,1.0,0.0,0.37615478654882023,1.0,0.5954176334106729,0.0293948777712969,0.9563933093758075,0.24979683293590416,0.9969131124948021,1.0486399556819648,0.6523439909155367,0.46265964422218997,0.829114754107304,7.441880761177816e-18,1.1390980201963017e-08,0.8025851938895417,0.6783665782039209
sample_1093,0.7780208371955063,0.6366891194854056,0.8325001983654684,0.7302338530066814,-0.1228424276169265,0.007039023068972137,0.054595985907537115,-5.420309305334411,0.7108796834945679,0.33050064726109957,1.232882862476473,1.0,0.0,0.48618696482726037,1.0,0.6618217054263565,0.8191747120438364,0.6937306648146978,0.8819327393851832,0.7647550111358573,-0.13286469933184855,0.007104547081679624,0.05374917040979543,-5.420309305397948,0.6914188861846924,0.2696629138029714,0.979795352043385,1.0,0.0,0.39990344468093303,1.0,0.7079809725158562,0.04115387484833011,0.9107938135949469,0.3261287798172233,0.9491530027616649,1.0287506061895766,0.7319462150765909,0.4047449888696286,0.7462505000488812,3.502656986422284e-18,7.640572261593886e-09,0.8238270640324441,0.7950133231823373
sample_1096,0.8886627751298667,0.799633770239013,0.8271358787757951,0.9600786854894701,0.16072668363804674,0.006662161613171212,0.060502853621763386,-4.7678256037779025,0.66182541847229,0.19765779925111127,0.6000003814697266,1.0,0.0,0.20768461892663473,1.0,0.971820486059341,0.853232824041283,0.7440331759827061,0.7580456670262495,0.9757579264059245,0.28720203656560983,0.006823372589340782,0.05941743227300198,-4.767825603769775,0.6731454133987427,0.25557788931121483,0.8000001907348633,1.0,0.0,0.23516597744216908,1.0,0.9835246757119428,-0.03542995108858371,0.8138182933020828,0.2671133074287892,1.0618115122289498,1.0657872554279901,0.722362681770229,0.35079162462138425,0.7082680713308915,5.056905695628494e-18,9.032964464330712e-09,0.8536263513170583,0.6782285125751686
sample_1112,0.7327276357827476,0.5781927046403529,0.8220206093189962,0.6609329971181556,-0.19596541786743515,0.007645788018677046,0.061974274708976256,-8.431648875154991,0.6381411552429199,0.5628448264005431,4.551922507278461,0.6666666666666666,0.0,2.2778661560101594,0.0,0.556912681912682,0.7579019139921103,0.6101787954830614,0.8252200657545867,0.7007384726224782,-0.1508465417867435,0.007731577453127766,0.06129108045859744,-8.431648874778572,0.638066291809082,0.5268599106421494,4.389532006554626,0.6666666666666666,0.0,2.2445723215597795,0.0,0.6322765072765073,0.025174278209362688,1.0807975768149394,0.2289735613439315,1.0374992304453712,1.0385973877542425,0.5910694404208116,0.45052516139717286,0.7864635890624951,5.086281251686965e-18,1.0972126871773029e-08,0.7580249337390792,0.6279645380495927
sample_1126,0.7885823836404301,0.6509583260066818,0.7227645450995703,0.8675884696508084,0.20037497070541363,0.0054042236860771505,0.054481581587387896,-18.940138928256395,0.5315369367599487,0.2681871293590915,0.5999994277963575,1.0,0.0,0.29992741354163405,1.0,0.898989898989899,0.7626997862160235,0.6164225769294058,0.6742260619150466,0.8779001640496834,0.3020857745488634,0.0056809313568141504,0.054301913605550686,-18.94013892802134,0.4577990770339966,0.3016443878258169,0.721111418900901,1.0,0.0,0.3858337492188669,1.0,0.9101269101269102,-0.025882597424406573,1.4945088214258058,0.10278184049703139,1.461182848364105,1.2665530090478045,0.8868230584594571,0.293955950917926,0.6654511414124658,4.203855314706608e-18,1.0089955053673801e-08,0.7755991285403049,0.7719374456993917
sample_1133,0.8610882487425696,0.7560623092982174,0.7748518762343646,0.9689236468409136,0.2504630582424367,0.006557382397478097,0.06401779403859349,-20.17828212942325,0.7343591451644897,0.18034651809507612,0.5656851889269767,1.0,0.0,0.15543148624568193,1.0,0.9797457444516268,0.8633159388446396,0.7595038659793814,0.7775395778364115,0.97036427248405,0.24799341428277424,0.006594964316054494,0.06368537668145495,-20.17828212952365,0.8537474870681763,0.17680535218395854,0.6324552304560244,1.0,0.0,0.22489977344935133,1.0,0.9795302736479207,0.0022276901020700235,1.5089776554081082,0.37785308683394175,1.1340699379153998,1.0442356567896358,0.8607620452731273,0.38751757871872344,0.7730997055323121,6.596818479115958e-18,1.1248979949573304e-08,0.8587912087912086,0.8055474735719134
sample_1135,0.7617151704742946,0.6151372869245687,0.9061724682354709,0.6569824484901341,-0.2749918238308078,0.008301914189350026,0.06233175083597114,-5.129988515519728,0.6426283121109009,0.3969856329845526,1.5748017110588137,1.0,0.0,0.47966187600097343,1.0,0.6885991058122206,0.7952511525597372,0.6600970436696514,0.8891584125058957,0.719284857734656,-0.19104982012427776,0.008499451389667873,0.06150753874763594,-5.129988515273255,0.584485650062561,0.350944859473201,1.3416407864999416,1.0,0.0,0.42660443525095776,1.0,0.7706408345752608,0.03353598208544262,0.8816065050775312,0.2091068013579275,1.0381598672482568,1.073636336064125,0.6523004796649856,0.41177016545770667,0.758270557929564,5.661438228013469e-18,8.910090913587619e-09,0.7929166920221505,0.7584431236133556
sample_1139,0.5255564082885648,0.35644388923589415,0.35644388923589415,0.9999999999999998,1.8054906542056075,0.005107390847223925,0.03452983827481842,-9.91146690591122,0.5510267019271851,0.67056837316626,1.0392305946624427,1.0,0.0,0.18528991320427882,1.0,1.0,0.5567849007484542,0.3857948139797068,0.38588182228236345,0.999415887850467,1.5899532710280373,0.005522530532655959,0.034322908949358834,-9.91146690773697,0.6128051280975342,0.6170919543199271,1.019803491250822,1.0,0.0,0.18999792280048292,1.0,1.0,0.031228492459889456,1.6449481690355963,-0.17193869731266734,2.0214858015935318,1.419476116192708,0.8500570757094669,0.06589002337000074,0.2568799581030946,3.4706565966342845e-18,7.1657964197506915e-09,0.5402888485518111,0.41485166535218104
sample_1167,0.7501810282404054,0.6002317497103128,0.9177001127395714,0.6343798708528167,-0.3087285682476063,0.006742352651089446,0.05424348804762927,-8.969569275901089,0.712640643119812,1.7661466636932446,10.308735188679643,0.5,0.0,5.828774263003984,0.0,0.9217081850533808,0.76188622948693,0.6153604358759429,0.9126651126651125,0.653863282119795,-0.2835671342685371,0.006736963226397817,0.05383837173129489,-8.969569276393722,0.8104089498519897,0.34434654530239517,2.0,1.0,0.0,0.8201618547897644,1.0,0.9120025881591718,0.011705201246524521,1.121748755630336,0.3918775246646948,0.9378219914699499,0.9965534508113848,0.7748746195119097,0.4664227951006202,0.8027225275535383,4.509401347859988e-18,1.1331552194602788e-08,0.7661870503597121,0.6778314688554974
sample_1175,0.8221625154309781,0.6980271270036991,0.7106452422796886,0.9751937984496123,0.3722652885443583,0.006319643644887249,0.059915463156981597,-15.199155298760193,0.6666855812072754,0.26182728303087127,0.5656855598191532,1.0,0.0,0.045282764256595956,1.0,0.9919966301600674,0.8063330506078596,0.6755092373282803,0.6836869231691237,0.9826012058570197,0.4372093023255814,0.006595344397711141,0.05968874172024758,-15.199155299319546,0.7013958692550659,0.2884033104094236,0.6000003814701055,1.0,0.0,0.12331410782646686,1.0,0.9879949452401011,-0.015829464823118422,1.3805993375844159,0.12327315980284165,1.326144293706961,1.2222099580653973,0.8367109311059847,0.2548831533667684,0.6780233808217262,3.558945816684381e-18,7.986168881482555e-09,0.8029739776951672,0.7329345988818098
sample_1185,0.46684623760673966,0.30450059808612434,0.3119877441593259,0.9269458352298587,1.9710969503868911,0.009775306289622858,0.06524378481553875,-19.40930901402016,0.596422553062439,0.7101867756212121,1.5999984741210938,1.0,0.0,0.6033516212170029,1.0,0.8571428571428571,0.45697078556711923,0.29615173924952065,0.29755761953904364,0.9842967683204368,2.3079198907601275,0.01024543471517393,0.06500255411611834,-19.4093090145706,0.6524609327316284,0.7194257824779905,1.5999984741210938,1.0,0.0,0.3769416397209084,1.0,0.9833479404031551,-0.009875452039620425,1.9778128867300244,-0.011803414327460654,2.138008339883069,1.3993261156983228,0.9671005128610749,0.11152821417354775,0.30742164058414184,5.697867300535373e-18,1.0525406328013392e-08,0.46954355947804427,0.4585120853824422
sample_1211,0.7568717019768448,0.6088443993917891,0.6836937962435969,0.8475921679308519,0.23972481919209737,0.006268239616157266,0.05560027830554928,-14.2377829704164,0.7270201444625854,0.3417459992903498,0.7211106253968755,1.0,0.0,0.6842205808561641,1.0,0.8756653992395437,0.8226825561865151,0.6987771739130434,0.7525607257828504,0.9072146763097546,0.20550361615805257,0.006465955061184197,0.05518386156112992,-14.237782971097253,0.8474433422088623,0.2579991905857634,0.5656848854695771,1.0,0.0,0.4465363605270237,1.0,0.9368821292775665,0.06581085420967026,1.3832897085642593,0.22142067072348878,1.1616014379483992,1.1670117393050843,0.8624694310370212,0.3591597279467042,0.7578891964993003,4.7706851315863285e-18,8.459332425454654e-09,0.8306175979651855,0.7505062778452813
sample_1215,0.9007376972639836,0.8194019707781176,0.9514697178930754,0.8551418439716312,-0.10124113475177304,0.006098818690531663,0.05379690186163922,-4.5261728118598485,0.6602984666824341,0.6342350943448212,9.667987793307866,0.5,0.0,6.181445388266944,0.0,0.8931481481481481,0.9139476623102231,0.841531877049636,0.9339337486891616,0.8947990543735225,-0.04190307328605201,0.0059476800919034956,0.05278287488912853,-4.52617281195668,0.6529772281646729,0.5986407492054642,9.360555629340837,0.5,0.0,6.111867634919577,0.0,0.9345679012345679,0.013209965046239502,0.7679335727073692,0.480341542896259,0.7799381210794107,0.9290665277888582,0.7867605548547261,0.5164025424873665,0.8541717417291425,4.190211439379457e-18,7.610354830702584e-09,0.9160803261361921,0.7998740906547286
sample_1230,0.640687473891508,0.4713319870050047,0.5143240394749449,0.8493670886075948,0.6514240506329114,0.006790737119015889,0.053693948798542425,-11.348365307479693,0.655644416809082,0.4140506032296084,0.9380834467847293,1.0,0.0,0.4801962502863872,1.0,0.967391304347826,0.6875499258244894,0.523867489783497,0.5376583972871675,0.9533227848101264,0.7731012658227848,0.00722666129483185,0.05316748007144336,-11.34836530697815,0.6116231679916382,0.3699576711491437,0.8246214952038183,1.0,0.0,0.3437099587156443,1.0,0.9239130434782609,0.04686245193298133,1.3850337122872447,0.14874839229433892,1.397475555119431,1.2609306083592888,0.9310987507063966,0.3176995505835355,0.6334524511812998,3.8955677368219964e-18,8.618271938753364e-09,0.680706599919443,0.5580915780100295
sample_1244,0.7969003170130327,0.662372643166647,0.7138710084563927,0.9017857142857142,0.2632334183673469,0.004105613758299099,0.039612565020527166,-8.254363190369244,0.665399432182312,0.3070127206155472,0.8000001907348633,1.0,0.0,0.48008012458143223,1.0,0.9017857142857143,0.8569418056435155,0.7496921940408765,0.7669731704244866,0.9708227040816325,0.2657844387755102,0.004240816187333644,0.03915072464327786,-8.254363190429874,0.6242181062698364,0.22054348868640572,0.5999997456875227,1.0,0.0,0.2020323272986803,1.0,0.9708227040816326,0.060041488630482864,1.065054258148215,0.32760362765061396,1.089779479454861,1.1194995110130497,0.9281061605414397,0.43128297033470564,0.7808685861203767,4.2937183979652684e-18,8.287731992803557e-09,0.860689459497801,0.6138555691554468
sample_1259,0.7655513264784412,0.6201564657156005,0.6652843601895734,0.9014046822742474,0.35491638795986624,0.0056765061651549405,0.051261721783211804,-9.049871224314865,0.629729151725769,0.3091979213462334,0.6000010490433397,1.0,0.0,0.3235067172952775,1.0,0.8280373831775701,0.7942567177949487,0.6587278813964609,0.6979831762440457,0.9213377926421403,0.32,0.005824723683710902,0.050628810557924134,-9.04987122454802,0.659333348274231,0.2691411638389921,0.5999994277954102,1.0,1.0,0.29990608465737223,1.0,0.8883177570093458,0.02870539131650751,1.1433576420233256,0.24502782743147902,1.1330025724230193,1.093216898661321,0.7501632783102169,0.3421659029663727,0.7232992789765894,4.1079141727597236e-18,7.682505290335488e-09,0.7888223552894211,0.5050327041041109
sample_1262,0.7445088903679755,0.5930021205695243,0.6447628458498023,0.8807649043869514,0.36602924634420697,0.0025934091760594505,0.02659151974031343,-7.092616445671515,0.44519639015197754,0.34142724079000336,0.7211101823549685,1.0,0.0,0.5383713279468848,1.0,0.9079980372914622,0.7874366767983788,0.649398395721925,0.7163133640552994,0.8742407199100111,0.2204724409448819,0.0026241647023562947,0.026370698334652824,-7.092616445885305,0.4155653715133667,0.2792207063879186,0.6324558336120464,1.0,0.0,0.46440726596421283,1.0,0.9030912659470068,0.04292778643040329,0.9951984604700997,0.23249609004740643,1.1609029488117542,1.0345807287104707,0.585216540413441,0.3175072272226693,0.6925394698235524,6.8198983949034275e-18,8.747665780791668e-09,0.7865612648221343,0.5389903478925074
sample_1266,0.5745166326408069,0.4030328559393428,0.4229885057471264,0.895209580838323,1.1163922155688624,0.004598845801106288,0.04343554535865073,-21.761632348573293,0.6096278429031372,0.4330404335985861,0.848529182666035,1.0,0.0,0.44890331555616536,1.0,0.7107438016528925,0.5903614457831324,0.41880341880341876,0.4205340114431023,0.990269461077844,1.3547904191616766,0.004953644566922266,0.04329822597977653,-21.761632350096594,0.48651695251464844,0.4196349356145185,0.8717804888296125,1.0,0.0,0.3257309126756142,1.0,0.9731404958677686,0.015844813142325553,1.7635761928046152,0.05024518515080935,1.688474612017921,1.3734051371999876,0.992989185141345,0.1941627632745905,0.5769449450005523,4.170315879145993e-18,8.336570494593628e-09,0.5781782221733874,0.3026047565118913
sample_1276,0.8566017316017315,0.7491717936583056,0.7776958978138048,0.953327311050888,0.22583559168925021,0.00633135364740838,0.06579134355438726,-31.570424715934518,0.695941686630249,0.16352498206273064,0.5656848854695771,1.0,0.0,0.19011836144851676,1.0,0.9767043508050702,0.8414459089129582,0.7262897048884882,0.7425149700598801,0.9707919301415233,0.30743751881963266,0.0063779109797371236,0.06549855761128132,-31.570424717746242,0.7130142450332642,0.18199773321118468,0.6000003814697266,1.0,0.0,0.25350131726792297,1.0,0.987324426173347,-0.015155822688773246,1.7949601955094046,0.2945384276543627,1.3604503299290711,1.0766194128654565,0.7903834089981934,0.3921801948756517,0.7510179651511917,6.530094338782153e-18,9.731912734452755e-09,0.838334195550957,0.7565392354124748
sample_1285,0.7572327044025157,0.6093117408906882,0.6270064943021688,0.9557340306313036,0.5242809114680612,0.006042937745984972,0.05476365633346797,-14.030121474330628,0.7100005149841309,0.29783301812157326,0.6000003814704845,1.0,0.0,0.28048102601670644,1.0,0.9952031602708804,0.7157636809147835,0.5573457706169175,0.5630756050546154,0.9820694807620469,0.7441165483750467,0.006428916194387166,0.05433876701448225,-14.030121474421124,0.8139561414718628,0.34771629451302805,0.6928206396260322,1.0,0.0,0.36780019216315196,1.0,0.9991534988713319,-0.04146902348773218,1.4193180706786903,0.05509382641111009,1.502299016326221,1.2819054268920378,0.8590321655913442,0.2088180397187272,0.5863782148281703,4.116648697374686e-18,7.912304775780707e-09,0.7087260974952867,0.5129935875801552
sample_1286,0.8494337456291425,0.738274516919169,0.8636773680021226,0.835652307850285,-0.03244852903424552,0.007829535081618148,0.06421509184836444,-4.787044635539027,0.5950484275817871,0.2987066022936018,1.0000022888190143,1.0,0.0,0.5000928410710265,1.0,0.8397415185783522,0.8646660009460241,0.7615961485047681,0.8856112397050115,0.8446886070750116,-0.046208348308261024,0.00796102366933445,0.06339404968880329,-4.787044635632821,0.5760554075241089,0.2684455130319289,0.8246202461846357,1.0,0.0,0.40068486991231095,1.0,0.8657835218093699,0.015232255316881549,0.8280822180602415,0.2726324502115845,0.9791921319934522,1.0540910694730432,0.7032557608337506,0.46169956802487044,0.7910256744595805,4.988080017597908e-18,9.501004681965416e-09,0.8645381684404152,0.8523467107181032
sample_1288,0.8215152986886837,0.6970945806717493,0.8921413502109703,0.7612511251125111,-0.1467146714671467,0.005107480756715422,0.052668818223642735,-18.138658033195053,0.6973365545272827,0.22013074781683384,0.5656852226444656,1.0,0.0,0.30719063984216327,1.0,0.8332480818414322,0.8291910331384014,0.7082206035379811,0.9040913921360253,0.7657515751575156,-0.15301530153015303,0.005158343975078395,0.052359134180557224,-18.138658033435032,0.6418616771697998,0.2121874885578804,0.4898980653582206,1.0,0.0,0.34031470916070705,1.0,0.8335038363171355,0.007675734449717697,1.3954624597650445,0.28461126208038473,1.1525752607418653,1.0580844817826545,0.7324352689092445,0.4582877493799393,0.8333736854839637,5.2576144328452406e-18,9.065229643450973e-09,0.838686219852139,0.7477522982119404
sample_1292,0.7513987225825618,0.6017923705289872,0.6182173700505131,0.9577180360974378,0.5491606714628298,0.006158332837100059,0.05005341130070547,-8.05294908968317,0.6375329494476318,0.37721107081491745,0.848528676903518,1.0,0.0,0.37552933169922814,1.0,0.9978282901404373,0.7578763127187864,0.6101456082667919,0.6163701067615658,0.983718288527073,0.5959863687996971,0.006526465009905706,0.049620349222976645,-8.052949089082592,0.6984182596206665,0.37216325992782207,0.824621957803584,1.0,0.0,0.19129468387446275,1.0,0.9997104386853917,0.00647759013622462,1.175558409048161,0.06567312248367749,1.3885635140651007,1.2302737132151407,0.7853163455080627,0.2601746560980277,0.6126155132327098,4.795404059692779e-18,7.891555729713852e-09,0.7615354408010996,0.6836155302061486
sample_1319,0.5950953678474113,0.4235841737781225,0.4235841737781225,0.9999999999999998,1.3608058608058609,0.005964606721128898,0.044452432016069715,-11.876040501744402,0.6579418182373047,0.6095633464984,1.1832157027298582,1.0,0.0,0.22632510533472475,1.0,1.0,0.6360393156170366,0.46631792462901667,0.46631792462901667,0.9999999999999998,1.144459706959707,0.006357059127018884,0.04415614316669485,-11.876040502021425,0.6341196298599243,0.5366064951842073,1.0198057262736506,1.0,0.0,0.24396648916210853,1.0,1.0,0.04094394776962529,1.5625605086560506,-0.14388237618589936,1.8395638690655778,1.3783014708890013,0.8155013232960565,0.1469563245890012,0.4532208483548349,3.972211208581482e-18,7.786246662659062e-09,0.6282180353804112,0.5644163618224143
sample_1327,0.7906616639866595,0.6537969073180341,0.7069599020182118,0.896845234074174,0.26859420387759236,0.0077881232747429455,0.06049793552195897,-5.332618457175806,0.7315050363540649,0.29776686342457215,0.7999997138977051,1.0,0.0,0.3423728430797656,1.0,0.9657340862422998,0.7904799282350303,0.6535484170027349,0.6755953807082276,0.9524420725528608,0.4097818009862866,0.008348514036510508,0.05935472658021292,-5.332618457735044,0.8846709728240967,0.30086565390599784,0.8246217265035958,1.0,0.0,0.3242248831288262,1.0,0.9871663244353183,-0.000181735751629164,0.9727018787178803,0.19219689190879904,1.2426686198508514,1.1927980187678917,0.8702136755034305,0.3095519749830909,0.6784043364287712,4.978040528882259e-18,8.664520718406605e-09,0.7863916481413737,0.7705465297427908
sample_1328,0.7694736842105262,0.6253207869974337,0.6596622405569162,0.9231463106620962,0.3994226952913585,0.0034164291882275762,0.03222646418652523,-7.04989062593724,0.5287240743637085,0.32933399572519095,1.01980386531239,1.0,0.0,0.4426576337315384,1.0,0.9883425180161085,0.785016286644951,0.6461126005361929,0.6656622724419334,0.9565217391304346,0.43694750135305793,0.003538769792488814,0.031796201171906804,-7.049890625221938,0.5147833824157715,0.31547219993402364,0.8246214952038183,1.0,0.0,0.2418013041096526,1.0,0.9983043662568886,0.015542602434424846,1.0349127795210245,0.21994945355602072,1.2802391814899499,1.119528220198537,0.7692409953992342,0.28221120683384066,0.6594868516846785,3.845172449760263e-18,9.06533433318121e-09,0.785984707891025,0.5879860960243319
sample_1366,0.4354632958367158,0.27833370395078194,0.2795979151154132,0.9840146750524107,2.519392033542977,0.007993949440779819,0.036858028785635245,-7.712517737205022,0.7036854028701782,0.7434623065991305,1.7999992370630733,1.0,0.0,0.4032235183163886,1.0,0.975,0.45796266132063645,0.296985455431868,0.3009221142763049,0.957809224318658,2.1829140461215935,0.00854187162361621,0.03639946894768586,-7.712517737879871,0.7433215379714966,0.6917995413580764,1.8330293623049274,1.0,0.0,0.4752198629212608,1.0,0.934016393442623,0.022499365483920675,1.9378598752817118,-0.04737096082417207,2.0372647359791887,1.4348539552340693,0.982701794266582,0.07460597213299554,0.23483069550802266,3.561899485794594e-18,6.953235118955052e-09,0.45290385553928747,0.30355580303873997
sample_1372,0.6912458812004629,0.5281709308655416,0.5314254415993427,0.9885379521141108,0.8601630157921548,0.006736887007899523,0.05889798293151108,-21.05844104345104,0.7207348346710205,0.3540533411332963,1.0770335281250316,1.0,0.0,0.48294593236474237,1.0,0.9495614035087719,0.6821513733109599,0.5176249832462135,0.522103555495471,0.9836984207845133,0.8841059602649006,0.007001274561451567,0.05849401603615291,-21.058441042657403,0.6806342601776123,0.3903944152406895,1.4614910819284448,1.0,1.0,0.5785050748459144,1.0,0.9692982456140351,-0.009094507889503056,1.7296707466775254,0.17446115625538475,1.6414253248742017,1.2534790341946092,0.9501198339013026,0.2144102719190822,0.5498749706935038,4.262635083942831e-18,9.121676396495922e-09,0.6819433342215115,0.5962072522415297
sample_1378,0.7876679841897233,0.6497130933750651,0.8106085258704847,0.7659901599015989,-0.0550430504305043,0.0060396947366622225,0.049647172320088716,-5.182619423247313,0.7016243934631348,0.281959069989954,1.199999872843593,1.0,0.0,0.5152784542181227,1.0,0.9475058004640371,0.799194729136164,0.6655489849417789,0.7627864728898825,0.8392527675276752,0.1002460024600246,0.0062805531764408805,0.04875126452913054,-5.182619423402203,0.6965025663375854,0.27508571273054283,0.8717804888296125,1.0,0.0,0.5389187170665958,1.0,0.9225638051044084,0.011526744946440681,0.9000025041687433,0.29468350027801005,1.020977641368827,1.0926256764160707,0.8244657518680152,0.36670980054337254,0.7257361014019658,3.702391269196732e-18,7.836486865101633e-09,0.7905295766337218,0.6397768897768897
sample_1384,0.537315111636016,0.367348508151338,0.3777180358978413,0.9304635761589403,1.463381379041683,0.007070040673715293,0.046604255364988786,-9.872218492214786,0.5090588331222534,0.6152349533393212,1.9697725480351058,0.5,0.0,3.67495177108209,0.0,0.6557575757575758,0.5152026108240413,0.3469851271155395,0.3574069881518375,0.9224776003116477,1.5810284378652124,0.007420252539692384,0.046327669262208764,-9.872218493082164,0.5532958507537842,0.6541661780364509,2.019900501369196,0.5,0.0,3.693730981040964,0.0,0.6363636363636364,-0.02211250081197469,1.5571535649275918,-0.04817297330160567,1.7512125755145693,1.2728674682224803,0.7408214671197592,0.11010334269770175,0.3096394475350365,3.973056766252076e-18,7.421224254532435e-09,0.5208791208791209,0.4954706971623042
sample_1389,0.7554650459795718,0.6070259766823481,0.923741343086141,0.6390503875968992,-0.30819336778639106,0.006709696526874966,0.047607509904872586,-3.6321609917989304,0.6620640754699707,0.37749818438855487,1.3416405732521528,1.0,0.0,0.6565232057894735,1.0,0.7736142289759972,0.7850399855691179,0.64614470949223,0.8890099414408279,0.7028423772609819,-0.20940999138673558,0.006906844107080193,0.04680621937844928,-3.632160991765261,0.7360860109329224,0.3422547326683061,1.0770338867392435,1.0,0.0,0.5411009638842993,1.0,0.7980486962528061,0.029574939589546156,0.7897938708426917,0.20603730532879727,1.0316625143179268,1.0708289898145091,0.6409236084176768,0.3841307952235353,0.7275835285298861,3.409582028631682e-18,8.698975447391453e-09,0.7881998795906081,0.5678408232288705
sample_1404,0.7794892940240922,0.6386583011583011,0.7994804253262445,0.760473536003678,-0.048790299408079996,0.007251497232587999,0.055683931304351404,-4.3186874175083885,0.6506443023681641,0.3320311365916646,0.8944263380076759,1.0,0.0,0.243914120777714,1.0,0.37173507462686567,0.7796680993314231,0.6388984004304652,0.8110911010370737,0.7505890466065168,-0.07459341417159933,0.0074771786628318295,0.055125922442237234,-4.318687417430588,0.5899206399917603,0.3303708232179995,0.871779471466807,1.0,0.0,0.310121911280785,1.0,0.3871268656716418,0.00017880530733094258,0.8490471507405208,0.14162865616665443,1.0592196738626123,1.0746693062162347,0.5599261507453989,0.3879951248621982,0.7349955616138596,4.231918421050588e-18,8.064856807907184e-09,0.7831930774034316,0.6987347122064611
sample_1429,0.7837824276180441,0.6444426107764666,0.7544435857805254,0.8154954578678081,0.08092304479482093,0.006137859532986757,0.05620454238432132,-8.492641026493537,0.7025047540664673,0.29809984543979273,0.8485283397287968,1.0,0.0,0.43961431048713584,1.0,0.9969293756397134,0.80774068698597,0.6774874208732348,0.752546651041197,0.8716717134802129,0.15829591730186907,0.006318763383633492,0.05552429209045629,-8.492641025905755,0.627882719039917,0.2700926648928374,0.6000003814697266,1.0,0.0,0.34387071374143263,1.0,1.0,0.02395825936792595,1.0520862291234045,0.21765000564496453,1.1025124681720238,1.1024334423199598,0.7302229465057622,0.3187883644872218,0.7183824245947731,4.915767251762842e-18,8.732315786570319e-09,0.81434456021323,0.8238014345035862
sample_1432,0.6560221638961795,0.48811977866984907,0.5142889803383629,0.9055958132045087,0.7608695652173914,0.005850938686647064,0.04675531323898536,-12.112558314744561,0.6912460327148438,0.4587638798574233,1.039230654311228,0.5,0.0,2.0469813537353314,0.0,0.9997735507246377,0.6357662686356249,0.46602444582556446,0.489820359281437,0.9055958132045087,0.8488325281803543,0.006313143107831913,0.0465738523440787,-12.112558314897004,0.6789449453353882,0.4985006613034079,1.1489122636865357,0.5,0.0,2.064094449049754,0.0,0.9997735507246377,-0.0202558952605546,1.4600981708454333,-0.05683830991660969,1.6244769128046201,1.3479842747779633,0.848861529170737,0.15105954264854815,0.4785750515863055,4.004798502959026e-18,7.411665249104379e-09,0.6368306241643796,0.614943763879934
sample_1438,0.5093409444732745,0.3416884247171453,0.34312183184757905,0.9879214896829387,1.8792148968293911,0.003158551266490081,0.025485217841122582,-14.122293862218795,0.539438009262085,0.5938103001624622,1.0954450453641948,1.0,0.0,0.10125318934408586,1.0,1.0,0.5082618163186883,0.3407178430362356,0.34089347079037796,0.9984901862103669,1.9290387518872671,0.0034166226550927086,0.025379091622256066,-14.122293861212551,0.5329395532608032,0.6007681277588979,1.2230844872337168,1.0,0.0,0.18444910438872192,1.0,1.0,-0.0010791281545862175,1.698437648250289,-0.042436330771084343,2.3690312282151442,1.4433340590677217,0.9992037453752859,0.10576183260742236,0.3422678548946263,8.300805584925441e-18,1.068442457397476e-08,0.5145985401459854,0.4239528941228751
sample_1455,0.754890203051983,0.6062840441078783,0.7026714912618368,0.8154932094353108,0.16056111508220158,0.008066207103079358,0.0638156290763398,-8.075992005266155,0.7250490188598633,0.3582614612841135,1.200000286102295,0.5,0.0,2.8500057073020146,0.0,0.9042598967297762,0.7429919402398271,0.5910796947328912,0.6634136066839851,0.8442637598284487,0.27260543245175123,0.008340006425403713,0.06334952471271565,-8.07599200493422,0.7840350866317749,0.3813238783759265,1.4282857858645968,0.5,0.0,2.8737451381273926,0.0,0.9137263339070568,-0.011898262812155891,1.118096724741644,0.16409125115774484,1.2441163038436487,1.1428690015050984,0.7412181811374268,0.30031501153986107,0.6027852071962958,4.605373597297658e-18,8.235433495463387e-09,0.7437031188314251,0.5860228218815808
sample_1470,0.6884946391653445,0.5249651733998094,0.8915452621093263,0.5607769423558897,-0.37100563909774437,0.008270219183097085,0.04304027509554139,-2.1325572679817992,0.6447148323059082,0.508451895084409,1.1661895939115736,0.5,0.0,1.9208339046420408,0.0,0.6213202497769849,0.6463887908875561,0.4775291357932755,0.9066167114378622,0.5022321428571429,-0.44603696741854637,0.008601057849325444,0.042891244309351845,-2.1325572681124805,0.6225154399871826,0.5685934182389221,1.2806242219433828,0.5,0.0,1.9301289389523566,0.0,0.5382471008028545,-0.042105848277788405,0.7517086243188242,-0.023372841873324154,1.1266529118191724,1.0847155208412316,0.39752388048395254,0.2796323270544429,0.5967651947438897,3.3296917863647755e-18,6.834807476929697e-09,0.6624191189230731,0.5480221498026124
sample_1482,0.4534477279949158,0.293199095952332,0.47725752508361197,0.43190072639225174,-0.0950363196125908,0.009116311789453308,0.058066609599608354,-8.207636943011964,0.7225241661071777,1.969142994222352,7.690253541122872,0.6666666666666666,0.0,4.213949153253089,0.0,0.0,0.41502051722492606,0.26184598711541934,0.39371718269056666,0.4387610976594027,0.11440677966101695,0.009499001685941014,0.05778485216906872,-8.207636942867852,0.6501840353012085,2.1088124009025826,6.936136667381147,0.3333333333333333,1.0,4.20977755191059,0.0,0.0,-0.03842721076998973,1.2679682213494776,0.1392959587061062,1.4384019232682963,1.1854439958617065,0.7909713621366954,0.1998586259410866,0.37238119961556826,4.151358908592808e-18,8.565074561130874e-09,0.4208959523695203,0.4262956241177656
sample_1486,0.8425096030729834,0.7278761061946902,0.9055520603963509,0.7876735754839591,-0.13017306245297217,0.005256304152937323,0.049500950210334474,-4.859241094388154,0.553780198097229,0.23622112647477553,0.6633234628443524,1.0,0.0,0.4639847099375918,1.0,0.756871564217891,0.8651058303204746,0.7622788568600766,0.8884643114635904,0.8429441138244749,-0.05123469457555236,0.005219072076715819,0.048586993504576965,-4.859241094473754,0.4759179353713989,0.21088378714628198,0.6324552304560244,1.0,0.0,0.3862095693790915,1.0,0.7716141929035483,0.02259622724749122,0.773905347734682,0.38805352377756164,0.8485686960357842,0.9834489322288624,0.7312114169088015,0.4987141975171616,0.8331300041473922,4.892732517763789e-18,9.708682604084773e-09,0.87353968870222,0.7565083242270361
sample_1513,0.7218500661347442,0.5647616504206169,0.7416922402455063,0.7030418882978723,-0.052111037234042555,0.007902388245620931,0.06015509218886024,-7.051648586874932,0.7185752391815186,0.357079066068673,1.4696930377984823,1.0,0.0,0.4310117281063392,1.0,0.9477363515312917,0.7399619173772664,0.5872536136662285,0.7370938479300675,0.7428523936170212,0.0078125,0.00805191910667096,0.05940218063123426,-7.0516485865175484,0.8215537071228027,0.32447380033708484,1.0770329968454795,1.0,0.0,1.6351867821934511,0.0,0.935918774966711,0.018111851242522126,1.059572854245228,0.2743738780681873,1.0162275000538048,1.0624003958578738,0.7260104865103534,0.4359746360176887,0.7482643041039458,5.226355185099194e-18,8.805885175448941e-09,0.7346414969365789,0.5819263609318858
sample_1516,0.6764346764346765,0.511070110701107,0.6334531198954589,0.7256736526946107,0.14558383233532934,0.007652494734094213,0.04807532203578262,-4.216891200493965,0.5640902519226074,0.46570856164594954,1.296148353056716,0.6666666666666666,0.0,2.1786146162853166,0.0,0.9453781512605042,0.718819188191882,0.5610599078341014,0.6513069908814589,0.801946107784431,0.2312874251497006,0.008118070362911444,0.047265393110644024,-4.216891200541707,0.5766006708145142,0.40847174387906604,1.0954452891267963,0.6666666666666666,0.0,2.0889207452366203,0.0,0.9695378151260504,0.04238451175720548,1.00965548735334,0.1305802001685659,1.2670553689324977,1.1940945173327333,0.7960972209878342,0.2709631841825998,0.5701730463324158,3.9106804005800194e-18,7.557413241653181e-09,0.7075872131582438,0.6313457745410408
sample_1529,0.7618073565401614,0.6152575373178358,0.7899401560487841,0.735609480812641,-0.06877821670428894,0.0060455910126679425,0.04640459551191091,-4.256360265325831,0.6959598064422607,0.4466594262664121,2.1354156682702956,1.0,0.0,1.081742013248215,1.0,0.006631299734748011,0.7490690444467221,0.5988092637098537,0.7262669758198078,0.773349322799097,0.06482787810383747,0.006204618904637245,0.045777717439628565,-4.2563602650157275,0.7874658107757568,0.41496833403666006,1.456022947235764,0.5,0.0,3.2068444880096263,0.0,0.09416445623342175,-0.012738312093439341,0.8569011723849113,0.2831211919635784,1.042774842902841,1.0666037228816843,0.7498128578458235,0.2921030015784408,0.5717377559493375,3.0386491439355782e-18,8.737408200643449e-09,0.746303315917085,0.7140822579949074
sample_1566,0.5435909659734223,0.37324058919803593,0.42495108543743587,0.7541335978835978,0.7746362433862434,0.007919190533294996,0.05567533317955219,-12.059156828141356,0.6985310316085815,0.6002200386100989,2.097617796362552,0.6666666666666666,0.0,1.9510058165052022,0.0,0.9428571428571428,0.5094841930116473,0.3418173699486492,0.3833249874812218,0.759424603174603,0.9811507936507936,0.008501154179678469,0.05558356092839827,-12.059156827829149,0.6251085996627808,0.5819840416256982,1.8066462371668395,0.6666666666666666,0.0,1.9911860301202504,0.0,0.9060150375939849,-0.034106772961775,1.5356176266674604,0.0826762726965452,1.622064287991791,1.337054386580778,0.9740515016219919,0.1539690800513415,0.3537640999429084,4.407147133741555e-18,9.03248618334902e-09,0.5170940170940171,0.5082573045386303
sample_1572,0.83271338091887,0.7133752476100249,0.8348956758391289,0.8305424646545672,-0.005214078010628697,0.00537364480310163,0.05173960904900393,-7.60781746937618,0.6242235898971558,0.2542557072885786,0.7083790453301112,1.0,0.0,0.28897736767357957,1.0,0.8855033399742177,0.8468995080130547,0.7344542075025345,0.8235126942023492,0.871653464353755,0.05845783615762559,0.005440680098053486,0.05097014291510986,-7.607817469108265,0.5853087902069092,0.23955237331356055,0.6000003814697266,1.0,0.0,0.2845253909691092,1.0,0.9299191374663073,0.014186127094184653,0.956673445502428,0.31842795304021326,0.9739307215626819,1.039086612416199,0.7439832953635723,0.36913949488833403,0.7300879566614082,4.0139049361144845e-18,8.039242958369862e-09,0.8419533317296127,0.7853994490358127
sample_1599,0.678666273236943,0.5136221527467618,0.6268738075769964,0.739787713091026,0.1801222257960759,0.0061866759433248505,0.056339269419242256,-13.315925557350502,0.6532930135726929,2.48038760366933,22.164161552071082,0.6666666666666666,0.0,8.065270240637993,0.0,0.0,0.7145396373977958,0.555862831858407,0.6403721167325092,0.8081376648440012,0.2619813444837568,0.006363118546504129,0.05575883291643934,-13.31592555716705,0.7149118185043335,0.3206981662484142,0.7211110221488397,1.0,0.0,0.36127959532672055,1.0,0.13815789473684212,0.03587336416085285,1.3102666336768205,0.1965573467208316,1.191871805424265,1.1112099939431688,0.7194554641290971,0.3078897936189359,0.6669852177196578,7.324991550198601e-18,9.961943557373388e-09,0.7193110494818273,0.6979278587874136
sample_1620,0.5801900210502361,0.40863920500080136,0.7405954974582425,0.4768986157875046,-0.3560606060606061,0.008646151315735599,0.057334951310002845,-7.972160863446027,0.7225140333175659,0.9711534315993071,4.547527119124276,0.5,0.0,3.0417675964404975,0.0,0.0,0.5774838928450322,0.40595947556615014,0.7296486718080547,0.4778338945005611,-0.3451178451178451,0.00880675571223747,0.057008270471847096,-7.972160863514363,0.7957272529602051,0.964147784172782,4.48998933990522,0.5,0.0,3.0542328732704207,0.0,0.0,-0.0027061282052038838,1.1755159690040495,0.10813479649958622,1.1418655233166457,1.0820886356210317,0.5354624805480126,0.33884444258924945,0.6978655877554536,4.391354330519412e-18,9.6502286548858e-09,0.5727821329874232,0.5288292876138743
sample_1634,0.8299070684314277,0.7092659446450058,0.8197496522948537,0.8403193612774449,0.025092671799258625,0.005982022510548076,0.05931633412209214,-25.831100394824816,0.7341480255126953,0.19599433673842,0.4898960213454799,1.0,0.0,0.35417809983058746,1.0,0.8614255123891098,0.8462541660628893,0.7334840492338607,0.8603417796110782,0.832620473339036,-0.03222127174222983,0.006023149326444267,0.05907164639882497,-25.83110039447741,0.7488597631454468,0.17896204160620965,0.44721316900383795,1.0,0.0,0.32794658314062985,1.0,0.860813704496788,0.016347097631461582,1.6974381770528897,0.30621050895069596,1.2109048859120606,1.0586606287479385,0.7693813226391493,0.5231711921015348,0.8395638904945298,4.669982826077686e-18,9.454209896940604e-09,0.8570610140360927,0.8117885544986745
sample_1635,0.7815212036229962,0.641390893257029,0.9057449051300068,0.6872625474905019,-0.24121842298207025,0.006521493812052899,0.05134419497155707,-4.972274676295459,0.6865580081939697,0.3682999136461901,2.1633310914976964,0.6666666666666666,0.0,1.7474510001392929,0.0,0.5343851132686084,0.8058188383154532,0.6747877660193046,0.8409420289855072,0.7735119642738119,-0.08018396320735853,0.006649815278620566,0.05059484764487573,-4.972274676319357,0.6884592771530151,0.33645176263758564,1.969770940641162,0.6666666666666666,0.0,1.7414851359118826,0.0,0.6909385113268608,0.02429763469245705,0.862314660023929,0.2553827741762335,0.9879857625912738,1.048819467412251,0.6618832496604142,0.4086989641010206,0.7447905421392705,4.809090192531622e-18,9.907952619639293e-09,0.8023486085536602,0.7195301950193135
sample_1642,0.7667261373773416,0.6216998191681736,0.6483996120271581,0.9378799688230708,0.44645362431800467,0.00640265970826482,0.045882537414618785,-3.8028300296606967,0.5748302936553955,0.4087796768526382,1.0770328197526593,1.0,0.0,0.35929800014905877,1.0,0.655241935483871,0.7515411579838027,0.6019751173936196,0.613710393840687,0.9692127825409196,0.5792673421667965,0.006837402697924608,0.04544151799768941,-3.8028300298445945,0.6385111808776855,0.4437914981750046,1.0770331739384815,1.0,0.0,0.30562197125308277,1.0,0.7258064516129032,-0.015184979393538911,0.9455451791569509,0.06848484535096531,1.3710414134712474,1.2008618636748087,0.7368854659904729,0.17817853178109264,0.4397038818240083,4.841725961007732e-18,7.315457931442972e-09,0.7562968835762639,0.6444980663074736
sample_1643,0.691952531766322,0.5289964994165695,0.8281877968578735,0.5942066976866112,-0.28252179041876924,0.009834165089338619,0.05875918465599362,-5.532732101143697,0.6979787349700928,1.9124946743888476,9.408507094173878,0.3333333333333333,0.0,7.372132003278769,0.0,0.9626287291644549,0.6911954950156001,0.528112099540671,0.8240043545314342,0.5952552591912968,-0.27760665836555476,0.009874743118652543,0.058291446613877945,-5.532732101099168,0.7639760971069336,1.8632396187574507,9.143303245534808,0.3333333333333333,0.0,7.31215112187023,0.0,0.9643274232933432,-0.0007570367507219178,1.0419572485840236,0.26571416619736693,0.9947000927194974,1.0155923069825767,0.5851382606551155,0.37714441705564666,0.7334102012481788,4.579805184067264e-18,1.039021174056189e-08,0.6906763614330077,0.6773999277311599
sample_1683,0.8503901895206242,0.7397207137315748,0.7479898019219453,0.9852751227073105,0.3172306897442521,0.0061353741192182315,0.06045608508218899,-23.726615081703876,0.7217493057250977,0.19063627507727576,0.4898979680241756,1.0,0.0,0.10309994629947518,1.0,0.9852751227073108,0.8741984376821731,0.7765120132560065,0.7966425839354014,0.9684835959700333,0.2157065357788685,0.006125442557387505,0.06015901475371556,-23.726615082326028,0.7887017726898193,0.16587444633330833,0.39999961853027344,1.0,0.0,0.2001094136927973,1.0,0.9684835959700335,0.023808248161548917,1.6293229825131346,0.43574243087016146,1.0829078823743052,0.9863840207656059,0.8392581089823749,0.4333181531913125,0.7696464230444321,4.220856292960199e-18,9.541512939832661e-09,0.8659554730983301,0.7233344273055463
sample_1686,0.8741053845045391,0.7763651877133104,0.896629877808435,0.8526848467809951,-0.049011339143472964,0.005697408150456705,0.05387648619973753,-7.293076222420641,0.7117043733596802,0.1730595893416516,0.44721395802210734,1.0,0.0,0.2262760806092555,1.0,0.8819337442218799,0.8961107639055814,0.8117759777022906,0.9200394866732476,0.8733951832068221,-0.050698153874988286,0.005565666007492333,0.052993130618204785,-7.293076222281238,0.7762298583984375,0.14788162740131625,0.3464110700110712,1.0,0.0,0.1480930915927853,1.0,0.9271956856702619,0.022005379401042302,0.9354186920461068,0.4915406948509922,0.7720640575658053,0.9267250317556013,0.8084500496782289,0.5204511861945645,0.8548666183118087,4.296174221317846e-18,1.1320003835518091e-08,0.8920835911838911,0.8449707244603688
sample_1688,0.755228339735382,0.6067203840219441,0.7468345526167698,0.7638129496402877,0.02273381294964029,0.007664514266954575,0.060229332510614096,-6.101528495254905,0.7202653884887695,0.32695108677283213,1.148911931660087,1.0,0.0,0.5045506801946125,1.0,0.9178102625298329,0.8067629495903347,0.6761128891475123,0.7795893719806762,0.8358992805755394,0.07223021582733813,0.007890740794303557,0.05912533426124952,-6.101528495463944,0.7165230512619019,0.26510122305718387,0.8485276316623374,1.0,0.0,0.38055272595169964,1.0,0.9410799522673031,0.05153460985495273,0.9758914699601421,0.2906511574664406,0.9953995099521883,1.0836547167379458,0.7993609376407343,0.36977130954626836,0.7455898604203096,4.235355693233948e-18,9.187167834175598e-09,0.8054595594652145,0.7361454545454545
sample_1697,0.5205964385325037,0.3518961641650351,0.3586313922553946,0.9493348982785601,1.6471048513302033,0.008467676514858821,0.05080471214509049,-10.429213774166087,0.6583198308944702,0.6529808880161808,1.3416407865008568,1.0,0.0,0.5504409652727119,1.0,0.8348214285714286,0.5067221348485618,0.3393354623904328,0.34207822453592707,0.9769170579029732,1.855829420970266,0.009012354068721527,0.050410689867680394,-10.429213775771789,0.7177447080612183,0.6736379684750408,1.3175523502300361,1.0,0.0,0.4480776381676498,1.0,0.9247448979591837,-0.013874303683941935,1.7197833245544523,-0.08925264054497853,2.031551415335783,1.390870194745011,0.8815645062310113,0.06534595052617985,0.21386189772795597,4.364550567247774e-18,6.99814184205582e-09,0.5035507428859229,0.42234433747882494
sample_1717,0.7498253182246256,0.5997764385692068,0.77407012481967,0.7270531400966184,-0.060739955225639214,0.008845948299302572,0.06372676575964263,-5.374823800305008,0.6806044578552246,0.3411565271752437,0.9797951573751402,1.0,0.0,0.4797481498300875,1.0,0.6039040885336613,0.7553505971384652,0.6068782063461904,0.7580396345081286,0.7526805702839637,-0.007069635913750442,0.009278143306648768,0.06294184785091064,-5.3748238004785085,0.7050410509109497,0.33970532172067736,0.9797950211092099,1.0,0.0,0.4893371873545956,1.0,0.6641561635413464,0.005525278913839582,0.9576095589427408,0.10040890336382141,1.1978458382477575,1.1471894797537807,0.6714830231875736,0.3384673855940579,0.6619021609111815,6.436295324923382e-18,1.0739554878370222e-08,0.7568062904608472,0.7255198838179402
sample_1718,0.773042187306693,0.6300478951348626,0.8688729750399776,0.6962504874923394,-0.19867402083681543,0.007855454391950487,0.0628902676455078,-5.185331717012518,0.6680829524993896,0.3296358556891663,0.9165149100722044,1.0,0.0,0.48418159041026576,1.0,0.7727075561724647,0.7974790160030205,0.6631726403246063,0.8329692998422522,0.7648894088807175,-0.08173157278957045,0.008000173621908338,0.061938620244716,-5.185331717217401,0.7347779273986816,0.29869683785098167,0.8000011444091797,0.6666666666666666,0.0,2.493701466953602,0.0,0.8280558688297042,0.02443682869632746,0.8647281773218891,0.2289072029959314,0.9924645501938777,1.048549552746668,0.6185925531807387,0.40218533822878577,0.7512711573591254,4.1825714559005904e-18,8.2999323333285e-09,0.7937211880725915,0.6931941847810922
sample_1729,0.6993063583815029,0.537641098569016,0.5513124316441851,0.9559102402022754,0.7338811630847029,0.006573465177925988,0.055208149990946004,-11.476277876351395,0.6024677753448486,0.3758851310150707,0.8485273282043656,1.0,0.0,0.3656940003273424,1.0,0.9279442148760331,0.7236110297991921,0.5669204660122924,0.5747233330233422,0.9766118836915295,0.6992730720606827,0.006908240743672953,0.05464046902530608,-11.476277875378988,0.4465833902359009,0.34003953369441614,0.748333057613871,1.0,0.0,0.30244224954040044,1.0,0.9617768595041323,0.024304671417689216,1.353320093455611,0.12303733754496304,1.3915624052430302,1.2172573005984162,0.8279157116566209,0.24618081794645222,0.605185322973927,3.526341263224778e-18,7.811956112491749e-09,0.738670965430772,0.5715191880748494
sample_1731,0.54749430523918,0.3769309182153218,0.38841305753070454,0.9272762345679011,1.3873456790123457,0.006240097477279988,0.04195916215803675,-7.348713014198341,0.44536685943603516,0.6555887051170292,1.4000005722045898,1.0,0.0,0.6909425394583719,1.0,1.0,0.5422976646141898,0.3720222239135398,0.38059643385501823,0.9429012345679011,1.4774305555555556,0.006476378377227336,0.04178892377068182,-7.348713013723217,0.40143895149230957,0.6561790549116833,1.4000007084439106,1.0,0.0,0.7028377534638758,1.0,1.0,-0.005196640624990145,1.4477168995327856,-0.10902947583951297,1.7276292737580943,1.2222768196675353,0.6022004802917102,0.1088728098203702,0.33557787186376786,5.917218782579696e-18,9.553993469261783e-09,0.5278649496807705,0.43950127514876736
sample_1734,0.47603994539837624,0.31237035640203653,0.8440764331210189,0.3314988993396037,-0.6072643586151691,0.006965178190867301,0.047924322956679456,-7.404882691281246,0.6062599420547485,0.6455206614484683,2.441311697388034,1.0,0.0,0.8506777959074123,1.0,0.21079154375614553,0.505392471966288,0.3381439357736786,0.8829548290491638,0.3540124074444666,-0.5990594356613969,0.007088013593673858,0.04780168094604577,-7.404882691968517,0.4872009754180908,0.6208920087798491,2.262742239276613,1.0,0.0,0.8026158480564062,1.0,0.26253687315634217,0.029352526567911763,1.090793727112953,0.07909432547778672,1.1264461496794929,1.0713519177694726,0.47158743883280163,0.4003424257740132,0.6859040495744304,5.688544172431703e-18,9.69541916915252e-09,0.5161427057576827,0.433148353681095
sample_1741,0.55109140901184,0.3803493280663026,0.8439460342012545,0.4091230993543012,-0.5152259945844616,0.013781445711724752,0.06485851211010182,-4.045182696834083,0.726361870765686,1.0038667566641597,5.295281731996567,0.6666666666666666,0.0,2.485526777352743,0.0,0.9268149020762775,0.602312881464825,0.4309354171454838,0.8426335105984569,0.4686523640908144,-0.44382420329098105,0.01402515912010935,0.0641516377983485,-4.045182696931485,0.7640283107757568,0.9170695682931029,4.967897753291599,0.6666666666666666,0.0,2.4111540476281985,0.0,0.9502282432631424,0.05122147245298503,0.9900407644906851,0.1851718966884974,1.01507617799479,1.059359555809406,0.5808122634458793,0.36507755122458496,0.7171468741547724,4.680339123715005e-18,8.650204401986705e-09,0.5983947601535446,0.4252774881952536
sample_1760,0.7746762126940713,0.6322216386554622,0.9015165699307245,0.6791255289139634,-0.2466854724964739,0.006799025258718842,0.045983400448088955,-2.898967245335289,0.6841052770614624,0.33335999149285844,0.9165160026436786,1.0,0.0,0.5819273195205416,1.0,0.7672981056829511,0.8122595335933206,0.6838695460555311,0.91615988663872,0.7295251527973672,-0.20371415138692994,0.007061302134419306,0.0449776616624736,-2.898967245582398,0.6278419494628906,0.28404137018187336,0.8485289016879307,1.0,0.0,0.46531857535975196,1.0,0.8603190428713858,0.03758332089924932,0.7462918271489349,0.22391467568067855,0.9853713638178754,1.0698341924908874,0.6651436201163439,0.4306604011178471,0.8290291065383267,3.553055942696877e-18,7.528473618960014e-09,0.803132825403591,0.7229111708291216
sample_1765,0.6400248472926804,0.47061510353227765,0.9999999999999999,0.47061510353227765,-0.5293848964677222,0.0045022928958594575,0.030815856540029718,-3.317478803152536,0.5450029373168945,0.5884024043208453,1.0392304111283508,1.0,0.0,0.33955633312014544,1.0,0.4706151035322777,0.6573998364677024,0.48964677222898895,0.9999999999999999,0.48964677222898895,-0.510353227771011,0.004794177871231046,0.030795340560772672,-3.3174788029826505,0.456712007522583,0.5655657420966502,0.9797949627070889,1.0,0.0,0.20019878146376457,1.0,0.48964677222898906,0.017374989175022004,0.7824841243764276,-0.18669113696330322,1.3064019810700835,1.171259578536398,0.45104123710430666,0.1873509933441094,0.5986891529657675,5.1687608054005505e-18,8.914807925554657e-09,0.6745347253744893,0.741452283684811
sample_1787,0.8168190127970748,0.6903584672435105,0.7392455327597617,0.9125816993464051,0.23447712418300654,0.005874537497757194,0.05649310253112616,-17.268826177798875,0.7142516374588013,0.2307273771526656,0.6324550796671088,1.0,0.0,0.17610767605335453,1.0,0.5064102564102564,0.8157704799711294,0.6888618010056375,0.730607627666451,0.9234068627450979,0.2638888888888889,0.006047235105516719,0.0562081447511724,-17.268826178182824,0.9651134014129639,0.23095316273283828,0.4898978706902273,1.0,0.0,0.15661261641602506,1.0,0.5288461538461539,-0.001048532825945414,1.4394870281196435,0.21240227283647262,1.2977994469483654,1.1699427504808413,0.8557379277700187,0.3748762576009491,0.7626240800515953,4.804940090966621e-18,8.550146141006505e-09,0.8194181752679455,0.711294075532486
sample_1809,0.6955798943868571,0.5332483694429867,0.5520800993480285,0.9398784355179702,0.702431289640592,0.005289537967779981,0.03897130908570281,-5.359181717611677,0.4809093475341797,0.5129088998773815,1.0198040523435683,1.0,0.0,0.47914064515099347,1.0,0.9398784355179705,0.7073121735636801,0.5471639471639471,0.5704795852235903,0.9304968287526426,0.63107822410148,0.005445497111544829,0.03875383123127917,-5.35918171704933,0.536653995513916,0.4894683382143926,1.0,1.0,0.0,0.4891916194064336,1.0,0.9304968287526427,0.011732279176823068,1.0986977565584646,0.03893152964435788,1.391140641484061,1.1296542729903962,0.5658418070976517,0.18268479891644832,0.44422669278278265,5.406561188714091e-18,1.1720563225728756e-08,0.7034709754637941,0.7117020606213371
sample_1811,0.7829596412556052,0.643330876934414,0.6510760707436607,0.9818444730077119,0.5080334190231363,0.006177782986367017,0.058569939982020994,-13.468889951989059,0.7216874361038208,0.2773622522491035,0.8246214952038183,1.0,0.0,0.2482804409543073,1.0,0.9828431372549019,0.7832007636016544,0.6436565212843843,0.6484037509219259,0.9887532133676091,0.5249035989717223,0.006345151088353826,0.05818784294541844,-13.46888995285747,0.6014065742492676,0.2808607155262141,0.8000001907348633,1.0,0.0,0.3196324759000764,1.0,0.994281045751634,0.0002411223460491163,1.307784619177669,0.19087130000840827,1.2068228508630339,1.129352659899199,0.7493238795425106,0.3043783214619167,0.7074897087166107,4.810013869090982e-18,1.0137473534276507e-08,0.7813533452047824,0.6535049762007789
sample_1812,0.8316746739876458,0.7118519606403289,0.9299693016116652,0.7521725636250775,-0.19118559900682805,0.004329234627173842,0.0381234018264761,-3.9002067142943444,0.6801004409790039,0.28566319288680175,0.7112095799441602,1.0,0.0,0.4502750066225925,1.0,0.7521725636250776,0.8279024648353102,0.7063426378752539,0.958839750791543,0.7284295468653009,-0.24030105524518933,0.004474703764876568,0.03774053051864409,-3.900206714185817,0.772808313369751,0.2900901129638901,0.7483317832115277,1.0,0.0,0.3316469237234603,1.0,0.728429546865301,-0.0037722091523356704,0.7632018499396283,0.14332840096275595,1.0747648692643577,1.0839172144426115,0.5853912452367,0.45529974287568825,0.7816170964601605,5.1794420022960635e-18,8.526231279922125e-09,0.8290123456790124,0.7905189499656191
sample_1815,0.2742799393633148,0.15893651909112205,0.1768423796181664,0.6108485257708755,2.454197614224623,0.010223552443009619,0.04982374738032443,-10.414227006166456,0.543851375579834,1.0858765995570874,2.4000015258789062,0.6666666666666666,0.0,2.4637530611821905,0.0,1.0,0.2913630518645521,0.1705236751332706,0.1911961184164264,0.6119738915147421,2.2007652487058293,0.010715142151349626,0.04943520919698951,-10.414227007271766,0.5897427797317505,1.0169741609787475,2.2090729459753624,0.6666666666666666,0.0,2.4565325014070347,0.0,1.0,0.017083112501237285,2.0114574279816906,-0.07414862608925135,2.019467272725943,1.348362973007436,0.833364859060349,0.056761746207236306,0.16737221522172205,4.028488215587036e-18,7.47880266874984e-09,0.28941477454429165,0.35685785536159603
sample_1826,0.5792953142026879,0.4077520965432603,0.7806931662424123,0.4604989604989604,-0.41014091014091014,0.006843213637919183,0.055310035328448866,-9.7787419504784,0.7319304943084717,0.5181931595070415,1.5620492330750206,1.0,0.0,0.5797195234938033,1.0,0.25520156046814046,0.6992516060666268,0.5375763747454174,0.8195932308647724,0.6097251097251096,-0.2560637560637561,0.007217845352510844,0.05494433726690181,-9.77874195012845,0.6114563941955566,0.3940889782093966,1.0198032855171295,1.0,0.0,0.47612495973617597,1.0,0.46781534460338103,0.11995629186393897,1.1826194818324074,0.13109887175647644,1.2076369217935012,1.2104040697851455,0.8255518408827253,0.339898384973558,0.6964836391598938,3.3194176686345235e-18,9.237519901812064e-09,0.6927905901011034,0.660978670012547
sample_1837,0.8096233292831105,0.6801404540258043,0.7950553646429934,0.8247351222893354,0.03733042875532231,0.005987489024277127,0.05585161079662087,-8.146657482477126,0.5046461820602417,0.2581435041628795,0.721110360893658,1.0,0.0,0.41372073483044514,1.0,0.8603621730382294,0.8398704902867715,0.7239454588948249,0.7880392327054941,0.8989999009802949,0.1408060203980592,0.006149615515567061,0.05508474360368811,-8.14665748276399,0.4346437454223633,0.21798238354264593,0.6324557808359762,1.0,0.0,0.26656831511595414,1.0,0.9333333333333333,0.030247161003660983,1.0107292385128988,0.292821301436919,1.0562590057075665,1.0913352922002364,0.8188983248631317,0.3958246689044201,0.7694605185008321,4.554555421122108e-18,1.0876717297489837e-08,0.8435179633814509,0.7110933758978452
sample_1839,0.8130093347162541,0.684933216826863,0.9696059374447781,0.699961729812476,-0.27809669600714376,0.0055786919917261415,0.05363583961236521,-10.47375617429004,0.7264615297317505,0.2685895014920905,0.6000003814697266,1.0,0.0,0.13466870011125318,1.0,0.8056794528694617,0.8193477464272626,0.6939788950962135,0.962797106441612,0.7131011608623548,-0.25934430412042353,0.005800175370786325,0.05346007031750303,-10.473756174383796,0.8487768173217773,0.2607662854757595,0.60000113646282,1.0,0.0,0.1575490190399391,1.0,0.8056794528694617,0.006338411711008463,1.1141412750194588,0.160872859869946,1.1715723404850822,1.1688629283635263,0.7870682146477441,0.44388676880041905,0.8325498735875443,4.358984399277006e-18,9.065062489068384e-09,0.8133274492497793,0.8035982008995501
sample_1843,0.8818535903325675,0.7886745266166487,0.9429730884237504,0.8281748264865877,-0.12174076158319265,0.0061067986894272844,0.062198732767483056,-18.448809913868015,0.7311989068984985,0.1585608308756058,0.489897734423038,1.0,0.0,0.23758883554184196,1.0,0.8281748264865879,0.8942604402386338,0.8087441860465114,0.9899795035299475,0.8154192459200899,-0.17632714312511724,0.005995632642734336,0.061782592493082045,-18.448809912690805,0.7620700597763062,0.14391910259556712,0.39999961853027344,1.0,0.0,0.1294170432418028,1.0,0.8154192459200901,0.01240684990606633,1.3736092282501566,0.508124172903715,0.899809740694976,0.8733149856646681,0.6525860684871602,0.5213184770028387,0.843646575918986,4.5815205147178556e-18,8.307062672256144e-09,0.8963176301172596,0.7487607030193779
sample_1858,0.7609478355522064,0.6141370455466955,0.882901554404145,0.6685958114669674,-0.24272892245818825,0.009377890686694887,0.059374470218871676,-4.171234784250741,0.7023816108703613,0.7770392455169493,6.003333691490009,0.6666666666666666,0.0,2.677790030539258,0.0,0.9584541062801932,0.7433029625184134,0.591473473994964,0.8374208617616324,0.668203443033008,-0.2020697434891363,0.009670244648449537,0.05874142422495518,-4.171234784442244,0.6676100492477417,0.7694314613455515,5.708937590031502,0.6666666666666666,0.0,2.662936804765478,0.0,0.9519543258673694,-0.01764487303379292,0.8920122143426484,0.21571327980622235,1.0255199460988182,1.0810489771908098,0.6796088609126312,0.35697460713227547,0.7099136297425764,4.5243363661922606e-18,8.889599378624272e-09,0.7393839383938394,0.7135762513252608
sample_1863,0.5524556814879394,0.3816502710299136,0.7014760147601473,0.4556567593480344,-0.350431447746884,0.005304565057617895,0.051351231141897866,-18.85813260478769,0.6983582973480225,2.3787859321321254,10.079187082811753,0.5,0.0,5.527482538615747,0.0,0.9524048096192385,0.624688096286511,0.45421558164354314,0.805755395683453,0.5100671140939597,-0.36697027804410354,0.005414576776734187,0.05123508808867917,-18.85813260440705,0.6032720804214478,0.34010890308808384,1.3076529173490385,1.0,0.0,0.4815139493435827,1.0,0.9098196392785571,0.07223241479857156,1.475571103228086,0.23041734334682046,1.1724898148694898,1.1100718838246026,0.7646005884724105,0.4649914809496491,0.7708874898079431,3.5837839907709624e-18,1.0075164425175378e-08,0.625612921834439,0.5087268299282911
sample_1865,0.8332034846660529,0.7140949374772368,0.7262625015434003,0.9770764119601327,0.3453488372093023,0.005048359746596027,0.041602103955456965,-3.9866616058893563,0.6372544765472412,0.25164565482752116,0.6000003814697266,1.0,0.0,0.2619844507246054,1.0,0.9594879518072289,0.8406973461321288,0.7251750380517504,0.7309155621011291,0.9892857142857141,0.35348837209302325,0.005262420263156957,0.040542921242746055,-3.9866616062716207,0.728370189666748,0.2457295737512975,0.5656847843176833,1.0,0.0,0.16663013716565545,1.0,0.9822289156626506,0.007493861466075891,0.8563071181513535,0.27980813540063426,1.0232709250433811,1.0921876080995665,0.8005445024066575,0.30582710587209,0.7363006691517303,3.861967828726727e-18,6.639652457692858e-09,0.8427507975895072,0.7309604173059221
sample_1869,0.5616769028630794,0.3905081577158396,0.5972059779077322,0.530137855453654,-0.1123031666378266,0.01029979653583678,0.05350961044881585,-3.945404812339399,0.548956036567688,0.6823067223506991,2.2715636615908315,0.5,0.0,3.482244857578711,0.0,0.979108635097493,0.5918820038602253,0.4203355155482815,0.5912177716390423,0.5925477302878237,0.002249524139124416,0.010783901978880996,0.05302103681622855,-3.9454048125052434,0.5083215236663818,0.6606756435824624,2.0750854745368637,0.5,1.0,3.499022111102103,0.0,0.9648328690807799,0.030205100997145906,1.0215297630406965,0.05824701154378804,1.3299623873657158,1.1817770001146153,0.6906943155570784,0.2314615501341017,0.5100416633405718,5.9511858192645705e-18,1.0342457833348653e-08,0.5930349981245853,0.46063822983948327
sample_1881,0.5047671232876711,0.33758428613309877,0.36503407830084,0.8178267045454543,1.2404119318181819,0.0053648404420077525,0.04570843684162822,-22.39915630362125,0.6630852222442627,0.5226619266276156,1.1313704452889313,1.0,0.0,0.7614890853279668,1.0,0.7999067164179104,0.4767621998450812,0.31299262649377063,0.32774227902023423,0.8742897727272725,1.6676136363636365,0.0056773374760336,0.04556114919710155,-22.399156302008226,0.6600600481033325,0.5694045168024082,1.183215513319682,1.0,0.0,0.727918621769805,1.0,0.8666044776119403,-0.028004923442589924,1.8391030451408794,-0.02526945420947376,1.9028851309435295,1.3466681669359777,0.8770352045143679,0.12837488644718884,0.35572929351294086,5.074820208883049e-18,9.354116628380232e-09,0.4761448553362712,0.5146076794657762
sample_1885,0.6452986038969265,0.4763401039913216,0.7207788532291843,0.5841284403669724,-0.18958715596330275,0.011426961193709595,0.05948059958419559,-3.6224143740104267,0.6280456781387329,0.6718282610641041,3.6036080391349414,0.6666666666666666,0.0,2.1501140095972393,0.0,0.9864559819413092,0.6590465977773445,0.49147613681800006,0.7030470049916805,0.6202293577981651,-0.11779816513761468,0.011798924004173783,0.058630163902980495,-3.6224143738529033,0.6540045738220215,0.5633347747262747,2.5298215249781784,0.6666666666666666,0.0,2.1414334876436736,0.0,0.9922404063205418,0.01374799388041803,0.9528904810377711,0.17833619344629667,1.0914429047756806,1.1038602646241653,0.6786473783193177,0.2990976985690671,0.637103727084581,4.373264318411019e-18,8.514548478511034e-09,0.6614134449642946,0.6332455089820359
sample_1893,0.6980477780631903,0.5361546808720528,0.5364192656928543,0.999080882352941,0.8625,0.00369892973664992,0.02833049816111767,-4.795159520860013,0.5405656099319458,0.4624180008651303,1.0,1.0,0.0,0.16748880600490382,1.0,0.999190447277879,0.7604254128183598,0.6134567622488145,0.6138725711703569,0.9988970588235292,0.6272058823529412,0.003849082529905004,0.028035849926120033,-4.795159521944611,0.5825942754745483,0.3593915408155538,0.721110360893658,1.0,0.0,0.11979820473346146,1.0,0.9995952236389395,0.06237763475516955,1.0895049183340058,0.12518162105868663,1.2521204285633134,1.130483208501509,0.667088183996197,0.24272620789418264,0.6111030025431308,3.9027559869685206e-18,6.781449870506303e-09,0.754617414248021,0.5999107939339875
sample_1894,0.6369946917109023,0.4673457159976033,0.4673457159976033,0.9999999999999997,1.1397435897435897,0.005313471372709188,0.04787448924894349,-20.951902169511552,0.7045192718505859,0.47930568316769606,0.9165156592637312,1.0,0.0,0.2590117502476775,1.0,1.0,0.6042413091895031,0.43291244623282915,0.43291244623282915,0.9999999999999997,1.3099358974358974,0.005694963824102771,0.047778693586795234,-20.95190216920096,0.6393417119979858,0.5355971358714593,1.1999998092663684,1.0,0.0,0.46694493272586163,1.0,1.0,-0.032753382521399144,1.7499201066641155,-0.09846667452675283,2.2390612525296696,1.4934489041893804,1.0151245051333677,0.0997917739007584,0.34771875789284706,3.557405104340333e-18,8.613689425558694e-09,0.5986185725249423,0.5104671209260323
sample_1904,0.8349880426117834,0.7167205772580243,0.7231078197564954,0.9878257887517146,0.36608367626886146,0.005352748103580142,0.05538863427021519,-13.887248591067495,0.6640009880065918,0.24498545842238878,0.5656865713444219,1.0,0.0,0.0951450416988727,1.0,0.9878257887517147,0.8191097249787354,0.6936374549819927,0.6981633639439341,0.9907407407407406,0.41906721536351166,0.005548817214166759,0.055025773810101555,-13.887248591928579,0.6776231527328491,0.2725502142293299,0.6324561351905607,1.0,0.0,0.20827923168223858,1.0,0.9907407407407407,-0.015878317633048034,1.2634017820841454,0.13603026118503125,1.3829485306658378,1.1999525428457654,0.8130755602899608,0.2694783446005177,0.6732130301636442,5.1676418253754085e-18,9.35774022312753e-09,0.8250178699070764,0.8573009724088859
sample_1927,0.629186805732214,0.4589879995051342,0.48420777864787257,0.8980876301137737,0.8547567175018156,0.004424401521945126,0.03803426442600324,-11.1745265171494,0.5356930494308472,0.3663360804962612,1.0,0.6666666666666666,0.0,1.5481686232882117,0.0,0.9201213346814965,0.6508497972564921,0.4824146310269855,0.5056300268096514,0.9130961026385861,0.8058581457274268,0.004624983373269622,0.03769901455123821,-11.174526517242148,0.5415521860122681,0.34585521783698797,1.00000009536745,0.6666666666666666,0.0,1.595413022496219,0.0,0.9302325581395349,0.021662991524278086,1.3704952158212544,0.129681388988776,1.2825960924255038,1.1560520744406833,0.7240496767268284,0.2158283169062664,0.5638968412708091,3.8214921515725125e-18,7.333826133545501e-09,0.6341666666666665,0.346157403125867
sample_1944,0.7686817800167927,0.6242754858506647,0.6601052707477106,0.9200080393930257,0.3937292734398553,0.007874997537337454,0.06465425498960539,-9.106853579796423,0.682856559753418,0.3271459538379887,1.1661905752336612,1.0,0.0,0.5645402356609189,1.0,0.8989043824701195,0.7560358890701468,0.6077634253491574,0.6362138787837188,0.9314641744548285,0.4640739624158376,0.008038350115460537,0.06385107450234846,-9.106853579117374,0.6757073402404785,0.35139390964152856,1.280624452798556,1.0,0.0,0.6166122737284269,1.0,0.9198207171314741,-0.01264589094664581,1.1641263763111376,0.24234335149901703,1.194775959640512,1.086900063005901,0.7323250317463564,0.31028050535174956,0.6290962167295947,4.769530133477669e-18,9.64635308064217e-09,0.7561243144424131,0.62882096069869
sample_1989,0.8281280436335302,0.70667109929078,0.8787377704285516,0.7830304518664046,-0.10891453831041258,0.005757655905850679,0.05736274807430655,-10.712378323024955,0.7071304321289062,0.2192916495613736,0.44721530148443783,1.0,0.0,0.24448523699095936,1.0,0.6939368770764119,0.8671100678142931,0.7653965695867386,0.9244994438264738,0.8164292730844793,-0.1168958742632613,0.005737679965054501,0.0567810982326111,-10.712378322993906,0.7919620275497437,0.17418152332884523,0.44721316900510905,1.0,0.0,0.21237102405327038,1.0,0.7674418604651163,0.03898202418076291,1.0871746348954507,0.400018310061196,0.8469580768361199,0.9874960487935741,0.7676636483522378,0.5335937435623256,0.8629628546919584,3.906399558108828e-18,8.2318506453935e-09,0.8594261758155377,0.713346365736627
sample_1993,0.7193692378290434,0.5617304058896344,0.8585084138205714,0.6190407811602526,-0.27893452039058014,0.006543401846062859,0.05051296724465126,-5.349029774954225,0.7211458683013916,0.35548724632456363,0.8717804888296125,1.0,0.0,0.2437227431443064,1.0,0.7922149122807017,0.7517390066305983,0.6022290295248647,0.8671984983575785,0.6634118322802985,-0.23499425617461228,0.006981773947685713,0.05019313649688296,-5.3490297744197735,0.78751540184021,0.3230894039235593,0.7319988509605225,1.0,0.0,0.22719445119814588,1.0,0.7017543859649122,0.032369768801554955,0.9170405630087582,0.08813416804383119,1.1562195397399473,1.1734622598783209,0.7084415974169704,0.3588068934862641,0.7603112255699053,4.388222163502394e-18,8.236612769370746e-09,0.7500404989470274,0.6428542501923622
sample_2021,0.7225438782624511,0.5656115039627925,0.9272543375087526,0.591875248311482,-0.36169050456893126,0.0073179086229079385,0.048729853824053614,-3.4153253863794153,0.615691065788269,0.5500383762148798,3.781525149268622,0.6666666666666666,0.0,2.4320377998153506,0.0,0.7247073578595318,0.7414362719527039,0.5891130146449295,0.8901878914405009,0.635280095351609,-0.2863528009535161,0.007817167452605578,0.04813093714723656,-3.415325386407191,0.5423901081085205,0.5225570957192449,3.358570874871416,0.6666666666666666,0.0,2.4355320700062175,0.0,0.7235576923076923,0.01889239369025275,0.8070271392509741,0.06080356611115623,1.127842192996677,1.1458381867516803,0.6235132815686114,0.3731158819242595,0.7301953570894617,4.985773346715357e-18,8.042829975120684e-09,0.724219349507113,0.5623426911907067
sample_2024,0.7133169449860134,0.554384346794914,0.7975547341484218,0.6451736563674001,-0.19106033887909224,0.005672704024689483,0.041770875943579894,-4.302717425642372,0.6007652282714844,0.4159644029566978,1.822085763247301,0.5,0.0,2.9673612750197447,0.0,0.9140772764117806,0.7441730968101186,0.5925761702666751,0.7732043970576079,0.7172429655754043,-0.07237598711952771,0.005750321233726394,0.04120762985419493,-4.3027174257043015,0.6350986957550049,0.36531829775401115,1.3999996185302734,0.5,0.0,2.9554300960384117,0.0,0.9513644960821399,0.03085615182410517,0.8600176010884507,0.2800690258268007,1.0232911574898205,1.034685002574711,0.6660893799282407,0.37330645157014997,0.6884010131611389,3.755396472817418e-18,7.592706560704052e-09,0.7441168188583611,0.6194096601073346
sample_2044,0.7882518727286211,0.6505080181172725,0.6824194169770129,0.9329353932584268,0.3670997191011236,0.005927857955130672,0.05622685525742827,-14.021109722260922,0.6948750019073486,0.2550016508080145,0.7211107576459648,1.0,0.0,0.3491607349510958,1.0,0.9248188405797102,0.7692199082244969,0.6249856602041985,0.643287283032235,0.9564606741573032,0.48683286516853935,0.006010168913262138,0.05572740980055775,-14.021109722136666,0.7574210166931152,0.27674360856185776,0.9999998855591803,1.0,1.0,0.3649434457041097,1.0,0.9585597826086957,-0.019031964504124144,1.3304800964140548,0.33938444861627065,1.1823837704835591,1.065864890037309,0.8406326583655068,0.32925196742511337,0.623894082980698,3.9996681278248215e-18,8.598202420864736e-09,0.7905964301262516,0.761912225705329
sample_2059,0.7323129251700681,0.5776764153474645,0.8882013201320131,0.6229745370370371,-0.2986111111111111,0.008390769998856676,0.057985651546976325,-4.055840682181615,0.5704289674758911,1.3820125713710958,10.488564486543023,0.6666666666666666,0.0,4.188384968828976,0.0,0.0,0.7797326971561797,0.6389851595130187,0.89040926258436,0.6935281635802469,-0.22111304012345678,0.008380666306782504,0.05694345468973516,-4.055840682425645,0.5826339721679688,1.293102977548802,10.25816756692116,0.6666666666666666,0.0,4.071934066672462,0.0,0.0,0.04741977198611158,0.82343024662518,0.3145673576019546,0.91382613602274,0.9969790894958531,0.6193950587064548,0.4623728036373766,0.8245080900368925,4.4782089762044176e-18,8.467158947389169e-09,0.7830096027935399,0.7376130978026713
sample_2067,0.7300921865976515,0.5749174695142492,0.8248912518124698,0.6548363580554809,-0.20615431838238116,0.011052679557449764,0.0633967376265904,-3.2951079140170516,0.6614153385162354,0.45427229367934224,2.408319272151091,1.0,0.0,0.5593995037938645,1.0,0.9474308769431589,0.7598836752338285,0.6127519330713652,0.7787667646703451,0.7418946399109849,-0.047346813490388676,0.011646257774626332,0.06237602272164242,-3.2951079142954494,0.7358533143997192,0.4052065883438314,1.9595910934220218,1.0,0.0,0.5852392081159173,1.0,0.9735374391835766,0.029791488636176977,0.8658268123140799,0.19267169052120497,1.0659722572287278,1.1291742644806635,0.7513817225536932,0.3385044066236471,0.6991013503639839,4.2260871417680526e-18,7.514883728830635e-09,0.7650617945208197,0.7298422224373246
sample_2069,0.646015356102727,0.477121626906531,0.7064273306311522,0.5951219512195121,-0.1575609756097561,0.004820099245547804,0.04031658181091098,-6.492866587455182,0.6021507978439331,0.45753274805146704,1.0770322530576295,1.0,0.0,0.5180241989980002,1.0,0.5288901601830663,0.6944371898668059,0.5319063812762551,0.7473299606520516,0.6485365853658536,-0.13219512195121952,0.005086829972688559,0.039940604240169784,-6.492866587680027,0.4739919900894165,0.3991685782472999,1.0198040523435683,1.0,0.0,0.45251125149380644,1.0,0.5878146453089245,0.048421833764078936,1.0201563049494848,0.1013951838301101,1.263088461687628,1.1761229116338858,0.7287277005818786,0.3429113427499657,0.6960559769384675,4.391475022284384e-18,7.945610190304137e-09,0.6745617556536865,0.5005590756615729
sample_2070,0.7910679417213238,0.6543526878157871,0.848094471282877,0.7412272471382998,-0.12600863201351098,0.006633402065817967,0.05415412208264698,-7.38811512999744,0.7005544900894165,1.0064406983377223,8.867921556379839,0.5,0.0,5.6950800327197735,0.0,0.0,0.8437454064383361,0.7297228578693108,0.8829863603732949,0.8078438731469317,-0.08510039407018202,0.006651750104574691,0.05360240499982801,-7.388115129527244,0.8072077035903931,0.9191929586508101,8.710913798620917,0.5,0.0,5.459358893010495,0.0,0.0,0.05267746471701229,1.023246194176423,0.3737490773051961,0.9248895425481635,1.0105268221805421,0.7748136994458057,0.5114924455193587,0.8520424511857541,4.976311651776565e-18,7.998210534692647e-09,0.8397751922697693,0.7600640683395622
sample_2072,0.8074727226592235,0.6771104846002447,0.7813037073410262,0.8354555001312679,0.0693095300603833,0.00786379539910999,0.06293758780992041,-5.873180884375296,0.6031253337860107,0.25356270669169445,0.8485286769035447,1.0,0.0,1.6633421998665519,0.0,0.8739952718676123,0.8389597704657835,0.7225931962774068,0.7841492639507018,0.9020084011551587,0.15030191651352062,0.0076898175434259855,0.061484902329450704,-5.873180884357124,0.7000155448913574,0.2160435811891977,0.8485280924683412,1.0,0.0,1.6292363120710363,0.0,0.933806146572104,0.031487047806559976,0.9201795326555879,0.4363830684424213,0.8518851067035533,0.9308487292173461,0.6749402714541295,0.4140149930887179,0.7272188200405296,3.857180654985323e-18,9.619704730930903e-09,0.8351058966935853,0.7256266018706521
sample_2077,0.5596849778703462,0.38858511455556055,0.8481949102387057,0.41762991743564837,-0.5076250607090821,0.009208651111841817,0.046834662595267106,-3.1308037850051154,0.7041690349578857,1.7742699208368342,11.024518150836379,0.6666666666666666,0.0,4.119682762914566,0.0,0.4780982905982906,0.5795695073105605,0.40802384227418614,0.8794347267516551,0.43220009713453134,-0.508547838756678,0.009656063351924888,0.04639204431564078,-3.1308037853669894,0.7159836292266846,0.6514360948158806,2.6981477459269896,1.0,0.0,0.6147260341371097,1.0,0.5074786324786325,0.019884529440214238,0.886996514649573,0.062217226003886364,1.1096848839482207,1.1257081139700629,0.58288001617585,0.3363464739610736,0.710421389481976,3.918892925344441e-18,7.006411566236275e-09,0.5828719443095354,0.757364121330825
sample_2079,0.7593645241218481,0.6120770676691728,0.6976432779860737,0.8330668372241763,0.19411576590981772,0.0046198440494469774,0.04906399373996918,-23.226162890984774,0.7264599800109863,0.23865453583055612,0.7999992370605469,1.0,0.0,0.4320164691866374,1.0,0.8937275269676388,0.7519434628975264,0.6024915062287655,0.6737588652482268,0.8506555804285255,0.26255196674128556,0.0047495472184018,0.0487232767252329,-23.22616289152048,0.4434922933578491,0.23307186740350364,0.7211087738836667,1.0,0.0,0.41673007776717724,1.0,0.8877347183379944,-0.007421061224321623,1.5962914871856295,0.2563387728855444,1.4251467372239106,1.1720447986884273,0.9192102360041957,0.3630355036824017,0.6967216402942275,4.309316545276448e-18,9.942926811375942e-09,0.7379942536598713,0.6077591198610306
sample_2086,0.8192613098273475,0.6938548864758143,0.8006549907446959,0.838752983293556,0.04758353221957041,0.005661001013800841,0.05607482129350953,-12.546801218879565,0.6904762983322144,0.2718909688714185,0.6324553812445446,1.0,0.0,0.47235667714388624,1.0,0.8387529832935561,0.8736948955916473,0.7757177803527745,0.8500282167042889,0.8987171837708829,0.057279236276849645,0.005670520811164937,0.05562645581671099,-12.546801218512279,0.7542198896408081,0.19996167423002836,0.44721359550077144,1.0,0.0,0.26105537275160645,1.0,0.898717183770883,0.0544335857642998,1.191226935520822,0.3720511481787647,0.9694479490911335,1.0086040938235248,0.7666449582400856,0.41825742897423673,0.7950792982263627,4.587369718399444e-18,8.60663912293962e-09,0.8689242446358195,0.8003465280554444
sample_2087,0.6686061888389314,0.5021851410409216,0.5107586624911606,0.9676555023923443,0.8945454545454545,0.007244293874068053,0.06033955827453741,-16.214803558898222,0.7125862836837769,0.40741673429917735,1.0770330676827349,1.0,0.0,0.4192393779362521,1.0,0.9950552646887726,0.6645602948920484,0.4976340694006308,0.506471355473061,0.9661244019138754,0.9075598086124402,0.0075661713387813094,0.06009881755558034,-16.214803558765198,0.6095385551452637,0.41249039048417235,1.0000003814697447,1.0,0.0,0.4995414018247687,1.0,0.9997091332169866,-0.004045893946883039,1.5586369652995058,0.033555853638080904,1.5473893989491978,1.253107445067012,0.7894687217622802,0.20620658767855923,0.5402505160627993,5.029427931571483e-18,9.31576174061797e-09,0.663704489687645,0.5402849002849003
sample_2111,0.8370860927152318,0.7198177676537585,0.8189559422436133,0.8560371517027863,0.045278637770897835,0.003099877416807943,0.028022646822374056,-2.999156379193012,0.5645104646682739,0.3711146598609234,3.1199209845688998,0.5,0.0,3.15463324212283,0.0,0.0,0.8631318136769078,0.7592188998343647,0.8847013409183258,0.8425890092879256,-0.04760061919504644,0.003043354774872642,0.027468191110156005,-2.9991563789693383,0.6317322254180908,0.3344005578500434,3.227692246286307,0.5,0.0,3.082667225417429,0.0,0.0,0.02604572096167601,0.7028296496156059,0.33871271367147104,0.9131692937526934,0.9670504929791806,0.5621247956499684,0.42592808516654834,0.794296877605423,4.0052068083819696e-18,7.403600704474482e-09,0.8633598733989417,0.7481890964544414
sample_2119,0.6921863677053582,0.5292698826597131,0.9156422690876281,0.5564007675438596,-0.39233826754385964,0.007136386318592187,0.05100335457543256,-5.1107715779816125,0.6180506944656372,2.0207713310994313,13.540975093567683,0.5,0.0,8.00999141850799,0.0,0.7013648928818245,0.7510576802245215,0.6013549771934531,0.9659519448335306,0.6143777412280701,-0.3639665570175439,0.007362007436095946,0.050585365565828884,-5.110771577950981,0.5989048480987549,0.36010400561882705,1.4142130228938457,1.0,0.0,0.73290825981537,1.0,0.7487042156185211,0.05887131251916322,0.9200061887905501,0.19846885358348354,1.0250223549889825,1.0903336449271384,0.6761898423445387,0.3989632469504801,0.785499158291902,3.647898070372921e-18,8.314824013820375e-09,0.7495040729329338,0.6951822817566025
sample_2121,0.8449696183682782,0.7315561839807037,0.9675485396842858,0.7499573669849932,-0.22488915416098226,0.005978187862659009,0.046083066448614464,-2.6498407752254347,0.6568872928619385,0.2679271827056173,0.7211096665766049,1.0,0.0,0.2694814805353313,1.0,0.8838640840446487,0.8779296199847901,0.7824193879646745,0.9554095400511612,0.8120736698499318,-0.1500255798090041,0.0062334474679289365,0.04490527531952796,-2.6498407754288498,0.719012975692749,0.2238187192039014,0.4898978706902273,1.0,0.0,0.17988114429188645,1.0,0.9045469468154957,0.032960001616511914,0.6677089673380762,0.27083445352939084,0.9253459746703082,1.075200684455438,0.7497998103893674,0.49225197142105814,0.8442507674101319,3.8488509579592755e-18,7.65960312259085e-09,0.8706198835834048,0.7717503016220564
sample_2129,0.788960171077252,0.6514733473126586,0.7957670531140468,0.7822687516565067,-0.016962629207527165,0.0071818784080825695,0.05313655100521809,-4.678914563527633,0.695793867111206,0.33133084623219733,1.0,1.0,0.0,0.6017003006547949,1.0,0.7666554508748318,0.8146186786963486,0.6872207820859302,0.8039228337312083,0.8256029684601112,0.02696793002915452,0.007554535885131112,0.05220034455271158,-4.6789145635471385,0.7678883075714111,0.3000878455511118,0.9797947291066804,1.0,0.0,0.5789602960335369,1.0,0.8293236877523553,0.025658507619096604,0.9163903967906712,0.2210804880658861,1.121198817653275,1.142702223278622,0.8166012293414144,0.3539779829237465,0.7173996903509292,3.998874744730221e-18,7.897194744544532e-09,0.8096594587595494,0.7768790397045244
sample_2166,0.3821730265074279,0.23622614332012962,0.5348116745475296,0.2973168963016678,-0.44407179115300943,0.00842888952388701,0.047975034307496126,-6.260793593893818,0.6096314191818237,0.8848150417284286,2.449490178839445,0.6666666666666666,0.0,2.1419069793816456,0.0,0.3022458628841608,0.4617804340987732,0.30020449897750506,0.5476249689132056,0.3992023205221174,-0.2710297316896302,0.00904046972464575,0.04785588754541158,-6.260793593662801,0.4662940502166748,0.7592756010174238,2.154066365586063,0.6666666666666666,0.0,2.0819938461409593,0.0,0.4374704491725768,0.07960740759134527,1.1725149933561514,0.02026887082327655,1.4023554760503907,1.2691257866065337,0.8019920247301455,0.1957705026641973,0.42364662351595744,4.198087173969739e-18,9.14829423050875e-09,0.4623482203345667,0.3149016979445934
sample_2167,0.7155951861320695,0.5571414700456354,0.5631563450780253,0.981190150478796,0.7423050615595075,0.004112260883560522,0.032785206988867215,-6.169153729604354,0.6174335479736328,0.4332249254637961,1.2165525452558745,1.0,0.0,0.43889375527004776,1.0,0.9811901504787962,0.7562639380821198,0.6080582217065709,0.61342838901894,0.9858071135430915,0.6070451436388509,0.004345483985049712,0.03236850697427941,-6.169153728639323,0.5223212242126465,0.3737510956706458,0.8717804888296125,1.0,0.0,0.29746861277667247,1.0,0.9858071135430917,0.040668751950050264,1.1165172270104653,0.08159865514402549,1.3798156629698348,1.2020901043472374,0.7536693058131826,0.23144390915799096,0.5762096501234635,3.723794217109324e-18,7.43477290680055e-09,0.7534957001247291,0.5851844304055431
sample_2172,0.7274965379289121,0.5717049576783554,0.5733689061363084,0.9949494949494948,0.7352693602693603,0.0045430875011444,0.03341147974419948,-4.780483370863975,0.6638617515563965,0.42092760674242224,1.0000000000001137,1.0,0.0,0.4087169467466908,1.0,0.9949494949494949,0.7354459124690339,0.5815851767202677,0.5817276290006531,0.9995791245791245,0.7182940516273849,0.004982575279119938,0.032970967039666337,-4.780483371277596,0.5998294353485107,0.4141689571076456,0.824621032603793,1.0,0.0,0.23094583940708027,1.0,0.9995791245791246,0.00794937454012179,1.082911890579295,-0.053622156342852834,1.5503502606528554,1.3109902530128212,0.7958310672930784,0.18317363164498995,0.5624238403968839,4.6518706689646555e-18,8.592236089071938e-09,0.7393335409529741,0.5347913277081994
sample_2175,0.6436781609195402,0.47457627118644063,0.48279825929879294,0.9653587259891642,0.9995074700377606,0.007476649537663057,0.05848638968306277,-12.631860369568154,0.7209190130233765,0.4411143690429842,1.2165527569126136,0.5,0.0,3.195048182676554,0.0,1.0,0.5940722291407223,0.42254818594104304,0.42641590389016015,0.9789853882777868,1.2958463306517813,0.008106267188194334,0.058344016458279545,-12.631860369867706,0.6874088048934937,0.5047397818952211,1.4142134949382388,0.5,1.0,3.212003855952646,0.0,0.9995689655172414,-0.04960593177881789,1.4942256621716892,-0.0281296963345318,1.750686516093852,1.3840389758773197,0.9291347219760053,0.13847251215394912,0.38315405353165904,5.16284850311485e-18,8.973522846700673e-09,0.5835165372025991,0.612712706859248
sample_2196,0.5980426956036712,0.42657696759259256,0.4285299033500472,0.9894295302013422,1.3088926174496645,0.008484227417998761,0.06166889242292859,-13.24336321113611,0.6811816692352295,0.47540083801646527,0.9797956635118533,1.0,0.0,0.26353761204173803,1.0,0.9779411764705882,0.6001841997544003,0.4287594122377366,0.4317579505300353,0.9840604026845636,1.2791946308724833,0.009122550407702401,0.06117019350420708,-13.24336321012559,0.6770950555801392,0.47514028248283785,1.0198027992371017,1.0,0.0,0.2597903877631677,1.0,0.9586397058823529,0.002141504150729112,1.6024520367200537,-0.03181482275857378,1.6913761939940704,1.3557322543210997,0.8841666881649427,0.14881447040802637,0.39289981578083977,3.834665715066821e-18,8.392642098810208e-09,0.610717059280352,0.4854892205638474
sample_2199,0.69876328742193,0.5369993642720915,0.9358519831597605,0.5575209557124942,-0.40426374496732886,0.009372277381163596,0.060169005274121105,-6.026323978934468,0.7293473482131958,2.3299015465924566,12.761426085071136,0.5,0.0,6.953367019223449,0.0,0.9056953065447022,0.7043780518083258,0.5436601724688598,0.9440931780366054,0.5617450993333772,-0.40498976965216815,0.009314352415358407,0.05955188835137769,-6.02632397895659,0.7441078424453735,2.3167708166478342,12.721634877393145,0.5,0.0,6.885738262476831,0.0,0.9150604377654361,0.005614764386395854,1.0155603046357837,0.34453290192955033,0.9326262168885111,0.971976054237146,0.5964066213256138,0.48402407616335086,0.8385391997496869,4.65444501119771e-18,1.0137499361092066e-08,0.7006079655899747,0.6581448154066101
sample_2202,0.7310772410229913,0.5761400651465798,0.5835853725598019,0.9783360221249133,0.6764231389721134,0.004979784692135547,0.04803209221269987,-15.011336386986962,0.6331151723861694,0.3023906133568617,0.6928210388143333,1.0,0.0,0.2461851921345944,1.0,0.9735632183908046,0.7661181548421904,0.6209007433318757,0.6281332940135652,0.9817930398709378,0.5630329569025121,0.005086932536109536,0.04755523246016609,-15.011336386125341,0.6317400932312012,0.26274447206684004,0.6000009059926165,1.0,0.0,0.2875432566108976,1.0,0.9904214559386973,0.03504091381919905,1.4024364712520927,0.2928681129366762,1.1561804542240268,1.0914880522257306,0.8192880021188839,0.3382421259243183,0.6981305141357071,3.0209036717791796e-18,8.691842045646311e-09,0.7505125233978072,0.5540010460251046
sample_2207,0.4345168800931315,0.2775608849228481,0.7164107485604605,0.3118212197159565,-0.5647451963241437,0.007370346365572288,0.0510222068081238,-8.11707309264443,0.7164344787597656,0.7101653709840787,2.1260291087186034,1.0,0.0,0.4843694534952917,1.0,0.1600765306122449,0.6186581554624642,0.4478675267160873,0.8515467691744462,0.48579782790309095,-0.42951127819548873,0.007968878163776338,0.050860407033855276,-8.117073092609614,0.6816926002502441,0.4948925234933201,1.6613242502034222,1.0,0.0,0.3603254499043638,1.0,0.3720663265306122,0.18414127536933267,1.181562116786874,-0.02705147390071935,1.2998466587700732,1.294095926136694,0.7947855222754012,0.2895326303834435,0.71750247394357,4.6728152034777965e-18,8.47135913711959e-09,0.5899831932773109,0.728553667633651
sample_2208,0.6245852244555475,0.45410681603904385,0.8601743880659731,0.4902994011976048,-0.43,0.009611153210060053,0.05929163611177034,-5.324488094331232,0.7273987531661987,0.8613763142048608,8.442748180737059,0.6666666666666666,0.0,3.916137981312899,0.0,0.11362433862433863,0.6916994620355995,0.5287007395959819,0.8710557424752203,0.5735928143712575,-0.34149700598802396,0.009765132314502562,0.058705694594691944,-5.324488094226951,0.8339717388153076,0.7714318691097578,8.357033606503347,0.6666666666666666,0.0,3.831648916864433,0.0,0.24166666666666667,0.06711423758005197,0.990446140379092,0.21599287092418157,1.009229593269864,1.052354243556541,0.6085516234970011,0.37888976357325527,0.6874311992273637,5.109096999531712e-18,9.723898339595643e-09,0.6800393887450308,0.7139444317177733
sample_2209,0.5408371767178469,0.3706489557493798,0.3706489557493798,0.9999999999999998,1.697970639032815,0.007099338406693983,0.04465742863962601,-9.666762577619433,0.6551487445831299,0.7329956227988683,1.496663145870155,1.0,0.0,0.37501196543991583,1.0,1.0,0.550641940085592,0.3799212598425196,0.3799212598425196,0.9999999999999998,1.6321243523316062,0.007362793416073414,0.04453729732470792,-9.666762577850525,0.6811282634735107,0.7118268521816089,1.4142135623730951,1.0,0.0,0.2683200493897029,1.0,1.0,0.00980476336774505,1.6330033125387822,-0.12578167047038175,1.9022908825798377,1.2813360540369403,0.6851703083799541,0.07081772131750635,0.23355773097550858,5.30862519702382e-18,7.962527583916815e-09,0.5495313797603512,0.4994234887168506
sample_2225,0.7271451014473377,0.5712710084033613,0.936622750365969,0.5942416958041958,-0.365548513986014,0.006502423875068559,0.047845324789685464,-3.7992755934660867,0.44609785079956055,0.37919064817501835,1.0770335281241872,1.0,0.0,0.3381369294506718,1.0,0.758495145631068,0.8088095457194565,0.6789926353195653,0.9221515003147512,0.7202797202797203,-0.2189138986013986,0.006890984502858569,0.0471646284081719,-3.799275593298776,0.5851430892944336,0.28425283174092386,0.8000011444091797,1.0,0.0,0.2301539675783928,1.0,0.8773260517799353,0.08166444427211883,0.794726448307007,0.20332781431313307,1.0224649562261754,1.126968273831184,0.7613597939481644,0.43751061946309594,0.8071756182014479,4.287033296110154e-18,9.194007042961056e-09,0.8040409033334364,0.7296762335642585
sample_2234,0.6148605492867787,0.443897940362742,0.8500784929356356,0.48160088938299045,-0.43346303501945527,0.006351428806947934,0.04954072784084636,-8.186542114816039,0.7208437919616699,0.5278131707343721,2.2449950310330955,1.0,0.0,0.6660134775645512,1.0,0.00248015873015873,0.6649122807017543,0.4980289093298291,0.8458369098712445,0.5477487493051695,-0.35241801000555867,0.006471669837076487,0.04912601205689634,-8.18654211493759,0.9417836666107178,0.412687329302437,1.4696925413951392,1.0,0.0,0.6313546739596227,1.0,0.14657738095238096,0.05005173141497565,1.0986456134077849,0.25304422712178,1.041033960822122,1.0670350849010892,0.7031500516670007,0.3980494310539072,0.7179219057502976,3.364481054796349e-18,8.449553291615523e-09,0.6633863575087624,0.5601367521367521
sample_2259,0.768936523402259,0.6246115964120302,0.6433963403587173,0.9553443328550931,0.48484576757532283,0.006275428929398323,0.04920825583732348,-5.188993200188948,0.5934512615203857,0.3628402553990583,1.0,1.0,0.0,0.3393702383325676,1.0,1.0,0.7626907935630913,0.6164108289143176,0.6201842075704819,0.9902259684361547,0.5966642754662841,0.006666863425874273,0.04847490975185692,-5.188993199997623,0.6140073537826538,0.3786252684256646,1.077032270765575,1.0,0.0,0.3116057379056121,1.0,1.0,-0.006245729839167713,1.0014619018349307,0.1005881146602207,1.358117033607909,1.2007860187964887,0.772901309345568,0.26171978345651503,0.5921535597642311,4.140258400297037e-18,7.646282038538565e-09,0.761158104669555,0.5884373211219233
sample_2263,0.7155137676292813,0.5570427690055421,0.578141957890167,0.9385130373502465,0.6233262861169838,0.006914020722143482,0.05856557027849681,-14.636238100960126,0.7171448469161987,0.3490679863339853,0.8000011444091797,1.0,0.0,0.3657793394058606,1.0,0.973170731707317,0.7560146987450599,0.6077360383457807,0.6232994169429518,0.960535588442565,0.5410500352360817,0.007153195974829432,0.05806373394168567,-14.636238101479275,0.737580418586731,0.30643760508574247,0.6324539487477341,1.0,0.0,0.26485331531030076,1.0,0.9152439024390244,0.04050093111577857,1.4540485303006503,0.23503473671581984,1.2477551517348056,1.1629656364472918,0.8735724403953503,0.2905465309625401,0.6502956225295222,3.8601959832594395e-18,8.553651480154987e-09,0.7532069157836028,0.7372941010840489
sample_2266,0.4550248606298026,0.29451921201482345,0.32876115828434566,0.7387475538160468,1.2470645792563602,0.006736017753009779,0.04797493859264783,-13.974723259243008,0.6291079521179199,0.6539424833598872,1.2165524433466597,1.0,0.0,0.7053845528266093,1.0,0.48653846153846153,0.5129775668019293,0.34496962207805576,0.37334224896912954,0.8194716242661446,1.1949608610567515,0.007276970501951011,0.047774583693514075,-13.974723258286177,0.4716092348098755,0.5705570637419033,1.0770321113831989,1.0,0.0,0.5458181641606643,1.0,0.6451923076923077,0.05795270617212672,1.728104086079672,-0.17570189500590888,1.9229724536013872,1.439996414358694,0.8752314184229507,0.15364533729564964,0.4253653287434449,3.027168485081189e-18,7.575573899586973e-09,0.4947455961291297,0.3864509496239381
sample_2270,0.6363138885848747,0.46661316211878,0.4994416287260544,0.8765264586160108,0.7550128147143073,0.006943048764602665,0.05174052737352313,-9.989052725900892,0.5427355766296387,0.4210232742716795,1.800000127156688,1.0,0.0,1.50988254612166,0.0,0.6198347107438017,0.6254842647136868,0.455057915057915,0.4826371826371826,0.8884366048545151,0.8407960199004975,0.0070739646809572935,0.051126656748665796,-9.989052725832819,0.45198047161102295,0.450691853016269,2.040097197805482,1.0,0.0,1.5197985858121872,0.0,0.7055785123966942,-0.01082962387118791,1.337600672153814,0.23555337579686705,1.2291508704841734,1.0834570444368665,0.7144735779069563,0.2952068668170656,0.5600171318430627,4.965387108900207e-18,8.629663346448395e-09,0.6126753137192872,0.4202055543406954
sample_2271,0.7125281935616158,0.5534320751712056,0.6697719241888852,0.7611155727531576,0.13638022924728044,0.008345150835207617,0.05797768848269485,-5.653179174252683,0.7231069803237915,0.3722517536393552,1.0770321113816737,1.0,0.0,1.647940557012079,0.0,0.8623910336239103,0.7448858304660619,0.5934805363106216,0.6516171400426859,0.8693144484193618,0.3340877564430167,0.00873500873765034,0.05736491217702236,-5.653179174017809,0.8170051574707031,0.32971471363648397,0.9999996185305645,1.0,0.0,1.5920318204355492,0.0,0.9485678704856787,0.03235763690444615,1.0343534739750697,0.1796566807954854,1.1310914339647142,1.1365018787119776,0.7487902707990132,0.35394536137119575,0.7065317315738224,3.816796354509673e-18,7.250283969148125e-09,0.7459969977483112,0.6014834241691596
sample_2281,0.8736748916078361,0.7756862428957233,0.8424462636256184,0.9073078736445073,0.07699198491277699,0.007010172046156578,0.057156066476109435,-3.484313775692511,0.6913855075836182,0.21667883551698364,0.6000003814697266,1.0,0.0,0.259219169703622,1.0,0.8891136447223243,0.8698227487307384,0.769633920479174,0.8241623765718626,0.9208392267798209,0.11730315888731731,0.007293847538353957,0.056109947897780246,-3.4843137755143623,0.702070951461792,0.22481810296209015,0.721111418900901,1.0,0.0,0.2472138045957182,1.0,0.9022312124555596,-0.003852142877097675,0.759552923586315,0.2416381550548703,1.0467094156615653,1.1044675537344624,0.769120453554553,0.34516788151941663,0.6834768699898013,3.8926611646408475e-18,9.921409581055011e-09,0.865872927562034,0.882309065840924
sample_2293,0.8960526819556645,0.8116806547825482,0.8416888441343594,0.9579240340537,0.13809757694826458,0.0028573405033398783,0.028000741412657855,-2.450218911708667,0.5714777708053589,0.18510481316253474,0.4472140219965355,1.0,0.0,0.2717970528285186,1.0,0.9579240340537001,0.9232599643069601,0.8574585635359114,0.8954534964228016,0.9528487229862475,0.06409626719056974,0.002661309570247769,0.027013632133180608,-2.450218911145112,0.547228217124939,0.14623051294918,0.346409831153927,1.0,0.0,0.13672322743607515,1.0,0.9528487229862476,0.02720728235129566,0.6045513833249294,0.5434657491798711,0.7255461740405407,0.8777860589326599,0.8001043779717375,0.4779365775079726,0.8254995646431283,3.834029941219404e-18,6.9109926650462135e-09,0.9217691072198064,0.8002309024437175
sample_2299,0.7049376017362994,0.5443271325624266,0.5526629232601666,0.9730377471539842,0.7606351108448173,0.005277528148888961,0.04873043645181871,-20.39928989415171,0.6967164278030396,0.38246726308478,1.0,1.0,0.0,0.4653780080038602,1.0,0.9828532235939643,0.7161185983827492,0.5577762848505206,0.5593734209196564,0.9949071300179746,0.7786099460754943,0.005539102796528996,0.04849492089913731,-20.399289895756418,0.7590577602386475,0.3634656867991573,0.8000030517578125,1.0,0.0,0.3160575936228909,1.0,0.9962277091906722,0.011180996646449781,1.6685014167079082,0.07328097597138207,1.611238097327043,1.3110368111951118,0.9242731156224869,0.21843724315039587,0.6083702064738105,4.52873001911224e-18,8.265209769522227e-09,0.7133963074280806,0.6057755620355563
sample_2306,0.6745963116562251,0.5089742224115893,0.8245470232959448,0.5707928923398536,-0.3077497386889652,0.013694627434680143,0.06618142513424344,-2.7103642115992,0.6418050527572632,0.5332867331754515,2.2090710896306947,0.6666666666666666,0.0,2.1886070250526832,0.0,0.8379815799714619,0.7105054826593004,0.5509953498092899,0.8148276927831866,0.6298641182619084,-0.22699716290876512,0.013903355163746384,0.06483473430747505,-2.710364211670198,0.6720520257949829,0.4789292469156272,1.8973669479424624,0.3333333333333333,1.0,2.1709760036098613,0.0,0.8614606304319626,0.035909171003075224,0.8346121261015738,0.21462592961635055,0.9905396054206221,1.040485778748231,0.573338830751776,0.36859745672013977,0.6964260095245909,4.055443136206309e-18,7.747368592354346e-09,0.7128343772564693,0.6342682968594815
sample_2323,0.850015269506795,0.7391535269709544,0.8666225577955943,0.8340325117986366,-0.037605813169525805,0.009511506810256028,0.07012966678204012,-3.581064537687076,0.6979694366455078,0.2337140539517124,0.7483322547414502,1.0,0.0,0.30391127357773673,1.0,0.7391503807688778,0.8472643814318501,0.7350032113037893,0.8374679839004757,0.8572926810997078,0.02367218518241067,0.009760179329080078,0.06880695163121436,-3.581064537624415,0.7530052661895752,0.24310074029287082,1.0,1.0,0.0,0.32419974515646016,1.0,0.7595192219469676,-0.002750888074944835,0.7831402902136467,0.2661689055341824,0.9923485101951018,1.0669058966231806,0.7234807012737794,0.4157517729024599,0.7214493807639335,4.829708781160616e-18,8.764232394734887e-09,0.8512485622054841,0.7227861814388316
sample_2357,0.6909693454846727,0.5278481012658228,0.6741028128031037,0.7087015635622025,0.0513256288239293,0.008262776819381671,0.055882340460869,-5.061019041293314,0.728787899017334,0.41558808498561756,1.0198033790325918,0.6666666666666666,0.0,1.9805780644102136,0.0,0.6429807692307692,0.7437341772151899,0.5920197491057484,0.6957371225577265,0.7988443235893948,0.14819850441876276,0.008907417475010688,0.0551399283837761,-5.061019041468059,0.8378840684890747,0.3499375073520884,1.0198036174974963,0.6666666666666666,0.0,1.908664074333496,0.0,0.7683653846153846,0.05276483173051716,1.0079050025733556,0.07057660410692461,1.2371921174778369,1.226578584929131,0.7843525367734819,0.3372014888320056,0.7056431422167412,4.036337009076972e-18,9.225459369482309e-09,0.7478606839496037,0.6647270025999752
sample_2361,0.7510569760418764,0.6013540743128878,0.9493574246087287,0.6212840369722707,-0.3455741527187942,0.006392037375828229,0.0512458501007942,-6.414622458410676,0.718644380569458,0.3546146604713448,1.1832166256016365,1.0,0.0,0.5600629550826758,1.0,0.7520661157024794,0.7609330890000495,0.6141178351586857,0.9388902468834025,0.6396869014905486,-0.3186776584228495,0.00650597208098908,0.05067287991792206,-6.414622458685197,0.7895026206970215,0.34440028193329214,1.1661898596862148,1.0,0.0,0.5059457570736761,1.0,0.8760330578512396,0.009876112958173144,0.953350741380376,0.22035925981052426,1.054311667596614,1.061624506852108,0.6394115201948614,0.42107159835267394,0.7635777239892559,3.3348776659451345e-18,8.53195378158104e-09,0.7629082193148906,0.6536149385540245
sample_2372,0.649944669863519,0.48142076502732234,0.5035244808534958,0.9164355062413313,0.8200416088765603,0.004827702522605312,0.035319874169947044,-6.9502777041765755,0.6412795782089233,0.4122862937665082,0.848528676903518,1.0,0.0,0.2696638761731877,1.0,0.9888268156424581,0.6610547165139885,0.4937130177514792,0.5140546784751635,0.9257975034674062,0.8009708737864077,0.005148255981309312,0.03483185597355877,-6.950277704543263,0.6117125749588013,0.4018702038383772,0.8944263380076759,1.0,0.0,0.28067033322172136,1.0,0.9877793296089385,0.011110046650469552,1.2236789067725131,0.07726054240928215,1.4455059924002291,1.2141052853459589,0.7700959018694983,0.24097099148881854,0.5997956183592605,4.355570174468591e-18,8.801725358949293e-09,0.6505847953216374,0.49023530532533105
sample_2375,0.786222473178995,0.6477484183103832,0.6616193613786112,0.968648548372136,0.46405713755681294,0.006289803700752517,0.05051020216057358,-5.765762571394379,0.6301687955856323,0.3072713608766724,0.8000001907348633,1.0,0.0,0.2352090557876947,1.0,0.9821298322392414,0.7818675797387323,0.641857622975863,0.652909000497265,0.974306650588999,0.49225489286708096,0.006566655467357339,0.049811595682522684,-5.765762571518838,0.6386005878448486,0.3161792421938373,0.8485280025542098,1.0,0.0,0.2149108199715892,1.0,0.9959883296863603,-0.0043548934402626305,1.010863756833429,0.1978710504238977,1.1824335293028074,1.1321576259551747,0.7643812821093573,0.27633840558786527,0.5901654034419465,3.906054981094932e-18,8.190428894588543e-09,0.7830125585197295,0.7173129276727246
sample_2378,0.6800643661720007,0.5152254009536195,0.7080944225184301,0.6541689598238855,-0.0761557512383049,0.006928301321833075,0.044804312635380136,-3.7315118176819193,0.7164161205291748,0.40181507067546407,1.0000000572221908,0.6666666666666666,0.0,2.256051150481856,0.0,0.8044990723562152,0.7321446765155375,0.5774670523947284,0.7229861157689985,0.7415382498624105,0.02566042927903137,0.007236610322561042,0.044028884164449146,-3.731511818096115,0.849612832069397,0.33756674444996904,1.0770329171549011,0.6666666666666666,0.0,2.2050843083358065,0.0,0.8534322820037106,0.05208031034353677,0.9138926193123174,0.164595618561529,1.094534343108903,1.1081261181997621,0.6696057288426248,0.33855311501148966,0.6860211027722473,3.843899530279661e-18,8.053498073002862e-09,0.735388028098007,0.631355470876429
sample_2385,0.7149107455372767,0.5563121340051749,0.5991493106482839,0.8861171366594358,0.4789587852494577,0.005816923472431582,0.05403433823061931,-16.78467827848316,0.7097935676574707,0.3165831965584085,0.8000001907348633,1.0,0.0,0.33850786169236735,1.0,0.9141773352299668,0.7230371009490939,0.5662162162162161,0.6002865329512893,0.9088937093275486,0.5140997830802603,0.005997134450718621,0.05354440348735867,-16.784678279036036,0.6218174695968628,0.3108596444115433,0.8485273956394862,1.0,0.0,0.3293532305665922,1.0,0.9511616880037933,0.008126355411817165,1.4773094076083788,0.17922461177694143,1.266662630879718,1.1423499777419488,0.7598147711093433,0.3072684438470534,0.7198034183413902,4.1001322610087214e-18,8.488018539170598e-09,0.7294262151254605,0.48935640483007586
sample_2409,0.693730516106685,0.5310776410691556,0.5329430548163916,0.9934523809523808,0.8640873015873016,0.004876881184978989,0.04285064301253845,-10.430972308672835,0.6040506362915039,0.36811366766433784,0.9380838839313007,1.0,0.0,0.30301418562646826,1.0,0.9935770750988142,0.6998464330587741,0.5382798239020723,0.5398449278483738,0.9946428571428569,0.8424603174603175,0.0052033377299627636,0.04248416415506461,-10.430972308443407,0.6332783699035645,0.3604542038034084,0.8485280025543973,1.0,0.0,0.23595584772490835,1.0,0.9935770750988142,0.006115916952089129,1.3160602526057732,0.1012154673938661,1.4579129705773182,1.2502215307542628,0.8583802095743839,0.20201410582810614,0.5542557570495403,4.4978172977219984e-18,7.836490663213477e-09,0.6974416017797552,0.41698042947577474
sample_2413,0.4835810205908684,0.31889670807160064,0.5510487227617725,0.4308320571720265,-0.21815977539561002,0.010677294527696723,0.05479764121113602,-4.634150500009635,0.5788342952728271,0.7376235634041752,2.72029423321381,0.6666666666666666,0.0,2.0129269523570317,0.0,0.22029988465974626,0.5092241266518382,0.341583289450588,0.5224161073825503,0.4966819806023481,-0.049259826442062275,0.011125974366029212,0.054438710927152315,-4.63415050016479,0.6542114019393921,0.7015027562419536,2.126029198432651,0.6666666666666666,1.0,1.7980207981601428,0.0,0.45790080738177624,0.025643106060969867,1.0913318986438183,-0.003893503077856255,1.2750443608811466,1.1570823471453342,0.5782187862972877,0.18189678675188697,0.44232105476629147,5.112287016875314e-18,8.758685461345453e-09,0.5036023291772215,0.49193355640535374
sample_2418,0.555263718321857,0.3843356918238993,0.3843734643734643,0.9997443762781184,1.6009713701431494,0.005228035609254068,0.04206276406198559,-11.537243284954535,0.2671926021575928,0.6644967703265736,1.4142135623730951,1.0,0.0,0.5129924499317836,1.0,0.9997443762781186,0.6030469414585105,0.4316873339238263,0.43230956868832454,0.9966768916155417,1.3054703476482619,0.005315954763303391,0.0420019994046025,-11.537243285361244,0.257104754447937,0.5725504463326069,1.3114876176001957,1.0,0.0,0.49905896109553044,1.0,0.996676891615542,0.04778322313665351,1.5098758844089033,0.0549707028707435,1.5120514082575063,1.1108546202560665,0.541817460607047,0.14071590705499043,0.3929696628353154,4.2820380109045344e-18,1.0486594754431303e-08,0.5879431022804243,0.4398228901113645
sample_2435,0.756308922959718,0.6081163859111791,0.6213425129087778,0.9661800486618003,0.5549878345498783,0.004430933003733461,0.04311491460567923,-14.366792180241026,0.7116701602935791,0.3249058130597498,0.6324540241459937,1.0,0.0,0.2747756766442836,1.0,0.9709463198671832,0.7724867724867723,0.6293103448275861,0.6388225934765314,0.9768856447688562,0.5291970802919708,0.0046628665689587845,0.04277379534896466,-14.366792180482957,0.674462080001831,0.3070903787939141,0.5999984741210938,1.0,0.0,0.22637895081442472,1.0,0.9820143884892086,0.016177849527054367,1.3796077217660172,0.09100228491486151,1.4586036256773771,1.2427696545336961,0.8344791373383432,0.2910831272654201,0.6858089017046503,4.452948191211253e-18,7.4283080968588356e-09,0.7747066239937929,0.6780636425186187
sample_2440,0.782495564754583,0.6427044880512919,0.9191442067240899,0.6812191103789126,-0.25885502471169686,0.005628203284066394,0.04999965257288953,-7.666907901413879,0.5123847723007202,0.7614171841487889,6.2064483795269005,0.5,0.0,4.245616203184418,0.0,0.0,0.7744814278822962,0.6319622121629599,0.9345168800931314,0.6612438220757824,-0.29242174629324547,0.0057070554143752086,0.049634000531195537,-7.666907901794087,0.433773398399353,0.7818398569274676,6.306186766528307,0.5,0.0,4.164056993996619,0.0,0.0,-0.008014136872286803,0.992891382286655,0.1912726732435108,1.0536330874904893,1.0473808467933914,0.5567748945217926,0.48520389548425524,0.82020027176942,3.599854770778778e-18,9.255212492133407e-09,0.767505304637769,0.8135466666666666
sample_2442,0.7436381108303377,0.5918980169971672,0.625681260106606,0.9164035087719297,0.46464912280701753,0.006737702214212647,0.05202618217058631,-5.5297833995716035,0.7196900844573975,0.36749321064321294,1.0770328197526593,1.0,0.0,0.4338433769775116,1.0,0.9532980259990371,0.7449063311910297,0.5935065642534183,0.610295765180372,0.9557017543859647,0.5659649122807018,0.007081559431233259,0.05087907731471002,-5.5297833998209365,0.5940905809402466,0.38618717962462323,1.2798388261728126,1.0,0.0,0.47162582845371,1.0,0.9872412132883968,0.0012682203606919629,1.020850297976246,0.2295949908273438,1.2387506602916498,1.1447870094093522,0.8322981986547245,0.2822998914307028,0.584123004842746,3.2623663501187713e-18,7.290757808805471e-09,0.7439020253078672,0.6471947888211809
sample_2453,0.8294481942801474,0.7085958863393174,0.9289276807980048,0.7492143306096793,-0.193463230672533,0.0065399549838424335,0.0610680949562615,-11.843405886912429,0.680992841720581,0.2544200376162755,0.8000001907348633,1.0,0.0,0.4923795296441421,1.0,0.7492143306096795,0.8810584582152017,0.7874034749034747,0.9514506487826212,0.8203645505971087,-0.1377749842866122,0.0065296233576875445,0.06062159735671601,-11.843405887105652,0.7653406858444214,0.1871554411103975,0.48989864936173655,1.0,0.0,0.3031558699291786,1.0,0.8203645505971088,0.0516102639350543,1.1734754463746657,0.39221742747469013,0.986447530035126,0.9907688636519641,0.760262875207801,0.5057708564202139,0.8409561049431761,5.2300510767451795e-18,9.31680204129158e-09,0.8840159233520004,0.8720112517580871
sample_2472,0.8012392928740659,0.6683896862077353,0.6861227292590049,0.9627715487035737,0.4032060266292922,0.006461502299289111,0.05702638902822156,-6.748740555891955,0.563244104385376,0.2986718477548466,0.7211100633291664,1.0,0.0,0.24279209711246372,1.0,0.9331896551724138,0.751796123085265,0.6023023457862728,0.6130886579703736,0.9716187806587244,0.5847932725998598,0.007061694517649649,0.05669426582026684,-6.748740556094082,0.5539458990097046,0.35227516766931843,0.8000001907348633,1.0,0.0,0.2474859309884832,1.0,0.9476293103448276,-0.04944316978880092,1.0187028392471078,-0.0011645309047090505,1.4922462811754313,1.2984243258844244,0.8270305464657428,0.20137029328769046,0.5503344144586987,5.7789608590417386e-18,1.1529993468499446e-08,0.7588415672913118,0.7615617892342684
sample_2477,0.6893807346992469,0.5259961858877849,0.8570610843077928,0.5765760809770052,-0.3272637253823303,0.010620911550931705,0.06162589207845213,-5.052112977258276,0.5615350008010864,1.3761326793324111,7.806535351590629,0.5,0.0,4.725503793805199,0.0,0.926128832729522,0.6896727527642355,0.5263362676912602,0.8195380537675122,0.5953350203542744,-0.27357245021454507,0.01065799815822384,0.06097133403608142,-5.052112977159564,0.5341842174530029,1.3256792556529553,7.468735108694495,0.5,0.0,4.727435739845726,0.0,0.9562604930635328,0.0002920180649885751,0.9917787625687289,0.2815502310973274,1.007886982463493,1.0149540161684099,0.6123102461646591,0.37088449062539963,0.6766955200702113,5.242307048851787e-18,1.0593804547287114e-08,0.6927191774240046,0.6344702308246422
sample_2478,0.7016941882907999,0.5404691113313512,0.910659615919844,0.5707308564451422,-0.373277516134659,0.007833474466749629,0.04514718554401734,-2.6806766721356468,0.5616500377655029,0.5016697843940748,2.0,0.6666666666666666,0.0,2.01255885692689,0.0,0.9003147953830011,0.7248765285370943,0.5684755592377796,0.9190945013729823,0.5984214198499913,-0.3489010989010989,0.00795539208085979,0.044477019690389655,-2.680676671968971,0.5920107364654541,0.46864582575777297,1.7999992370605469,0.6666666666666666,0.0,1.982717626691197,0.0,0.8947184330185379,0.023182340246294397,0.7628863796596977,0.17353868643663523,1.0219984282055758,1.0371619513917796,0.498839453581374,0.39521230985055583,0.7263132897594189,4.790106516234756e-18,8.569375756598786e-09,0.7205027741986378,0.5858716450328386
sample_2483,0.7277936962750716,0.5720720720720721,0.7474513925380978,0.7091434838966996,-0.05125137102403031,0.009047714836611664,0.06159979433318028,-4.194806815727502,0.7071526050567627,0.3934291872134169,1.4282850313577886,1.0,0.0,0.6701089329717851,1.0,0.860253164556962,0.7426717645695748,0.5906745300405455,0.6938130493137636,0.7989330940273208,0.1515106192043075,0.009985439236166065,0.06093099531023824,-4.194806815328427,0.7613956928253174,0.37837141303928634,1.0198040523435683,1.0,0.0,0.6113827873360845,1.0,0.9377215189873418,0.014878068294503222,0.9138813331083983,0.10234149903925949,1.3379792665172945,1.269424009451337,0.8909549012821516,0.27443612249334837,0.563162762922073,5.099603401071418e-18,1.0004365258302125e-08,0.7424823833112398,0.6545387628486553
sample_2494,0.587111563932756,0.4155399314945015,0.6352779053743683,0.5457343540367768,-0.14095177965432878,0.009111838665205207,0.05769953384663011,-6.395164836250644,0.6055749654769897,0.5638690654965568,1.9899747064794804,0.3333333333333333,0.0,3.024330487156194,0.0,0.17331701346389228,0.6138275916812193,0.4428219664433373,0.6174051896207584,0.6102912161628915,-0.011522373924709967,0.009439756915336373,0.057328876713863955,-6.395164836099376,0.6916935443878174,0.5224322946559956,1.4000005040851682,0.3333333333333333,0.0,3.023514673171295,0.0,0.31040391676866586,0.026716027748463267,1.1179567265956283,0.1462845739797543,1.1743494858287304,1.124633169570592,0.6812602207926091,0.2750858423156355,0.5508922422099514,3.952260652098915e-18,9.206726989303036e-09,0.6102059514799028,0.5461903923983812
sample_2505,0.7070314020000779,0.5468279764054412,0.7315992913512642,0.6840599352458399,-0.06498004668323168,0.0074037043112241034,0.05318368443553136,-5.498950872066958,0.717031717300415,0.38653942333360736,1.2649102498067868,1.0,0.0,1.6661075398525391,0.0,0.9139093617688568,0.7388457547676124,0.585848842487517,0.7039132806108535,0.7774263986145621,0.1044349070100143,0.007907495642285307,0.05271035675124585,-5.4989508719604565,0.7431850433349609,0.34762319421649657,0.979797298723067,0.6666666666666666,0.0,1.7294272895994505,0.0,0.9052846165908734,0.031814352767534526,0.9994340137173399,0.16668278035878126,1.2122394535285639,1.2003986397620297,0.8513287060829201,0.36239707417508743,0.6774471626153331,3.442940901830276e-18,8.887650937630892e-09,0.7400846302804275,0.5557807461999079
sample_2533,0.8719268660690511,0.7729346970889063,0.8168967237651753,0.934906737723639,0.14446136277122193,0.00609480951647449,0.06035421510790479,-17.60040117158443,0.6817232370376587,0.1735893771230459,0.44721316900383795,1.0,0.0,0.1456239652175435,1.0,0.9725020990764064,0.8915684496826835,0.8043513823000162,0.8512811634349029,0.9358583936048723,0.09935287400076133,0.006065762595525234,0.059908901624501514,-17.60040117030258,0.6586294174194336,0.14799120638110635,0.40000152587890625,1.0,0.0,0.09707990136055865,1.0,0.9708228379513014,0.01964158361363233,1.3917066535412,0.45723605063043493,1.0211358375965218,0.9657256285874563,0.8336544291758426,0.5042392655819473,0.8239637855899141,3.856960125283582e-18,1.0274619486571102e-08,0.8881195335276967,0.7931553513427868
sample_2536,0.68501128339521,0.520925597874225,0.7415287628053584,0.6364989177489176,-0.1416396103896104,0.008087399725251602,0.055478896676697365,-5.139680637784395,0.6902459859848022,0.45816004468467686,1.9798984767438805,1.0,0.0,0.8093719189238703,1.0,0.02882751937984496,0.6780386647936317,0.5129035522720372,0.6706364959640068,0.6856060606060606,0.022321428571428572,0.008689675720861764,0.055232119498578106,-5.139680637576723,0.673446774482727,0.43089097782980684,1.4560215324655248,1.0,0.0,0.8136884299256747,1.0,0.14946705426356588,-0.006972618601578273,0.9930150745888703,0.1638687668732526,1.2245443317080547,1.2143732330611166,0.8720744728174138,0.28949920700787435,0.5617600998744157,4.699582140906195e-18,9.098687369427185e-09,0.683187986127479,0.6475247524752475
sample_2584,0.8369145604195497,0.719564128256513,0.9642497482376635,0.7392870930382189,-0.2333033071676747,0.0034696017389694014,0.036567237798183695,-6.682661638131253,0.6230549812316895,0.25026798949512263,0.6324554038630869,1.0,0.0,0.19590611563185636,1.0,0.7802617230098147,0.8500251997984015,0.7391685449536688,0.9648577966655768,0.7596190966413588,-0.21271393643031786,0.0035477775493113197,0.03627994670111352,-6.682661638291677,0.5900121927261353,0.2352364435156624,0.5656866219205647,1.0,0.0,0.186606388335275,1.0,0.8039803707742639,0.013110639378851818,0.8751646547444448,0.25602430081619204,1.0501078681229397,1.0657913349180121,0.7048668257564402,0.4822343607844237,0.8573262956261799,6.397725605195131e-18,9.236758530842706e-09,0.8498205312275663,0.7416434540389972
sample_2589,0.6762525021850067,0.5108621570966093,0.55633900821079,0.862061529614721,0.5495255894192065,0.008907482489817866,0.059480858744936846,-5.0817812370187605,0.7199654579162598,0.4492852418186408,1.4142140141873525,0.3333333333333333,1.0,2.65932803234298,0.0,0.9608274647887324,0.684452062368683,0.5202790736771319,0.5561096136567835,0.8898073605520412,0.6000575043128235,0.009190918296021758,0.0586350326168331,-5.081781237018728,0.7666099071502686,0.4371669671290501,1.4282869777189506,0.3333333333333333,1.0,2.6948204446184385,0.0,0.9577464788732394,0.008199560183676291,1.0527729111850856,0.14905357134646713,1.2221961402480686,1.1089829247779093,0.6511094393333886,0.23866237681531727,0.5262175083598762,4.496928164014271e-18,9.020136307956924e-09,0.6856071054228499,0.7141938053368463
sample_2600,0.8569932815635632,0.7497709923664121,0.8102623329483583,0.9094444444444443,0.12240740740740741,0.005198860553657995,0.05381244873750228,-14.976796552039199,0.620198130607605,0.21078286366533658,0.5656853912319854,1.0,0.0,0.3173076439688129,1.0,0.9094444444444445,0.8622521246458922,0.7578586990351696,0.8259837177747624,0.9018518518518517,0.09185185185185185,0.005219738658736199,0.053493038299185613,-14.976796552305514,0.6473971605300903,0.20285575312377266,0.44721411795809957,1.0,0.0,0.2923030843998172,1.0,0.9018518518518519,0.0052588430823289345,1.2734372021434253,0.37889567238346783,1.0010866294190754,1.0209104003529956,0.8099640847031744,0.3571899983388683,0.7461948292852604,3.932990996006659e-18,8.04676297959947e-09,0.8716984510699255,0.6949152542372881
sample_2603,0.8147108111780424,0.6873519296904852,0.8353301755363609,0.7950848656294199,-0.04817892503536068,0.004730944759071598,0.03913965494268662,-4.5626550660736385,0.6895900964736938,0.3154449201515453,0.8944263380076759,1.0,0.0,0.7642415826373434,1.0,0.79508486562942,0.8571821431845266,0.7500601588192828,0.8900628212450027,0.826644271570014,-0.07125176803394626,0.00483652254046809,0.03855479451425051,-4.562655066406571,0.7711585760116577,0.24964404552281466,0.6942346806312278,1.0,0.0,0.5181075488022395,1.0,0.8266442715700142,0.04247133200648412,0.8469288816271797,0.2695270835158613,1.0355777432564175,1.0654386023333993,0.7253826133613516,0.4364504273073588,0.7818893304885619,2.835472912178767e-18,7.844122704612384e-09,0.8516648913999907,0.8559733036707453
sample_2614,0.41396327745119377,0.2610048503706415,0.5025550660792951,0.35192497532082917,-0.2997285291214215,0.007975412148279116,0.05727417587766584,-10.21413281808564,0.705643892288208,0.706324532859205,1.8973667971535995,1.0,0.0,0.4332781784306084,1.0,0.9840225563909775,0.5100286532951289,0.34230769230769226,0.5543966391424018,0.4722359328726554,-0.14819842053307009,0.00852475931533462,0.056987853308203384,-10.214132818028272,0.760256290435791,0.535249716104783,1.2806243708822103,1.0,0.0,0.4393361795830973,1.0,0.9868421052631579,0.09606537584393515,1.3284382759123616,-0.04286295359298548,1.3995171240826658,1.2878325482610107,0.7697562100692802,0.23512574225555724,0.5467953875420385,4.302440160738512e-18,1.0460370932787e-08,0.5182853315472203,0.586928662964545
sample_2643,0.7897666309012875,0.6525738349864243,0.9009332925336596,0.7030205348615091,-0.21967526265520534,0.006083839830056791,0.04745540427826226,-4.004024327607804,0.6582385301589966,0.3798134512935323,1.0,1.0,0.0,0.8082836275064437,1.0,0.7030205348615091,0.8489354941213855,0.7375220848056537,0.9075961407799972,0.7973973256924546,-0.12141833810888251,0.006110582242590843,0.04672488083823383,-4.004024327613089,0.6752519607543945,0.28065198725140356,0.7483315283316494,1.0,0.0,0.6073745990753696,1.0,0.7973973256924546,0.059168863220097956,0.7822723824671189,0.28180329766092804,0.9918707144842549,1.0129719344731696,0.6066497823315908,0.3891597196524854,0.7422537764764154,4.6616656475232065e-18,7.390413802900281e-09,0.847267602024473,0.8225924089039297
sample_2650,0.6257739714136913,0.45536466228735045,0.4664021392219442,0.9505977496483824,1.0381504922644162,0.008002897745725279,0.06362752733076507,-15.202577543739654,0.6819722652435303,0.42668770510329695,1.0770326249517863,1.0,0.0,0.36480885965598736,1.0,0.8995098039215687,0.6325446103932427,0.46257056369140137,0.46386085815079164,0.9940225035161743,1.1429324894514767,0.008612636209765162,0.0630707685651427,-15.202577544680823,0.7079952955245972,0.41992704822498195,0.8485290140787081,1.0,0.0,0.18990358334974436,1.0,0.9795751633986928,0.0067706389795514355,1.5938163997988761,0.009277106094712715,1.730907610020383,1.360400518115957,0.9316521027135793,0.15011897538551133,0.46893325541375647,3.9960048610155306e-18,8.096472505228753e-09,0.6371222372575552,0.4441211167911915
sample_2655,0.7722316080479188,0.6289717287965974,0.6299173139564018,0.9976190476190474,0.5837301587301588,0.005390976624239512,0.05187858011313445,-14.403485146829402,0.6485542058944702,0.3290401291959104,0.6324561351905607,1.0,0.0,0.15944724386142733,1.0,0.9976190476190476,0.7560993919375422,0.6078455039227518,0.6081391136336189,0.999206349206349,0.6430555555555556,0.005816986796363736,0.051764141979957407,-14.403485146708968,0.767003059387207,0.34675989361763127,0.8000001907348633,1.0,0.0,0.1309542185839434,1.0,0.9992063492063492,-0.01613221611037663,1.3915019017081778,0.0037399500289513094,1.6741567058814368,1.4029539446067045,0.9877591357736846,0.20263224942363095,0.5791777829273056,5.373162272117352e-18,9.590549823543828e-09,0.7634678215941036,0.7183779493469946
sample_2676,0.6599823432967586,0.49251764705882345,0.7016626441405202,0.6229761904761904,-0.11214285714285714,0.006805232924025515,0.05407024603018255,-9.253219923430782,0.7019603252410889,0.40992923499114686,1.6248077748385694,1.0,0.0,0.4624993071023349,1.0,0.9511111111111111,0.6943152161579484,0.5317632745285478,0.6632343377411661,0.7284523809523807,0.09833333333333333,0.007274302927714538,0.05361101009245721,-9.253219923386899,0.7489759922027588,0.35130755285056725,0.9380832841257233,1.0,0.0,0.3760201186457132,1.0,0.9966666666666667,0.0343328728611898,1.2053303210148751,0.14089928029362728,1.2432906925969727,1.2255733806731481,0.8633137863785134,0.29086025708835783,0.6979726108603367,3.2409257482115244e-18,9.222440848485851e-09,0.69404680754374,0.6139253279515641
sample_2682,0.8144042482575506,0.6869156262247355,0.9320823520474055,0.7231095656273944,-0.2241999174868863,0.005351317477047962,0.044506900096658975,-3.577607806801938,0.5724616050720215,0.28791547948835966,0.8485280025542098,1.0,0.0,0.37019881384732467,1.0,0.7934739979606243,0.8449624883279132,0.7315454950936664,0.9312278211497514,0.7733246891023752,-0.16956444863558673,0.00535210401873237,0.04355778271005957,-3.5776078067395827,0.6348245143890381,0.24548637569766896,0.6928202129071639,1.0,0.0,0.32302229891293105,1.0,0.8584202682563339,0.030558240070362563,0.7274611020578005,0.29227701894800934,0.9360883773660258,1.0003126409771508,0.5856219277223335,0.4907632096916453,0.7904867216827782,4.220403358221257e-18,9.196206160727042e-09,0.843036825726141,0.768196516707324
sample_2684,0.8674266172698775,0.7658899904383272,0.8361628481951541,0.9011190715850553,0.07768369944934572,0.0066320752924749525,0.057342962419668346,-4.539247592749564,0.6778484582901001,0.19390410266289473,0.4472140219962813,1.0,0.0,0.2843410762515904,1.0,0.8141504733432985,0.8789230215229495,0.7839988139948606,0.8257859671038934,0.9393688199419741,0.13754514772929124,0.0065675737195112546,0.05565693805309383,-4.53924759293914,0.8157138824462891,0.18317814406468969,0.4472127425085315,1.0,0.0,0.23037799564521835,1.0,0.9003487792725461,0.011496404253072079,0.8077008571008941,0.42402881570355544,0.8240665328692452,0.978432951090623,0.794341489435989,0.44198864778531266,0.804157799095888,4.500228415585177e-18,7.772342660911842e-09,0.8757745160135488,0.7706924691070179
sample_2698,0.8852132752407079,0.794065138721351,0.8974261097175265,0.8733283803863299,-0.02685204839736786,0.006479507868620007,0.05563826467029717,-4.055943388486812,0.7205296754837036,0.19268191745958796,0.5656852226444656,1.0,0.0,0.2947802741075861,1.0,0.7655910079767948,0.9066115921306961,0.8291761514990071,0.9047191248744914,0.908511993207387,0.0041923158565060495,0.0062691035483612755,0.054207398561946965,-4.055943388369681,0.7041068077087402,0.16582557302629447,0.4472132756279188,1.0,0.0,0.1818744215784196,1.0,0.7741116751269036,0.021398316889988167,0.7470784468954219,0.4851163723844627,0.7393510764428094,0.9211529613511437,0.7747034455791094,0.48867998786964956,0.8232217847075145,4.370308864193653e-18,8.568641472408122e-09,0.9054647410463947,0.8501948822233519
sample_2702,0.7139942880456955,0.5552030456852791,0.7947320617620343,0.648148148148148,-0.18444444444444444,0.0054325344582369685,0.0536202855501366,-20.564452951384283,0.7047775983810425,1.6517586644546478,9.654014780043136,0.5,0.0,5.703180226791061,0.0,0.0,0.7176079734219268,0.5595854922279792,0.8166351606805291,0.6399999999999999,-0.2162962962962963,0.0054478782140902566,0.05336032087299645,-20.564452951915126,0.6013906002044678,0.338557024380572,1.8242765332737634,1.0,0.0,0.6363373089958865,1.0,0.030405405405405407,0.0036136853762313015,1.502229260870878,0.3099769509794282,1.0977808082244231,1.016574261339854,0.6698504550849282,0.4369228601997504,0.7993072813813071,4.434488896334731e-18,9.483913713463334e-09,0.7114301801801801,0.6426660180004864
sample_2711,0.7178219621242412,0.5598457787605602,0.8374183699431769,0.6281170483460559,-0.24993638676844784,0.005884138710961309,0.042153530656093834,-3.1467279069058316,0.6517984867095947,0.44660518980395536,2.0493897948760025,1.0,0.0,0.5308078985536727,1.0,0.5690677966101695,0.7335586744066427,0.5792283144763563,0.8682379544268567,0.6350508905852417,-0.2685750636132316,0.005861325934790444,0.04150949315255847,-3.1467279074067522,0.6274042129516602,0.41335494023791375,1.97989787946262,1.0,0.0,0.5350210616545383,1.0,0.6800847457627118,0.015736712282401477,0.7909002241894185,0.25683554399760045,0.9738812510672143,0.9915394517537703,0.4784545437352348,0.3875654906266002,0.7491636342177396,3.4142551106617225e-18,7.944383008814236e-09,0.7370666281045515,0.6455684949773313
sample_2719,0.9261191626409017,0.8624040307101726,0.8856720463225328,0.970437365010799,0.095707343412527,0.006094724808506522,0.05963605198669862,-11.95221352042519,0.6634514331817627,0.1178392278599349,0.39999961853027344,1.0,0.0,0.07021812325776336,1.0,0.9704373650107991,0.9292362616345785,0.867825672779233,0.8804058951437543,0.9838012958963281,0.11744060475161987,0.005990025715260453,0.05905346780579216,-11.952213520384088,0.6747912168502808,0.1136559012368343,0.2828431170851686,1.0,0.0,0.0516199517642757,1.0,0.9838012958963283,0.003117098993676848,1.1646995025761147,0.5171796645427941,0.9075788310812455,0.8825739124004356,0.7326129866320359,0.46432389334284396,0.8242351803027523,7.114741582137177e-18,1.1768489398646303e-08,0.9278166772756206,0.8500992123143527
sample_2741,0.7002684439507544,0.5387792892244141,0.895266272189349,0.5750228032836727,-0.3577075098814229,0.00799298477214303,0.060178567215762736,-6.957629008797851,0.7099651098251343,0.6052723950202203,4.604345170555445,0.6666666666666666,0.0,2.876790657507145,0.0,0.0,0.7495429616087751,0.5994152046783625,0.9065904433178728,0.6388719975676497,-0.29530252356339315,0.00807489696525285,0.059504467678108075,-6.957629008638951,0.769627571105957,0.5371608697373718,4.471209357963344,0.6666666666666666,0.0,2.8598168382474682,0.0,0.0,0.04927451765802071,1.0147442422162103,0.30204626091062786,0.9797764588300535,1.0359879219192027,0.7076358540864858,0.3931048883826802,0.6960364808810291,3.74207734208572e-18,8.659901797153837e-09,0.7462501109434632,0.7298113898553379
sample_2745,0.7977065935435622,0.663487455940286,0.7611798287345384,0.8379156847342235,0.10081173081958628,0.0058623931144164525,0.05423623629321011,-10.323343231020148,0.6704839468002319,0.2664511511573106,1.2328823055342184,1.0,0.0,0.4306544260333674,1.0,0.8075142450142451,0.8055233090975743,0.6743734015345267,0.7551838698590903,0.8630531552762503,0.1428384393820372,0.005970699569062845,0.053651942676212254,-10.323343231222934,0.665542483329773,0.2679437356581382,1.414213494938602,1.0,0.0,0.41949989794189235,1.0,0.8408119658119658,0.007816715554012088,1.1451775246857419,0.31282696772468727,1.085999072259606,1.0804557138782258,0.8278466385994292,0.4620622841700185,0.7595168042928343,4.6423571389503745e-18,9.201152040190497e-09,0.8137553256238588,0.7499828614519777
sample_2747,0.7773365312782605,0.6357730897864676,0.9119003690036899,0.6773795655451242,-0.2571780990886041,0.005867122085811639,0.04987341491118547,-5.009936912389653,0.6498386859893799,0.32241150488622505,0.8246221717568727,1.0,0.0,0.5789047376720462,1.0,0.7142094017094017,0.8170718292817072,0.6907197321926725,0.878706624605678,0.7635167546083738,-0.1310902487494004,0.006119357196666987,0.04914376203006724,-5.009936912103996,0.6204754114151001,0.2708142730836376,0.632455607428291,1.0,0.0,0.5478097612638281,1.0,0.7836538461538461,0.03973529800344666,0.8387463521879557,0.18963556099888565,1.0515272990524398,1.1053457807398763,0.6973273385517712,0.4171154738310645,0.7890170906826903,4.9420368598975475e-18,9.199789540138931e-09,0.8183142711444599,0.7606063036330099
sample_2751,0.8466883821932681,0.734136697420448,0.7895909275010125,0.9126872659176029,0.15589887640449437,0.002922714109546317,0.02926910102375274,-3.6947215817682233,0.5921428203582764,0.21840270463249023,0.5999994277954102,1.0,0.0,0.2115642626277581,1.0,0.9467474489795918,0.8577261856151199,0.7508936778674291,0.8549831375741364,0.8604868913857676,0.006437265917602996,0.002854790754239198,0.02875365111219252,-3.6947215823152217,0.4906301498413086,0.202326605658114,0.4898978706902273,1.0,0.0,0.2836143853293716,1.0,0.8977997448979592,0.011037803421851788,0.7486977954526696,0.39076843549261614,0.8721929420235075,0.9572442122700662,0.65347826039813,0.41970569592342105,0.7887908076156859,4.4533972567161036e-18,6.925744430671376e-09,0.8613072707756624,0.5684789622032804
sample_2759,0.7825748735900427,0.6428115015974439,0.8866784185343741,0.7003480855295872,-0.21014420686225757,0.005129467290096635,0.04488601297896114,-6.37531376903687,0.6231769323348999,0.3314651249110665,1.0198044264053763,1.0,0.0,0.5747907046956003,1.0,0.7787694870879448,0.8383471074380165,0.7216846898121797,0.9398394070413835,0.7566384883142714,-0.19492789656887122,0.005262721216471797,0.044384493502496174,-6.375313769514533,0.5831103324890137,0.2535921824457812,0.7483320380913193,1.0,0.0,0.3496978981704098,1.0,0.8408901582768059,0.05577223384797381,0.9370530493126,0.2714681125124155,0.984687587550203,1.0789891036167991,0.7592307820914186,0.44748245293562366,0.8234522350739866,3.062370686177273e-18,9.374610310224569e-09,0.8361624816964044,0.8363123236124177
sample_2769,0.6912252303997076,0.5281468182724915,0.5889052004092709,0.836577350859454,0.42056370070778565,0.008797830203271153,0.049899401581540895,-3.276361843440468,0.6732834577560425,0.4503269777824826,1.754992431885401,0.6666666666666666,0.0,2.1068474794004075,0.0,0.9070866141732283,0.6986767853668029,0.5368971962616822,0.5679373615944321,0.9076086956521738,0.5980788675429727,0.009158929185518108,0.04886170851999674,-3.2763618430830665,0.7058483362197876,0.43841853976870143,1.8110773014484798,0.6666666666666666,0.0,2.0589023860598044,0.0,0.9536417322834646,0.007451554967095264,0.9854038321554285,0.25441164954290135,1.1675473423789444,1.1312835141324464,0.8413764498256753,0.3357928700924893,0.6419066201589612,4.181792995147478e-18,9.553412525388228e-09,0.7013630123553638,0.6652688571580232
sample_2771,0.8974478246038391,0.8139731113236204,0.9434085278393531,0.8557572890176829,-0.09290910166183688,0.006879479853020457,0.059608794480473744,-5.03304316664233,0.7243002653121948,0.19643036071675077,0.6000003814704845,1.0,0.0,0.34799959447681245,1.0,0.8557572890176829,0.9342109217684008,0.8765439061530652,0.9497677829381568,0.919155479330534,-0.03223135608255959,0.006810120654502414,0.058751095493526195,-5.033043166539346,0.8027596473693848,0.13982016172305034,0.39999961853027344,1.0,0.0,0.20167042601164234,1.0,0.919155479330534,0.03676309716456172,0.8219936726113903,0.46142002457137427,0.7977048400808736,0.9615757029980664,0.8322788544132329,0.5359468729439986,0.8478622874146795,4.840381420564236e-18,1.0654054464882502e-08,0.9390097344069223,0.8829406455227364
sample_2784,0.7551867219917011,0.6066666666666666,0.6297577854671279,0.9430051813471501,0.49740932642487046,0.0053165708344209495,0.04908821305346095,-14.613336110149975,0.6741592884063721,0.3507311092818996,1.0392304111283508,1.0,0.0,0.6319080080654357,1.0,0.9430051813471503,0.7756530647088952,0.6335239157718588,0.6414854560858514,0.9807858376511225,0.5289291882556131,0.005514077444105992,0.048631416200233056,-14.61333611060366,0.582556962966919,0.320326450087165,0.848528676903518,1.0,0.0,0.41923171558421934,1.0,0.9807858376511226,0.020466342717194053,1.4131953141915463,0.15425535702891738,1.336925358826089,1.1996883215755565,0.8347307673832468,0.2647027694091806,0.6130674263071579,3.202435827175985e-18,8.330054005925017e-09,0.7882180690724312,0.6941056110805067
sample_2799,0.7922732588619591,0.6560037398156804,0.8614399719372093,0.7333880842168135,-0.14864864864864866,0.006952148823787548,0.053361319687254605,-5.753253426811614,0.7197480201721191,0.4548699022868397,3.0321602026456174,0.6666666666666666,0.0,2.3432402967310804,0.0,0.8892410795145806,0.8073697885910004,0.6769657357892651,0.8540018322645122,0.7655666716440196,-0.10355383007316708,0.007019610941594028,0.052711851572910126,-5.753253426243462,0.7400782108306885,0.3977577662864946,2.807133750838597,0.6666666666666666,0.0,2.1609331274599,0.0,0.9173157036768701,0.015096529729041297,0.9376729922762359,0.28793293256497887,0.9935991889756955,1.0300012656582944,0.6671531600227923,0.39128275021720843,0.7627220186610523,4.2936986605178835e-18,9.010232653304924e-09,0.8029911518283611,0.7847345957817097
sample_2804,0.8028028975900763,0.6705686941390492,0.8930791109238384,0.7291021671826624,-0.18360853113175093,0.00553395790981712,0.048310893365404346,-5.881524313605099,0.6688772439956665,0.29212189243686726,1.0770328197526593,1.0,0.0,0.35572592169939216,1.0,0.1328125,0.843538038496792,0.7294126971546325,0.9029631083202511,0.7914516683866528,-0.12349501203990368,0.00549980234157326,0.04758325932719977,-5.88152431385877,0.6797235012054443,0.23780025146669054,0.8246220503246077,1.0,0.0,0.414387447357952,1.0,0.3249080882352941,0.040735140906715706,0.8907812410533316,0.3733400857125984,0.873068364142207,0.9825823729305604,0.6971470331268572,0.4727471735622081,0.826624274913295,4.0988253771717925e-18,8.675136273702011e-09,0.8418267256717916,0.6575615219487914
sample_2833,0.7785242741134545,0.6373636885402716,0.685705464649583,0.9004054054054053,0.31310810810810813,0.006187112384662585,0.05507111999248845,-10.551007065597414,0.6701188087463379,0.24290784339078214,0.8246217265035958,0.6666666666666666,0.0,1.7681030801851982,0.0,0.8880718954248366,0.7704783170760371,0.6266488243165742,0.6816385943023496,0.8859459459459459,0.2997297297297297,0.006268615732981979,0.054447426977823656,-10.551007065311502,0.6563692092895508,0.25423867239171605,0.8485278171078452,0.6666666666666666,0.0,1.7465317251860333,0.0,0.8633578431372549,-0.008045957037417395,1.1921200647721024,0.3011193065184768,1.0706843898882523,1.0491976551107056,0.7387133606919426,0.3890466531413046,0.7393107772253257,4.105753482327524e-18,8.231605337219548e-09,0.7699568814823448,0.579573220394201
sample_2844,0.7821253890618053,0.6422051843738591,0.7037608596250572,0.8801286633309505,0.2506075768406004,0.006116402369929113,0.04601424912786051,-3.7747558981488383,0.5836632251739502,0.33988806168523444,0.89442768147165,1.0,0.0,0.30772707456522674,1.0,0.9399241146711635,0.7805487043634481,0.6400819017179384,0.6799108800594132,0.9161543959971407,0.3474624731951394,0.006470348332469911,0.04507407684568849,-3.7747558978685922,0.6049247980117798,0.34902889439945284,1.0,1.0,0.0,0.27215687177184866,1.0,0.9643760539629005,-0.0015766846983571448,0.880856182698422,0.1444105465996645,1.2067625076828508,1.1446389452718035,0.7197823576941601,0.2772909906292655,0.5876709700948796,4.16131746066628e-18,8.262593049830694e-09,0.7798539257455873,0.6879863553992112
sample_2850,0.5256927629808986,0.35656934306569343,0.6340496106143639,0.44896604544294105,-0.29190707173857544,0.01417895356870734,0.06524018927646114,-4.5929109285626035,0.7195843458175659,0.9235135367866175,4.854070593484259,0.5,1.0,1.9015866658962004,0.0,0.1045279835005156,0.5304674093249179,0.3609769614440662,0.6163152203298188,0.465611437324483,-0.24452387030890987,0.01465855620934179,0.06459193795655992,-4.592910928840265,0.7714561223983765,0.9018757775821897,4.677606698414186,0.5,1.0,1.8412486135401944,0.0,0.12590231555263898,0.004774646344019251,1.1205567184647403,0.058731405774073875,1.1742098213098553,1.1310219823234295,0.5903892868621081,0.28571529535353213,0.6382716081720834,3.69256495763344e-18,8.837967835724811e-09,0.5335073220240685,0.5868553116875265
sample_2872,0.8598618572524941,0.7541733979536887,0.8269855329199881,0.8954603580562659,0.0828005115089514,0.005315291111890517,0.05399898510881435,-12.657764665167415,0.6407483816146851,0.20478809050274466,0.6000001430511475,1.0,0.0,0.2462001870400725,1.0,0.9542246805264162,0.8949944733933364,0.8099456987710774,0.8842433697347892,0.906010230179028,0.024616368286445013,0.005202424444141026,0.053437299619165136,-12.65776466492969,0.6940547227859497,0.16769351057549703,0.6000001430511475,1.0,0.0,0.03900670980789863,1.0,0.9713904253290101,0.03513261614084229,1.1811486398542348,0.5285977059414031,0.7688751063405276,0.900650489010041,0.8295741802388786,0.5099894598765585,0.8204757072103052,4.806882717925653e-18,8.023106486730968e-09,0.8943375129781965,0.8028045574057843
sample_2873,0.42226567956418487,0.26764054891544925,0.26802021455802816,0.9947351102336291,2.7114182296808162,0.006638200441767657,0.04292793126039741,-14.38230015052198,0.604036808013916,0.7434961342304993,1.4926171859529518,1.0,0.0,0.4813679806805607,1.0,0.9860724233983287,0.3978889705391141,0.24835293136519052,0.24962279966471076,0.9799276077657121,2.9256334320500166,0.007004399222987274,0.04271219083936923,-14.382300148506065,0.7028580904006958,0.8028104687629198,1.6124513130822675,1.0,0.0,0.5636122490193815,1.0,0.8913649025069638,-0.024376709025070775,1.9663921371389321,-0.08151607539979078,2.2691548165134994,1.4009947647758454,0.9030808987362807,0.06215818589286113,0.2165365731541982,4.634537833702255e-18,9.24206865838775e-09,0.3902311950504721,0.3244341902878488
sample_2874,0.77672322883712,0.6349529780564263,0.7015933494977484,0.8698733089972084,0.23985398325101998,0.007143411839654762,0.06425674186733073,-20.933230980854724,0.7042570114135742,0.29540504939131845,0.7211087738836667,1.0,0.0,0.5781795441885995,1.0,0.9033955045432808,0.8216918897943344,0.6973489214556231,0.7494248805521145,0.9093837234270988,0.213442130126691,0.007222576794799431,0.06387857394572134,-20.933230980872114,0.804004430770874,0.2391976838831371,0.5999981562313392,1.0,0.0,0.4502018741400013,1.0,0.9411764705882353,0.04496866095721441,1.6130320570907295,0.31418763420784496,1.1327934230749783,1.0779865464442,0.8248429620012734,0.40501969070138144,0.7602683875350121,4.34417232038254e-18,8.785235914021719e-09,0.8215037306294241,0.7896039603960394
sample_2887,0.8266755722249338,0.7045583920830232,0.884017361683424,0.7763195985718422,-0.12182765608414552,0.007214663164607943,0.057772422081246146,-3.9489515853342883,0.7290933132171631,0.28628335215897505,0.8246215414639052,1.0,0.0,0.48710661909972586,1.0,0.8544418858320204,0.8610932015187335,0.7560699459051453,0.8524419649189163,0.8699218373057995,0.02050564508347004,0.007362517688937557,0.05679984538856767,-3.9489515851161667,0.6708396673202515,0.23731013668931078,0.6324561351905607,1.0,0.0,0.34171305001976976,1.0,0.8967397891164707,0.034417629293799656,0.7719789567170212,0.29816377319614595,0.9542486861466541,1.0530205642583235,0.7428591120490267,0.4803999539418306,0.808642564101028,5.1522296789604284e-18,9.217471127238939e-09,0.8598242430031522,0.8096037886505686
sample_2909,0.6784875350458438,0.5134174311926606,0.9788645142482325,0.519172787011983,-0.4696173173560108,0.008678799647009527,0.04471996649443659,-2.492619157206288,0.5842784643173218,0.5036179694076214,1.5342677494329133,1.0,0.0,0.47794650863634963,1.0,0.6178877080786231,0.7007957954235565,0.53940388505133,0.9769820971867006,0.5463471202164669,-0.440780827212988,0.00906014947115382,0.04418756880258939,-2.4926191571860747,0.7097744941711426,0.47491418545973535,1.4282853919183538,1.0,0.0,0.4360639634194106,1.0,0.6322768738831939,0.02230826037771272,0.7665129567424386,0.013451212804199418,1.107739533630619,1.1008007382040108,0.4738241055296477,0.34414158612814644,0.6965456182554745,5.4425964597916795e-18,8.084208442805894e-09,0.6975233656444455,0.6283680732079309
sample_2932,0.8484586574474214,0.7368026019514635,0.9072006160954946,0.7968612595548941,-0.12162619224785226,0.006298632436849728,0.05599086860351412,-5.512596431671668,0.6834185123443604,0.23177133993579732,0.5656862341703373,1.0,0.0,0.23004490850995252,1.0,0.7260597351944986,0.8579203666571183,0.7511913719588662,0.911373145682769,0.8103903131975917,-0.11080294933369411,0.006443088990298053,0.055241615357696304,-5.512596431834547,0.7088429927825928,0.2206276791008295,0.4898967610895923,1.0,0.0,0.18066488844313838,1.0,0.7391973724725444,0.009461709209696911,0.855097840874332,0.29314232273904717,0.9735594284417938,1.063941464328903,0.7599440589174513,0.44850018990570284,0.7980100939889282,5.127490783278758e-18,8.251568461070986e-09,0.8542669901155002,0.776890756302521
sample_2934,0.8688208700807827,0.7680665662058572,0.863890935887988,0.8738073941562312,0.011478831246273106,0.006698490626431594,0.06153680742464213,-6.7321431628708535,0.6964291334152222,0.24783770396784383,0.6000000635787088,1.0,0.0,0.345582495385363,1.0,0.9107376121222677,0.8866883472795702,0.7964421688328738,0.8696867608056769,0.9043679189028025,0.039877757901013715,0.006822372891759401,0.06097839520787613,-6.732143163302048,0.7064205408096313,0.2193046150888549,0.4898981237585258,1.0,0.0,0.2345859132683613,1.0,0.9497518070190717,0.017867477198787562,0.9236474490662813,0.25701765537978294,1.1136914491960843,1.0737924186136314,0.7250862758287843,0.41627059411001316,0.7905690746339321,4.636076412250611e-18,9.850884111065615e-09,0.883037937600703,0.844437699195629
sample_2936,0.47102761430511536,0.3080680977054034,0.31208758248350327,0.9598708487084867,2.0756457564575648,0.003926113100752781,0.0299100760359018,-14.4457053200676,0.3888589143753052,0.6729186269451839,1.6124513722266234,1.0,0.0,0.8090170336867687,1.0,0.959870848708487,0.4972931167826759,0.3309315491507977,0.3450805008944543,0.8897601476014756,1.5784132841328413,0.004074192593732774,0.029847097565458083,-14.445705317805517,0.44872891902923584,0.608821676548008,1.3416412129960107,1.0,0.0,0.8100528121157601,1.0,0.889760147601476,0.026265502477560543,1.7755837917767534,-0.002160338176588106,2.140991278015116,1.2697049350234864,0.7802431952280301,0.1402578422236516,0.2878486706792718,5.1656963811569525e-18,8.450018801467043e-09,0.48444658789486367,0.2732069572014852
sample_2945,0.5189993435927357,0.3504382941002659,0.4326887997081356,0.6483236151603498,0.4983600583090379,0.0078037591468639545,0.05973376704350648,-15.3337178479078,0.7173804044723511,0.6798338123671201,2.2167523409727155,0.6666666666666666,0.0,2.3932213551093398,0.0,0.0020833333333333333,0.5408057494298942,0.3706194354991475,0.43560057887120107,0.7130102040816325,0.6368440233236151,0.008431427482311108,0.059365466307560684,-15.333717848375944,0.9093199968338013,0.5217012608890592,1.414212823962961,0.6666666666666666,0.0,2.354576402912326,0.0,0.1890625,0.021806405837158538,1.605437993614655,-0.0016200696888880102,1.6374574811381615,1.3841766465230145,0.9554314510797137,0.23740163759694707,0.5565948442196971,4.58739193326155e-18,9.49108856678687e-09,0.539497982354148,0.5104788903513212
sample_2948,0.792904958853878,0.6568703638290356,0.6608856350842276,0.9908354646206307,0.4992540494458653,0.005800301181634117,0.051134535611859086,-7.017190846582164,0.6758590936660767,0.29297099758978895,0.6000003814704845,1.0,0.0,0.18104955491701213,1.0,0.9870923913043478,0.7443663097330989,0.5928212308279768,0.5954359498849399,0.9926470588235292,0.6670929241261722,0.0065608814890108875,0.05094663428148173,-7.0171908465604105,0.7151271104812622,0.36444996332133894,0.7483315283310418,1.0,0.0,0.11008775308151436,1.0,0.984375,-0.0485386491207791,1.0830216299704134,-0.023454236373077687,1.6446472505015752,1.3930264691658094,0.946634854896587,0.1771558272219926,0.5709096690199102,5.188718180812853e-18,9.847316489235892e-09,0.7555609775934284,0.7787054316864748
sample_2951,0.6189507930052867,0.44817432273262653,0.4647044455300439,0.9264670075480884,0.9936693450206964,0.006563766351374249,0.05081161401269521,-16.257908626299503,0.6715946197509766,0.5389548070388255,1.0198040523439473,1.0,0.0,0.634289021620532,1.0,0.9560924915562484,0.6426606246965527,0.47347084774055076,0.48127499697006415,0.9668858047236424,1.009009009009009,0.006967153232195949,0.050466768779563756,-16.257908625240233,0.7483475208282471,0.5063146551190002,0.9797961307160932,1.0,0.0,0.4964525019967483,1.0,0.9898674980514419,0.02370983169126606,1.6870010897887642,-0.03946211432941832,1.7624901923740885,1.3781278365236913,0.909639351410055,0.16818944153079668,0.4821838748767099,3.978502705363234e-18,7.68528195005353e-09,0.6459708302778456,0.5404050399102842
sample_2956,0.680923994038748,0.5162128573042593,0.5497533389483815,0.8943041691133292,0.6267371305539244,0.007173053970328327,0.06301948914499687,-17.976973933749576,0.6338659524917603,0.37153925149749306,0.7211108898968429,1.0,0.0,0.26646442653734975,1.0,0.9818840579710145,0.6848748484632389,0.52076781260167,0.5387031635629346,0.939909962810726,0.7447641417107066,0.007543788506378962,0.06265219540611668,-17.97697393284281,0.7484586238861084,0.3754543467144673,0.7415253540126867,1.0,0.0,0.22514520406484081,1.0,0.9791666666666666,0.003950854424490835,1.573898908531799,0.08499646292767671,1.5054261299451615,1.2567472316728336,0.8509194375325281,0.2073173968339856,0.5833272388501809,3.8735613511797866e-18,8.386162082214115e-09,0.687023997700819,0.6815667853625273
sample_2961,0.4524699972090427,0.2923820516519982,0.5546736006569043,0.38207013574660625,-0.31118024132730016,0.007716254746814647,0.04587944321202175,-5.848260236355686,0.7120736837387085,0.7286224337766364,1.9798992666957482,0.5,0.0,3.4200018409020787,0.0,0.9560581583198707,0.5645609852999602,0.39330196512593407,0.5965575146935347,0.5358220211161386,-0.10180995475113122,0.008349254368657194,0.04559732076645769,-5.848260236094347,0.584955096244812,0.5484460349024971,1.3266497723704656,0.5,1.0,2.683155211106069,0.0,0.9705977382875606,0.11209098809091755,1.1490981464931267,0.002026378333576137,1.3991897918212117,1.2925900494894882,0.8210460009607672,0.3254805583458345,0.6422504093422128,4.673739937133957e-18,9.30918377208377e-09,0.5729440341049918,0.5744252327569828
sample_2977,0.8698773236192211,0.7697193780811526,0.8211793263881864,0.9247152619589976,0.12608200455580865,0.00641751459036726,0.062435167610015746,-10.697851800880201,0.6956851482391357,0.2182374182498055,0.5656848854695771,1.0,0.0,0.1216283056806718,1.0,0.9896292086944168,0.8627264564516981,0.7585918632732676,0.8043927903082831,0.9301822323462413,0.15637813211845103,0.006479128304124946,0.06200090371488937,-10.697851801069897,0.7629271745681763,0.2310865333386647,0.7211106253951413,1.0,0.0,0.24887239764367577,1.0,0.9910498650376474,-0.007150867167523001,1.1126563878088607,0.3502937802036293,1.002561302952601,1.0421734443719646,0.8072743274958213,0.3532539040129605,0.7154448233862192,6.325494693211397e-18,9.007747271231541e-09,0.8651024839786028,0.8029515178527212
sample_2987,0.4398092282939723,0.2818945197407189,0.43434343434343425,0.44541433891992543,0.02548882681564246,0.009352577864859272,0.05394016704569443,-8.41637542714125,0.670317530632019,0.8425065876719349,3.3763880383190834,0.3333333333333333,0.0,3.360080642863817,0.0,0.01340033500837521,0.43805635879117766,0.2804559314650791,0.42708678828081803,0.44960428305400363,0.05272346368715084,0.009641345333500044,0.0535334339759748,-8.41637542726203,0.7735440731048584,0.8173308582185168,3.1846438822282814,0.3333333333333333,0.0,3.3458501856850114,0.0,0.031197654941373533,-0.0017528695027946295,1.3720556248945974,0.14141908408509093,1.2691524370219547,1.1474042247585605,0.721536151871635,0.2531104093653662,0.5364441558523293,5.269093379448158e-18,7.925722420079623e-09,0.43056336444394466,0.39787559636330905
sample_2993,0.5728779168075753,0.4014218009478672,0.5080113100848256,0.6567346034559148,0.2927558706247231,0.008963609544431516,0.057833403487733935,-8.580762263281573,0.7293511629104614,0.902366928206685,4.401135539724464,0.6666666666666666,0.0,2.1514522731647987,0.0,0.9206730769230769,0.5671172886519421,0.3957876553052953,0.49724540901502495,0.6598360655737704,0.3269827204253434,0.009462774654517368,0.057331109717553105,-8.580762263573806,0.8290233612060547,0.8426213253067625,3.8845846267885547,0.6666666666666666,0.0,2.1411396184908136,0.0,0.9272836538461539,-0.005760628155633163,1.3260610144536393,0.019945381386979825,1.3794784315067576,1.2168049340910778,0.7134957154414472,0.18156130746101673,0.4975965918734614,5.039597487277901e-18,7.886728037076233e-09,0.5660251524390244,0.5984006241466745
